-- MySQL dump 10.13  Distrib 8.0.37, for Linux (aarch64)
--
-- Host: localhost    Database: itskompetent
-- ------------------------------------------------------
-- Server version	8.0.37

/*!40101 SET @OLD_CHARACTER_SET_CLIENT=@@CHARACTER_SET_CLIENT */;
/*!40101 SET @OLD_CHARACTER_SET_RESULTS=@@CHARACTER_SET_RESULTS */;
/*!40101 SET @OLD_COLLATION_CONNECTION=@@COLLATION_CONNECTION */;
/*!50503 SET NAMES utf8mb4 */;
/*!40103 SET @OLD_TIME_ZONE=@@TIME_ZONE */;
/*!40103 SET TIME_ZONE='+00:00' */;
/*!40014 SET @OLD_UNIQUE_CHECKS=@@UNIQUE_CHECKS, UNIQUE_CHECKS=0 */;
/*!40014 SET @OLD_FOREIGN_KEY_CHECKS=@@FOREIGN_KEY_CHECKS, FOREIGN_KEY_CHECKS=0 */;
/*!40101 SET @OLD_SQL_MODE=@@SQL_MODE, SQL_MODE='NO_AUTO_VALUE_ON_ZERO' */;
/*!40111 SET @OLD_SQL_NOTES=@@SQL_NOTES, SQL_NOTES=0 */;

--
-- Table structure for table `auth_group`
--

DROP TABLE IF EXISTS `auth_group`;
/*!40101 SET @saved_cs_client     = @@character_set_client */;
/*!50503 SET character_set_client = utf8mb4 */;
CREATE TABLE `auth_group` (
  `id` int NOT NULL AUTO_INCREMENT,
  `name` varchar(150) NOT NULL,
  PRIMARY KEY (`id`),
  UNIQUE KEY `name` (`name`)
) ENGINE=InnoDB DEFAULT CHARSET=utf8mb4 COLLATE=utf8mb4_0900_ai_ci;
/*!40101 SET character_set_client = @saved_cs_client */;

--
-- Dumping data for table `auth_group`
--

LOCK TABLES `auth_group` WRITE;
/*!40000 ALTER TABLE `auth_group` DISABLE KEYS */;
/*!40000 ALTER TABLE `auth_group` ENABLE KEYS */;
UNLOCK TABLES;

--
-- Table structure for table `auth_group_permissions`
--

DROP TABLE IF EXISTS `auth_group_permissions`;
/*!40101 SET @saved_cs_client     = @@character_set_client */;
/*!50503 SET character_set_client = utf8mb4 */;
CREATE TABLE `auth_group_permissions` (
  `id` bigint NOT NULL AUTO_INCREMENT,
  `group_id` int NOT NULL,
  `permission_id` int NOT NULL,
  PRIMARY KEY (`id`),
  UNIQUE KEY `auth_group_permissions_group_id_permission_id_0cd325b0_uniq` (`group_id`,`permission_id`),
  KEY `auth_group_permissio_permission_id_84c5c92e_fk_auth_perm` (`permission_id`),
  CONSTRAINT `auth_group_permissio_permission_id_84c5c92e_fk_auth_perm` FOREIGN KEY (`permission_id`) REFERENCES `auth_permission` (`id`),
  CONSTRAINT `auth_group_permissions_group_id_b120cbf9_fk_auth_group_id` FOREIGN KEY (`group_id`) REFERENCES `auth_group` (`id`)
) ENGINE=InnoDB DEFAULT CHARSET=utf8mb4 COLLATE=utf8mb4_0900_ai_ci;
/*!40101 SET character_set_client = @saved_cs_client */;

--
-- Dumping data for table `auth_group_permissions`
--

LOCK TABLES `auth_group_permissions` WRITE;
/*!40000 ALTER TABLE `auth_group_permissions` DISABLE KEYS */;
/*!40000 ALTER TABLE `auth_group_permissions` ENABLE KEYS */;
UNLOCK TABLES;

--
-- Table structure for table `auth_permission`
--

DROP TABLE IF EXISTS `auth_permission`;
/*!40101 SET @saved_cs_client     = @@character_set_client */;
/*!50503 SET character_set_client = utf8mb4 */;
CREATE TABLE `auth_permission` (
  `id` int NOT NULL AUTO_INCREMENT,
  `name` varchar(255) NOT NULL,
  `content_type_id` int NOT NULL,
  `codename` varchar(100) NOT NULL,
  PRIMARY KEY (`id`),
  UNIQUE KEY `auth_permission_content_type_id_codename_01ab375a_uniq` (`content_type_id`,`codename`),
  CONSTRAINT `auth_permission_content_type_id_2f476e4b_fk_django_co` FOREIGN KEY (`content_type_id`) REFERENCES `django_content_type` (`id`)
) ENGINE=InnoDB AUTO_INCREMENT=157 DEFAULT CHARSET=utf8mb4 COLLATE=utf8mb4_0900_ai_ci;
/*!40101 SET character_set_client = @saved_cs_client */;

--
-- Dumping data for table `auth_permission`
--

LOCK TABLES `auth_permission` WRITE;
/*!40000 ALTER TABLE `auth_permission` DISABLE KEYS */;
INSERT INTO `auth_permission` VALUES (1,'Can add log entry',1,'add_logentry'),(2,'Can change log entry',1,'change_logentry'),(3,'Can delete log entry',1,'delete_logentry'),(4,'Can view log entry',1,'view_logentry'),(5,'Can add permission',2,'add_permission'),(6,'Can change permission',2,'change_permission'),(7,'Can delete permission',2,'delete_permission'),(8,'Can view permission',2,'view_permission'),(9,'Can add group',3,'add_group'),(10,'Can change group',3,'change_group'),(11,'Can delete group',3,'delete_group'),(12,'Can view group',3,'view_group'),(13,'Can add user',4,'add_user'),(14,'Can change user',4,'change_user'),(15,'Can delete user',4,'delete_user'),(16,'Can view user',4,'view_user'),(17,'Can add content type',5,'add_contenttype'),(18,'Can change content type',5,'change_contenttype'),(19,'Can delete content type',5,'delete_contenttype'),(20,'Can view content type',5,'view_contenttype'),(21,'Can add session',6,'add_session'),(22,'Can change session',6,'change_session'),(23,'Can delete session',6,'delete_session'),(24,'Can view session',6,'view_session'),(25,'Can add Anforderungsprofil',7,'add_jobprofile'),(26,'Can change Anforderungsprofil',7,'change_jobprofile'),(27,'Can delete Anforderungsprofil',7,'delete_jobprofile'),(28,'Can view Anforderungsprofil',7,'view_jobprofile'),(29,'Can add Bedrohungsbereich',8,'add_threatarea'),(30,'Can change Bedrohungsbereich',8,'change_threatarea'),(31,'Can delete Bedrohungsbereich',8,'delete_threatarea'),(32,'Can view Bedrohungsbereich',8,'view_threatarea'),(33,'Can add Bedrohungsereignis',9,'add_threatevent'),(34,'Can change Bedrohungsereignis',9,'change_threatevent'),(35,'Can delete Bedrohungsereignis',9,'delete_threatevent'),(36,'Can view Bedrohungsereignis',9,'view_threatevent'),(37,'Can add Bedrohungsvektor',10,'add_threatvector'),(38,'Can change Bedrohungsvektor',10,'change_threatvector'),(39,'Can delete Bedrohungsvektor',10,'delete_threatvector'),(40,'Can view Bedrohungsvektor',10,'view_threatvector'),(41,'Can add Bedrohungssituation',11,'add_threatsituation'),(42,'Can change Bedrohungssituation',11,'change_threatsituation'),(43,'Can delete Bedrohungssituation',11,'delete_threatsituation'),(44,'Can view Bedrohungssituation',11,'view_threatsituation'),(45,'Can add Chat Interface',12,'add_chatinterface'),(46,'Can change Chat Interface',12,'change_chatinterface'),(47,'Can delete Chat Interface',12,'delete_chatinterface'),(48,'Can view Chat Interface',12,'view_chatinterface'),(49,'Can add Kompetenz Dimension',13,'add_competencedimension'),(50,'Can change Kompetenz Dimension',13,'change_competencedimension'),(51,'Can delete Kompetenz Dimension',13,'delete_competencedimension'),(52,'Can view Kompetenz Dimension',13,'view_competencedimension'),(53,'Can add E-Mail',14,'add_emailitem'),(54,'Can change E-Mail',14,'change_emailitem'),(55,'Can delete E-Mail',14,'delete_emailitem'),(56,'Can view E-Mail',14,'view_emailitem'),(57,'Can add Bild',15,'add_imageitem'),(58,'Can change Bild',15,'change_imageitem'),(59,'Can delete Bild',15,'delete_imageitem'),(60,'Can view Bild',15,'view_imageitem'),(61,'Can add Impuls',16,'add_impulse'),(62,'Can change Impuls',16,'change_impulse'),(63,'Can delete Impuls',16,'delete_impulse'),(64,'Can view Impuls',16,'view_impulse'),(65,'Can add Frage',17,'add_questionitem'),(66,'Can change Frage',17,'change_questionitem'),(67,'Can delete Frage',17,'delete_questionitem'),(68,'Can view Frage',17,'view_questionitem'),(69,'Can add Kompetenztest Szenario',18,'add_competencetestitem'),(70,'Can change Kompetenztest Szenario',18,'change_competencetestitem'),(71,'Can delete Kompetenztest Szenario',18,'delete_competencetestitem'),(72,'Can view Kompetenztest Szenario',18,'view_competencetestitem'),(73,'Can add Kompetenztest',19,'add_competencetest'),(74,'Can change Kompetenztest',19,'change_competencetest'),(75,'Can delete Kompetenztest',19,'delete_competencetest'),(76,'Can view Kompetenztest',19,'view_competencetest'),(77,'Can add Antwort',20,'add_choiceitem'),(78,'Can change Antwort',20,'change_choiceitem'),(79,'Can delete Antwort',20,'delete_choiceitem'),(80,'Can view Antwort',20,'view_choiceitem'),(81,'Can add Bild Impuls',21,'add_imageimpulse'),(82,'Can change Bild Impuls',21,'change_imageimpulse'),(83,'Can delete Bild Impuls',21,'delete_imageimpulse'),(84,'Can view Bild Impuls',21,'view_imageimpulse'),(85,'Can add E-Mail Impuls',22,'add_emailimpulse'),(86,'Can change E-Mail Impuls',22,'change_emailimpulse'),(87,'Can delete E-Mail Impuls',22,'delete_emailimpulse'),(88,'Can view E-Mail Impuls',22,'view_emailimpulse'),(89,'Can add Chat Impuls',23,'add_chatimpulse'),(90,'Can change Chat Impuls',23,'change_chatimpulse'),(91,'Can delete Chat Impuls',23,'delete_chatimpulse'),(92,'Can view Chat Impuls',23,'view_chatimpulse'),(93,'Can add SETA Programm Inhalt',24,'add_trainingscontent'),(94,'Can change SETA Programm Inhalt',24,'change_trainingscontent'),(95,'Can delete SETA Programm Inhalt',24,'delete_trainingscontent'),(96,'Can view SETA Programm Inhalt',24,'view_trainingscontent'),(97,'Can add SETA Programm',25,'add_training'),(98,'Can change SETA Programm',25,'change_training'),(99,'Can delete SETA Programm',25,'delete_training'),(100,'Can view SETA Programm',25,'view_training'),(101,'Can add Vermittlungsmethode',26,'add_deliverymethod'),(102,'Can change Vermittlungsmethode',26,'change_deliverymethod'),(103,'Can delete Vermittlungsmethode',26,'delete_deliverymethod'),(104,'Can view Vermittlungsmethode',26,'view_deliverymethod'),(105,'Can add Sprache des Trainings',27,'add_language'),(106,'Can change Sprache des Trainings',27,'change_language'),(107,'Can delete Sprache des Trainings',27,'delete_language'),(108,'Can view Sprache des Trainings',27,'view_language'),(109,'Can add Zielgruppe',28,'add_targetaudience'),(110,'Can change Zielgruppe',28,'change_targetaudience'),(111,'Can delete Zielgruppe',28,'delete_targetaudience'),(112,'Can view Zielgruppe',28,'view_targetaudience'),(113,'Can add competence dimension score',29,'add_competencedimensionscore'),(114,'Can change competence dimension score',29,'change_competencedimensionscore'),(115,'Can delete competence dimension score',29,'delete_competencedimensionscore'),(116,'Can view competence dimension score',29,'view_competencedimensionscore'),(117,'Can add threat situation score',30,'add_threatsituationscore'),(118,'Can change threat situation score',30,'change_threatsituationscore'),(119,'Can delete threat situation score',30,'delete_threatsituationscore'),(120,'Can view threat situation score',30,'view_threatsituationscore'),(121,'Can add invitation',31,'add_invitation'),(122,'Can change invitation',31,'change_invitation'),(123,'Can delete invitation',31,'delete_invitation'),(124,'Can view invitation',31,'view_invitation'),(125,'Can add competence test result',32,'add_competencetestresult'),(126,'Can change competence test result',32,'change_competencetestresult'),(127,'Can delete competence test result',32,'delete_competencetestresult'),(128,'Can view competence test result',32,'view_competencetestresult'),(129,'Can add campagne',33,'add_campagne'),(130,'Can change campagne',33,'change_campagne'),(131,'Can delete campagne',33,'delete_campagne'),(132,'Can view campagne',33,'view_campagne'),(133,'Can add competence dimension score per threat',34,'add_competencedimensionscoreperthreat'),(134,'Can change competence dimension score per threat',34,'change_competencedimensionscoreperthreat'),(135,'Can delete competence dimension score per threat',34,'delete_competencedimensionscoreperthreat'),(136,'Can view competence dimension score per threat',34,'view_competencedimensionscoreperthreat'),(137,'Can add Trainings-Gruppe',35,'add_traininggroup'),(138,'Can change Trainings-Gruppe',35,'change_traininggroup'),(139,'Can delete Trainings-Gruppe',35,'delete_traininggroup'),(140,'Can view Trainings-Gruppe',35,'view_traininggroup'),(141,'Can add Kampagnen-Berechtigung',36,'add_userprofile'),(142,'Can change Kampagnen-Berechtigung',36,'change_userprofile'),(143,'Can delete Kampagnen-Berechtigung',36,'delete_userprofile'),(144,'Can view Kampagnen-Berechtigung',36,'view_userprofile'),(145,'Can add blacklisted token',37,'add_blacklistedtoken'),(146,'Can change blacklisted token',37,'change_blacklistedtoken'),(147,'Can delete blacklisted token',37,'delete_blacklistedtoken'),(148,'Can view blacklisted token',37,'view_blacklistedtoken'),(149,'Can add outstanding token',38,'add_outstandingtoken'),(150,'Can change outstanding token',38,'change_outstandingtoken'),(151,'Can delete outstanding token',38,'delete_outstandingtoken'),(152,'Can view outstanding token',38,'view_outstandingtoken'),(153,'Can add site',39,'add_site'),(154,'Can change site',39,'change_site'),(155,'Can delete site',39,'delete_site'),(156,'Can view site',39,'view_site');
/*!40000 ALTER TABLE `auth_permission` ENABLE KEYS */;
UNLOCK TABLES;

--
-- Table structure for table `auth_user`
--

DROP TABLE IF EXISTS `auth_user`;
/*!40101 SET @saved_cs_client     = @@character_set_client */;
/*!50503 SET character_set_client = utf8mb4 */;
CREATE TABLE `auth_user` (
  `id` int NOT NULL AUTO_INCREMENT,
  `password` varchar(128) NOT NULL,
  `last_login` datetime(6) DEFAULT NULL,
  `is_superuser` tinyint(1) NOT NULL,
  `username` varchar(150) NOT NULL,
  `first_name` varchar(150) NOT NULL,
  `last_name` varchar(150) NOT NULL,
  `email` varchar(254) NOT NULL,
  `is_staff` tinyint(1) NOT NULL,
  `is_active` tinyint(1) NOT NULL,
  `date_joined` datetime(6) NOT NULL,
  PRIMARY KEY (`id`),
  UNIQUE KEY `username` (`username`)
) ENGINE=InnoDB AUTO_INCREMENT=18 DEFAULT CHARSET=utf8mb4 COLLATE=utf8mb4_0900_ai_ci;
/*!40101 SET character_set_client = @saved_cs_client */;

--
-- Dumping data for table `auth_user`
--

LOCK TABLES `auth_user` WRITE;
/*!40000 ALTER TABLE `auth_user` DISABLE KEYS */;
INSERT INTO `auth_user` VALUES (1,'pbkdf2_sha256$320000$GTOXOw8fNWMEtb4pSu2Dtr$fXHe5axcAvyZEctaGSPMZsnDWCDehGTlx24pnSCg9DU=','2024-06-12 13:35:12.151161',1,'itskompetent_adm','','','its.kompetent@uni-goettingen.de',1,1,'2022-09-26 15:55:29.790977');
/*!40000 ALTER TABLE `auth_user` ENABLE KEYS */;
UNLOCK TABLES;

--
-- Table structure for table `auth_user_groups`
--

DROP TABLE IF EXISTS `auth_user_groups`;
/*!40101 SET @saved_cs_client     = @@character_set_client */;
/*!50503 SET character_set_client = utf8mb4 */;
CREATE TABLE `auth_user_groups` (
  `id` bigint NOT NULL AUTO_INCREMENT,
  `user_id` int NOT NULL,
  `group_id` int NOT NULL,
  PRIMARY KEY (`id`),
  UNIQUE KEY `auth_user_groups_user_id_group_id_94350c0c_uniq` (`user_id`,`group_id`),
  KEY `auth_user_groups_group_id_97559544_fk_auth_group_id` (`group_id`),
  CONSTRAINT `auth_user_groups_group_id_97559544_fk_auth_group_id` FOREIGN KEY (`group_id`) REFERENCES `auth_group` (`id`),
  CONSTRAINT `auth_user_groups_user_id_6a12ed8b_fk_auth_user_id` FOREIGN KEY (`user_id`) REFERENCES `auth_user` (`id`)
) ENGINE=InnoDB DEFAULT CHARSET=utf8mb4 COLLATE=utf8mb4_0900_ai_ci;
/*!40101 SET character_set_client = @saved_cs_client */;

--
-- Dumping data for table `auth_user_groups`
--

LOCK TABLES `auth_user_groups` WRITE;
/*!40000 ALTER TABLE `auth_user_groups` DISABLE KEYS */;
/*!40000 ALTER TABLE `auth_user_groups` ENABLE KEYS */;
UNLOCK TABLES;

--
-- Table structure for table `auth_user_user_permissions`
--

DROP TABLE IF EXISTS `auth_user_user_permissions`;
/*!40101 SET @saved_cs_client     = @@character_set_client */;
/*!50503 SET character_set_client = utf8mb4 */;
CREATE TABLE `auth_user_user_permissions` (
  `id` bigint NOT NULL AUTO_INCREMENT,
  `user_id` int NOT NULL,
  `permission_id` int NOT NULL,
  PRIMARY KEY (`id`),
  UNIQUE KEY `auth_user_user_permissions_user_id_permission_id_14a6b632_uniq` (`user_id`,`permission_id`),
  KEY `auth_user_user_permi_permission_id_1fbb5f2c_fk_auth_perm` (`permission_id`),
  CONSTRAINT `auth_user_user_permi_permission_id_1fbb5f2c_fk_auth_perm` FOREIGN KEY (`permission_id`) REFERENCES `auth_permission` (`id`),
  CONSTRAINT `auth_user_user_permissions_user_id_a95ead1b_fk_auth_user_id` FOREIGN KEY (`user_id`) REFERENCES `auth_user` (`id`)
) ENGINE=InnoDB AUTO_INCREMENT=165 DEFAULT CHARSET=utf8mb4 COLLATE=utf8mb4_0900_ai_ci;
/*!40101 SET character_set_client = @saved_cs_client */;

--
-- Dumping data for table `auth_user_user_permissions`
--

LOCK TABLES `auth_user_user_permissions` WRITE;
/*!40000 ALTER TABLE `auth_user_user_permissions` DISABLE KEYS */;
/*!40000 ALTER TABLE `auth_user_user_permissions` ENABLE KEYS */;
UNLOCK TABLES;

--
-- Table structure for table `campagne_campagne`
--

DROP TABLE IF EXISTS `campagne_campagne`;
/*!40101 SET @saved_cs_client     = @@character_set_client */;
/*!50503 SET character_set_client = utf8mb4 */;
CREATE TABLE `campagne_campagne` (
  `id` bigint NOT NULL AUTO_INCREMENT,
  `date_created` datetime(6) NOT NULL,
  `one_token_mode` tinyint(1) DEFAULT NULL,
  `created_by_id` int NOT NULL,
  `security_key_activated` tinyint(1) NOT NULL,
  `security_display_threshold` int NOT NULL,
  `campaign_ended` tinyint(1) NOT NULL,
  `aggregate_over_single_profiles` tinyint(1) NOT NULL,
  PRIMARY KEY (`id`),
  UNIQUE KEY `created_by_id` (`created_by_id`),
  CONSTRAINT `campagne_campagne_created_by_id_4d801ea7_fk_auth_user_id` FOREIGN KEY (`created_by_id`) REFERENCES `auth_user` (`id`)
) ENGINE=InnoDB AUTO_INCREMENT=27 DEFAULT CHARSET=utf8mb4 COLLATE=utf8mb4_0900_ai_ci;
/*!40101 SET character_set_client = @saved_cs_client */;

--
-- Dumping data for table `campagne_campagne`
--

LOCK TABLES `campagne_campagne` WRITE;
/*!40000 ALTER TABLE `campagne_campagne` DISABLE KEYS */;
/*!40000 ALTER TABLE `campagne_campagne` ENABLE KEYS */;
UNLOCK TABLES;

--
-- Table structure for table `campagne_competencedimensionscore`
--

DROP TABLE IF EXISTS `campagne_competencedimensionscore`;
/*!40101 SET @saved_cs_client     = @@character_set_client */;
/*!50503 SET character_set_client = utf8mb4 */;
CREATE TABLE `campagne_competencedimensionscore` (
  `id` bigint NOT NULL AUTO_INCREMENT,
  `scoredPoints` int NOT NULL,
  `competence_dimension_id` bigint NOT NULL,
  PRIMARY KEY (`id`),
  KEY `campagne_competenced_competence_dimension_b35c7268_fk_competenc` (`competence_dimension_id`),
  CONSTRAINT `campagne_competenced_competence_dimension_b35c7268_fk_competenc` FOREIGN KEY (`competence_dimension_id`) REFERENCES `competence_tests_competencedimension` (`id`)
) ENGINE=InnoDB AUTO_INCREMENT=411 DEFAULT CHARSET=utf8mb4 COLLATE=utf8mb4_0900_ai_ci;
/*!40101 SET character_set_client = @saved_cs_client */;

--
-- Dumping data for table `campagne_competencedimensionscore`
--

LOCK TABLES `campagne_competencedimensionscore` WRITE;
/*!40000 ALTER TABLE `campagne_competencedimensionscore` DISABLE KEYS */;
INSERT INTO `campagne_competencedimensionscore` VALUES (50,1,1),(51,0,2),(52,0,3),(53,1,4),(54,2,5),(55,2,6),(56,0,7),(57,2,1),(58,0,2),(59,2,3),(60,2,4),(61,2,5),(62,2,6),(63,2,7),(64,2,1),(65,2,2),(66,2,3),(67,2,4),(68,2,5),(69,2,6),(70,2,7),(71,2,1),(72,2,2),(73,2,3),(74,1,4),(75,2,5),(76,0,6),(77,2,7),(78,0,1),(79,2,2),(80,0,3),(81,2,4),(82,2,5),(83,2,6),(84,2,7),(85,1,1),(86,0,2),(87,1,3),(88,0,4),(89,2,5),(90,2,6),(91,2,7),(92,1,1),(93,2,2),(94,2,3),(95,1,4),(96,0,5),(97,2,6),(98,2,7),(99,1,1),(100,2,2),(101,2,3),(102,2,4),(103,2,5),(104,2,6),(105,2,7),(106,1,1),(107,2,2),(108,1,3),(109,2,4),(110,0,5),(111,1,6),(112,0,7),(113,1,1),(114,2,2),(115,2,3),(116,0,4),(117,0,5),(118,2,6),(119,2,7),(120,1,1),(121,0,2),(122,2,3),(123,0,4),(124,2,5),(125,1,6),(126,2,7),(127,2,1),(128,0,2),(129,0,3),(130,0,4),(131,1,5),(132,0,6),(133,1,7),(134,1,1),(135,2,2),(136,0,3),(137,2,4),(138,0,5),(139,1,6),(140,1,7),(141,6,1),(142,3,2),(143,5,3),(144,2,4),(145,7,5),(146,5,6),(147,2,7),(148,6,1),(149,0,2),(150,3,3),(151,4,4),(152,5,5),(153,3,6),(154,8,7),(155,4,1),(156,4,2),(157,4,3),(158,4,4),(159,4,5),(160,4,6),(161,4,7),(162,5,1),(163,8,2),(164,6,3),(165,4,4),(166,4,5),(167,5,6),(168,3,7),(169,6,1),(170,5,2),(171,1,3),(172,4,4),(173,8,5),(174,7,6),(175,5,7),(176,6,1),(177,4,2),(178,2,3),(179,2,4),(180,6,5),(181,7,6),(182,6,7),(183,6,1),(184,2,2),(185,4,3),(186,5,4),(187,3,5),(188,6,6),(189,5,7),(190,7,1),(191,6,2),(192,5,3),(193,6,4),(194,3,5),(195,5,6),(196,7,7),(197,5,1),(198,8,2),(199,4,3),(200,1,4),(201,3,5),(202,3,6),(203,6,7),(204,6,1),(205,2,2),(206,4,3),(207,3,4),(208,3,5),(209,3,6),(210,3,7),(211,6,1),(212,4,2),(213,2,3),(214,3,4),(215,3,5),(216,7,6),(217,5,7),(218,7,1),(219,4,2),(220,5,3),(221,6,4),(222,1,5),(223,6,6),(224,5,7),(225,5,1),(226,5,2),(227,3,3),(228,5,4),(229,3,5),(230,5,6),(231,3,7),(232,6,1),(233,2,2),(234,7,3),(235,2,4),(236,2,5),(237,5,6),(238,4,7),(239,7,1),(240,8,2),(241,5,3),(242,3,4),(243,7,5),(244,6,6),(245,5,7),(246,7,1),(247,10,2),(248,5,3),(249,5,4),(250,3,5),(251,3,6),(252,5,7),(253,7,1),(254,8,2),(255,6,3),(256,5,4),(257,5,5),(258,9,6),(259,6,7),(260,7,1),(261,8,2),(262,2,3),(263,4,4),(264,5,5),(265,5,6),(266,5,7),(267,7,1),(268,5,2),(269,5,3),(270,4,4),(271,2,5),(272,7,6),(273,4,7),(274,1,1),(275,2,2),(276,1,3),(277,2,4),(278,0,5),(279,0,6),(280,1,7),(281,1,1),(282,2,2),(283,1,3),(284,2,4),(285,2,5),(286,1,6),(287,2,7),(288,1,1),(289,2,2),(290,0,3),(291,2,4),(292,2,5),(293,0,6),(294,1,7),(295,1,1),(296,2,2),(297,0,3),(298,2,4),(299,2,5),(300,0,6),(301,2,7),(302,7,1),(303,9,2),(304,4,3),(305,5,4),(306,2,5),(307,4,6),(308,6,7),(309,1,1),(310,0,3),(311,1,4),(312,0,5),(313,1,6),(314,2,7),(315,1,1),(316,2,3),(317,0,4),(318,0,5),(319,1,6),(320,2,7),(321,1,1),(322,2,3),(323,0,4),(324,1,5),(325,1,6),(326,2,7),(327,1,1),(328,1,3),(329,1,4),(330,0,5),(331,2,6),(332,2,7),(333,0,2),(334,7,1),(335,5,2),(336,5,3),(337,5,4),(338,5,5),(339,3,6),(340,9,7),(341,6,1),(342,7,2),(343,6,3),(344,5,4),(345,7,5),(346,2,6),(347,6,7),(348,1,1),(349,1,2),(350,0,3),(351,2,4),(352,0,5),(353,1,6),(354,2,7),(355,6,1),(356,7,2),(357,3,3),(358,6,4),(359,6,5),(360,3,6),(361,7,7),(362,8,1),(363,5,2),(364,4,3),(365,0,4),(366,6,5),(367,5,6),(368,7,7),(369,7,1),(370,8,2),(371,3,3),(372,5,4),(373,5,5),(374,4,6),(375,6,7),(376,7,1),(377,7,2),(378,2,3),(379,8,4),(380,5,5),(381,5,6),(382,6,7),(383,5,1),(384,5,2),(385,4,3),(386,4,4),(387,5,5),(388,1,6),(389,2,7),(390,5,1),(391,4,2),(392,5,3),(393,3,4),(394,3,5),(395,8,6),(396,4,7),(397,6,1),(398,5,2),(399,6,3),(400,4,4),(401,6,5),(402,7,6),(403,4,7),(404,6,1),(405,3,2),(406,4,3),(407,4,4),(408,5,5),(409,8,6),(410,1,7);
/*!40000 ALTER TABLE `campagne_competencedimensionscore` ENABLE KEYS */;
UNLOCK TABLES;

--
-- Table structure for table `campagne_competencedimensionscoreperthreat`
--

DROP TABLE IF EXISTS `campagne_competencedimensionscoreperthreat`;
/*!40101 SET @saved_cs_client     = @@character_set_client */;
/*!50503 SET character_set_client = utf8mb4 */;
CREATE TABLE `campagne_competencedimensionscoreperthreat` (
  `id` bigint NOT NULL AUTO_INCREMENT,
  `scoredPoints` int NOT NULL,
  `competence_dimension_id` bigint NOT NULL,
  PRIMARY KEY (`id`),
  KEY `campagne_competenced_competence_dimension_2dd51a36_fk_competenc` (`competence_dimension_id`),
  CONSTRAINT `campagne_competenced_competence_dimension_2dd51a36_fk_competenc` FOREIGN KEY (`competence_dimension_id`) REFERENCES `competence_tests_competencedimension` (`id`)
) ENGINE=InnoDB AUTO_INCREMENT=1222 DEFAULT CHARSET=utf8mb4 COLLATE=utf8mb4_0900_ai_ci;
/*!40101 SET character_set_client = @saved_cs_client */;

--
-- Dumping data for table `campagne_competencedimensionscoreperthreat`
--

LOCK TABLES `campagne_competencedimensionscoreperthreat` WRITE;
/*!40000 ALTER TABLE `campagne_competencedimensionscoreperthreat` DISABLE KEYS */;
INSERT INTO `campagne_competencedimensionscoreperthreat` VALUES (1,1,1),(2,2,2),(3,1,3),(4,1,4),(5,2,5),(6,0,6),(7,1,7),(8,2,1),(9,0,2),(10,1,3),(11,2,4),(12,1,5),(13,0,6),(14,0,7),(15,1,1),(16,2,2),(17,1,3),(18,0,4),(19,2,5),(20,0,6),(21,2,7),(22,0,1),(23,0,2),(24,2,3),(25,1,4),(26,0,5),(27,1,6),(28,2,7),(29,2,1),(30,2,2),(31,1,3),(32,1,4),(33,2,5),(34,1,6),(35,0,7),(36,2,1),(37,2,2),(38,0,3),(39,2,4),(40,1,5),(41,2,6),(42,2,7),(43,1,1),(44,2,2),(45,0,3),(46,2,4),(47,0,5),(48,2,6),(49,2,7),(50,1,1),(51,0,2),(52,0,3),(53,1,4),(54,2,5),(55,2,6),(56,0,7),(57,2,1),(58,0,2),(59,2,3),(60,2,4),(61,2,5),(62,2,6),(63,2,7),(64,2,1),(65,2,2),(66,2,3),(67,2,4),(68,2,5),(69,2,6),(70,2,7),(71,2,1),(72,2,2),(73,2,3),(74,1,4),(75,2,5),(76,0,6),(77,2,7),(78,0,1),(79,2,2),(80,0,3),(81,2,4),(82,2,5),(83,2,6),(84,2,7),(85,1,1),(86,0,2),(87,1,3),(88,0,4),(89,2,5),(90,2,6),(91,2,7),(92,1,1),(93,2,2),(94,2,3),(95,1,4),(96,0,5),(97,2,6),(98,2,7),(99,1,1),(100,2,2),(101,2,3),(102,2,4),(103,2,5),(104,2,6),(105,2,7),(106,1,1),(107,2,2),(108,1,3),(109,2,4),(110,0,5),(111,1,6),(112,0,7),(113,1,1),(114,2,2),(115,2,3),(116,0,4),(117,0,5),(118,2,6),(119,2,7),(120,1,1),(121,0,2),(122,2,3),(123,0,4),(124,2,5),(125,1,6),(126,2,7),(127,2,1),(128,0,2),(129,0,3),(130,0,4),(131,1,5),(132,0,6),(133,1,7),(134,1,1),(135,2,2),(136,0,3),(137,2,4),(138,0,5),(139,1,6),(140,1,7),(141,2,1),(142,2,2),(143,0,3),(144,0,4),(145,1,5),(146,2,6),(147,0,7),(148,2,1),(149,0,2),(150,1,3),(151,0,4),(152,2,5),(153,0,6),(154,0,7),(155,1,1),(156,1,2),(157,2,3),(158,1,4),(159,2,5),(160,1,6),(161,2,7),(162,1,1),(163,0,2),(164,0,3),(165,0,4),(166,1,5),(167,1,6),(168,0,7),(169,0,1),(170,0,2),(171,2,3),(172,1,4),(173,1,5),(174,1,6),(175,0,7),(176,2,1),(177,0,2),(178,1,3),(179,0,4),(180,2,5),(181,1,6),(182,2,7),(183,0,1),(184,0,2),(185,0,3),(186,0,4),(187,1,5),(188,0,6),(189,1,7),(190,1,1),(191,0,2),(192,0,3),(193,2,4),(194,1,5),(195,0,6),(196,2,7),(197,1,1),(198,0,2),(199,2,3),(200,0,4),(201,0,5),(202,2,6),(203,2,7),(204,2,1),(205,0,2),(206,0,3),(207,2,4),(208,1,5),(209,0,6),(210,1,7),(211,2,1),(212,2,2),(213,2,3),(214,2,4),(215,2,5),(216,2,6),(217,2,7),(218,2,1),(219,2,2),(220,2,3),(221,2,4),(222,2,5),(223,2,6),(224,2,7),(225,1,1),(226,2,2),(227,1,3),(228,2,4),(229,0,5),(230,2,6),(231,2,7),(232,2,1),(233,2,2),(234,1,3),(235,0,4),(236,2,5),(237,0,6),(238,1,7),(239,1,1),(240,2,2),(241,2,3),(242,1,4),(243,0,5),(244,2,6),(245,0,7),(246,0,1),(247,2,2),(248,2,3),(249,1,4),(250,2,5),(251,0,6),(252,0,7),(253,1,1),(254,0,2),(255,0,3),(256,0,4),(257,0,5),(258,1,6),(259,0,7),(260,2,1),(261,2,2),(262,0,3),(263,1,4),(264,1,5),(265,2,6),(266,2,7),(267,0,1),(268,0,2),(269,1,3),(270,0,4),(271,2,5),(272,2,6),(273,2,7),(274,1,1),(275,2,2),(276,0,3),(277,1,4),(278,2,5),(279,1,6),(280,0,7),(281,1,1),(282,0,2),(283,0,3),(284,0,4),(285,2,5),(286,0,6),(287,0,7),(288,2,1),(289,1,2),(290,0,3),(291,2,4),(292,1,5),(293,2,6),(294,1,7),(295,2,1),(296,0,2),(297,0,3),(298,0,4),(299,0,5),(300,2,6),(301,0,7),(302,2,1),(303,2,2),(304,1,3),(305,0,4),(306,2,5),(307,0,6),(308,0,7),(309,1,1),(310,0,2),(311,0,3),(312,1,4),(313,1,5),(314,1,6),(315,2,7),(316,1,1),(317,1,2),(318,1,3),(319,0,4),(320,1,5),(321,2,6),(322,2,7),(323,0,1),(324,1,2),(325,0,3),(326,1,4),(327,2,5),(328,2,6),(329,2,7),(330,0,1),(331,0,2),(332,1,3),(333,0,4),(334,0,5),(335,2,6),(336,0,7),(337,1,1),(338,0,2),(339,1,3),(340,0,4),(341,0,5),(342,0,6),(343,2,7),(344,1,1),(345,2,2),(346,1,3),(347,1,4),(348,1,5),(349,2,6),(350,0,7),(351,2,1),(352,0,2),(353,0,3),(354,2,4),(355,2,5),(356,0,6),(357,2,7),(358,2,1),(359,0,2),(360,1,3),(361,2,4),(362,0,5),(363,2,6),(364,1,7),(365,1,1),(366,2,2),(367,1,3),(368,0,4),(369,1,5),(370,1,6),(371,1,7),(372,1,1),(373,2,2),(374,2,3),(375,2,4),(376,1,5),(377,0,6),(378,0,7),(379,1,1),(380,2,2),(381,1,3),(382,1,4),(383,0,5),(384,1,6),(385,2,7),(386,2,1),(387,0,2),(388,0,3),(389,2,4),(390,1,5),(391,2,6),(392,2,7),(393,2,1),(394,0,2),(395,1,3),(396,1,4),(397,0,5),(398,1,6),(399,2,7),(400,0,1),(401,2,2),(402,1,3),(403,1,4),(404,0,5),(405,2,6),(406,2,7),(407,1,1),(408,2,2),(409,0,3),(410,0,4),(411,1,5),(412,1,6),(413,2,7),(414,1,1),(415,0,2),(416,2,3),(417,0,4),(418,1,5),(419,0,6),(420,0,7),(421,2,1),(422,2,2),(423,0,3),(424,0,4),(425,0,5),(426,0,6),(427,1,7),(428,1,1),(429,2,2),(430,1,3),(431,0,4),(432,1,5),(433,0,6),(434,1,7),(435,0,1),(436,0,2),(437,2,3),(438,0,4),(439,2,5),(440,0,6),(441,1,7),(442,1,1),(443,0,2),(444,0,3),(445,2,4),(446,0,5),(447,0,6),(448,0,7),(449,1,1),(450,0,2),(451,1,3),(452,0,4),(453,0,5),(454,1,6),(455,0,7),(456,2,1),(457,0,2),(458,0,3),(459,1,4),(460,1,5),(461,2,6),(462,1,7),(463,2,1),(464,2,2),(465,1,3),(466,0,4),(467,0,5),(468,0,6),(469,1,7),(470,0,1),(471,2,2),(472,2,3),(473,0,4),(474,0,5),(475,2,6),(476,2,7),(477,1,1),(478,0,2),(479,0,3),(480,2,4),(481,0,5),(482,2,6),(483,0,7),(484,1,1),(485,0,2),(486,0,3),(487,1,4),(488,0,5),(489,1,6),(490,1,7),(491,2,1),(492,0,2),(493,0,3),(494,0,4),(495,2,5),(496,0,6),(497,0,7),(498,2,1),(499,2,2),(500,0,3),(501,0,4),(502,1,5),(503,2,6),(504,2,7),(505,1,1),(506,0,2),(507,1,3),(508,0,4),(509,0,5),(510,1,6),(511,1,7),(512,1,1),(513,2,2),(514,0,3),(515,1,4),(516,0,5),(517,0,6),(518,2,7),(519,1,1),(520,0,2),(521,1,3),(522,1,4),(523,0,5),(524,2,6),(525,0,7),(526,2,1),(527,2,2),(528,2,3),(529,2,4),(530,1,5),(531,1,6),(532,0,7),(533,2,1),(534,0,2),(535,1,3),(536,2,4),(537,0,5),(538,2,6),(539,2,7),(540,1,1),(541,2,2),(542,0,3),(543,2,4),(544,0,5),(545,2,6),(546,1,7),(547,1,1),(548,0,2),(549,1,3),(550,0,4),(551,0,5),(552,1,6),(553,1,7),(554,1,1),(555,2,2),(556,0,3),(557,0,4),(558,0,5),(559,2,6),(560,0,7),(561,1,1),(562,0,2),(563,2,3),(564,2,4),(565,2,5),(566,0,6),(567,1,7),(568,1,1),(569,1,3),(570,0,4),(571,1,5),(572,1,6),(573,0,7),(574,0,1),(575,0,2),(576,1,3),(577,2,4),(578,0,5),(579,1,6),(580,1,7),(581,1,1),(582,0,2),(583,2,3),(584,0,4),(585,1,5),(586,0,6),(587,2,7),(588,1,1),(589,0,2),(590,1,3),(591,0,4),(592,1,5),(593,1,6),(594,0,7),(595,2,1),(596,2,2),(597,2,3),(598,0,4),(599,0,5),(600,2,6),(601,0,7),(602,2,1),(603,0,2),(604,1,3),(605,0,4),(606,0,5),(607,1,6),(608,1,7),(609,1,1),(610,2,2),(611,1,3),(612,2,4),(613,2,5),(614,1,6),(615,2,7),(616,2,1),(617,0,2),(618,0,3),(619,0,4),(620,1,5),(621,1,6),(622,1,7),(623,2,1),(624,2,2),(625,1,3),(626,0,4),(627,1,5),(628,2,6),(629,0,7),(630,1,1),(631,2,2),(632,2,3),(633,0,4),(634,2,5),(635,0,6),(636,2,7),(637,1,1),(638,2,3),(639,1,4),(640,1,5),(641,1,6),(642,2,7),(643,1,1),(644,2,2),(645,2,3),(646,0,4),(647,2,5),(648,1,6),(649,2,7),(650,2,1),(651,2,2),(652,0,3),(653,1,4),(654,1,5),(655,0,6),(656,1,7),(657,2,1),(658,2,2),(659,1,3),(660,2,4),(661,0,5),(662,0,6),(663,2,7),(664,1,1),(665,2,2),(666,2,3),(667,0,4),(668,0,5),(669,2,6),(670,0,7),(671,1,1),(672,2,3),(673,0,4),(674,2,5),(675,0,6),(676,0,7),(677,1,1),(678,0,2),(679,1,3),(680,2,4),(681,2,5),(682,2,6),(683,2,7),(684,2,1),(685,2,2),(686,2,3),(687,1,4),(688,1,5),(689,1,6),(690,2,7),(691,2,1),(692,2,2),(693,1,3),(694,2,4),(695,0,5),(696,2,6),(697,0,7),(698,1,1),(699,2,2),(700,2,3),(701,0,4),(702,0,5),(703,2,6),(704,2,7),(705,1,1),(706,2,3),(707,0,4),(708,0,5),(709,2,6),(710,2,7),(711,1,1),(712,2,2),(713,0,3),(714,2,4),(715,2,5),(716,0,6),(717,2,7),(718,2,1),(719,2,2),(720,0,3),(721,1,4),(722,1,5),(723,1,6),(724,1,7),(725,2,1),(726,2,2),(727,0,3),(728,0,4),(729,1,5),(730,2,6),(731,2,7),(732,1,1),(733,2,2),(734,0,3),(735,1,4),(736,1,5),(737,0,6),(738,0,7),(739,1,1),(740,0,3),(741,2,4),(742,0,5),(743,0,6),(744,2,7),(745,1,1),(746,0,2),(747,2,3),(748,0,4),(749,0,5),(750,0,6),(751,1,7),(752,2,1),(753,2,2),(754,1,3),(755,0,4),(756,1,5),(757,2,6),(758,0,7),(759,2,1),(760,2,2),(761,2,3),(762,2,4),(763,0,5),(764,2,6),(765,2,7),(766,1,1),(767,1,2),(768,0,3),(769,1,4),(770,0,5),(771,1,6),(772,1,7),(773,1,1),(774,0,3),(775,0,4),(776,1,5),(777,1,6),(778,2,7),(779,1,1),(780,2,2),(781,1,3),(782,2,4),(783,0,5),(784,0,6),(785,1,7),(786,1,1),(787,2,2),(788,1,3),(789,2,4),(790,2,5),(791,1,6),(792,2,7),(793,1,1),(794,2,2),(795,0,3),(796,2,4),(797,2,5),(798,0,6),(799,1,7),(800,1,1),(801,2,2),(802,0,3),(803,2,4),(804,2,5),(805,0,6),(806,2,7),(807,1,1),(808,2,2),(809,2,3),(810,1,4),(811,0,5),(812,0,6),(813,1,7),(814,2,1),(815,2,2),(816,1,3),(817,2,4),(818,1,5),(819,1,6),(820,1,7),(821,2,1),(822,1,2),(823,1,3),(824,1,4),(825,1,5),(826,1,6),(827,2,7),(828,1,1),(829,2,2),(830,0,3),(831,1,4),(832,0,5),(833,1,6),(834,2,7),(835,1,1),(836,2,3),(837,0,4),(838,0,5),(839,0,6),(840,1,7),(841,1,1),(842,0,3),(843,1,4),(844,0,5),(845,1,6),(846,2,7),(847,1,1),(848,2,3),(849,0,4),(850,0,5),(851,1,6),(852,2,7),(853,1,1),(854,2,3),(855,0,4),(856,1,5),(857,1,6),(858,2,7),(859,1,1),(860,1,3),(861,1,4),(862,0,5),(863,2,6),(864,2,7),(865,0,2),(866,1,1),(867,0,2),(868,0,3),(869,0,4),(870,2,5),(871,0,6),(872,2,7),(873,2,1),(874,1,2),(875,1,3),(876,1,4),(877,1,5),(878,1,6),(879,2,7),(880,2,1),(881,1,2),(882,2,3),(883,1,4),(884,1,5),(885,1,6),(886,2,7),(887,1,1),(888,1,2),(889,1,3),(890,1,4),(891,0,5),(892,0,6),(893,1,7),(894,1,1),(895,2,3),(896,1,4),(897,2,5),(898,1,6),(899,1,7),(900,2,2),(901,1,1),(902,0,2),(903,1,3),(904,2,4),(905,2,5),(906,0,6),(907,2,7),(908,1,1),(909,2,2),(910,0,3),(911,1,4),(912,2,5),(913,0,6),(914,2,7),(915,2,1),(916,1,2),(917,2,3),(918,1,4),(919,0,5),(920,1,6),(921,0,7),(922,1,1),(923,2,2),(924,2,3),(925,1,4),(926,1,5),(927,0,6),(928,2,7),(929,1,1),(930,2,3),(931,1,4),(932,0,5),(933,2,6),(934,1,7),(935,0,2),(936,1,1),(937,1,2),(938,0,3),(939,2,4),(940,0,5),(941,1,6),(942,2,7),(943,0,1),(944,2,2),(945,1,3),(946,2,4),(947,1,5),(948,1,6),(949,1,7),(950,1,1),(951,2,2),(952,0,3),(953,1,4),(954,0,5),(955,0,6),(956,2,7),(957,1,1),(958,2,2),(959,1,3),(960,0,4),(961,2,5),(962,1,6),(963,1,7),(964,2,1),(965,0,2),(966,1,3),(967,1,4),(968,2,5),(969,0,6),(970,1,7),(971,2,1),(972,1,2),(973,0,3),(974,2,4),(975,1,5),(976,1,6),(977,2,7),(978,1,1),(979,0,2),(980,2,3),(981,0,4),(982,1,5),(983,0,6),(984,2,7),(985,2,1),(986,1,2),(987,1,3),(988,0,4),(989,2,5),(990,2,6),(991,1,7),(992,2,1),(993,1,2),(994,1,3),(995,0,4),(996,1,5),(997,1,6),(998,0,7),(999,2,1),(1000,2,2),(1001,0,3),(1002,0,4),(1003,2,5),(1004,1,6),(1005,2,7),(1006,1,1),(1007,1,3),(1008,0,4),(1009,0,5),(1010,0,6),(1011,1,7),(1012,2,2),(1013,1,1),(1014,2,2),(1015,1,3),(1016,1,4),(1017,1,5),(1018,0,6),(1019,2,7),(1020,2,1),(1021,2,2),(1022,2,3),(1023,1,4),(1024,1,5),(1025,1,6),(1026,1,7),(1027,2,1),(1028,1,2),(1029,0,3),(1030,1,4),(1031,1,5),(1032,1,6),(1033,2,7),(1034,1,1),(1035,2,2),(1036,0,3),(1037,1,4),(1038,2,5),(1039,1,6),(1040,0,7),(1041,1,1),(1042,1,2),(1043,0,3),(1044,1,4),(1045,0,5),(1046,1,6),(1047,1,7),(1048,1,1),(1049,2,2),(1050,1,3),(1051,2,4),(1052,1,5),(1053,1,6),(1054,2,7),(1055,2,1),(1056,0,2),(1057,0,3),(1058,2,4),(1059,2,5),(1060,1,6),(1061,1,7),(1062,2,1),(1063,1,2),(1064,1,3),(1065,2,4),(1066,1,5),(1067,1,6),(1068,0,7),(1069,1,1),(1070,2,2),(1071,0,3),(1072,1,4),(1073,1,5),(1074,1,6),(1075,2,7),(1076,1,1),(1077,2,2),(1078,0,3),(1079,1,4),(1080,0,5),(1081,1,6),(1082,1,7),(1083,1,1),(1084,1,2),(1085,0,3),(1086,0,4),(1087,0,5),(1088,0,6),(1089,0,7),(1090,2,1),(1091,0,2),(1092,1,3),(1093,1,4),(1094,2,5),(1095,0,6),(1096,2,7),(1097,1,1),(1098,1,2),(1099,1,3),(1100,1,4),(1101,0,5),(1102,1,6),(1103,0,7),(1104,0,1),(1105,1,2),(1106,2,3),(1107,2,4),(1108,1,5),(1109,0,6),(1110,0,7),(1111,1,1),(1112,2,3),(1113,0,4),(1114,0,5),(1115,2,6),(1116,0,7),(1117,1,1),(1118,1,2),(1119,1,3),(1120,0,4),(1121,0,5),(1122,2,6),(1123,2,7),(1124,2,1),(1125,1,2),(1126,1,3),(1127,0,4),(1128,1,5),(1129,1,6),(1130,0,7),(1131,1,1),(1132,1,2),(1133,1,3),(1134,1,4),(1135,0,5),(1136,1,6),(1137,0,7),(1138,0,1),(1139,1,2),(1140,0,3),(1141,1,4),(1142,2,5),(1143,2,6),(1144,1,7),(1145,1,1),(1146,0,2),(1147,2,3),(1148,1,4),(1149,0,5),(1150,2,6),(1151,1,7),(1152,2,1),(1153,1,2),(1154,2,3),(1155,1,4),(1156,1,5),(1157,1,6),(1158,0,7),(1159,1,1),(1160,1,2),(1161,1,3),(1162,1,4),(1163,1,5),(1164,1,6),(1165,0,7),(1166,1,1),(1167,1,2),(1168,1,3),(1169,1,4),(1170,1,5),(1171,2,6),(1172,2,7),(1173,2,1),(1174,1,2),(1175,0,3),(1176,1,4),(1177,1,5),(1178,2,6),(1179,1,7),(1180,0,1),(1181,1,2),(1182,2,3),(1183,0,4),(1184,2,5),(1185,1,6),(1186,1,7),(1187,2,1),(1188,0,2),(1189,0,3),(1190,0,4),(1191,2,5),(1192,1,6),(1193,0,7),(1194,2,1),(1195,0,2),(1196,2,3),(1197,1,4),(1198,2,5),(1199,2,6),(1200,0,7),(1201,1,1),(1202,2,2),(1203,1,3),(1204,1,4),(1205,1,5),(1206,2,6),(1207,0,7),(1208,1,1),(1209,0,2),(1210,1,3),(1211,1,4),(1212,0,5),(1213,1,6),(1214,1,7),(1215,0,1),(1216,1,2),(1217,0,3),(1218,1,4),(1219,0,5),(1220,2,6),(1221,0,7);
/*!40000 ALTER TABLE `campagne_competencedimensionscoreperthreat` ENABLE KEYS */;
UNLOCK TABLES;

--
-- Table structure for table `campagne_competencetestresult`
--

DROP TABLE IF EXISTS `campagne_competencetestresult`;
/*!40101 SET @saved_cs_client     = @@character_set_client */;
/*!50503 SET character_set_client = utf8mb4 */;
CREATE TABLE `campagne_competencetestresult` (
  `id` bigint NOT NULL AUTO_INCREMENT,
  `job_profile_id` bigint NOT NULL,
  `created_by_id` int NOT NULL,
  PRIMARY KEY (`id`),
  KEY `campagne_competencet_job_profile_id_da4245c0_fk_job_profi` (`job_profile_id`),
  KEY `campagne_competencet_created_by_id_a8074bc1_fk_auth_user` (`created_by_id`),
  CONSTRAINT `campagne_competencet_created_by_id_a8074bc1_fk_auth_user` FOREIGN KEY (`created_by_id`) REFERENCES `auth_user` (`id`),
  CONSTRAINT `campagne_competencet_job_profile_id_da4245c0_fk_job_profi` FOREIGN KEY (`job_profile_id`) REFERENCES `job_profiles_jobprofile` (`id`)
) ENGINE=InnoDB AUTO_INCREMENT=60 DEFAULT CHARSET=utf8mb4 COLLATE=utf8mb4_0900_ai_ci;
/*!40101 SET character_set_client = @saved_cs_client */;

--
-- Dumping data for table `campagne_competencetestresult`
--

LOCK TABLES `campagne_competencetestresult` WRITE;
/*!40000 ALTER TABLE `campagne_competencetestresult` DISABLE KEYS */;
/*!40000 ALTER TABLE `campagne_competencetestresult` ENABLE KEYS */;
UNLOCK TABLES;

--
-- Table structure for table `campagne_competencetestresult_competence_dimension_score`
--

DROP TABLE IF EXISTS `campagne_competencetestresult_competence_dimension_score`;
/*!40101 SET @saved_cs_client     = @@character_set_client */;
/*!50503 SET character_set_client = utf8mb4 */;
CREATE TABLE `campagne_competencetestresult_competence_dimension_score` (
  `id` bigint NOT NULL AUTO_INCREMENT,
  `competencetestresult_id` bigint NOT NULL,
  `competencedimensionscore_id` bigint NOT NULL,
  PRIMARY KEY (`id`),
  UNIQUE KEY `campagne_competencetestr_competencetestresult_id__64c92de0_uniq` (`competencetestresult_id`,`competencedimensionscore_id`),
  KEY `campagne_competencet_competencedimensions_b4b0ea63_fk_campagne_` (`competencedimensionscore_id`),
  CONSTRAINT `campagne_competencet_competencedimensions_b4b0ea63_fk_campagne_` FOREIGN KEY (`competencedimensionscore_id`) REFERENCES `campagne_competencedimensionscore` (`id`),
  CONSTRAINT `campagne_competencet_competencetestresult_ff72e1ec_fk_campagne_` FOREIGN KEY (`competencetestresult_id`) REFERENCES `campagne_competencetestresult` (`id`)
) ENGINE=InnoDB AUTO_INCREMENT=411 DEFAULT CHARSET=utf8mb4 COLLATE=utf8mb4_0900_ai_ci;
/*!40101 SET character_set_client = @saved_cs_client */;

--
-- Dumping data for table `campagne_competencetestresult_competence_dimension_score`
--

LOCK TABLES `campagne_competencetestresult_competence_dimension_score` WRITE;
/*!40000 ALTER TABLE `campagne_competencetestresult_competence_dimension_score` DISABLE KEYS */;
/*!40000 ALTER TABLE `campagne_competencetestresult_competence_dimension_score` ENABLE KEYS */;
UNLOCK TABLES;

--
-- Table structure for table `campagne_competencetestresult_threat_situation_score`
--

DROP TABLE IF EXISTS `campagne_competencetestresult_threat_situation_score`;
/*!40101 SET @saved_cs_client     = @@character_set_client */;
/*!50503 SET character_set_client = utf8mb4 */;
CREATE TABLE `campagne_competencetestresult_threat_situation_score` (
  `id` bigint NOT NULL AUTO_INCREMENT,
  `competencetestresult_id` bigint NOT NULL,
  `threatsituationscore_id` bigint NOT NULL,
  PRIMARY KEY (`id`),
  UNIQUE KEY `campagne_competencetestr_competencetestresult_id__152d293e_uniq` (`competencetestresult_id`,`threatsituationscore_id`),
  KEY `campagne_competencet_threatsituationscore_552f9301_fk_campagne_` (`threatsituationscore_id`),
  CONSTRAINT `campagne_competencet_competencetestresult_753bb50a_fk_campagne_` FOREIGN KEY (`competencetestresult_id`) REFERENCES `campagne_competencetestresult` (`id`),
  CONSTRAINT `campagne_competencet_threatsituationscore_552f9301_fk_campagne_` FOREIGN KEY (`threatsituationscore_id`) REFERENCES `campagne_threatsituationscore` (`id`)
) ENGINE=InnoDB AUTO_INCREMENT=177 DEFAULT CHARSET=utf8mb4 COLLATE=utf8mb4_0900_ai_ci;
/*!40101 SET character_set_client = @saved_cs_client */;

--
-- Dumping data for table `campagne_competencetestresult_threat_situation_score`
--

LOCK TABLES `campagne_competencetestresult_threat_situation_score` WRITE;
/*!40000 ALTER TABLE `campagne_competencetestresult_threat_situation_score` DISABLE KEYS */;
/*!40000 ALTER TABLE `campagne_competencetestresult_threat_situation_score` ENABLE KEYS */;
UNLOCK TABLES;

--
-- Table structure for table `campagne_invitation`
--

DROP TABLE IF EXISTS `campagne_invitation`;
/*!40101 SET @saved_cs_client     = @@character_set_client */;
/*!50503 SET character_set_client = utf8mb4 */;
CREATE TABLE `campagne_invitation` (
  `token` char(32) NOT NULL,
  `is_participated` tinyint(1) NOT NULL,
  `date_created` datetime(6) NOT NULL,
  `created_by_id` int NOT NULL,
  `reusable` tinyint(1) NOT NULL,
  `tokenCounter` int NOT NULL,
  `email_encrypted` varchar(255) NOT NULL,
  `usage_active` tinyint(1) NOT NULL,
  PRIMARY KEY (`token`),
  KEY `campagne_invitation_created_by_id_4dcaae83_fk_auth_user_id` (`created_by_id`),
  CONSTRAINT `campagne_invitation_created_by_id_4dcaae83_fk_auth_user_id` FOREIGN KEY (`created_by_id`) REFERENCES `auth_user` (`id`)
) ENGINE=InnoDB DEFAULT CHARSET=utf8mb4 COLLATE=utf8mb4_0900_ai_ci;
/*!40101 SET character_set_client = @saved_cs_client */;

--
-- Dumping data for table `campagne_invitation`
--

LOCK TABLES `campagne_invitation` WRITE;
/*!40000 ALTER TABLE `campagne_invitation` DISABLE KEYS */;
/*!40000 ALTER TABLE `campagne_invitation` ENABLE KEYS */;
UNLOCK TABLES;

--
-- Table structure for table `campagne_threatsituationscore`
--

DROP TABLE IF EXISTS `campagne_threatsituationscore`;
/*!40101 SET @saved_cs_client     = @@character_set_client */;
/*!50503 SET character_set_client = utf8mb4 */;
CREATE TABLE `campagne_threatsituationscore` (
  `id` bigint NOT NULL AUTO_INCREMENT,
  `scoredPoints` int NOT NULL,
  `threat_situation_id` bigint NOT NULL,
  `threat_vector_id` bigint NOT NULL,
  PRIMARY KEY (`id`),
  KEY `campagne_threatsitua_threat_situation_id_c107dff0_fk_threats_t` (`threat_situation_id`),
  KEY `campagne_threatsitua_threat_vector_id_f7419ac8_fk_threats_t` (`threat_vector_id`),
  CONSTRAINT `campagne_threatsitua_threat_situation_id_c107dff0_fk_threats_t` FOREIGN KEY (`threat_situation_id`) REFERENCES `threats_threatsituation` (`id`),
  CONSTRAINT `campagne_threatsitua_threat_vector_id_f7419ac8_fk_threats_t` FOREIGN KEY (`threat_vector_id`) REFERENCES `threats_threatvector` (`id`)
) ENGINE=InnoDB AUTO_INCREMENT=177 DEFAULT CHARSET=utf8mb4 COLLATE=utf8mb4_0900_ai_ci;
/*!40101 SET character_set_client = @saved_cs_client */;

--
-- Dumping data for table `campagne_threatsituationscore`
--

LOCK TABLES `campagne_threatsituationscore` WRITE;
/*!40000 ALTER TABLE `campagne_threatsituationscore` DISABLE KEYS */;
INSERT INTO `campagne_threatsituationscore` VALUES (48,3,44,35),(49,4,45,36),(50,8,46,37),(51,8,48,39),(52,8,74,38);
/*!40000 ALTER TABLE `campagne_threatsituationscore` ENABLE KEYS */;
UNLOCK TABLES;

--
-- Table structure for table `campagne_threatsituationscore_related_competence_dimension_s8ffa`
--

DROP TABLE IF EXISTS `campagne_threatsituationscore_related_competence_dimension_s8ffa`;
/*!40101 SET @saved_cs_client     = @@character_set_client */;
/*!50503 SET character_set_client = utf8mb4 */;
CREATE TABLE `campagne_threatsituationscore_related_competence_dimension_s8ffa` (
  `id` bigint NOT NULL AUTO_INCREMENT,
  `threatsituationscore_id` bigint NOT NULL,
  `competencedimensionscoreperthreat_id` bigint NOT NULL,
  PRIMARY KEY (`id`),
  UNIQUE KEY `campagne_threatsituation_threatsituationscore_id__244f210d_uniq` (`threatsituationscore_id`,`competencedimensionscoreperthreat_id`),
  KEY `campagne_threatsitua_competencedimensions_0c637fd5_fk_campagne_` (`competencedimensionscoreperthreat_id`),
  CONSTRAINT `campagne_threatsitua_competencedimensions_0c637fd5_fk_campagne_` FOREIGN KEY (`competencedimensionscoreperthreat_id`) REFERENCES `campagne_competencedimensionscoreperthreat` (`id`),
  CONSTRAINT `campagne_threatsitua_threatsituationscore_44bac1e5_fk_campagne_` FOREIGN KEY (`threatsituationscore_id`) REFERENCES `campagne_threatsituationscore` (`id`)
) ENGINE=InnoDB AUTO_INCREMENT=1222 DEFAULT CHARSET=utf8mb4 COLLATE=utf8mb4_0900_ai_ci;
/*!40101 SET character_set_client = @saved_cs_client */;

--
-- Dumping data for table `campagne_threatsituationscore_related_competence_dimension_s8ffa`
--

LOCK TABLES `campagne_threatsituationscore_related_competence_dimension_s8ffa` WRITE;
/*!40000 ALTER TABLE `campagne_threatsituationscore_related_competence_dimension_s8ffa` DISABLE KEYS */;
INSERT INTO `campagne_threatsituationscore_related_competence_dimension_s8ffa` VALUES (330,48,330),(331,48,331),(332,48,332),(333,48,333),(334,48,334),(335,48,335),(336,48,336),(337,49,337),(338,49,338),(339,49,339),(340,49,340),(341,49,341),(342,49,342),(343,49,343),(344,50,344),(345,50,345),(346,50,346),(347,50,347),(348,50,348),(349,50,349),(350,50,350),(351,51,351),(352,51,352),(353,51,353),(354,51,354),(355,51,355),(356,51,356),(357,51,357),(358,52,358),(359,52,359),(360,52,360),(361,52,361),(362,52,362),(363,52,363),(364,52,364);
/*!40000 ALTER TABLE `campagne_threatsituationscore_related_competence_dimension_s8ffa` ENABLE KEYS */;
UNLOCK TABLES;

--
-- Table structure for table `competence_tests_chatimpulse`
--

DROP TABLE IF EXISTS `competence_tests_chatimpulse`;
/*!40101 SET @saved_cs_client     = @@character_set_client */;
/*!50503 SET character_set_client = utf8mb4 */;
CREATE TABLE `competence_tests_chatimpulse` (
  `impulse_ptr_id` bigint NOT NULL,
  `impulse_text` longtext,
  PRIMARY KEY (`impulse_ptr_id`),
  CONSTRAINT `competence_tests_cha_impulse_ptr_id_1f78ac44_fk_competenc` FOREIGN KEY (`impulse_ptr_id`) REFERENCES `competence_tests_impulse` (`id`)
) ENGINE=InnoDB DEFAULT CHARSET=utf8mb4 COLLATE=utf8mb4_0900_ai_ci;
/*!40101 SET character_set_client = @saved_cs_client */;

--
-- Dumping data for table `competence_tests_chatimpulse`
--

LOCK TABLES `competence_tests_chatimpulse` WRITE;
/*!40000 ALTER TABLE `competence_tests_chatimpulse` DISABLE KEYS */;
INSERT INTO `competence_tests_chatimpulse` VALUES (4,'Schauen Sie sich die dargestellen Chats bitte genau an und lassen sich erst danach die erste Frage zu der ITS-Bedrohungssituation anzeigen.'),(10,'Schauen Sie sich die dargestellen Chats bitte genau an und lassen sich erst danach die erste Frage zu der ITS-Bedrohungssituation anzeigen.'),(21,'Schauen Sie sich die dargestellten Chats bitte genau an und lassen Sie sich erst danach die erste Frage zu der ITS-Bedrohungssituation anzeigen.');
/*!40000 ALTER TABLE `competence_tests_chatimpulse` ENABLE KEYS */;
UNLOCK TABLES;

--
-- Table structure for table `competence_tests_chatimpulse_chat_interface`
--

DROP TABLE IF EXISTS `competence_tests_chatimpulse_chat_interface`;
/*!40101 SET @saved_cs_client     = @@character_set_client */;
/*!50503 SET character_set_client = utf8mb4 */;
CREATE TABLE `competence_tests_chatimpulse_chat_interface` (
  `id` bigint NOT NULL AUTO_INCREMENT,
  `chatimpulse_id` bigint NOT NULL,
  `chatinterface_id` bigint NOT NULL,
  PRIMARY KEY (`id`),
  UNIQUE KEY `competence_tests_chatimp_chatimpulse_id_chatinter_823d1c0d_uniq` (`chatimpulse_id`,`chatinterface_id`),
  KEY `competence_tests_cha_chatinterface_id_4ce67083_fk_competenc` (`chatinterface_id`),
  CONSTRAINT `competence_tests_cha_chatimpulse_id_5528e6e0_fk_competenc` FOREIGN KEY (`chatimpulse_id`) REFERENCES `competence_tests_chatimpulse` (`impulse_ptr_id`),
  CONSTRAINT `competence_tests_cha_chatinterface_id_4ce67083_fk_competenc` FOREIGN KEY (`chatinterface_id`) REFERENCES `competence_tests_chatinterface` (`id`)
) ENGINE=InnoDB AUTO_INCREMENT=10 DEFAULT CHARSET=utf8mb4 COLLATE=utf8mb4_0900_ai_ci;
/*!40101 SET character_set_client = @saved_cs_client */;

--
-- Dumping data for table `competence_tests_chatimpulse_chat_interface`
--

LOCK TABLES `competence_tests_chatimpulse_chat_interface` WRITE;
/*!40000 ALTER TABLE `competence_tests_chatimpulse_chat_interface` DISABLE KEYS */;
INSERT INTO `competence_tests_chatimpulse_chat_interface` VALUES (1,4,1),(2,4,2),(3,4,3),(4,10,4),(5,10,5),(6,10,6);
/*!40000 ALTER TABLE `competence_tests_chatimpulse_chat_interface` ENABLE KEYS */;
UNLOCK TABLES;

--
-- Table structure for table `competence_tests_chatinterface`
--

DROP TABLE IF EXISTS `competence_tests_chatinterface`;
/*!40101 SET @saved_cs_client     = @@character_set_client */;
/*!50503 SET character_set_client = utf8mb4 */;
CREATE TABLE `competence_tests_chatinterface` (
  `id` bigint NOT NULL AUTO_INCREMENT,
  `chat_sender_name` varchar(140) NOT NULL,
  `chat_sender_image` varchar(100) NOT NULL,
  `chat_message_incoming` longtext NOT NULL,
  `chat_message_incoming_date` time(6) NOT NULL,
  `chat_message_outgoing` longtext NOT NULL,
  `chat_message_outgoing_date` time(6) DEFAULT NULL,
  `chat_message_incoming_2` longtext NOT NULL,
  `chat_message_incoming_date_2` date DEFAULT NULL,
  `chat_sender_known` tinyint(1) DEFAULT NULL,
  PRIMARY KEY (`id`)
) ENGINE=InnoDB AUTO_INCREMENT=12 DEFAULT CHARSET=utf8mb4 COLLATE=utf8mb4_0900_ai_ci;
/*!40101 SET character_set_client = @saved_cs_client */;

--
-- Dumping data for table `competence_tests_chatinterface`
--

LOCK TABLES `competence_tests_chatinterface` WRITE;
/*!40000 ALTER TABLE `competence_tests_chatinterface` DISABLE KEYS */;
INSERT INTO `competence_tests_chatinterface` VALUES (1,'+49 1523 8922644','','Hallo,\r\nich habe meinen Koffer auf der Dienstreise verloren. Auch mein Diensthandy ist weg. Kannst du mir die Telefonnummern und die E-Mail-Adressen von den Stammkunden von \"Smarte Ventilatoren\" schicken, die ich besuchen will.\r\n\r\nVielen Dank.','15:38:00.000000','',NULL,'',NULL,0),(2,'+49 1523 8922644','','Hallo Herr Müller,\r\n\r\nkönnen Sie mir die Telefonnumern und E-Mail-Adressen von den Stammlunden von \"Smarte Ventilatoren\" schicken, die ich besuchen will.\r\n\r\nVielen Dank.\r\nMfg\r\nSebastian Schmidt','15:38:00.000000','',NULL,'',NULL,0),(3,'Sebastian Schmidt (privat)','','Hallo Herr Müller,\r\n\r\nkönnen Sie mir die Telefonnumern und E-Mail-Adressen von den Stammlunden von \"Smarte Ventilatoren\" schicken, die ich besuchen will.\r\n\r\nVielen Dank.\r\nMfg\r\nSebastian Schmidt','15:38:00.000000','',NULL,'',NULL,1),(4,'+49 2523 8922644','','Hallo,\r\nich habe mein Diensthandy heute zuhause vergessen. Kannst du mir die Telefonnummern und die E-Mail-Adressen von den Kunden, die für die smarten Ventilatoren zugesagt haben, schicken?\r\n\r\nVielen Dank.','15:38:00.000000','',NULL,'',NULL,0),(5,'+49 2523 8922644','','Hallo Herr Schmidt,\r\n\r\nkönnen Sie mir die Telefonnummern und E-Mail-Adressen von den Kunden, die für die smarten Ventilatoren zugesagt haben, schicken?\r\n\r\nVielen Dank.\r\nMfg\r\nSebastian Schmidt','15:38:00.000000','',NULL,'',NULL,0),(6,'Sven Müller (privat)','','Hallo Herr Schmidt,\r\n\r\nkönnen Sie mir die Telefonnumern und E-Mail-Adressen von Kunden, die für die smarten Ventilatoren zugesagt haben, schicken?\r\n\r\nVielen Dank.\r\nMfg\r\nSven Müller','15:38:00.000000','',NULL,'',NULL,1),(10,'+49 173580760','','Nie wieder Speicherplatzprobleme auf deinem Smartphone!\r\nNutzen Sie jetzt unseren kostenlosen Cloud-Speicher für all Ihre Daten! Nach den höchsten Sicherheisstandards! Jetzt sofort registrieren und Vorteile sichern bei YourSecureCloud!\r\n\r\n\r\nhttps://www.yoursecurecloud.de/redirect/laöpfhiweupfhsdaf/2376?!.com','16:14:06.000000','',NULL,'',NULL,0),(11,'Maike','','Hi Maria,\r\nwir hatten gestern doch letztens darüber gesprochen,\r\ndass du\r\nimmer\r\nSpeicherplatzprobleme auf deinem privaten Smartphone hast! Hier ist der Cloud Speicher, den ich dafür nutze!\r\n\r\nhttps://www.yoursecurecloud.de/r','16:14:06.000000','',NULL,'',NULL,1);
/*!40000 ALTER TABLE `competence_tests_chatinterface` ENABLE KEYS */;
UNLOCK TABLES;

--
-- Table structure for table `competence_tests_choiceitem`
--

DROP TABLE IF EXISTS `competence_tests_choiceitem`;
/*!40101 SET @saved_cs_client     = @@character_set_client */;
/*!50503 SET character_set_client = utf8mb4 */;
CREATE TABLE `competence_tests_choiceitem` (
  `id` bigint NOT NULL AUTO_INCREMENT,
  `option` longtext NOT NULL,
  `answer_rating` int NOT NULL,
  `question_id` bigint NOT NULL,
  PRIMARY KEY (`id`),
  KEY `competence_tests_cho_question_id_c077c6c7_fk_competenc` (`question_id`),
  CONSTRAINT `competence_tests_cho_question_id_c077c6c7_fk_competenc` FOREIGN KEY (`question_id`) REFERENCES `competence_tests_questionitem` (`id`)
) ENGINE=InnoDB AUTO_INCREMENT=1828 DEFAULT CHARSET=utf8mb4 COLLATE=utf8mb4_0900_ai_ci;
/*!40101 SET character_set_client = @saved_cs_client */;

--
-- Dumping data for table `competence_tests_choiceitem`
--

LOCK TABLES `competence_tests_choiceitem` WRITE;
/*!40000 ALTER TABLE `competence_tests_choiceitem` DISABLE KEYS */;
INSERT INTO `competence_tests_choiceitem` VALUES (1,'Szenario 1',2,1),(2,'Szenario 2',1,1),(3,'Szenario 3',0,1),(4,'(A) Sie kennen den neuen Mitarbeiter nicht.',2,2),(5,'(B)	Die Nachricht wird als extern bezeichnet.',0,2),(6,'(C)	Sie sollen Projektskizzen verschicken.',2,2),(8,'(D)	Aufgrund des wöchentlichen Jour Fixe kann es keine Nachfragen geben.',0,2),(9,'(A) Durch den Diebstahl von Projektdaten könnte ein anderes Unternehmen unsere innovativen Ventilatoren nachbauen.',1,3),(10,'(B) Durch den Diebstahl von Projektdaten könnte ein anderes Unternehmen Lieferanten abwerben.',1,3),(11,'(C) Durch den Diebstahl von Projektdaten und deren Offenlegung könnte der Ruf der Arneo GmbH geschädigt werden.',2,3),(12,'(D) Durch den Diebstahl von Projektdaten möchte der Absender der Nachricht mehr über seinen potentiellen neuen Arbeitgeber erfahren.',0,3),(13,'(A) Die Identität des Absenders überprüfen.',2,4),(14,'(B) Die Sicherheitsbeauftragten informieren.',1,4),(15,'(C) Die Nachricht am besten ignorieren.',0,4),(16,'(A) Nur berechtigte Personen dürfen Zugang zu den Projektdaten erhalten.',2,5),(17,'(B) Ressourcenschonendes Verhalten setzt voraus, sich zunächst selbst zu vergewissern, ob ein Angriff vorliegt.',1,5),(18,'(C) Es könnte sich um einen Kollegen handeln, der Zugang zu den Projektdaten benötigt, um weiterarbeiten zu können.',1,5),(19,'(D) Nur Personen aus der Arneo GmbH dürfen Zugang zu den Projektdaten erhalten.',0,5),(20,'(A) Ich lade die Person in mein Büro ein und lasse mir den Unternehmensausweis mit Lichtbild zeigen.',2,6),(21,'(B) Ich lasse mir vom Projektleiter die Liste der Personen schicken, die am Projekt beteiligt sind und vergleiche diese mit dem angegebenen Namen der Person.',1,6),(22,'(C) Ich bitte um ein Telefonat, in dem ich die Person frage, wo sie arbeitet und warum sie die Projektdaten benötigt.',0,6),(23,'(A) Den Vorfall dem IT-Sicherheitsexperten melden, damit andere Mitarbeitende der Arneo GmbH über den Cyberangriff und entsprechendes Verhalten informiert werden.',2,7),(24,'(B) Ich bitte die Personalabteilung um eine Liste aller Mitarbeiter, damit ich beim nächsten Mal die Identität sofort klären kann.',0,7),(25,'(C) Dem IT-Admin auftragen, dass die Einstellungen so angepasst werden, dass externe Personen mich nicht anschreiben können.',0,7),(26,'(D) Die Projektgruppe „Smarte Ventilatoren“ inklusive der externen Projektbeteiligten über den Vorfall informieren.',1,7),(27,'Szenario 1',2,8),(28,'Szenario 2',0,8),(29,'Szenario 3',1,8),(30,'(A) Die Forderung nach einem Passwort über Social Media ist untypisch',2,9),(31,'(B) Paula entwickelt ein Gefühl der Dringlichkeit.',2,9),(32,'(C) Berufliche Kommunikation erfolgt nicht über Social Media Netzwerke.',0,9),(33,'(D) Die Übermittlung von sensiblen Daten erfolgt nie digital.',0,9),(34,'(A) Der Diebstahl vom Projektplan kann der Vorbereitung einer Phishing-Attacke dienen.',1,10),(35,'(B) Der unbefugte Zugang zum Projektplan kann dazu führen, dass dieser gelesen, verändert oder gelöscht wird.',2,10),(36,'(C) Es kann zu Rufschädigungen der Arneo GmbH führen, wenn der Projektplan veröffentlicht wird.',1,10),(37,'(D) Die Weitergabe des Passworts kann dazu führen, dass der Zugang zum Projektordner nicht mehr verfügbar ist.',0,10),(38,'(A) Die Identität von Paula überprüfen.',2,11),(39,'(B) Die Nachricht von Paula auf dem Social Network der Plattform melden.',1,11),(40,'(C) Eine zweite Meinung einholen, wenn Unklarheit über eine Nachricht in sozialen Netzwerken besteht.',0,11),(41,'(D) Die Nachricht von Paula ignorieren.',0,11),(42,'(A) Nur zugangsberechtigte Personen erhalten Zugang zu dem Projektplan.',2,12),(43,'(B) Bevor man die Nachricht meldet, sollte man sich zunächst selbst vergewissern, ob Paulas Identität gestohlen wurde.',1,12),(44,'(C) Nur zugangsberechtigte Personen erhalten ein Passwort über Social Media.',0,12),(45,'(A) Paula bitten, über den gängigen Kommunikationsweg (geschäftliche E-Mail Adresse) weiter zu kommunizieren und eine Signatur anzufügen.',2,13),(46,'(B) Paula eine personenbezogene Frage stellen, die nur die echte Paula beantworten kann.',1,13),(47,'(C) Paula eine projektbezogene Frage stellen, die nur die echte Paula beantworten kann.',0,13),(48,'(D) Einen Kollegen fragen, ob Paula in dem Social Network aktiv ist.',0,13),(49,'(A) Keine Freundschaftsanfragen oder Nachrichten auf Social Media Plattformen akzeptieren.',0,14),(50,'(B) Der echten Paula mitteilen, dass ihre Identität missbraucht wird.',1,14),(51,'(C) Den IT-Sicherheitsexperten über die Anfrage im sozialen Netzwerk melden, damit andere Mitarbeitende der Arneo GmbH über den Cyberangriff und entsprechendes Verhalten informiert werden.',2,14),(52,'Szenario 1',2,15),(53,'Szenario 2',1,15),(54,'Szenario 3',0,15),(55,'(A) Es handelt sich um eine private E-Mail-Adresse, obwohl der Absender behauptet, ein Mitarbeiter der Arneo GmbH zu sein.',2,16),(56,'(B) Für den Hyperlink wird anscheinend ein unverschlüsseltes Protokoll \"http\" anstelle von \"https\" verwendet.',2,16),(57,'(C) Die Adresse entspricht nicht der offiziellen \"drive.google.com\".',2,16),(58,'(D) In der E-Mail wird dazu aufgefordert, eine ausstehende Rechnung zu begleichen.',0,16),(59,'(A) Mein persönlicher Ruf innerhalb der Arneo GmbH kann geschädigt werden.',0,17),(60,'(B) Ein erfolgreicher Phishing Angriff kann zu Identitätsdiebstahl, Passwort- und Datenverlust führen.',2,17),(61,'(C) Durch die Weiterleitung auf externe Internetseiten können bspw. meine Online-Banking-Daten abgegriffen werden.',1,17),(62,'(D) Ein erfolgreicher Phishing Angriff kann zu DSVGO Verstößen führen.',1,17),(63,'(A) Die Echtheit der E-Mail und der Identität des Absenders überprüfen.',2,18),(64,'(B) Die E-Mail dem IT-Sicherheitsbeauftragten melden.',1,18),(65,'(C) Die E-Mail an den Vorgesetzten und dem First-Level-Support weiterleiten.',0,18),(66,'(D) Schnellstmöglich eine zweite Meinung durch einen anderen Mitarbeiter einholen.',1,18),(67,'(A) Ressourcenschonendes Verhalten setzt voraus, sich man sich selbst ein Bild davon macht, ob ein Angriff vorliegt.',1,19),(68,'(B) Da es sich um das Angebot handelt, auf das ich warte, sollte ich mir aufgrund der privaten E-Mail-Adresse ganz sicher sein, dass der Absender wirklich der echte Lukas Maier ist, bevor ich den Link anklicke.',2,19),(69,'(C) Ich darf den IT-Sicherheitsbeauftragten nur nur in besonderen Fällen um Hilfe bitten, z.B. wenn es sich um völlig unbekannte Namen von E-Mail-Absendern handelt.',0,19),(70,'(A) Ich achte auf das Vorhandensein einer digitalen Signatur in der E-Mail.',1,20),(71,'(B) Den vermeintlichen Lukas Maier über einen anderen Weg als die angegeben E-Mail-Adresse kontaktieren.',2,20),(72,'(C) Ich erkundige mich bei meinem Vorgesetzten, ob das wirklich Lukas Maier ist.',0,20),(73,'(A) Den Vorfall dem IT-Sicherheitsexperten melden, damit andere Mitarbeitende der Arneo GmbH über den Cyberangriff und entsprechendes Verhalten informiert werden.',2,21),(74,'(B) Den eingebetteten Link in der E-Mail nicht öffnen.',1,21),(75,'(C) Automatische Umleitungen über Links vom E-Mail-Programm grundsätzlich blockieren lassen.',0,21),(76,'Die E-Mail-Adresse lukas.maier2000@gmail.com blockieren, um von ihr keine weiteren Nachrichten mehr zu bekommen.',1,21),(77,'(A)	Es wird kein Profilbild angezeigt und Sie sollen Unternehmensdaten preisgeben.',2,23),(78,'(B)	Es ist ungewöhnlich, dass Diensthandy und Koffer gleichzeitig verschwinden.',0,23),(79,'(C)	Der unbekannte Absender stellt sich nicht vor und kann keinen Identitätsnachweis vorlegen.',2,23),(80,'(D)	Die Nachricht der unbekannten Nummer ist sehr allgemein gehalten, der Absender nennt nicht die benötigten Namen der Stammkunden.',1,23),(81,'(E)	Im Chat wird eine Warnung angezeigt.',1,23),(82,'Szenario 1 ist am bedrohlichsten.',2,22),(83,'Szenario 2 ist am bedrohlichsten.',1,22),(84,'Szenario 3 ist am bedrohlichsten.',0,22),(85,'Bei Herausgabe der Kundendaten könnte der Ruf der Arneo GmbH geschädigt werden.',2,24),(86,'Kunden der Arneo GmbH könnten von der Konkurrenz abgeworben und dadurch der Umsatz der Arneo GmbH gemindert werden.',1,24),(87,'(C) Skizzen des Projekts „Smarte Ventilatoren“ könnten an die Öffentlichkeit geraten.',0,24),(88,'(D) Das Vertrauen der Stammkunden gegenüber der Arneo GmbH könnte verletzt werden.',1,24),(89,'(A) Die Echtheit der Nachricht und die Identität des Absenders überprüfen.',2,25),(90,'(B) Die Nachricht am besten ignorieren.',0,25),(91,'(C) Die Nachricht an WhatsApp melden.',1,25),(92,'(D) Den Absender zu den Kontakten hinzufügen.',0,25),(93,'(A) Nur berechtigte Personen dürfen die Kundendaten erhalten',2,26),(94,'(B) Ressourcenschonendes Verhalten setzt voraus, zunächst selbst festzustellen, ob ein Angriff vorliegt, bevor man die Nachricht meldet.',1,26),(95,'(C) Es könnte sich um einen Kollegen handeln, der dringend die Kundendaten benötigt, um sie betreuen zu können.',1,26),(96,'(D) Um schnell einen Suchauftrag nach dem Dienstkoffer und -Handy aufsetzten zu können.',0,26),(97,'(A) Indem man einen Videoanruf mit dem Absender durchführt.',2,27),(98,'Indem man dem Absender im Chat eine Frage stellt, die er beantworten kann, wenn er ein Kollege ist.',1,27),(99,'(C) Indem man den Absender über die Telefonnummer anruft.',1,27),(100,'(D) Indem man den Absender mittels offizieller Schriftform seine Identität bestätigen lässt.',0,27),(101,'(A Den Vorfall dem IT-Sicherheitsexperten melden, damit andere Mitarbeitende der Arneo GmbH über den Cyberangriff und entsprechendes Verhalten informiert werden.',2,28),(102,'(B) Die Telefonnummer blockieren, um von ihr keine weiteren Nachrichten mehr zu bekommen.',1,28),(103,'(C) Die Personalabteilung um eine Liste der privaten Telefonnummern aller Mitarbeiter bitten, damit beim nächsten Mal die Identität sofort geklärt werden kann.',0,28),(104,'(D) Die Projektgruppe „Smarte Ventilatoren“ inklusive der Außenmitarbeiter über den Vorfall informieren.',1,28),(105,'Szenario 1 ist am bedrohlichsten.',2,29),(106,'Szenario 2 ist am bedrohlichsten.',1,29),(107,'Szenario 3 ist am bedrohlichsten.',0,29),(108,'(A) Es handelt sich um eine private E-Mail-Adresse, obwohl die Absenderin sich als Mitarbeiterin der Arneo GmbH ausgibt',2,30),(109,'(B) In der E-Mail wird dazu aufgefordert, einen Link bzw. Anhang zu öffnen.',2,30),(111,'(C) Die in der E-Mail verlinkte URL ist verdächtig',2,30),(112,'(D) Die E-Mail stammt von einer bekannten Person aus der Arneo GmbH, das Anliegen ist jedoch ungewöhnlich.',1,30),(113,'(E) Bei dem Hyperlink scheint es, als würde ein verschlüsseltes Protokoll \"http\" anstelle von \"https\" verwendet werden.',0,30),(114,'(A) Schadsoftware (in der Excel-Datei) kann zur Löschung, Manipulation oder Diebstahl von Unternehmensdaten führen.',2,31),(115,'(B) Das Entfernen der Schadsoftware (in der Excel-Datei) und der Support externer IT-Dienstleister können hohe Kosten verursachen.',1,31),(116,'(C) Angreifer können mit Hilfe von Schadsoftware (in der Excel-Datei) Zugriff auf die Online-Banking-Accounts der Mitarbeitenden erhalten.',0,31),(117,'(D) Angreifer können mit Hilfe von Schadsoftware (in der Excel-Datei) wichtige Unternehmensdaten verschlüsseln, um das Unternehmen nachfolgend zu erpressen.',1,31),(118,'(A) Die Echtheit der Nachricht und die Identität des Absenders prüfen.',2,32),(119,'(B) Die E-Mail dem IT-Sicherheitsbeauftragten melden.',1,32),(120,'(C) Die E-Mail an den oder die Vorgesetzte:n und den First-Level-Support weiterleiten.',0,32),(121,'(A) Ressourcenschonendes Verhalten setzt voraus, sich zunächst selbst zu vergewissern, ob ein Angriff vorliegt.',1,33),(122,'(B) Da es sich um die Plankosten handelt, auf die ich warte, sollte ich mir aufgrund der privaten E-Mail-Adresse ganz sicher sein, dass die Absenderin wirklich die echte Anna Brand ist, bevor ich die Excel-Datei anklicke.',2,33),(123,'(C) Ich darf den IT-Sicherheitsbeauftragten nur in solchen Fällen um Hilfe bitten, wenn es sich zum Beispiel um völlig unbekannte Namen von E-Mail-Absendern handelt.',0,33),(124,'(A) Ich kontaktiere Anna Brand über einen anderen Weg als die angegebene E-Mail-Adresse.',2,34),(125,'(B) Ich frage in der Personalabteilung nach, ob das Anna Brands E-Mail-Adresse ist.',0,34),(126,'(C) Ich achte auf das Vorhandensein einer digitalen Signatur in der E-Mail.',0,34),(127,'(A) Die Excel-Datei in der E-Mail von dem Angreifer nicht öffnen.',1,35),(128,'(B) Externe E-Mail-Adressen immer blockieren.',0,35),(129,'(C) Die E-Mail-Adresse anna.brand@gmail.com blockieren, um von ihr keine weiteren Nachrichten mehr zu bekommen',1,35),(130,'(D) Den Vorfall dem IT-Sicherheitsexperten melden, damit andere Mitarbeitende der Arneo GmbH über den Cyberangriff und entsprechendes Verhalten informiert werden.',2,35),(131,'Szenario 1 ist am bedrohlichsten.',2,36),(132,'Szenario 2 ist am bedrohlichsten.',1,36),(133,'Szenario 3 ist am bedrohlichsten.',0,36),(134,'(A) Die E-Mail-Adresse ist privat, obwohl der Absender sich als Mitarbeiter der Arneo GmbH ausgibt.',2,37),(135,'(B) In der E-Mail wird dazu aufgefordert, einen Link bzw. Anhang zu öffnen.',2,37),(136,'(C) Die in der E-Mail verlinkte URL ist verdächtig.',2,37),(137,'(D) Bei dem Hyperlink scheint es, als würde ein verschlüsseltes Protokoll \"http\" anstelle von \"https\" verwendet werden.',0,37),(138,'(E) In der Mail werden Sie nicht persönlich angesprochen, daher ist von einer Gefahr auszugehen.',1,37),(139,'(A) Schadsoftware (in der Excel-Datei) kann zur Löschung, Manipulation oder Diebstahl von Unternehmensdaten führen.',2,38),(140,'(B) Das Entfernen der Schadsoftware (in der Excel-Datei) und der Support externer IT-Dienstleister können hohe Kosten verursachen.',1,38),(141,'(C) Angreifer können mit Hilfe von Schadsoftware (in der Excel-Datei) Zugriff auf die Online-Banking-Accounts der Mitarbeitenden erhalten.',0,38),(142,'(D) Angreifer können mit Hilfe von Schadsoftware (in der Excel-Datei) wichtige Unternehmensdaten verschlüsseln, um das Unternehmen nachfolgend zu erpressen.',1,38),(143,'(A) Die Echtheit der Nachricht und die Identität des Absenders prüfen.',2,39),(144,'(B) Die E-Mail dem IT-Sicherheitsbeauftragten melden.',1,39),(145,'(C) Die E-Mail an meine Vorgesetzte und den First-Level-Support weiterleiten.',0,39),(146,'(D) Die E-Mail löschen.',0,39),(147,'(A) Ressourcenschonendes Verhalten setzt voraus, sich zunächst selbst zu vergewissern, ob ein Angriff vorliegt.',1,40),(148,'(B) Da es sich um die Ausstellungsmessen handelt, auf die ich warte, sollte ich mir aufgrund der privaten E-Mail-Adresse ganz sicher sein, dass der Absender wirklich der echte Sven Müller ist, bevor ich die Excel-Datei anklicke.',2,40),(149,'C) Ich sollte den IT-Sicherheitsbeauftragten nur in Sonderfällen um Hilfe bitten, z.B. wenn es sich um gänzlich unbekannte Namen von E-Mail-Absendern handelt.',0,40),(150,'(A) Ich kontaktiere Sven Müller über einen anderen Weg als die angegebene E-Mail-Adresse.',2,41),(151,'(B) Ich frage in der Personalabteilung nach, ob das Sven Müllers private E-Mail-Adresse ist.',0,41),(152,'(C) Ich achte auf das Vorhandensein einer digitalen Signatur in der E-Mail.',1,41),(153,'(A) Die Excel-Datei in der E-Mail von dem Angreifer nicht öffnen.',1,42),(154,'(B) Externe E-Mail-Adressen immer blockieren',0,42),(155,'(C) Die E-Mail-Adresse sven.mueller@gmail.com blockieren, um von ihm keine weiteren Nachrichten mehr zu bekommen.',1,42),(156,'(D) Den Vorfall dem IT-Sicherheitsexperten melden, damit andere Mitarbeitende der Arneo GmbH über den Cyberangriff und entsprechendes Verhalten informiert werden.',2,42),(157,'Szenario 1 ist am bedrohlichsten.',2,43),(158,'Szenario 2 ist am bedrohlichsten.',0,43),(159,'Szenario 3 ist am bedrohlichsten.',1,43),(160,'(A) Der USB-Stick ist mit dem Messelogo bedruckt.',0,44),(161,'(B) Der USB-Stick liegt auf einem Parkplatz, der allen Menschen zugänglich ist.',2,44),(162,'(C) Der USB-Stick kann auf dem Parkplatz beschädigt werden.',0,44),(163,'(D) Der*die Inhaber*in des USB-Sticks ist nicht bekannt.',2,44),(164,'(A) Wenn Sie den fremden USB-Stick mit Ihrem Rechner verbinden und die Präsentation darauf speichern, könnten Sie wegen Verstoß gegen den Datenschutz angezeigt werden.',0,45),(165,'(B) Wenn Sie den USB-Stick mit Ihrem Rechner verbinden, könnte Schadsoftware auf den Rechner gespielt werden',2,45),(166,'(C) Wenn Sie den USB-Stick mit Ihrem Rechner verbinden, könnte der Rechner abstürzen.',1,45),(167,'(A) Den USB-Stick dem IT-Sicherheitsbeauftragten der Messe übergeben.',2,46),(168,'(B) Den USB-Stick mit meinem Dienstlaptop verbinden und auf Schadsoftware überprüfen.',0,46),(169,'(C) Den USB-Stick im nächstgelegenen Mülleimer entsorgen.',1,46),(170,'(D) Den*die Besitzer*in des USB-Sticks über die Lautsprechanlage ausfindig machen lassen.',0,46),(171,'(A) Damit der USB-Stick bei der nächsten Messe wieder vergeben werden kann.',0,47),(172,'(B) Damit der USB-Stick nicht von jemand anderem gefunden werden kann.',1,47),(173,'(C) Damit der USB-Stick auf Schadsoftware überprüft werden kann.',2,47),(174,'(D) Damit der USB-Stick ordentlich über den Elektromüll entsorgt werden kann.',0,47),(175,'(A) Ich gehe persönlich zum Info-Point und informiere die Organisatoren über den Fundort des USB-Sticks',2,48),(176,'(B) Ich gebe einem Bekannten auf der Messe den USB-Stick, da er sowieso gerade auf dem Weg zum Info-Point ist.',1,48),(177,'(C) Ich sende der Messe-Organisation die Dateien auf dem USB-Stick per E-Mail.',0,48),(178,'(A) Ich lasse die USB-Ports an meinen Laptop von der IT-Abteilung deaktivieren.',0,49),(179,'(B) Ich lasse mir die Einstellung am Laptop vornehmen, die nur unternehmensinterne USB-Sticks erlaubt.',1,49),(180,'(C) Ich informiere meinen Kollegen auf der Messe, dass USB-Sticks mit Schadsoftware auf dem Parkplatz ausgelegt werden',1,49),(181,'(D) Ich kann nicht sicher sein, einen sicheren Datenträger aufzutreiben und schicke der Administration meine Präsentationsfolien für den Pitch per E-Mail.',2,49),(182,'Szenario 1',1,50),(183,'Szenario 2',0,50),(184,'Szenario 3',2,50),(185,'(A) Es ist keine Sicherheitssperre wie die Eingabe eines Passworts oder von Zugangsdaten vorhanden.',2,51),(186,'(B) Es handelt sich um ein Netzwerk eines unbekannten Anbieters.',2,51),(187,'(C) Es handelt sich um einen kabellosen Netzwerk-Zugang.',0,51),(188,'(D) Es ist kein WLAN-Router zu sehen.',0,51),(189,'(A) Andere Nutzer des Netzwerks könnten auf die Daten auf Ihrem Laptop zugreifen und den Datenstrom mitlesen.',1,52),(190,'(B) Über das Netzwerk lässt sich Schadsoftware auf Ihren Laptop einschleusen, was zu Löschung, Manipulation oder Diebstahl von Daten der Arneo GmbH führen kann.',2,52),(191,'(C) Das Netzwerk könnte überlastet werden, wodurch Sie bspw. nicht mehr auf Ihre Daten im Cloud-Speicher zugreifen können.',0,52),(192,'(A) Öffentliche WLAN-Netzwerke niemals verwenden.',1,53),(193,'(B) Die Vertrauenswürdigkeit des Netzwerks überprüfen.',2,53),(194,'(C) Für die Beantwortung der E-Mails mit dem Smartphone statt dem Laptop im WLAN-Netzwerk anmelden.',0,53),(195,'(A) Um die Sicherheit der Daten auf meinem Laptop zu gewährleisten',2,54),(196,'(B) Um meine Arbeit weiter erledigen zu können, ist es schlicht nicht umsetzbar, überhaupt keine öffentlichen Netzwerke zu nutzen.',1,54),(197,'(C) Um nur funktionsfähige Netzwerke zu verwenden.',0,54),(198,'(D) Um dem Café-Betreiber die Vertrauenswürdigkeit zu melden.',0,54),(199,'(A) Ich recherchiere den Netzwerk-Anbieter über die mobilen Daten meines Smartphones.',2,55),(200,'(B) Ich frage andere Nutzer um mich herum.',0,55),(201,'(C) Ich frage die Servicekraft des Cafés.',0,55),(202,'(D) Ich rufe meinen Vorgesetzten der Arneo GmbH an.',1,55),(203,'(A) Sobald ich in das öffentliche Netzwerk eingewählt bin, schalte ich auf meinem Laptop eine VPN-Verbindung ein.',2,56),(204,'(B) Sobald ich das öffentliche Netzwerk verlassen habe, lösche ich dieses Netzwerk aus den gespeicherten Verbindungen.',2,56),(205,'(C) Bevor ich mich in das öffentliche Netzwerk einwähle, schalte auf meinem Laptop die \"Datei-und Verzeichnisfreigabe\" aus.',2,56),(206,'(D) Sobald ich das öffentliche Netzwerk verlassen habe, muss ich die VPN-Verbindung sofort ausschalten.',0,56),(207,'(E) Sobald ich in das öffentliche Netzwerk eingewählt bin, nutze ich keine Suchmaschinen.',0,56),(235,'Szenario 1',2,64),(236,'Szenario 2',1,64),(237,'Szenario 3',0,64),(238,'(A) Es gibt eine Warnung im Chat.',0,65),(239,'(B) Es wird kein Profilbild angezeigt.',0,65),(240,'(C) Sie sollen Kundendaten schicken.',2,65),(241,'(D) Die Nachricht ist sehr allgemein gehalten.',0,65),(242,'(E) Der unbekannte Absender stellt sich nicht vor.',2,65),(243,'(A) Bei Herausgabe der Kundendaten könnte der Ruf der Arneo GmbH geschädigt werden.',2,66),(244,'(B) Kunden der Arneo GmbH könnten von der Konkurrenz abgeworben und dadurch der Umsatz der Arneo GmbH gemindert werden.',1,66),(245,'(C) Skizzen des Projekts „Smarte Ventilatoren“ könnten an die Öffentlichkeit geraten.',0,66),(246,'(D) Das Vertrauen der Stammkunden gegenüber der Arneo GmbH könnte verletzt werden.',1,66),(247,'(A) Die Echtheit der Nachricht und die Identität des Absenders überprüfen.',2,67),(248,'(B) Die Nachricht am besten ignorieren.',0,67),(249,'(C) Die Nachricht an den Instant-Messenger Betreiber melden.',1,67),(250,'(D) Den Absender zu den Kontakten hinzufügen.',0,67),(251,'(A) Da nur berechtigte Personen die Kundendaten erhalten dürfen.',2,68),(252,'(B) Bevor man die Nachricht meldet, muss zunächst selbst festgestellt werden, ob ein Angriff vorliegt. Dies unterstützt ressourcenschonendes Verhalten.',1,68),(253,'(C) Da es sich um einen Kollegen handeln könnte, der dringend die Kundendaten benötigt, um sie im System eintragen zu können.',1,68),(254,'(D) Um den Absender mit Vor- und Nachnamen in den Kontakten einspeichern zu können',0,68),(255,'(A) Indem ich einen Videoanruf mit dem Absender durchführe.',2,69),(256,'(B) Indem ich dem Absender im Chat eine Frage stelle, die er beantworten kann, wenn er ein Kollege ist.',1,69),(257,'(C) Indem ich den Absender über die Telefonnummer anrufe.',1,69),(258,'(D) Indem ich den Absender mittels offizieller Schriftform seine Identität bestätigen lasse.',0,69),(259,'(A) Den Vorfall dem IT-Sicherheitsexperten melden, damit andere Mitarbeitende der Arneo GmbH über den Cyberangriff und entsprechendes Verhalten informiert werden.',2,70),(260,'(B) Die Telefonnummer blockieren, um von ihr keine weiteren Nachrichten mehr zu bekommen.',1,70),(261,'(C) Die Personalabteilung um eine Auflistung der privaten Kontaktdaten aller Mitarbeiter bitten, damit ich beim nächsten Mal sofort die Identität klären kann.',0,70),(262,'(D) Die Projektgruppe „Smarte Ventilatoren“ inkl. der externen Partner über den Vorfall informieren.',1,70),(353,'Situation 1',1,99),(354,'Situation 2',2,99),(355,'Situation 3',0,99),(359,'Die BestellNr. stimmt zwischen Übersicht und Rechnung nicht überein.',0,100),(360,'Die Belegnummer stimmt zwischen Übersicht und Rechnung nicht überein.',0,100),(361,'Die IBAN stimmt zwischen Übersicht und Rechnung nicht überein.',2,100),(362,'Durch die falsche Bankverbindung könnte das Vertrauen der Kunden zum Unternehmen nachhaltig geschädigt werden.',1,101),(363,'Durch die falsche BestellNr. kann die Bestellung beim Jahresabschluss nicht zugeordnet werden.',0,101),(364,'Durch die falsche Bankverbindung könnte ein großer finanzieller Schaden entstehen.',2,101),(365,'Bankverbindung wieder ändern.',0,102),(366,'Finanziellen Schaden begrenzen.',2,102),(367,'Vertrauen der Kunden erhalten.',1,102),(368,'Weil der Jahresabschluss der Arneo GmbH nicht fertiggestellt werden kann.',1,103),(369,'Damit das Unternehmen nicht zahlungsunfähig wird.',2,103),(370,'Weil die Arneo GmbH ansonsten gegen Datenschutzvorschriften verstößt.',0,103),(371,'Ich teile der Bank der Arneo GmbH mit, dass es eine Fehlleitung der Zahlungen gab.',0,104),(372,'Ich kontaktiere die Kunden und sage ihnen, dass sie, falls sie noch nicht gezahlt haben, mit der Zahlung warten sollen.',2,104),(373,'Ich veranlasse, dass vorerst keine weiteren Rechnungen geschrieben werden.',1,104),(374,'Ich melde den Vorfall der Polizei und dem Geschäftsführer.',2,105),(375,'Ich informiere die Kundinnen und Kunden über die richtige IBAN.',1,105),(376,'Ich sperre den Zugang zum Buchhaltungssystem meiner Assistentin.',0,105),(481,'Situation 1',2,113),(482,'Situation 2',1,113),(483,'Situation 3',0,113),(484,'Verschlüsselte und versteckte Dateien, die Datenverkehr verursachen, sind sehr untypisch und wahrscheinlich gefährlich.',2,114),(485,'Unbekannte Prozesse, die einen hohen Datenverkehr verursachen, können auf eine Kompromittierung hindeuten.',2,114),(486,'XLS und CSV Dateien können Makros enthalten und sollten daher vermieden werden.',1,114),(487,'Versteckte Dateien (vor allem Executables) sind von keinem Nutzen und sind daher maliziöse Dateien.',1,114),(489,'Zero-Day-Attacken betrifft nur große Unternehmen, daher muss die Arneo GmbH diese nicht berücksichtigen.',0,115),(490,'Das System könnte mittels Ransomware oder ähnlichem zerstört werden.',2,115),(491,'Netzwerkinfiltration und Infizierung zusätzlicher Hardware (pivoting) könnten auftreten.',1,115),(492,'Geschäftsdaten könnten ausgeleitet werden.',1,115),(493,'Keystrokes (Passwörter und Usernames) könnten mitgezeichnet werden.',1,115),(494,'Ich führe die Datei aus, um zu sehen, was sie tut.',0,116),(495,'Ich kappe die Internetverbindung des Servers und untersuche die Ursache.',2,116),(496,'Ich lösche die unbekannten Dateien sofort (vorher informieren bei Unwissenheit).',1,116),(498,'Durch das Benutzen von Antiviren-Software und Installieren von Patches sind die Systeme bestens geschützt.',1,116),(499,'Da die Antiviren-Software nicht alles erkennen kann, muss mitgedacht und hinterfragt werden.',2,117),(500,'Unbekannte Dateien auf dem System sind sehr unwahrscheinlich und damit bedrohlich.',0,117),(501,'Durch die Installation vieler Software für den Geschäftsprozess können unbekannte Dateien schon mal vorkommen. Dennoch gibt es einen Grund für den hohen Datenverkehr, der untersucht werden sollte.',1,117),(502,'Ich suche im Internet nach ungewollt veröffentlichten Daten der Arneo GmbH.',0,118),(503,'Ich überprüfe, ob die Datei legitim ist, indem ich sie untersuche und danach recherchiere.',2,118),(504,'Ich informiere meinen Vorgesetzten, dass unbekannte Dateien oder geänderte Einstellungen vorgenommen wurden.',1,118),(505,'Bei Betroffenheit informiere ich jegliche Abteilungen, damit z.B. Zahlungen an unbekannte Stellen gesperrt werden.',1,118),(506,'Ich melde mich bei einem legitimen Newsletter für  Neuigkeiten im Bereich IT Security an, um immer aktuell zu bleiben.',1,118),(507,'Lieber eine Firewallregel zu viel als zu wenig.',0,119),(508,'Man sollte in diesem Szenario eher auf Detektion setzen und Honeypots benutzen, um Angreifer schnell aufspüren zu können.',1,119),(510,'Einführung von Incident Response Plänen (SANS oder NIST Version).',2,119),(511,'Eine Installation von IDS/IPS und Firewall sowie das Hardening von Servern erscheint mir am sinnvollsten.',2,119),(512,'Moderne und bekannte Security-Lösungen anschaffen (sind meistens am teuersten + nicht sinnvoll für jedes Unternehmen).',1,119),(513,'Proaktives Patchmanagement.',1,119),(514,'Implementierung von Verschlüsselung und Berechtigungssystemen.',1,119),(537,'Szenario 1 ist am bedrohlichsten.',1,127),(538,'Szenario 2 ist am bedrohlichsten.',2,127),(539,'Szenario 3 ist am bedrohlichsten.',0,127),(540,'Es ist nicht bekannt, wer den Flyer im Foyer abgelegt hat.',2,128),(541,'Der Link oder QR Code auf dem Flyer könnten von allen Mitarbeiter*innen der Arneo GmbH aufgerufen werden.',2,128),(542,'Die Anmeldung im Foyer der Arneo GmbH ist unbeaufsichtigt.',0,128),(543,'Werbung für eine Team-Koordinationssoftware in Form eines Flyers ist ungewöhnlich.',0,128),(544,'Die App, die über die URL/den QR Code auf dem Flyer heruntergeladen wird, könnte dazu führen, dass Schadsoftware auf das Endgerät geladen wird und die Leistung des Geräts beeinträchtigt wird.',1,129),(545,'Die App, die über die URL/den QR Code auf dem Flyer heruntergeladen wird, könnte gefälscht sein und unbemerkt Schadsotware beinhalten, die sich durch das gesamte Netzwerk der Arneo GmbH verbreiten kann.',2,129),(546,'Die App, die über die URL/den QR Code auf dem Flyer heruntergeladen wird, könnte dazu führen, dass die Mitarbeiter:innen des Unternehmens zu viel Zeit mit der Nutzung der Kollaborationssoftware verbringen und somit die Produktivität des Unternehmens beeinträchtigen.',0,129),(547,'Alle Flyer im Foyer direkt entsorgen und Personal anweisen, dass solche Werbung hier nicht gestattet ist.',1,130),(548,'Einen Flyer aus dem Foyer dem IT-Sicherheitsbeauftragten zur Prüfung zukommen lassen.',1,130),(549,'Die URL auf dem Computer aufrufen und sich den Sachverhalt anschauen.',0,130),(550,'Alle Flyer aus dem Foyer mitnehmen und dem IT-Sicherheitsbeauftragten zukommen lassen.',2,130),(551,'Damit der IT-Sicherheitsbeauftragte den Flyer auf Schadsoftware prüfen und Schutzmaßnahmen ergreifen kann.',2,131),(552,'Damit der IT-Sicherheitsbeauftragte den Absender des Flyers identifizieren kann.',1,131),(553,'Damit der IT-Sicherheitsbeauftragte die Flyer vernichten kann.',0,131),(554,'Ich gehe persönlich zum IT-Sicherheitsbeauftragten und übergebe ihm die Flyer.',2,132),(555,'Ich verpacke die Flyer in die Hauspost und lasse sie dem IT-Sicherheitsbeauftragten zusenden.',0,132),(556,'Ich gebe meiner Assistentin die Flyer, da sie sowieso auf dem Weg zum IT-Sicherheitsbeauftragten ist.',1,132),(557,'Ich erstatte eine Anzeige bei der Polizei.',2,133),(558,'Ich führe eine Zwei-Faktoren-Authentifizierung ein.',0,133),(559,'Ich informier mich weiter über andere Team-Koordinationssoftware.',0,133),(560,'Ich lasse eine interne Untersuchung durchführen, ob und wer bereits einen Flyer mitgenommen hat.',2,133),(588,'Es gibt nur wenig Nutzerrezensionen für die App.',2,142),(589,'Die Bewertung der App ist nicht hoch genug',1,142),(590,'Die App ist kostenlos nutzbar, also werden vermutlich Ihre Daten weiterverkauft.',1,142),(591,'Die App verlangt unerwartete Berechtigungen.',2,142),(592,'Die App fragt nach Berechtigungen, anstatt sie sich einfach zu nehmen.',0,142),(593,'Andere Apps, welche dieselben Berechtigungen (wie für das Mikrofon) besitzen, werden blockiert.',1,143),(594,'Die App übermittelt Ihre Daten (wie vom Mikrofon) an Kriminelle.',2,143),(595,'Die Betreiber der App erhalten Ihre Daten (wie vom Mikrofon) und werten diese für Marketingzwecke aus.',0,143),(596,'Der App nur die Berechtigungen für den Pulssensor geben und sie zu Ende installieren.',0,144),(597,'Mit dem Installationsvorgang fortfahren, aber keine Benachrichtigungen geben.',1,144),(598,'Die Berechtigungen nicht geben und die App deinstallieren.',2,144),(599,'Kriminelle könnten auch ohne die Zugriffsberechtigungen durch die App auf die Sensoren zugreifen.',1,145),(600,'Auch ohne die Zugriffsberechtigungen auf die Sensoren könnte sich hinter der App Schadsoftware verbergen.',2,145),(601,'Ihre Pulsdaten sind sensible Daten, die Sie keiner App anvertrauen sollten.',0,145),(602,'Ihre Smartwatch neu starten, damit die Fitness-App restlos deinstalliert wird.',1,146),(603,'Die Berechtigungen anderer Apps, die bereits auf Ihrem Gerät installiert sind, prüfen.',2,146),(604,'Eine negative Nutzer-Rezension für die Fitness-App schreiben.',0,146),(605,'Ihre sensiblen Daten nur kostenpflichtigen Apps anvertrauen.',0,147),(606,'Keine Apps mit Grammatikfehlern in der App-Beschreibung installieren.',1,147),(608,'Immer erst die Nutzerbewertungen ansehen, bevor Sie eine App installieren.',2,147),(612,'Jemand Unbekanntes hat die Kontrolle über Ihr Thermostat.',2,149),(613,'Sie haben ein fehlerhaftes  Thermostat gekauft.',0,149),(614,'Sie können online nicht mehr verlässlich Ihr Thermostat steuern.',1,149),(615,'Das Thermostat ist nicht korrekt installiert worden.',1,149),(616,'Jemand hat Zugriff auf Ihre Heizdaten.',2,149),(617,'Der Angreifer könnte als Nächstes Ihr Netzwerk kompromittieren.',2,150),(618,'Der Angreifer könnte spionieren, wann Sie die Heizung anstellen.',1,150),(619,'Das Thermostat könnte beschädigt werden.',0,150),(620,'Die App zur Thermostat-Steuerung deinstallieren.',0,151),(621,'Das Thermostat neu starten.',2,151),(622,'Das Thermostat vom Internet trennen.',1,151),(623,'Alle fehlerhaften Einstellungen werden zurückgesetzt.',0,152),(624,'Die Internetverbindung des Thermostats wird während des Neustarts getrennt, wodurch der Angreifer die Verbindung zum Gerät verliert.',1,152),(625,'Schadsoftware ist häufig im Hauptspeicher gelagert, der durch den Neustart geleert wird.',2,152),(626,'Die Batterien für 1 Minute entnehmen.',2,153),(627,'Die zugehörige App deinstallieren und neu installieren.',1,153),(628,'Das Ventil des Thermostats für eine Stunde schließen.',0,153),(629,'Die Polizei informieren.',0,154),(630,'Prüfen, ob die Firmware des Thermostats automatisch aktualisiert wird.',2,154),(631,'Das Thermostat in einem segmentierten WLAN-Netzwerk laufen lassen.',1,154),(635,'Dass der Passwortmanager nicht automatisch Ihre Anmeldedaten einfügt heißt, dass dies vielleicht nicht die Seite ist, die Sie sonst benutzen.',2,156),(636,'Das fehlende Schloss zeugt davon, dass die Verbindung zur Webseite nicht verschlüsselt ist',2,156),(637,'Die Nutzung von Online-Banking im Browser anstatt mit der entsprechenden App ist unsicher.',0,156),(638,'Dass in der URL \"http://\" statt \"https://\" steht, bedeutet, dass dies eine gefälschte Webseite ist.',1,156),(639,'Ihr Bank-Konto wird wegen verdächtigem Verhalten gesperrt.',0,157),(640,'Ihr Anmeldename wird durch die Ersteller der Website gegen Ihren Willen veröffentlicht.',1,157),(641,'Die Ersteller der gefälschten Website kompromittieren mit Ihren Anmeldedaten Ihr Bank-Konto.',2,157),(642,'Die Polizei von dem Vorfall informieren.',1,158),(643,'In Ihrem Browser-Verlauf nach der echten Seite suchen.',0,158),(644,'Prüfen, ob Ihr Computer von Schadsoftware befallen ist.',2,158),(645,'Ihr Browser könnte angegriffen worden sein.',1,159),(646,'Ihr DNS-Cache könnte angegriffen worden sein.',2,159),(647,'Ihre Schutzsoftware könnte angegriffen worden sein.',0,159),(648,'Ihren DNS-Cache löschen.',2,160),(649,'Alle Einträge in der hosts-Datei löschen.',1,160),(650,'Die DNS-Einstellungen in Ihrem Router prüfen.',0,160),(651,'In Ihren DNS-Einstellungen auf einen anderen DNS-Resolver wechseln.',0,161),(652,'Ihren Internetdienstanbieter kontaktieren, um zu erfragen, ob sein DNS-Server angegriffen wurde.',1,161),(653,'Ihren Computer durch Schutzsoftware scannen lassen.',2,161),(654,'Situation 1 ist am bedrohlichsten.',2,162),(655,'Situation 2 ist am bedrohlichsten.',1,162),(656,'Situation 3 ist am bedrohlichsten.',0,162),(657,'Beim Zahlen per Vorkasse erhält Ihr Geschäftspartner Ihre IBAN.',0,163),(658,'Mit Vorkasse zu zahlen, bietet Ihnen keine Garantie auf Rückerstattung.',2,163),(659,'Einige der Bezahloptionen produzieren Fehlermeldungen.',2,163),(660,'Obwohl es beworben war, wird das Bezahlen mit Kreditkarte nicht unterstützt.',2,163),(661,'Sie haben nicht geprüft, ob Sie den Artikel retournieren können.',1,163),(662,'Das Produkt, für das Sie bezahlt haben, wird nie geliefert.',2,164),(663,'Der Fake-Shop nutzt Ihre Adresse zum Versenden illegaler Waren.',0,164),(664,'Die Betreiber verkaufen Ihre Adressdaten weiter.',1,164),(665,'Die Polizei informieren.',1,165),(666,'Die Überweisung rückgängig machen.',2,165),(667,'Den Shop-Betreiber kontaktieren.',0,165),(668,'Durch das Annullieren der Überweisung erhält der Shop-Betreiber Ihre Zahlungsdaten nicht.',1,166),(669,'Das Geschäft mit einem Fake-Shop kann strafbar sein.',0,166),(670,'Ist die Überweisung storniert, erleiden Sie keinen finanziellen Schaden.',2,166),(671,'Ihre Bank informieren, bevor die Überweisung vollständig bearbeitet ist.',2,167),(672,'Den Shop-Betreiber informieren und eine Rückerstattung verlangen.',0,167),(673,'Das Kreditinstitut des Shops informieren, nachdem die Zahlung dort angekommen ist.',1,167),(674,'Den Fake-Shop beim Verbraucherschutz oder einer Bewertungsseite melden.',2,168),(675,'Bei der Polizei eine Strafanzeige wegen Betrugs erstatten.',0,168),(676,'Beim Provider der Domäne des Fake-Shops den Missbrauch melden.',1,168),(677,'Szenario 1',2,169),(678,'Szenario 2',1,169),(679,'Szenario 3',0,169),(680,'(A) Auf dem Flipchart stehen Produktionsdaten.',2,170),(681,'(B) Das Flipchartpapier mit den Produktionsdaten ist unbeaufsichtigt.',2,170),(682,'(C) Auf dem White Board steht die Agenda der nächsten Sicherheitsschulung.',0,170),(683,'(D) Der Raum ist unaufgeräumt, es stehen noch die Tassen des Projektteams auf dem Tisch.',0,170),(684,'(A) Die Produktionsdaten könnten abgegriffen und die Smarten Ventilatoren nachgebaut werden.',2,171),(685,'(B) Die Produktionsdaten könnten abgegriffen und dadurch eine Phishing-Attacke vorbereitet werden.',1,171),(686,'(C) Die Produktionsdaten könnten abgegriffen und Sie wegen des Verstoßes gegen die Datenschutzvorschriften belangt werden.',1,171),(687,'(D) Die Produktionsdaten könnten abgegriffen werden und dadurch ein ungeduldiger Käufer früher als andere Käufer Informationen über die innovativen Ventilatoren erhalten.',0,171),(688,'(A) Den Besprechungsraum ordnungsgemäß hinterlassen.',2,172),(689,'(B) Den Besprechungsraum zusperren.',1,172),(690,'(C) Das Facility Management bitten, den Raum ordnungsgemäß aufzuräumen.',0,172),(691,'(A) Der Besprechungsraum sollte für andere Projektteams sofort wieder nutzbar sein.',1,173),(692,'(B) Nur berechtigte Personen dürfen Zugang zu den Produktionsdaten erhalten.',2,173),(693,'(C) Um dem Facility Management diese Arbeit abzunehmen.',0,173),(694,'(A) Das Flipchartpapier mit den Produktionsdaten in den Mülleimer werfen.',0,174),(695,'(B) Das Flipchartpapier mit den Produktionsdaten im Aktenvernichter vernichten und alle Informationen, die sich im Raum befinden, entfernen.',2,174),(696,'(C) Das Flipchart wegräumen und in Ihr Büro stellen.',1,174),(697,'(D) Das Flipchartpapier mit den Produktionsdaten abfotografieren und anschließend vernichten.',0,174),(698,'(A) Produktionsdaten nie im Besprechungsraum diskutieren.',0,175),(699,'(B) Eine Checkliste für das ordnungsgemäße Hinterlassen eines Besprechungsraumes erstellen.',2,175),(700,'(C) Den Datenschutzbeauftragten über das ordnungsgemäße Hinterlassen des Besprechungsraums informieren.',0,175),(701,'(D) Die Projektbeteiligten bitten, in Zukunft nach Team-Besprechungen gemeinsam daran zu denken, den Raum aufzuräumen.',1,175),(702,'Szenario 1',0,176),(703,'Szenario 2',1,176),(704,'Szenario 3',2,176),(706,'Auf dem Notizblock befinden sich die Uhrzeit und der MS Teams Kanal eines Team Meetings.',0,177),(707,'Der Ordner liegt öffentlich zugänglich auf dem Tisch.',1,177),(708,'Im Ordner liegt eine Preisliste der neuen nachhaltigen Industrieventilatoren.',2,177),(709,'Mark Kistner Einsicht in die Preisliste gewähren und eine Verschwiegenheitserklärung ausfüllen lassen.',1,179),(710,'Mark Kistner bitten, auf dem Gang zu warten.',0,179),(711,'Die Berechtigung von Mark Kistner, in den Ordner reinzuschauen, überprüfen.',2,179),(712,'Den Ordner mit der Preisliste im Schrank einschließen.',0,179),(713,'Durch die Offenlegung der Preisliste könnte eine Phishing-Attacke vorbereitet werden.',1,178),(714,'Durch die Offenlegung der Preisliste könnten Sie wegen des Verstoßes gegen die Datenschutzvorschriften belangt werden.',1,178),(715,'Durch die Offenlegung der Preisliste könnte der Ruf der Arneo GmbH geschädigt werden.',2,178),(716,'Durch das Einsehen der Preisliste könnte Mark Kistner anhand der Herstellungskosten überprüfen, ob er angemessen bezahlt wird.',0,178),(717,'Da es sich bei der Preisliste der Smarten Ventilatoren um sensible Daten handelt, dürfen nur berechtigte Personen Zugang zu ihnen erhalten.',2,180),(718,'Da es sein könnte, dass Mark Kistner diese Informationen schnellstmöglich für seine eigene Arbeit benötigt.',1,180),(719,'Da es sich bei der Preisliste der Smarten Ventilatoren um sensible Daten handelt, darf ich niemandem Zugang zu ihnen gewähren.',0,180),(720,'Ich frage Mark Kistner, ob er berechtigt ist, die Preisliste der Smarten Ventilatoren einzusehen.',0,181),(721,'Ich frage meine Vorgesetzte, ob Mark Kistner bezüglich seiner Aufgaben und Rolle in der Arneo GmbH Einsicht in solche sensiblen Daten des Projekts Smarte Ventilatoren haben darf.',2,181),(722,'Ich frage einen erfahrenen Kollegen aus meiner Abteilung, ob Mark Kistner Einsicht in die Preisliste haben darf.',1,181),(723,'Sensible Daten nicht offen zugänglich herumliegen lassen.',2,182),(724,'Nicht mehr mit Mark Kistner Kaffee trinken gehen.',0,182),(725,'Wichtige Dokumente nur digital, nie in Papierform ablegen.',1,182),(726,'Mark Kistner sagen, dass er nicht berechtigt ist, die Preisliste anzusehen.',1,182),(727,'Szenario 1 ist am bedrohlichsten.',1,191),(728,'Szenario 2 ist am bedrohlichsten.',2,191),(729,'Szenario 3 ist am bedrohlichsten.',0,191),(730,'\"Die Frau zeigt keine Personalkarte ihres Mannes vor.,\"',2,192),(731,'\"Die Frau könnte Corona haben.,\"',0,192),(732,'\"Es liegt nur eine telefonische Bestätigung für die Ausleihe vor.\"',0,192),(733,'\"Die Frau stellt sich nicht vor.\"',2,192),(734,'\"Sie kennen diese Frau nicht.\"',2,192),(735,'\"Durch den Diebstahl des Dienstrechners könnte ein finanzieller Schaden in Höhe des Geldwertes des Dienstrechners entstehen.\"',0,193),(736,'\"Durch den Diebstahl des Dienstrechners könnte eine Phishing-Attacke vorbereitet werden.\"',1,193),(737,'\"Durch den Diebstahl des Dienstrechners könnten Einblicke in die Strategieplanung genutzt werden, um die Arneo GmbH zu sabotieren, wodurch Verluste zu erwarten wären.\"',2,193),(738,'\"Durch die Weitergabe des Dienstrechners könnten Sie wegen des Verstoßes gegen die Datenschutzvorschriften belangt werden.\"',1,193),(739,'\"Die Identität der Frau und ihre Berechtigung, einen Rechner auszuleihen, überprüfen.\"',2,194),(740,'\"Den Dienstrechner holen und die Ausleihe protokollieren.\"',0,194),(741,'\"Die Frau bitten, auf den Kollegen zu warten und weiter zu Ihrem Meeting gehen.\"',1,194),(742,'\"Die Frau bei der Security melden und aus dem Gebäude schicken.\"',0,194),(743,'\"Da nur berechtigte Personen Zugang zu Dienstrechnern erhalten dürfen.\"',2,195),(744,'\"Ressourcenschonendes Verhalten setzt voraus, zunächst selbst festzustellen, ob ein Angriff vorliegt, bevor man die Frau meldet.\"',1,195),(745,'\"Da es sich um die Frau eines Kollegen handeln könnte, der schnellstmöglich einen Dienstrechner benötigt, um aus dem Home-Office arbeiten zu können.\"',0,195),(746,'\"Ich lasse mir von der Personalabteilung die Telefonnummer des Ehemannes der Frau geben und rufe ihn selbst an. Ich lasse mir von der Frau ihren Personalausweis zeigen und frage meine Vorgesetzte nach der Berechtigung für das Ausleihen von Endgeräten.\"',2,196),(747,'\"Ich lasse mir von der Frau die Telefonnummer ihres Ehemannes geben, überprüfe ihren Personalausweis und frage meine Vorgesetzte bezüglich der Berechtigung für das Ausleihen von Endgeräten.\"',1,196),(748,'\"Ich lasse mir von der Frau ihren Personalausweis zeigen und frage einen Kollegen nach den Berechtigungen für das Ausleihen von Endgeräten.\"',0,196),(749,'\"Richtlinien über das Ausleihen von Endgeräten entwickeln lassen.\"',0,197),(750,'\"Den Vorfall dem IT-Sicherheitsexperten melden, damit andere Mitarbeitende der Arneo GmbH über den Angriff und entsprechendes Verhalten informiert werden.\"',2,197),(751,'\"Die Abteilung IT & EDV über den Vorfall und Identitätsdiebstahl informieren.\"',1,197),(752,'Szenario 1 ist am bedrohlichsten.',2,198),(753,'Szenario 2 ist am bedrohlichsten.',1,198),(754,'Szenario 3 ist am bedrohlichsten.',0,198),(755,'Die Anruferin vermittelt ein Gefühl der Dringlichkeit.',2,199),(756,'Die Anruferin nennt weder das Thema noch den Verwendungszweck des Interviews.',2,199),(757,'Die Anruferin hat schon mit einer Kollegin gesprochen.',0,199),(758,'Die Anruferin nennt weder Dauer noch Zeitpunkt des Interviews.',0,199),(759,'Durch ein spontanes Interview könnten Informationen für zukünftige Social Engineering Angriffe abgegriffen werden.',2,200),(760,'Durch ein spontanes Interview könnten Unternehmensinformationen an die Presse gelangen.',1,200),(761,'Durch ein spontanes Interview könnte ich Aussagen treffen, die nicht den Unternehmensrichtlinien der Arneo GmbH entsprechen.',0,200),(762,'Thema und Echtheit der Interviewanfrage überprüfen.',2,201),(763,'Das Interview verweigern.',1,201),(764,'Nachfragen, um welches Thema es geht und das Interview schnell durchführen, um Zeit zu sparen.',0,201),(765,'Die Anruferin an die Assistentin verweisen, um einen Termin zu vereinbaren.',1,201),(766,'So lasse ich mich nicht auf ein Gespräch ein, in dem sensible Unternehmensinformationen in falsche Hände geraten könnten.',2,202),(767,'So hinterlasse ich einen professionellen Eindruck in der Außenkommunikation.',0,202),(768,'So kann ich überprüfen, ob es eine solche Anfrage bereits in der Abteilung gab, die schon bearbeitet wird.',1,202),(769,'Ich bitte die Anruferin, eine schriftliche Anfrage per E-Mail mit genauen Details zum Interview zu senden.',2,203),(770,'Ich frage die Kollegin, mit der die Anruferin zuvor gesprochen hat.',1,203),(771,'Ich beende das Gespräch und recherchiere den Namen der Anruferin im Internet.',0,203),(772,'Ich recherchiere den Namen und die Telefonnummer der Anruferin online.',2,204),(773,'Ich halte mit Kolleg*innen oder meinem Vorgesetzten Rücksprache, bevor ich einem Interview zustimme.',1,204),(774,'Ich schreibe eine Rundmail an die ganze Arneo GmbH und berichte von dem bevorstehenden Interview.',0,204),(778,'Die Nachricht wird als \"Extern\" bezeichnet.',0,206),(779,'Der Absender vermittelt ein Gefühl der Dringlichkeit.',2,206),(780,'Die Nachricht wurde kurz nach Mitternacht versendet.',0,206),(781,'Sie sollen Kundendaten verschicken.',2,206),(782,'Die Anrede ist unpersönlich.',2,206),(783,'Kunden der Arneo GmbH könnten von der Konkurrenz abgeworben und dadurch der Umsatz der Arneo GmbH gemindert werden.',1,207),(784,'Das Vertrauen der Stammkunden gegenüber der Arneo GmbH könnte verletzt werden.',1,207),(785,'Bei Herausgabe der Kundendaten könnte der Ruf der Arneo GmbH geschädigt werden.',2,207),(786,'Durch den Diebstahl von Kundendaten könnte der Absender der Nachricht mehr über die Branchenverteilung der Käufer:innen erfahren.',0,207),(787,'Die IT-Sicherheitsbeauftragten informieren.',1,208),(788,'Die Identität des Absenders überprüfen.',2,208),(789,'Die Nachricht am besten ignorieren.',0,208),(790,'Ressourcenschonendes Verhalten setzt voraus, sich zunächst selbst zu vergewissern, ob ein Angriff vorliegt.',1,209),(791,'Nur Personen aus der Arneo GmbH dürfen Zugang zu den Kundendaten des Projekts \"smarte Ventilatoren\" erhalten.',0,209),(792,'Nur berechtigte Personen dürfen Zugang zu den Kundendaten erhalten.',2,209),(793,'Es könnte sich um einen Kollegen handeln, der Zugang zu den Kundendaten benötigt, um weiterarbeiten zu können.',1,209),(794,'Ich bitte um ein Telefonat, in dem ich die Person frage, warum sie die Kundendaten benötigt.',0,210),(795,'Ich frage bei den Projektbeteiligten der Technik GmbH nach, ob sie einen neuen Projektmitarbeiter haben, der Rolf Schneider heißt.',2,210),(796,'Ich lade die Person in mein Büro ein und lasse mir den Unternehmensausweis mit Lichtbild zeigen.',2,210),(797,'Ich überprüfe die Liste der Personen, die am Projekt beteiligt sind und vergleiche diese mit dem angegebenen Namen der Person.',0,210),(798,'Ich melde den Vorfall dem IT-Sicherheitsexperten.',2,211),(799,'Die Projektgruppe Smarte Ventilatoren inklusive der externen Projektbeteiligten über den Vorfall informieren.',2,211),(800,'Ich lasse mir vom Projektleiter der Technik GmbH die Liste der Personen schicken, die am Projekt beteiligt sind, damit ich beim nächsten Mal die Identität sofort klären kann.',0,211),(801,'Dem IT-Admin auftragen, dass die Einstellungen so angepasst werden, dass externe Personen mich nicht abschreiben können.',0,211),(802,'Bild 2 (Cross-Side request forgery aber nicht auf Outlook)',1,212),(803,'Bild 3 (Normales HTML Form)',0,212),(804,'Bild 1 (Cross-Side request forgery für Outlook)',2,212),(805,'Type=\"hidden\" und die vielen Zeichen und Zahlen deuten auf eine maliziöse Absicht hin.',0,213),(806,'Das Actionfeld enthält ein Kommando zum Ändern des Passworts, das durch den Cookie im Browser ausgeführt wird.',2,213),(807,'Ein unbekannter Newsletter ist untypisch und sollte daher mit Vorsicht betrachtet werden.',1,213),(808,'Eine externe Webseite, die nichts mit Outlook zu tun hat, benötigt normalerweise keine Outlook Authentifikation (Outlook-Cookies).',1,213),(809,'Es können firmeninterne Informationen ausgeleitet werden.',1,214),(810,'Durch maliziöse E-Mails an interne Mitarbeiter können Systeme übernommen werden.',2,214),(811,'Es können maliziöse E-Mails an interne und externe Personen mit dem kompromittierten E-Mailkonto gesendet werden (Teil eines Botnets).',1,214),(812,'Extrahieren von anderen Passwörtern aus E-Mails.',2,214),(813,'Kontodetails können weiterverkauft werden (und von Konkurrenten benutzt werden).',1,214),(814,'Es können Passwörter der anderen Mitarbeiter geändert werden.',0,214),(815,'Mitarbeiter und Vorgesetzte in Kenntnis setzen und diese bitten, nicht auf E-Mails zu reagieren.',1,215),(816,'System vom Internet trennen.',0,215),(817,'E-Mail-Konto nach veränderten Einstellungen durchsuchen (E-Mail-Weiterleitung, ...).',1,215),(818,'Benutzername, Passwörter und Sicherheitsfragen sofort ändern.',2,215),(819,'Netzwerkverkehr beobachten.',1,215),(820,'Es schließt den Angreifer sofort aus dem Konto aus.',2,216),(821,'Es verhindert das spätere erneute Zugreifen.',1,216),(822,'Es verhindert das Versenden von E-Mails.',1,216),(823,'Es verhindert automatische Angriffe mit Zugangsdaten aus Leaks.',0,216),(824,'Ich scanne meinen PC nach Malware und bitte dann den Provider, die Zugangsdaten zu ändern.',2,217),(825,'Ich benutze das \"Passwort vergessen\" Feld und benutze ein anderes Firmen-E-Mail-Konto.',0,217),(826,'Ich benutze das \"Passwort vergessen\" Feld und benutze ein neu erstelltes E-Mailkonto.',1,217),(827,'Ich scanne meinen PC nach Malware und setze dann das Passwort über das\" Passwort vergessen\" Feld zurück.',1,217),(828,'Ich kontaktiere den Provider und bitte diesen, die Daten zu ändern.',1,217),(829,'Ändern der E-Mail-Adresse.',0,218),(830,'Benutzen eines Passwortmanagers gekoppelt mit starken Passwörtern und Multifaktor-Authentifikation.',2,218),(831,'Periodisches Backup der Daten.',1,218),(832,'Passwörter anderer Konten sollten geändert werden.',2,218),(833,'Benutzte Passwörter überprüfen, ob diese in Dataleaks zu finden sind.',1,218),(834,'Szenario 1',2,219),(835,'Szenario 2',1,219),(836,'Szenario 3',0,219),(837,'Das Schlüsselwort \"Überwachung gescheitert\" deutet darauf hin, dass mein System nicht hinreichend geschützt ist.',0,220),(838,'Die Vielzahl von gescheiterten Anmeldeversuchen in kürzester Zeit deuten auf eine automatische Attacke auf das Passwort hin.',2,220),(839,'Anmeldungen außerhalb der Geschäftszeiten sind äußerst ungewöhnlich und deuten auf eine (versuchte) Kompromittierung hin.',1,220),(840,'Da das Adminkonto kompromittiert wurde, ist es wahrscheinlich, dass Angreifer vollen Zugriff auf das System haben.',2,220),(841,'Die Ereignis-ID 4625 bedeutet, dass eine Anmeldung fehlgeschlagen ist und das System angegriffen wird.',0,220),(842,'Durch die Wiederverwendung von Passwörtern sind potenziell mehrere Systeme gefährdet.',2,221),(843,'Es können neue Benutzerkonten unerkannt hinzugefügt werden, um Aktivitäten noch mehr zu verschleiern (falls Admin Rechte vorhanden).',2,221),(844,'Unbefugte Vorgänge können gestartet werden / Backdoor installiert werden.',2,221),(845,'Verkauf von Zugangsdaten im Internet/Darknet.',1,221),(846,'Angreifer können durch den Zugriff auf das System die Reputation der Firma schaden (Cybervandalism).',1,221),(847,'Durch das Passwort können Rückschlüsse auf Passwörter anderer Mitarbeiter geschlossen werden.',0,221),(848,'Brute-Forcing funktioniert nur bei Systemen, die mit dem Internet verbunden sind.',0,221),(849,'Internetverbindung des Servers unterbrechen.',1,222),(850,'Verbindung zum eingeloggten Gerät unterbrechen und Passwort des Kontos ändern.',2,222),(851,'Nach neu hinzugefügten Benutzern (Admins) suchen.',2,222),(852,'Prozessliste aufrufen und nach unbekannten Prozessen suchen.',1,222),(853,'Kollegen aus der IT fragen, ob sie die Verbindung aufgebaut haben.',0,222),(854,'Die Verbindung zurücksetzen und das Adminkonto löschen.',0,222),(855,'Nach kürzlich geänderten Passwörtern suchen.',1,222),(856,'Auch Konten ohne Adminrechte sind sehr gefährlich.',1,223),(857,'Wenn der Server offline ist, kann keine Brute-Force Attacke mehr erfolgen (Stichwort Pivoting).',0,223),(858,'Ein neues Adminkonto hätte die Berechtigung, Passwörter anderer Konten zu ändern, und ist daher ein Indikator dafür, ob ein Einbruch in das System erfolgt ist.',2,223),(859,'Das Ändern des Passworts für ein Konto sperrt den Angreifer automatisch aus.',0,223),(860,'System vom Netzwerk trennen und Nutzerliste aufrufen.',2,224),(861,'Nach Lateral Movement Ausschau halten.',1,224),(862,'IP Adresse des Angreifers sperren.',1,224),(863,'Besprechung einberufen, um  alle Kollegen zu befragen.',0,224),(864,'Nach geleakten Kontoinformationen im Darknet suchen.',0,224),(865,'Schwache Passwörter firmenintern veröffentlichen, um neue Passwortgenerierung anzuregen.',0,225),(866,'Einrichten und Konfigurieren einer Certificate Authority.',1,225),(867,'Wichtige Passwörter aufschreiben anstatt sie abzuspeichern.',0,225),(868,'Portnummern von öffentlich erreichbaren Diensten abändern.',1,225),(869,'Periodische Penetrationtests durchführen, um Effektivität neuer Maßnahmen zu bewerten.',2,225),(870,'Benachrichtigungen bei ungewöhnlichen Einlogversuchen (Ort, Zeit, Anzahl Versuche, ...) einstellen.',1,225),(871,'Best-Practice anwenden (2FA, CAPTCHA, Passwortmanager, etc.).',2,225),(905,'Szenario 1.',2,233),(906,'Szenario 2 ist am bedrohlichsten.',1,233),(907,'Szenario 3 ist am bedrohlichsten.',0,233),(908,'Type=\"hidden\" und die vielen Zeichen und Zahlen deuten auf eine malizöse Absicht hin.',0,234),(909,'Das Actionfeld enthält ein Kommando zum Ändern des Passworts, das durch den Cookie im Browser ausgeführt wird.',2,234),(910,'Ein unbekannter Newsletter ist untypisch und sollte daher mit Vorsicht betrachtet werden.',1,234),(911,'Eine externe Webseite, die nichts mit Outlook zu tun hat, benötigt normalerweise keine Outlook Authentifikation (Outlook-Cookies).',1,234),(912,'Es können firmeninterne Informationen ausgeleitet werden.',1,235),(913,'Durch malizöse E-Mails an intere Mitarbeiter können Systeme übernommen werden.',2,235),(914,'Es können malizöse E-Mails an interne und externe Personen mit dem kompromitierten E-Mailkonto gesendet werden (Teil eines Botnets).',1,235),(915,'Extrahierung von anderen Passwörtern aus E-Mails.',2,235),(916,'Kontodetails können weiterverkauft werden (und von Konkurrenten benutzt werden).',1,235),(917,'Es können Passwörter der anderen Mitarbeiter geändert werden.',0,235),(918,'Mitarbeiter und Vorgesetzte in Kenntnis setzen und diese bitten, nicht auf E-Mails zu reagieren.',1,236),(919,'System vom Internet trennen.',0,236),(920,'E-Mail-Konto nach veränderten Einstellungen durchsuchen (E-Mail-Weiterleitung, etc.).',1,236),(921,'Benutzername, Passwörter und Sicherheitsfragen sofort ändern.',2,236),(922,'Den Netzwerkverkehr beobachten.',1,236),(923,'Es schließt den Angreifer sofort aus dem Konto aus.',2,237),(924,'Es verhindert das spätere erneute Zugreifen.',1,237),(925,'Es verhindert das Versenden von E-Mails.',1,237),(926,'Es verhindert automatische Angriffe mit Zugangsdaten aus Leaks.',0,238),(927,'Ich scanne meinen PC nach Malware und bitte dann den Provider, die Zugangsdaten zu ändern.',2,238),(928,'Ich benutze das \"Passwort vergessen\" Feld und benutze ein anderes Firmen-E-Mail-Konto.',0,238),(929,'Ich benutze das \"Passwort vergessen\" Feld und benutze ein neu erstelltes E-Mailkonto.',1,238),(930,'Ich scanne meinen PC nach Malware und setze dann das Passwort über das\" Passwort vergessen\" Feld zurück.',1,238),(931,'Ich kontaktiere den Provider und bitte diesen, die Daten zu ändern.',1,238),(932,'Ändern der E-Mailadresse.',0,239),(933,'Benutzen eines Passwortmanagers gekoppelt mit starken Passwörtern und Multifaktor-Authentifikation.',2,239),(934,'Periodisches Backup der Daten.',1,239),(935,'Passwörter anderer Konten sollten geändert werden.',2,239),(936,'Benutzte Passwörter überprüfen, ob diese in Dataleaks zu finden sind.',1,239),(937,'Szenario 1 ist am bedrohlichsten.',2,240),(938,'Szenario 3.',0,240),(939,'Szenario 2.',1,240),(940,'Makros können im Hintergrund zusätzliche Dateien automatisch herunterladen und können daher gefährlich sein.',2,241),(941,'Makros werden meistens nur für maliziöse Zwecke benutzt.',0,241),(942,'Rechnungen per .xls Datei sind nicht alltäglich. Man erwartet eher PDF Dateien.',1,241),(943,'Email-Kontakte können veröffentlicht werden.',1,242),(944,'Makros können Einstellungen am System vornehmen.',0,242),(945,'Die durch Makros heruntergeladenen Tools können Daten ausleiten oder Passwörter ausspionieren.',2,242),(946,'Der Postkorb kann ausgespäht und maliziöse E-Mails an Kollegen/externe Kontakte weitergesendet werden.',2,242),(947,'Kollegen und externe Kontakte informieren, dass auf keine E-Mail reagiert werden soll.',1,243),(948,'System von Netzwerk und Internet trennen.',1,243),(949,'Registry Keys überprüfen und nach neu angelegten Keys suchen (Auto-Run).',0,243),(950,'Scan des Systems durch Anti-Viren Software.',2,243),(951,'Es ist besser, eine spezielle Software für das Scannen zu verwenden als manuell zu suchen.',2,244),(952,'Die Datenbank der Anti-Viren Software werden regelmäßig aktualisiert und erkennt daher die Infektionen.',1,244),(953,'Die Software kann erkennen, ob eine Infektion vorliegt und entfernt gleichzeitig alle schädlichen/geänderten Werte.',1,244),(954,'Durch eine Anti-Viren Software bin ich auch in Zukunft geschützt.',1,244),(955,'Die Software sieht auch, ob ausgehend von meinem System andere Systeme infiziert wurden.',0,244),(956,'Ich scanne das System mit der Software.',0,245),(957,'Ich versuche zu ermitteln, welche Schadsoftware das System infiziert hat und suche nach spezifischer Software zum Entfernen im Internet.',2,245),(958,'Ich scanne das System und die im Netzwerk verbundenen Geräte.',2,245),(959,'Ich recherchiere nach gut bewerteten Anti-Viren Lösungen und verwende diese.',1,245),(960,'Ich versuche, zu ermitteln, welche Schadsoftware das System infiziert hat und suche nach spezifischen Lösungen im Internet.',1,245),(961,'Netzwerk-Segmentierung einführen.',1,246),(962,'Automatisches Ausführen von Makros ausschalten und Makroschutz aktivieren.',2,246),(963,'Automatisches Konvertieren von .doc und .xml Dateien zu .pdf.',0,246),(964,'Least-Privilege Prinzip einführen.',1,246),(965,'Regelmäßige Offline-Backups durchführen.',2,246),(966,'Szenario 1 ist am bedrohlichsten.',2,247),(967,'Szenario 2 ist am bedrohlichsten.',0,247),(968,'Szenario 3 ist am bedrohlichsten.',1,247),(969,'Zufällige Zeichen und Zahlen im Dateinamen deuten auf eine Schadstoffdatei hin.',1,248),(970,'Das Weiterleiten auf eine Webseite, um einen Anhang runterzuladen, ist sehr untypisch und kann gefährlich sein.',2,248),(971,'XML und CSV Dateien können Makros enthalten und sollten daher vermieden werden.',1,248),(972,'Das Duzen im E-Mailverlauf ist unförmlich und ein starkes Indiz, dass die E-Mail nicht von der ursprünglichen Person stammt.',0,248),(973,'Komisch aussehende E-Mail Adressen sind ungewöhnlich.',1,248),(974,'Das System kann mittels Ransomware oder ähnlichem zerstört werden.',2,249),(975,'Zero-Day-Attacken betreffen nur große Unternehmen, daher muss die Arneo GmbH diese nicht berücksichtigen.',0,249),(976,'Geschäftsdaten können ausgeleitet werden.',1,249),(977,'Keystrokes (Passwörter und Usernames) können mitgezeichnet werden.',1,249),(978,'Netzwerkinfiltration und Infizierung zusätzlicher Hardware (pivoting/lateral movement).',1,249),(979,'Durch das Benutzen von Anti-Viren Software und Installieren von Patches sind die Systeme bestens geschützt.',0,250),(980,'Ich lasse keine Dateien in das Netzwerk, die Makros enthalten können.',1,250),(981,'Der beste Schutz wird geboten, wenn der Server ausgeschaltet ist und keinen Schaden verursachen kann, selbst wenn die modernste Anti-Viren Technik angewendet wird.',1,250),(982,'Ich kappe die Internetverbindung des Netzwerkes sowie die Verbindungen zwischen einzelnen Systemen und untersuche die Ursache.',2,250),(983,'Ich führe die Datei in geschützter Umgebung aus, um zu sehen was sie tut.',1,250),(984,'Die Malware kann sich auch ohne Internet durch das Netzwerk verbreiten und muss aufgehalten werden.',2,251),(985,'Da die Anti-Viren Software nicht alles erkennen kann, muss mitgedacht und hinterfragt werden.',1,251),(986,'So können keine Geschäftsdaten ausgeleitet werden.',1,251),(987,'Die Malware lädt meist Daten aus dem Internet nach oder erhält Kommandos von einem C2 Server.',1,251),(988,'Verbleibt das Netzwerk am Internetanschluss, so können immer mehr Angreifer eindringen.',0,251),(989,'Ich trenne jedes Gerät vom Netzwerk und untersuche es nach den typischen Kennzeichen von Angriffen.',2,252),(990,'Ich suche im Internet nach ungewollt veröffentlichten Daten der Arneo GmbH.',0,252),(991,'Ich überprüfe, ob die Datei legitim ist, indem ich in Schadstoffdatenbanken nach der Datei recherchiere.',1,252),(992,'Ich informiere meinen Vorgesetzen, dass unbekannte Dateien oder geänderte Einstellungen vorgenommen wurden (neue Registry Keys, Stoppen von Prozessen, etc.).',1,252),(993,'Bei Betroffenheit informiere ich jegliche Abteilungen, damit z.B. Zahlungen an unbekannte Stellen gesperrt werden.',1,252),(994,'Einführung von Incident Response Plänen (SANS oder NIST Version).',2,253),(995,'Implementierung von Verschlüsselung und Berechtigungssystemen.',2,253),(996,'Auf Detektion setzen und Honeypots benutzen, um Angreifer schnell aufspüren zu können.',1,253),(997,'Inbound traffic blocken (SMB, FTP, etc.).',1,253),(998,'Moderne und bekannte Securitylösungen anschaffen.',1,253),(999,'Lieber eine Firewallregel zu viel als zu wenig.',0,253),(1000,'Szenario 1',0,254),(1001,'Szenario 2',2,254),(1002,'Szenario 3',1,254),(1003,'Klickgeräusche gepaart mit abnehmenden Schreibraten deuten häufig auf eine defekte Festplatte hin.',2,255),(1004,'Schnell laufende Lüfter gepaart mit einer langsamen Schreibrate deuten häufig auf eine überhitze Festplatte hin. Die Festplatte ist wahrscheinlich defekt.',1,255),(1005,'Langsame Schreibraten deuten auf eine überfüllte Festplatte hin, die durch das erhöhte Arbeitspensum überhitzen kann.',1,255),(1006,'Staub kann in Festplatten eindringen und den sterilen Raum kontaminieren, und so einen Defekt verursachen.',0,255),(1007,'Da Serverracks über zusätzliche Kühlungen verfügen und zudem verschlossen sind, können Festplatten weder verstauben noch überhitzen.',0,255),(1008,'Es besteht die Gefahr einer Beschädigung an anderen Komponenten des Systems.',0,256),(1009,'Generelle Arbeitsunfähigkeit anderer Bereiche durch Nichtereichbarkeit des Servers.',1,256),(1010,'Die Kundenunzufriedenheit steigt durch die Nichterreichbarkeit.',1,256),(1011,'Es gibt einen Datenverlust durch die korrumpierte Festplatte.',1,256),(1012,'Es entsteht ein finanzieller Schaden durch die Nichterreichbarkeit des Servers.',1,256),(1013,'Es besteht eine Schwachstelle im Gesamtsystem (z.B. Ausfall/Störung des Firewallservers).',2,256),(1014,'Auf ungewöhnliche Aktivitäten im System achten.',1,257),(1015,'Das (Gesamt-)System herunterfahren und auf neue Festplatten warten.',1,257),(1016,'Solange Ersatzfestplatten eingebaut sind (Hot Spare) kann das System vorerst laufen bis neue Festplatten zur Verfügung stehen.',1,257),(1017,'Nach Festplattenwechsel das System neu aufsetzen.',2,257),(1018,'System so lange laufen lassen, bis neue Festplatten verfügbar sind.',0,257),(1019,'Es ist besser, das System neu aufzusetzen, da Fehlkonfigurationen entstanden sein können und/oder das System unwiederherstellbar ist.',2,258),(1020,'Durch die ausgefallene Festplatte können auch andere zusammenhängende Dateien auf anderen Festplatten defekt sein (z.B. durch RAID-Verbindung).',1,258),(1021,'Weil die RAID-Konfiguration es so vorschreibt.',1,258),(1022,'Bei einem Festplattenwechsel muss das System neu aufgesetzt werden, da sonst die Festplatte nicht partitioniert werden kann.',0,258),(1023,'Ich benutze ein neues Betriebssystem und installiere es auf der neue Festplatten.',1,259),(1024,'Ich verwende die neueste Version des Betriebssystems, nutze aber diesmal ein RAID5.',2,259),(1025,'Ich installiere die gleiche Version des zuvor installierten Betriebssystems, um eventuelle Komplikationen zu vermeiden.',0,259),(1026,'Ich installiere die gleiche Version des zuvor installierten Betriebssystems, konfiguriere jedoch diesmal ein RAID5.',1,259),(1027,'Ich verwende die neueste Version des Betriebssystems, nutze aber diesmal ein RAID0.',1,259),(1028,'Periodisches (und automatisches) Anlegen von Backups.',2,260),(1029,'Festplatten von verschiedenen Herstellern nutzen.',2,260),(1030,'Festplatten zu unterschiedlichen Zeitpunkten kaufen, um Festplatten aus verschiedenen Chargen zu erhalten.',1,260),(1031,'Eventlog-Weiterleitung an zentrale Stelle zur Auswertung.',1,260),(1032,'SSDs und HDDs mischen um Diversifikation einzubringen.',0,260),(1033,'Szenario 1 ist am bedrohlichsten.',0,261),(1034,'Szenario 2 ist am bedrohlichsten.',1,261),(1035,'Szenario 3 ist am bedrohlichsten.',2,261),(1036,'Es könnte sich um einen Übertragungsfehler handeln, wodurch zu viele Serveranfragen gestellt wurden.',1,262),(1037,'Das kurze Zeitintervall des Anstiegs des Netzwerkverkehrs ist ungewöhnlich.',1,262),(1038,'Die Höhe und der oftmalige Anstieg der ausgehenden Bits ist nicht gewöhnlich für einen Server.',0,262),(1039,'Die Höhe der eingehenden Bits ist nicht gewöhnlich für einen Server.',2,262),(1040,'Konsequenzen sind nur temporär.',0,263),(1041,'Ausfall der Server.',2,263),(1042,'Bußgelder/Unzufriedenheit aufgrund der Nichterreichbarkeit.',1,263),(1043,'Mitarbeiter können ihre Arbeit nicht fortführen.',1,263),(1044,'Nutzung von DDoS Protection.',1,264),(1045,'Konfiguration des Routers überprüfen.',1,264),(1046,'Die IP-Adresse des Angreifers blockieren.',1,264),(1047,'Das System vom Internet separieren, um den Server vor den Angriffen zu schützen.',2,264),(1048,'Die Zugangsdaten ändern und alle Mitarbeiter über die neuen Zugangsdaten informieren.',0,264),(1049,'Ohne Internetzugang können keine Angreifer auf das System zugreifen, wodurch erst einmal Zeit gewonnen  und weiterer Schaden verhindert wird.',2,265),(1050,'Wenn das System online ist, kann man die Zugriffsdaten nicht auswerten.',1,265),(1051,'Das System ist momentan nicht erreichbar, weil es überlastet ist. Daher müssen wir zuerst die Überlastung beheben.',0,265),(1052,'Die angegriffenen Ports deaktivieren.',1,266),(1053,'Serverdaten auf eine Festplatte übertragen, die nicht mit dem Internet verbunden ist.',0,266),(1054,'Den Stecker vom Server ziehen, um alle Zugriffe zu verhindern.',2,266),(1055,'Individuelle Best-Practices für Server-Hardening anfertigen.',2,267),(1056,'IP-Listing/Packet Filter stetig fortführen und verbessern.',1,267),(1057,'Server bei Nichtbenutzung ausschalten.',0,267),(1058,'Alle Login-Daten ändern.',0,267),(1059,'Szenario 1',1,268),(1060,'Szenario 2',2,268),(1061,'Szenario 3',0,268),(1062,'Da der PC zu lange angemeldet war, wurde das Konto aus dem Active Directory ausgesperrt.',0,269),(1063,'Eine Sperrung des Accounts kann nur durch automatische Passworterratungsangriffe geschehen.',1,269),(1064,'Da kein Anmeldeversuch erfolgt ist, ist die Überschreitung der Versuche ungewöhnlich.',2,269),(1065,'Der Laptop könnte einem Botnetz hinzugefügt und für illegale Aktivitäten genutzt werden. Dies könnte negative Konsequenzen für die Firma haben.',1,270),(1066,'Es könnten neue Benutzerkonten unerkannt hinzugefügt werden, um Aktivitäten noch besser zu verschleiern.',2,270),(1067,'Da das Konto gesperrt ist, gibt es keine ernsthaften Konsequenzen.',0,270),(1068,'Überprüfen, ob der Zugang zu anderen Geräten noch gewährleistet ist.',1,271),(1069,'Das Betriebssystem neu installieren, um Zugriff auf das System zu erhalten.',0,271),(1070,'Nach neu hinzugefügten Benutzern (Admins) suchen und sämtliche Passwörter ändern.',2,271),(1071,'Durch das Ändern von Passwörtern wird der Angreifer ausgesperrt.',1,272),(1072,'Durch das Zurücksetzen der Passwörter sieht man, welche Konten noch benutzt werden und welche maliziös sind.',0,272),(1073,'Durch das Hinzufügen von privilegierten Konten sind auch Konten von anderen Mitarbeitern und andere Systeme gefährdet.',2,272),(1074,'IP Adresse des Angreifers sperren.',1,273),(1075,'Warten bis die Sperrung aufgehoben ist und einen erneuten Anmeldeversuch starten.',0,273),(1076,'Passwortzurücksetzung für alle Konten im Netzwerk und Vergleich mit Benutzerlisten von Backups.',2,273),(1077,'Passwortpolicy aktualisieren/einführen.',2,274),(1078,'Fehlgeschlagene Anmeldeversuche in zentralen Logsystem loggen.',1,274),(1079,'Schwache Passwörter firmenintern veröffentlichen, um neue Passwortgenerierung anzuregen.',0,274),(1080,'Szenario 1',0,275),(1081,'Szenario 2',1,275),(1082,'Szenario 3',2,275),(1083,'Oft werden Extrabuttons eingefügt, die auf andere Software verweisen und diese zusätzlich downloaden  (Adware,etc.).',1,276),(1084,'Da die Updatenachricht vom Browseranbieter stammt, wurde die Herstellerseite kompromittiert (Watering-Hole Attack).',1,276),(1085,'Die Safe-Link-Funktion des Browsers erkennt bösartige Links. Daher ist die Webseite legitim, jedoch die zu downloadende Datei nicht.',0,276),(1086,'Kryptische Links deuten oft auf einen maliziösen Hintergrund.',2,276),(1087,'Zugriff zum kompletten System und potenziell zu weiteren im Netzwerk befindlichen Systemen.',2,277),(1088,'Solange keine Datei heruntergeladen wird, besteht keine Gefahr.',0,277),(1089,'Executables (.exe) stellen die größte Gefahr dar.',1,277),(1090,'Es können ein Keylogger oder eine Backdoor installiert werden.',2,277),(1091,'Automatischer Scan von Dateien, die von externen Quellen in das System gelangen.',1,278),(1092,'Sofortiges Abtrennen von Netzwerk- und Internetverbindungen.',2,278),(1093,'Patchen aller Soft- und Hardware.',1,278),(1094,'Keine Weitergabe von Informationen über verwendete Hardware/ Software im Unternehmen.',1,278),(1095,'Zurücksetzen von allen Zugangsdaten.',1,278),(1096,'Durch Deinstallation des infizierten Browsers wird die Gefahr beseitigt.',0,278),(1097,'Andere Mitarbeiter können nicht mehr infiziert werden, wenn sie die Datei herunterladen.',0,279),(1098,'Es soll das Verbreiten der Malware und Ausleiten von Daten verhindern.',2,279),(1099,'Es soll das Eindringen von weiteren Angreifern verhindern.',1,279),(1100,'So kann ein Backup des Systems erstellt werden, ohne dass Dateien verändert werden.',1,279),(1101,'Es kann ein Systemabbild erstellt werden, das später forensisch untersucht werden kann.',1,279),(1102,'Die Netzwerkkabel, die mit dem Gerät verbunden sind, werden physisch abgetrennt.',2,280),(1103,'Firewallregeln einstellen, die ein- und ausgehenden Netzwerkverkehr verhindern.',1,280),(1104,'Sie informieren Ihren Vorgesetzten und relevante Abteilungen über den Vorfall.',1,280),(1105,'Sie sperren die IP-Adresse des Angreifers.',1,280),(1106,'Sie halten nach Bewegungen des Angreifers im Netzwerk Ausschau.',1,280),(1107,'Sie deaktivieren die Netzwerkverbindung im Betriebssystem.',0,280),(1108,'Backup von Daten erstellen.',2,281),(1109,'Segmentierung und Monitoring des Netzwerks.',2,281),(1110,'Blacklisting von bekannten maliziösen Links.',1,281),(1111,'Mehrere Browseralternativen zur Verfügung stellen.',0,281),(1112,'Einführen von Multi-Faktor-Authentifizierung.',1,281),(1113,'Einführen von mehreren Endpoint Protections mit verschiedenen Signaturdatenbanken.',1,281),(1114,'Szenario 1',2,282),(1115,'Szenario 2',1,282),(1116,'Szenario 3',0,282),(1117,'Die E-Mail-Adresse ist privat, obwohl der Absender sich als Mitarbeiter der Arneo GmbH ausgibt.',2,283),(1118,'In der E-Mail wird dazu aufgefordert, einen Link bzw. Anhang zu öffnen.',2,283),(1119,'Die in der E-Mail verlinkte URL ist verdächtig.',2,283),(1120,'Bei dem Hyperlink scheint es, als würde ein verschlüsseltes Protokoll \"http\" anstelle von \"https\" verwendet werden.',0,283),(1121,'Angreifer können mit Hilfe von Schadsoftware (in der Excel-Datei) Zugriff auf die Online-Banking-Accounts der Mitarbeitenden erhalten.',0,284),(1122,'Schadsoftware (in der Excel-Datei) kann zur Löschung, Manipulation oder Diebstahl von Unternehmensdaten führen.',2,284),(1123,'Das Entfernen der Schadsoftware (in der Excel-Datei) und der Support externer IT-Dienstleister können hohe Kosten verursachen.',1,288),(1124,'Angreifer können mit Hilfe von Schadsoftware (in der Excel-Datei) wichtige Unternehmensdaten verschlüsseln, um das Unternehmen nachfolgend zu erpressen.',1,284),(1125,'Die E-Mail an meine Vorgesetzte und den First-Level-Support weiterleiten.',0,285),(1126,'Die E-Mail dem IT-Sicherheitsbeauftragten melden.',1,285),(1127,'Die Echtheit der Nachricht und die Identität des Absenders prüfen.',2,285),(1128,'Die E-Mail löschen.',0,285),(1129,'Ressourcenschonendes Verhalten setzt voraus, sich zunächst selbst zu vergewissern, ob ein Angriff vorliegt.',1,286),(1130,'Da es sich um die Info zu Ausstellungsmessen handelt, auf die ich warte, sollte ich mir aufgrund der privaten E-Mail-Adresse ganz sicher sein, dass der Absender wirklich der echte Sven Müller ist, bevor ich die Excel-Datei anklicke.',2,286),(1131,'Ich sollte den IT-Sicherheitsbeauftragten nur in Sonderfällen um Hilfe bitten, z.B. wenn es sich um gänzlich unbekannte Namen von E-Mail-Absendern handelt.',0,286),(1132,'Ich achte auf das Vorhandensein einer digitalen Signatur in der E-Mail.',1,287),(1133,'Ich frage in der Personalabteilung nach, ob das Sven Müllers private E-Mail-Adresse ist.',0,287),(1134,'Ich kontaktiere Sven Müller über einen anderen Weg als die angegebene E-Mail-Adresse.',2,287),(1135,'Die Excel-Datei in der E-Mail von dem Angreifer nicht öffnen.',1,288),(1136,'Externe E-Mail-Adressen immer blockieren.',0,288),(1137,'Die E-Mail-Adresse sven.mueller@gmail.com blockieren, um von ihm keine weiteren Nachrichten mehr zu bekommen.',1,288),(1138,'Den Vorfall dem IT-Sicherheitsexperten melden, damit andere Mitarbeitende der Arneo GmbH über den Cyberangriff und entsprechendes Verhalten informiert werden.',2,288),(1139,'Szenario 1',0,289),(1140,'Szenario 2',1,289),(1141,'Szenario 3',2,289),(1142,'Der USB-Stick ist mit dem Messelogo bedruckt.',0,290),(1143,'Der USB-Stick liegt auf einem Parkplatz, der allen Menschen zugänglich ist.',2,290),(1144,'Der USB-Stick kann auf dem Parkplatz beschädigt werden.',0,290),(1145,'Der*die Inhaber*in des USB-Sticks ist nicht bekannt.',2,290),(1146,'Wenn Sie den fremden USB-Stick mit Ihrem Rechner verbinden und die Präsentation darauf speichern, könnten Sie wegen Verstoß gegen den Datenschutz angezeigt werden.',0,291),(1147,'Wenn Sie den USB-Stick mit Ihrem Rechner verbinden, könnte Schadsoftware auf den Rechner gespielt werden.',2,291),(1148,'Wenn Sie den USB-Stick mit Ihrem Rechner verbinden, könnte der Rechner abstürzen.',1,291),(1149,'Den USB-Stick dem IT-Sicherheitsbeauftragten der Messe übergeben.',2,292),(1150,'Den USB-Stick mit meinem Dienstlaptop verbinden und auf Schadsoftware überprüfen.',0,292),(1151,'Den USB-Stick im nächstgelegenen Mülleimer entsorgen.',1,292),(1152,'Den*die Besitzer*in des USB-Sticks über die Lautsprechanlage ausfindig machen lassen.',0,292),(1153,'Damit der USB-Stick bei der nächsten Messe wieder vergeben werden kann.',0,293),(1154,'Damit der USB-Stick nicht von jemand anderem gefunden werden kann.',1,293),(1155,'Damit der USB-Stick auf Schadsoftware überprüft werden kann.',2,293),(1156,'Damit der USB-Stick ordentlich über den Elektromüll entsorgt werden kann.',0,293),(1157,'Ich gehe persönlich zum Info-Point und informiere die Organisatoren über den Fundort des USB-Sticks.',2,294),(1158,'Ich gebe einem Bekannten auf der Messe den USB-Stick, da er sowieso gerade auf dem Weg zum Info-Point ist.',1,294),(1159,'Ich sende der Messe-Organisation die Dateien auf dem USB-Stick per E-Mail.',0,294),(1160,'Ich lasse die USB-Ports an meinen Laptop von der IT-Abteilung deaktivieren.',0,295),(1161,'Ich lasse mir die Einstellung am Laptop vornehmen, die nur unternehmensinterne USB-Sticks erlaubt.',1,295),(1162,'Ich informiere meinen Kollegen auf der Messe, dass USB-Sticks mit Schadsoftware auf dem Parkplatz ausgelegt werden.',1,295),(1163,'Ich kann nicht sicher sein, einen sicheren Datenträger aufzutreiben und schicke der Administration meine Präsentationsfolien für den Pitch per E-Mail.',2,295),(1164,'Szenario 1',1,296),(1165,'Szenario 2',0,296),(1166,'Szenario 3',2,296),(1167,'Es ist keine Sicherheitssperre wie die Eingabe eines Passworts oder von Zugangsdaten vorhanden.',2,297),(1168,'Es handelt sich um ein Netzwerk eines unbekannten Anbieters.',2,297),(1169,'Es handelt sich um einen kabellosen Netzwerk-Zugang.',0,297),(1170,'Es ist kein WLAN-Router zu sehen.',0,297),(1171,'Andere Nutzer des Netzwerks könnten auf die Daten auf Ihrem Laptop zugreifen und den Datenstrom mitlesen.',1,298),(1172,'Über das Netzwerk lässt sich Schadsoftware auf Ihren Laptop einschleusen, was zu Löschung, Manipulation oder Diebstahl von Daten der Arneo GmbH führen kann.',2,298),(1173,'Das Netzwerk könnte überlastet werden, wodurch Sie bspw. nicht mehr auf Ihre Daten im Cloud-Speicher zugreifen können.',0,298),(1174,'Öffentliche WLAN-Netzwerke niemals verwenden.',1,299),(1175,'Die Vertrauenswürdigkeit des Netzwerks überprüfen.',2,299),(1176,'Für die Beantwortung der E-Mails mit dem Smartphone statt dem Laptop im WLAN-Netzwerk anmelden.',0,299),(1177,'Um die Sicherheit der Daten auf meinem Laptop zu gewährleisten.',2,300),(1178,'Um meine Arbeit weiter erledigen zu können, ist es schlicht nicht umsetzbar, überhaupt keine öffentlichen Netzwerke zu nutzen.',1,300),(1179,'Um nur funktionsfähige Netzwerke zu verwenden.',0,300),(1180,'Um dem Café-Betreiber die Vertrauenswürdigkeit zu melden.',0,300),(1181,'Ich frage die Servicekraft des Cafés.',0,301),(1182,'Ich recherchiere den Netzwerk-Anbieter über die mobilen Daten meines Smartphones.',2,301),(1183,'Ich frage andere Nutzer um mich herum.',0,301),(1184,'Ich rufe meinen Vorgesetzten der Arneo GmbH an.',1,301),(1185,'Bevor ich mich in das öffentliche Netzwerk einwähle, schalte auf meinem Laptop die \"Datei-und Verzeichnisfreigabe\" aus.',2,302),(1186,'Sobald ich das öffentliche Netzwerk verlassen habe, muss ich die VPN-Verbindung sofort ausschalten.',0,302),(1187,'Sobald ich in das öffentliche Netzwerk eingewählt bin, schalte ich auf meinem Laptop eine VPN-Verbindung ein.',2,302),(1188,'Sobald ich in das öffentliche Netzwerk eingewählt bin, nutze ich keine Suchmaschinen.',0,302),(1189,'Sobald ich das öffentliche Netzwerk verlassen habe, lösche ich dieses Netzwerk aus den gespeicherten Verbindungen.',2,302),(1190,'Szenario 1',2,303),(1191,'Szenario 2',0,303),(1192,'Szenario 3',1,303),(1193,'Die Forderung nach einem Passwort über Social Media ist untypisch.',2,304),(1194,'Paula entwickelt ein Gefühl der Dringlichkeit.',2,304),(1195,'Berufliche Kommunikation erfolgt nicht über Social Media Netzwerke.',0,304),(1196,'Die Übermittlung von sensiblen Daten erfolgt nie digital.',0,304),(1197,'Der Diebstahl von Kundendaten kann der Vorbereitung einer Phishing-Attacke dienen.',1,305),(1198,'Der unbefugte Zugang zu Kundendaten kann dazu führen, dass diese gelesen, verändert oder gelöscht wird.',2,305),(1199,'Es kann zu Rufschädigungen der Arneo GmbH führen, wenn Kundendaten veröffentlicht wird.',1,305),(1200,'Die Weitergabe des Passworts kann dazu führen, dass der Zugang zum Projektordner nicht mehr verfügbar ist.',0,305),(1201,'Die Echtheit der Nachricht und die Identität von Paula überprüfen.',2,306),(1202,'Die Nachricht von Paula auf der Plattform melden.',0,306),(1203,'Eine zweite Meinung einholen, wenn Unklarheit über eine Nachricht in sozialen Netzwerken besteht.',1,306),(1204,'Die Nachricht von Paula ignorieren.',0,306),(1205,'Paulas Freundschaftsanfrage annehmen und ihr Profil sichten.',0,306),(1206,'Bevor man die Nachricht meldet, sollte man sich zunächst selbst vergewissern, ob Paulas Identität gestohlen wurde.',1,307),(1207,'Um die Vertraulichkeit der Kundendaten zu gewährleisten.',2,307),(1208,'Nur Personen der Arneo GmbH erhalten ein Passwort über Social Media.',0,307),(1209,'Paula bitten, über den gängigen Kommunikationsweg (geschäftliche E-Mail Adresse) weiter zu kommunizieren und eine Signatur anzufügen.',2,308),(1210,'Paula eine personenbezogene Frage stellen, die nur die echte Paula beantworten kann.',1,308),(1211,'Paula eine projektbezogene Frage stellen, die nur die echte Paula beantworten kann.',0,308),(1212,'Einen Kollegen fragen, ob Paula in dem Social Network aktiv ist.',0,308),(1213,'Keine Freundschaftsanfragen oder Nachrichten auf Social Media Plattformen akzeptieren.',0,309),(1214,'Paula bitten, nicht mehr über Social Networks solche Anfragen zu stellen.',1,309),(1215,'Paulas Berechtigung, das Passwort zu erhalten, prüfen.',2,309),(1216,'Paula das Passwort senden.',0,309),(1217,'Szenario 1',2,310),(1218,'Szenario 2',1,310),(1219,'Szenario 3',0,310),(1220,'Es gibt eine Warnung im Chat.',0,311),(1221,'Es wird kein Profilbild angezeigt.',0,311),(1222,'Sie sollen Kundendaten schicken.',2,311),(1223,'Die Nachricht ist sehr allgemein gehalten.',1,311),(1224,'Der unbekannte Absender stellt sich nicht vor.',2,311),(1225,'Kunden der Arneo GmbH könnten von der Konkurrenz abgeworben und dadurch der Umsatz der Arneo GmbH gemindert werden.',1,312),(1226,'Bei Herausgabe der Kundendaten könnte der Ruf der Arneo GmbH geschädigt werden.',2,312),(1227,'Skizzen des Projekts „Smarte Ventilatoren“ könnten an die Öffentlichkeit geraten.',0,312),(1228,'Das Vertrauen der Stammkunden gegenüber der Arneo GmbH könnte verletzt werden.',1,312),(1229,'Die Nachricht an WhatsApp melden.',1,313),(1230,'Die Echtheit der Nachricht und die Identität des Absenders überprüfen.',2,313),(1231,'Die Nachricht am besten ignorieren.',0,313),(1232,'Den Absender zu den Kontakten hinzufügen.',0,313),(1233,'Da es sich um einen Kollegen handeln könnte, der dringend die Kundendaten benötigt, um sie im System eintragen zu können.',1,314),(1234,'Da nur berechtigte Personen die Kundendaten erhalten dürfen.',2,314),(1235,'Ressourcenschonendes Verhalten setzt voraus, sich zunächst selbst zu vergewissern, ob ein Angriff vorliegt.',1,314),(1236,'Indem ich den Absender über die Telefonnummer anrufe.',1,315),(1237,'Indem ich einen Videoanruf mit dem Absender durchführe.',2,315),(1238,'Indem ich dem Absender im Chat eine Frage stelle, die er beantworten kann, wenn er ein Kollege ist.',1,315),(1239,'Indem ich den Absender mittels offizieller Schriftform seine Identität bestätigen lasse.',0,315),(1240,'Die Telefonnummer blockieren, um von ihr keine weiteren Nachrichten mehr zu bekommen.',1,316),(1241,'Die Personalabteilung um eine Auflistung der privaten Kontaktdaten aller Mitarbeiter bitten, damit ich beim nächsten Mal sofort die Identität klären kann.',0,316),(1242,'Die Projektgruppe „Smarte Ventilatoren“ inkl. der externen Partner über den Vorfall informieren.',1,316),(1243,'Den Vorfall dem IT-Sicherheitsexperten melden, damit andere Mitarbeitende der Arneo GmbH über den Cyberangriff und entsprechendes Verhalten informiert werden.',2,316),(1244,'Szenario 1',2,317),(1245,'Szenario 2',1,317),(1246,'Szenario 3',0,317),(1247,'Es wird nur ein Modell im ganzen Unternehmen genutzt und es wurde bei der Bestellung auf den Preis und nicht auf die Qualität des Produktes geachtet.',1,318),(1248,'Unterschiedliche Modelle sorgen für Verwirrung in der Belegschaft und alternative Speicheroption sind nicht praktikabel.',0,318),(1249,'USB Sticks können nach 10 Jahren bereits das Ende Ihrer Nutzbarkeit erreichen und es wird nur ein Modell im ganzen Unternehmen genutzt.',2,318),(1250,'Die USB Sticks sind wichtige Bestandteile der Arbeitsabläufe. Wenn gleichzeitig viele USB-Sticks unbenutzbar werden, kann das die Arbeitsfähigkeit des Unternehmens einschränken.',1,319),(1251,'Große Mengen an Daten können plötzlich verloren gehen, wenn mehrere USB Sticks im Unternehmen gleichzeitig das Maximum ihrer Lebensdauer erreichen.',2,319),(1252,'Wenn eine größere Menge an USB-Sticks das Ende seiner Laufzeit erreicht, müssen schnell neue angeschafft werden, was unvorhergesehene Kosten für das Unternehmen bedeutet.',0,319),(1253,'Sofort den/die IT-Sicherheitsbeauftagte*n und eine/n Kolleg*In aus Ihrer Abteilung kontaktieren.',2,320),(1254,'Zunächst dem dienstlichen Termin bestmöglich gerecht werden.',1,320),(1255,'Die Abteilung kontaktieren, die für Hardware-Einkäufe zuständig ist.',0,320),(1256,'Den nicht mehr funktionierenden USB-Stick sofort entsorgen.',0,320),(1257,'Es ist unklar warum der USB Stick nicht funktioniert. Es könnte auch Malware oder Spyware im Spiel sein.',2,321),(1258,'Ich möchte mich offiziell beschweren, der Fehler schränkt mich in meiner Arbeitsweise ein.',0,321),(1259,'Der Termin kann nicht so wichtig sein, besser sich auch vor Kunden IT-Sicherheits-kompetent zu verhalten.',1,321),(1260,'Der Fehler kann weitverbreitet sein, andere Kolleg*Innen müssen gewarnt werden.',1,321),(1261,'Ich schreibe eine E-Mail an den/die IT-Sicherheitsbeauftragte*n und setzte meine*n Kolleg*In ins CC., dann konzentriere ich mich auf den dienstlichen Termin.',2,322),(1262,'Ich rufe den IT-Sicherheitbeauftragten an, der Termin kann warten.',1,322),(1263,'Ich trete sofort die Rückreise an, damit der USB-Stick untersucht werden kann.',0,322),(1264,'Nach dem Termin den/die IT-Sicherheitsbeauftragten anrufen, um sich über das weitere Vorgehen zu informieren.',0,323),(1265,'Bei der Hardware-Anschaffungsabteilung einen neuen USB Stick ordern.',1,323),(1266,'Den USB-Stick selber nicht weiter testen und mit keinem weiteren Gerät verbinden.',2,323),(1267,'Ein Gedächtnis-Protokoll der verlorenen Daten anlegen.',1,323),(1268,'Szenario 1',1,324),(1269,'Szenario 2',2,324),(1270,'Szenario 3',0,324),(1271,'Ich habe es an der anonymen Begrüßung \"Benutzer\", der mir bisher unbekannten Meldung und der hohen Geldforderung erkannt.',2,325),(1272,'Ich habe es an der Aufforderung zum sofortigen Bezahlen, der anonymen Begrüßung \"Benutzer\" und der Tatsache erkannt, dass Smartphones weniger sicher sind als zum Beispiel Computer.',1,325),(1273,'Ich habe es an der Aufforderung zur sofortigen Bezahlung, dem Medium Smartphone und der Tatsache erkannt, dass Malware eher auf Computern verbreitet wird.',0,325),(1274,'Die Malware kann sensible Inhalte lesen. Dies könnte zum Verlust der Daten führen.',2,326),(1275,'Die Malware kann sensible Inhalte lesen. Dies könnte zu finanziellem Schaden für das Unternehmen führen.',2,326),(1276,'Die Malware könnte sich auf weiteren Geräten verbreiten. Mehrere Geräte könnten unbenutzbar werden, wodurch die Produktivität des Unternehmens sinken würde.',0,326),(1277,'Die Malware könnte sensible Informationen vom Gerät lesen. Bei öffentlichem Bekanntwerden des Angriffs könnte das Vertrauen der Kunden in das Unternehmen verschwinden.',1,326),(1278,'Handy mit anderem Virenscanner scannen.',1,327),(1279,'Betrag bezahlen um schnell weiter arbeiten zu können.',0,327),(1280,'Handy dem Sicherheitsbeauftragten geben.',2,327),(1281,'Malware kann gefährlich sein, muss es aber nicht. Das ist abhängig vom Endgerät. Ich lasse es trotzdem lieber vom Profi beurteilen.',1,328),(1282,'Die Gefahr, dass sich Malware verbreitet ist so hoch, dass dieser Fall fachmännisch untersucht werden muss.',2,328),(1283,'Malware gibt es nur auf Computern. Auf dem Handy geht davon keine Gefahr aus.',0,328),(1284,'Ich klicke nichts an und bringe das Handy sofort dem Sicherheitsbeauftragten.',2,329),(1285,'Ich nutze das Handy noch bis Feierabend weil ich sonst nicht weiter arbeiten kann und bringe es dann dem Sicherheitsbeauftragten.',0,329),(1286,'Ich schließe das Fenster, schreibe meinen Text noch fertig und bringe das Handy dann dem Sicherheitsbeauftragten.',1,329),(1287,'Ich frage an, ob es einen einheitlichen Virenscanner im Unternehmen für Smartphones gibt.',2,330),(1288,'Ich frage meinen Chef, wie ich in solchen Situationen vorgehen soll.',1,330),(1289,'Ich frage Kolleg*innen, ob sie auch schon einmal so eine Meldung hatten.',0,330),(1290,'Szenario 1',0,331),(1291,'Szenario 2',2,331),(1292,'Szenario 3',1,331),(1293,'Die Nachricht wirkt auto-genereriert, der Absender ist mir unbekannt, der Link wirkt verdächtig und die Nachricht ist komisch formuliert. Generell sollte man mit dem Diensthandy nicht bei sowas mitmachen.',2,332),(1294,'Apple möchte an jedem Laptop etwas verdienen, das kann also kein echtes Gewinnspiel sein.',0,332),(1295,'Mit meinem Diensthandy sollte ich sowieso an keinen Gewinnspielen teilnehmen, bei denen ich private Preise gewinne.',1,332),(1296,'Die Nachricht wirkt auto-generiert und von einem Computerprogramm übersetzt und im Link wurde eine mir unbekannte Sprache verwendet. Die Nachricht muss aus dem Ausland kommen und ist damit sofort verdächtig.',1,332),(1297,'Erst durch das Speichern der angehängten Datei auf dem Computer kann der Angreifer sich Zugang verschaffen, Malware und Spyware einschleusen oder auch Daten gegen Lösegeld verschlüsseln.',0,333),(1298,'Durch das Öffnen des Links könnte direkt ein Virus geladen werden, der das Smartphone zerstört. Der/die Mitarbeiter*In wird so kurzfristig weniger arbeitsfähig und Daten und Kontakte, für die keine Sicherheitskopie existiert, könnten unwiderruflich verloren gehen.',0,333),(1299,'Durch das Öffnen des Links. kann der Angreifer sich Zugänge sichern, Malware und Spyware einschleusen oder auch Daten gegen Lösegeld verschlüsseln.',2,333),(1300,'Durch das Öffnen des Links kann Zugang zu allen auf dem Smartphone gespeicherten Daten erlangt werden. Das Unternehmen wird im großen Stil ausspioniert.',1,333),(1301,'Sie leiten die WhatsApp-Nachricht einfach an den IT-Sicherheitsbeauftragten weiter, der wollte auch einen neuen Laptop haben.',1,334),(1302,'Sie leiten die Nachricht auf ihr Privattelefon weiter, um so an dem Gewinnspiel teilnehmen zu können.',0,334),(1303,'Sie kontaktieren den IT-Sicherheitsbeauftragten.',2,334),(1304,'Sie löschen die Nachricht und blockieren den Absender.',2,334),(1305,'Sie googeln die Absender-Handynummer und informieren sich so über die potenzielle Gefahr.',1,334),(1306,'Den Link nicht mit dem Diensthandy zu öffnen ist wichtig, aber auch für das private Handy ist Malware oder Spyware gefährlich. Das Weiterleiten solcher Nachrichten an den/die IT-Sicherheitsbeauftragte/n ist wichtig für dessen/deren Arbeit, auch wenn ich persönlich erkannt habe, dass es sich bei der Nachricht um Spam handelt.',2,335),(1307,'Von der Nachricht geht eine große Gefahr für die Firma aus. Deshalb muss sofort der/die IT-Sicherheitsbeauftragte kontaktiert werden, vielleicht sind ja auch noch mehrere Kolleg*Innen betroffen.',1,335),(1308,'Mich mit dem Fall zu beschäftigen ist nicht meine Aufgabe, das ist die Aufgabe des/der IT-Sicherheitsbeauftragten. Wenn ich mir unsicher bin, frage ich da lieber einmal zu viel nach, als einmal zu wenig.',1,335),(1309,'Ich hätte genauso gut irgendjemandem aus der IT-Abteilung Bescheid sagen können. Die kommen dann am besten in mein Büro und kümmern sich darum.',0,335),(1310,'Sie leiten die Nachricht kommentarlos an die Dienstnummer des/der IT-Sicherheitsbeauftragten weiter.',0,336),(1311,'Sie machen einen Screenshot von der Nachricht und schreiben dem/der IT-Sicherheitsbeauftragten eine E-Mail mit dem Foto und einer kurzen Schilderung des Sachverhaltes. Anschließend löschen Sie die Nachricht und blockieren den Kontakt.',1,336),(1312,'Sie machen einen Screenshot von der Nachricht und schreiben dem/der IT-Sicherheitsbeauftragten eine E-Mail mit dem Foto und einer kurzen Schilderung des Sachverhaltes. Außerdem fragen Sie, wie Sie mit dieser und zukünftigen Nachrichten umgehen sollen.',2,336),(1313,'Rundmail oder Schulung durch IT-Sicherheitsbeauftragten, damit alle Mitarbeiter*Innen sensibilisiert werden.',2,337),(1314,'WhatsApp nicht weiter als Kommunikationsmittel nutzen.',0,337),(1315,'Auch Dienst-Smartphones regelmäßig auf Malware und Spyware kontrollieren lassen.',1,337),(1316,'Szenario 1',1,338),(1317,'Szenario 2',0,338),(1318,'Szenario 3',2,338),(1319,'Die Nachricht wirkt autogeneriert, der Absender ist mir unbekannt, der Link wirkt verdächtig und die Nachricht ist komisch formuliert.',2,339),(1320,'Ich habe von dem Anbieter YourSecurity noch nie gehört, also kann er nicht der Anbieter Deutschlands sein und ist deswegen verdächtig.',1,339),(1321,'Falls ich eine Form von Antivirus Programm auf meinem Diensthandy brauchen würde, würde sich die Firma darum kümmern. Werbung über WhatsApp für sowas kommt mir generell verdächtig vor.',1,339),(1322,'Die Nachricht wirkt autogeneriert und von einem Computerprogramm übersetzt. Die Nachricht muss aus dem Ausland kommen, da sie eine ausländische Nummer benutzt und ist damit sofort verdächtig.',0,339),(1323,'Erst durch das Speichern einer angehängten Datei auf dem Computer kann der Angreifer sich Zugang verschaffen oder Malware und/oder Spyware einschleusen. Der Link selbst ist zunächst unproblematisch.',0,340),(1324,'Durch das Öffnen des Links könnte direkt ein Virus geladen werden, der das Smartphone zerstört. Der/die Mitarbeiter*In wird so kurzfristig weniger arbeitsfähig und Daten oder Kontakte könnten unwiderruflich verloren sein.',1,340),(1325,'Durch das Öffnen des Links kann sich der Angreifer Zugänge sichern, Malware und/oder Spyware einschleusen und/oder auch Daten gegen Lösegeld verschlüsseln.',2,340),(1326,'Sie googeln die Absender-Handynummer und informieren sich so über die potentielle Gefahr.',1,341),(1327,'Sie leiten die Nachricht auf ihr Privattelefon weiter, um dort die Anti-Virus Software zu testen.',0,341),(1328,'Sie kontaktieren den/die IT-Sicherheitsbeauftragte/n.',2,341),(1329,'Sie löschen die Nachricht und blockieren den Absender.',2,341),(1330,'Den Link nicht mit dem Diensthandy zu öffnen ist wichtig, aber auch für das private Handy ist Malware oder Spyware gefährlich. Das Weiterleiten solcher Nachrichten ist wichtig für die Arbeit des/der IT-Sicherheitsbeauftragte/n auch wenn ich persönlich erkannt habe, dass es sich bei der Nachricht um Spam handelt.',2,342),(1331,'Von der Nachricht geht eine große Gefahr für die Firma aus, deswegen muss sofort der IT-Sicherheitsbeauftragte kontaktiert werden, vielleicht sind ja auch noch mehrere Kolleg*Innen betroffen.',1,342),(1332,'Mich mit dem Fall zu beschäftigen ist nicht meine Aufgabe, das ist die Aufgabe des IT-Sicherheitsbeauftragten. Wenn ich mir unsicher bin, frage ich da lieber einmal zu viel nach, als einmal zu wenig.',1,342),(1333,'Ich hätte genauso gut irgendjemandem aus der IT-Abteilung Bescheid sagen können. Die kommen dann am besten in mein Büro und kümmern sich darum.',0,342),(1334,'Sie leiten die Nachricht kommentarlos an die Dienstnummer des IT-Sicherheitsbeauftragten weiter.',0,343),(1335,'Sie machen einen Screenshot von der Nachricht und schreiben dem IT-Sicherheitsbeauftragten eine E-Mail mit dem Foto und einer kurzen Schilderung des Sachverhaltes. Anschließend löschen Sie die Nachricht und blockieren den Kontakt.',1,343),(1336,'Sie machen einen Screenshot von der Nachricht und schreiben dem IT-Sicherheitsbeauftragten eine E-Mail mit dem Foto und einer kurzen Schilderung des Sachverhaltes. Außerdem fragen Sie wie Sie mit dieser und zukünftigen Nachrichten umgehen sollen und befolgen diese Anweisungen.',2,343),(1337,'Rundmail oder Schulung durch IT-Sicherheitsbeauftragten, damit alle Arbeitnehmer*Innen gewarnt werden.',2,344),(1338,'WhatsApp nicht weiter als Kommunikationsmittel nutzen.',0,344),(1339,'Auch Dienst-Smartphones regelmäßig auf Malware und Spyware kontrollieren lassen.',1,344),(1340,'Szenario 1',2,345),(1341,'Szenario 2',1,345),(1342,'Szenario 3',0,345),(1343,'Mein Diensthandy könnte gestohlen werden, wenn ich es unbeaufsichtigt irgendwo zum Laden lasse.',1,346),(1344,'Nur über Steckdosen wird nur Strom übermittelt, USB-Ports können auch Daten übermitteln.',2,346),(1345,'Offizielle Ladesäulen, wie von einem bekannten Stromanbieter, vertraue ich mehr als Bäckerei-Mitarbeitenden.',1,346),(1346,'Über Steckdosen und auch über USB-Ports kann hier nur Strom übermittelt werden. Es Ist gefährlicher das Handy unbeaufsichtigt zu lassen.',0,346),(1347,'In Ladestationen in denen man sich über einen USB-Port verbindet, kann Malware installiert sein dass ihr Diensthandy zerstört.',1,347),(1348,'Auf dem Diensthandy ist genug Schutzsoftware, dass es gegen jede Art von Malware geschützt ist.',0,347),(1349,'In Ladestationen in denen man sich über einen USB-Port verbindet, kann Malware installiert sein dass ihr Diensthandy zerstört.',1,347),(1350,'In Ladestationen in denen man sich über einen USB-Port verbindet, kann Malware oder Spyware installiert sein. Alle vertraulichen Daten auf dem Handy wie Bankdaten, E-Mails, Kontakte, Passwörter können gestohlen oder verschlüsselt werden.',2,347),(1351,'Sie suchen eine andere Lademöglichkeit und leiten für den Fall das Sie wirklich nicht erreichbar sind, das wichtige Telefonat an jemand anderen aus der Firma weiter.',2,348),(1352,'Sie leiten das wichtige Telefonat an jemand anderen aus der Firma weiter und lassen es darauf ankommen das Ihr Diensthandy ausgeht.',1,348),(1353,'Sie lassen es drauf ankommen, dass ihr Handy ausgeht und leiten für den Notfall ihre Privatnummer an den Kunden weiter.',0,348),(1354,'Sie benutzen die Ladestation trotzdem und warten das Telefonat ab und schalten ihr Handy danach aus.',0,348),(1355,'Sie warten auf das wichtige Telefonat und lassen es darauf ankomme, dass Ihr Handy ausgeht.',1,348),(1356,'Nur Powerbanks und Steckdosen geben wirklich nur Strom weiter und keine Daten. Deswegen nur eine solche Lademöglichkeit verwenden. Im Zweifelsfall besser einen Kollegen das Gespräch händeln lassen, als gar nicht erreichbar sein oder das ungeschützte Privathandy.',2,349),(1357,'Nur Powerbanks und Steckdosen geben wirklich nur Strom weiter und keine Daten. Das Privathandy zu nutzen wäre auch kein Problem, aber mein Kollege kann im Zweifelsfall den Deal besser abwickeln als ich.',1,349),(1358,'So kann ich im Zweifelsfall glaubhaft beteuern, dass ich eine sichere Stromquelle gesucht habe. Wenn ich das Gespräch an einen Kollegen abtrete, habe ich früher Feierabend.',0,349),(1359,'Sie benutzen Ihre ebenfalls nicht mehr aufgeladenen Power Bank und schalten Sie zwischen die Ladestation und ihr Diensthandy.',2,350),(1360,'Sie geben Ihrem Meeting Partner den Kontakt Ihres Vorgesetzten. Er soll sich telefonisch dort melden, da sie nicht mehr erreichbar sind. Dann laufen Sie durchs Terminal um eine andere Lademöglichkeit zu suchen.',1,350),(1361,'Sie kontaktieren Ihren Vorgesetzten und leiten alle wichtige Informationen für das anstehende Telefonat an Ihn weiter. Dann geben Sie Ihrem Meeting Partner den Kontakt Ihres Vorgesetzten und laufen durchs Terminal um eine andere Lademöglichkeit zu suchen.',1,350),(1362,'Sie geben Ihrem Meeting Partner den Kontakt Ihres Vorgesetzten. Er soll sich telefonisch dort melden, da sie nicht mehr erreichbar sind. Dann laufen Sie durch den gesamten Flughafen um auf jeden Fall eine andere Lademöglichkeit zu finden.',0,350),(1363,'Power Bank zur Standardausrüstung auf Dienstreisen machen.',2,351),(1364,'Kunden immer einen zweiten Notfallkontakt geben.',1,351),(1365,'Jedem Kollegen auf Dienstreise zwei Diensthandys mitgeben.',0,351),(1366,'Sobald Handy aufgeladen bei Kollegen/Vorgesetzten informieren wie wichtiges Telefonat lief.',1,351),(1367,'Sich beim Künden für die Umstände entschuldigen.',1,351),(1368,'Szenario 1',2,352),(1369,'Szenario 2',1,352),(1370,'Szenario 3',0,352),(1371,'Es wird kein Profilbild angezeigt und Sie sollen einer Person ohne Kenntnis ihrer Identität Unternehmensdaten preisgeben.',0,353),(1372,'Es ist ungewöhnlich, dass Diensthandy und Koffer gleichzeitig verschwinden.',1,353),(1373,'Der unbekannte Absender stellt sich nicht vor und schickt keinen Identitätsnachweis mit/ kann keinen Identitätsnachweis vorlegen.',2,353),(1374,'Die Nachricht der unbekannten Nummer ist sehr allgemein gehalten, der Absender nennt nicht die benötigten Namen der Stammkunden.',2,353),(1375,'Die Nummer ist unbekannt. Außerdem ist die fehlende Anrede merkwürdig.',0,353),(1376,'Die Nummer ist unbekannt, es fehlt ein Profilbild und es gibt eine Warnung im Chat.',0,353),(1377,'Bei Herausgabe der Kundendaten könnte der Ruf der Arneo GmbH geschädigt werden.',2,354),(1378,'Kunden der Arneo GmbH könnten von der Konkurrenz abgeworben und dadurch der Umsatz der Arneo GmbH gemindert werden.',1,354),(1379,'Skizzen des Projekts „Smarte Ventilatoren“ könnten an die Öffentlichkeit geraten.',0,354),(1380,'Das Vertrauen der Stammkunden gegenüber der Arneo GmbH könnte verletzt werden.',1,354),(1381,'Die Echtheit der Nachricht und die Identität des Absenders müssen überprüft werden.',2,355),(1382,'Die Nachricht sollte am besten ignoriert werden.',1,355),(1383,'Die Nachricht an WhatsApp melden.',1,355),(1384,'Den Absender zu den Kontakten hinzufügen.',0,355),(1385,'Um schnell einen Suchauftrag nach dem Dienstkoffer und -handy aufsetzten zu können.',0,356),(1386,'Ressourcenschonendes Verhalten bedeutet zunächst selbst festzustellen, ob ein Angriff vorliegt, bevor man die Nachricht meldet.',1,356),(1387,'Es könnte ein Kollege sein, der die Kundendaten dringend für einen Kundentermin benötigt.',1,356),(1388,'Da nur berechtigte Personen die Kundendaten erhalten dürfen.',2,356),(1389,'Indem man einen Videoanruf mit dem Absender durchführt.',2,357),(1390,'Indem man dem Absender im Chat eine Frage stellt, die er nur beantworten kann, wenn er ein Kollege ist.',1,357),(1391,'Indem man den Absender über die Telefonnummer anruft.',1,357),(1392,'Indem man den Absender mittels offizieller Schriftform seine Identität bestätigen lässt.',0,357),(1393,'Damit die anderen Mitarbeiter*Innen der Arneo GmbH über den Cyberangriff und das richtige Verhalten geschult werden, sollte der/die IT-Sicherheitsexpert*In über den Vorfall informiert werden.',2,358),(1394,'Die Telefonnummer blockieren, um von ihr keine weiteren Nachrichten mehr zu bekommen.',1,358),(1395,'Die Personalabteilung um eine Liste der privaten Telefonnummern aller Mitarbeiter bitten, damit ich beim nächsten Mal die Identität sofort klären kann.',0,358),(1396,'Die Projektgruppe „Smarte Ventilatoren“ inklusive der Außenmitarbeiter*Innen über den Vorfall informieren.',1,358),(1397,'Szenario 1',1,359),(1398,'Szenario 2',2,359),(1399,'Szenario 3',0,359),(1400,'Die Begrüßung ist unpersönlich, die Angabe des Namens des Absenders ist ungewöhnlich und es wird zur Herausgabe von persönlichen Daten aufgefordert.',1,360),(1401,'Die Begrüßung ist anonym, die Absenderadresse unbekannt und es wird um vertrauliche Daten gebeten.',2,360),(1402,'Die Begrüßung ist unpersönlich, die Namensnennung des Absenders ist ungewöhnlich und die Schreibweise ist unhöflich.',0,360),(1403,'Es handelt sich um eine Person, die Insiderinformationen an die Presse verkaufen will. Das Bekanntwerden würde den Unternehmenserfolg gefährden.',1,361),(1404,'Die Richtlinien zur Zugangsberechtigung würden missachtet werden. Ihr Ansehen bei den Kollegen würde darunter leiden.',0,361),(1405,'Der Absender ist ein Erpresser, der durch die Zugangsdaten sensible Informationen aus der Cloud stehlen möchte, mit denen er Druck auf Ihr Unternehmen ausüben kann. Dadurch würde ein finanzieller Schaden entstehen.',2,361),(1406,'Die Identität des Absenders muss überprüft werden.',2,362),(1407,'Den Vorgesetzten fragen, was getan werden soll.',1,362),(1408,'Die Nachricht sollte am besten ignoriert werden.',0,362),(1409,'Mitarbeiter*Innen bekommen ihre Zugangsdaten zur Cloud nicht automatisiert. Daher muss die Identität und bisherige Anstellungsdauer in Erfahrung gebracht werden.',1,363),(1410,'Die Identität muss klar sein, damit überprüft werden kann, ob die Person überhaupt Zugangsdaten haben darf.',2,363),(1411,'Der Mitarbeiter muss ins Kontaktbuch eingetragen werden, damit er für neue Projekte zur Verfügung steht. Daher muss zuerst die Identität feststehen.',0,363),(1412,'Es müsste eine Person ausfindig gemacht werden, die den Absender kennt und identifizieren kann.',2,364),(1413,'Eine Telefonnummer erfragen, damit der Absender über zwei Kommunikationswege erreichbar ist.',0,364),(1414,'Den Absender der E-Mail ins Büro bitten, um ihn in persona sehen zu können.',1,364),(1415,'Dem Vorgesetzten vorschlagen, unternehmensweit ein aktuelles Adressbuch der Belegschaft zu erstellen, um eine Überprüfung möglich zu machen.',2,365),(1416,'Dem Vorgesetzten vorschlagen, unternehmensweit neue Mitarbeitenden in der Mitarbeiterzeitschrift bekannt zu geben, um eine Überprüfung möglich zu machen.',1,365),(1417,'Es sind keine weiteren Maßnahmen notwendig.',0,365),(1418,'Szenario 1',1,366),(1419,'Szenario 2',2,366),(1420,'Szenario 3',0,366),(1421,'Die Forderung nach einem Passwort über Social Media ist untypisch.',2,367),(1422,'Paula entwickelt ein Gefühl der Dringlichkeit.',2,367),(1423,'Berufliche Kommunikation erfolgt nicht über Social Media Netzwerke.',0,367),(1424,'Die Übermittlung von sensiblen Daten erfolgt nie digital.',0,367),(1425,'Der unbefugte Zugang zum Projektplan kann dazu führen, dass dieser gelesen, verändert oder gelöscht wird.',2,368),(1426,'Es kann zu Rufschädigungen der Arneo GmbH führen, wenn der Projektplan veröffentlicht wird.',1,368),(1427,'Die Weitergabe des Passworts kann dazu führen, dass der Zugang zum Projektordner nicht mehr verfügbar ist.',0,368),(1428,'Der Diebstahl vom Projektplan kann der Vorbereitung einer Phishing-Attacke dienen.',1,368),(1429,'Die Nachricht von Paula auf LinkedIn der Plattform melden.',1,369),(1430,'Eine zweite Meinung einholen, wenn Unklarheit über eine Nachricht in sozialen Netzwerken besteht.',0,369),(1431,'Die Nachricht von Paula ignorieren.',0,369),(1432,'Die Identität von Paula überprüfen.',2,369),(1433,'Bevor man die Nachricht meldet, sollte man sich zunächst selbst vergewissern, ob Paulas Identität gestohlen wurde.',1,370),(1434,'Nur zugangsberechtigte Personen erhalten Zugang zu dem Projektplan.',2,370),(1435,'Nur zugangsberechtigte Personen erhalten ein Passwort über Social Media.',0,370),(1436,'Paula eine personenbezogene Frage stellen, die nur die echte Paula beantworten kann.',1,371),(1437,'Paula eine projektbezogene Frage stellen, die nur die echte Paula beantworten kann.',0,371),(1438,'Einen Kollegen fragen, ob Paula auf LinkedIn aktiv ist.',0,371),(1439,'Paula bitten, über den gängigen Kommunikationsweg (geschäftliche E-Mail Adresse) weiter zu kommunizieren und eine Signatur anzufügen.',2,371),(1440,'Keine Freundschaftsanfragen oder Nachrichten auf Social Media Plattformen akzeptieren.',0,372),(1441,'Der echten Paula mitteilen, dass ihre Identität auf LinkedIn missbraucht wird.',1,372),(1442,'Den/die IT-Sicherheitsexpert*In über die Anfrage im sozialen Netzwerk informieren, damit andere Mitarbeitende der Arneo GmbH über den Cyberangriff und entsprechendes Verhalten informiert werden.',2,372),(1443,'Szenario 1',2,373),(1444,'Szenario 2',1,373),(1445,'Szenario 3',0,373),(1446,'Die Person steht gezielt neben einem Eingang, der nicht so häufig genutzt und nicht überwacht wird.',0,374),(1447,'Die Person ist Ihnen unbekannt.',2,374),(1448,'Die Person ist Ihnen unauffällig gefolgt.',0,374),(1449,'Die Person spricht Sie während stressigen Stoßzeiten an.',2,374),(1450,'Ein erfolgreicher Angriff auf die Arneo GmbH würde das Vertrauen der Kunden beeinträchtigen.',1,375),(1451,'Ein erfolgreicher Angriff und die Offenlegung sensibler Daten könnten zu Datenschutzverstößen und entsprechenden Strafen führen.',2,375),(1452,'Als Konsequenz eines erfolgreichen Angriffs auf die Arneo GmbH würde für sie eine geringe Geldstrafe drohen.',0,375),(1453,'Ich rufe den Sicherheitsdienst an und melde die mir unbekannte Person.',1,376),(1454,'Die Identität der Person feststellen, um zu überprüfen, ob sie sich in dem Bereich aufhalten darf.',2,376),(1455,'Ich rufe die Polizei an und melde die mir unbekannte Person.',0,376),(1456,'Ich rufe beim Empfang an und frage, ob für heute externe Gäste angemeldet sind.',1,376),(1457,'Für ein positives Arbeitsklima ist es wichtig, seine Kolleg*Innen gut zu kennen.',0,377),(1458,'Um sicherzustellen, dass die Person keine Diebstähle im Unternehmen begeht.',1,377),(1459,'Um sicherzustellen, dass sich nur autorisierte Personen in dem Bereich aufhalten, damit keine Datenschutzverletzungen auftreten.',2,377),(1460,'Ich bitte die Person höflich um Angabe ihrer Adresse und Telefonnummer, um ihre Identität zu verifizieren.',0,378),(1461,'Ich frage nach dem Personalausweis, um zu erfahren, wie die Person heißt.',0,378),(1462,'Ich frage nach dem Mitarbeiterausweis, falls dieser nicht ersichtlich ist.',2,378),(1463,'Ich frage einen Kollegen oder eine Kollegin, ob er/sie die Person kennt.',1,378),(1464,'Den Vorfall umgehend dem/der IT-Sicherheitsbeauftragten melden, damit der Vorfall gemäß der Vorschrift dokumentiert wird.',2,379),(1465,'Ich kontaktiere meine Kolleginnen und Kollegen telefonisch und informiere sie über den Vorfall.',1,379),(1466,'Es bedarf keiner weiteren Maßnahmen, da von der Person keine weitere Gefahr ausgeht.',0,379),(1467,'Der Person mitteilen, dass sie nicht befugt ist, sich in der Abteilung aufzuhalten, und höflich darum bitten, das Firmengelände zu verlassen.',2,379),(1468,'Szenario 1',0,380),(1469,'Szenario 2',1,380),(1470,'Szenario 3',2,380),(1471,'Die Nachricht ist automatisch generiert, der Link sieht verdächtig aus (redirect) und die Nachricht fordert mich direkt auf sie weiterzuleiten, wie ein Kettenbrief.',2,381),(1472,'Es passt nicht zu der Deutschen Bahn ein solches Gewinnspiel auszurufen, das ist verdächtig. Außerdem wird gefordert die Nachricht an Kontakte weiterzusenden.',1,381),(1473,'Es wird nichts genaueres über das Gewinnspiel berichtet, das ist verdächtig. Die Seite dbmobil kenne ich nicht.',0,381),(1474,'Der Angreifer kann sich durch das Öffnen des Links Zugang zum Smartphone und allen Daten, die auf dem Gerät gespeichert sind, sichern. Malware und Spyware kann eingeschleust werden.',2,382),(1475,'Der Angreifer kann sich so uneingeschränkten Zugang zu Ihrem Deutsche Bahn Log-In verschaffen und im schlimmsten Fall zu Ihren Kontodaten.',1,382),(1476,'Der Angreifer kann sich so den Zugang der Firma sichern, Malware oder Spyware einschleusen, Daten gegen Lösegeld verschlüsseln oder auch Geldbewegungen der Firmenkonten anweisen.',0,382),(1477,'Sie kontaktieren den/die IT-Sicherheitsbeauftragte/n.',2,383),(1478,'Sie googeln die Handynummer um herauszufinden, ob es sich um einen bekannten Spam handelt.',1,383),(1479,'Sie leiten die Nachricht an Ihre/n Vorgesetzte/n weiter.',0,383),(1480,'Es ist wichtig für die Arbeit des/der IT-Sicherheitsbeauftragten über aktuelle Phishing-Attacken und deren Gateways informiert zu werden. Auch wenn ich die Attacke erkannt habe, bedeutet das nicht, dass das allen gelingt. Eine Weiterleitung der Nachricht an andere Kolleg*Innen würde diese nur gefährden.',2,384),(1481,'Wenn ich unsicher, bin frage ich lieber bei dem/der IT-Sicherheitsbeauftragte/n nach.',1,384),(1482,'Ich hätte genauso gut irgendjemandem aus der IT-Abteilung Bescheid sagen können. Die kommen dann am besten in mein Büro und kümmern sich darum.',0,384),(1483,'Ich rufe den/die IT-Sicherheitsbeauftragte/n an.',1,385),(1484,'Ich mache einen Screenshot der WhatsApp Nachricht und schicke eine E-Mail an den/die IT-Sicherheitsbeauftragte/n bzw. direkt an die \"Report-Environment\".',2,385),(1485,'Ich melde mich auf WhatsApp auf meinem Dienstcomputer an, rufe die Einstellungen meines Laptops auf und prüfe diese auf Auffälligkeiten. Dann mache ich einen Screenshot von der Nachricht und schicke diesen dem/der IT-Sicherheitsbeauftragte/n mit einer kurzen Beschreibung des Sachverhalts per E-Mail.',0,385),(1486,'WhatsApp nicht mehr als Kommunikations-Tool nutzen.',0,386),(1487,'Sowohl WhatsApp als auch das Smartphone regelmäßig updaten. Die Nachricht löschen und die Nummer blockieren.',1,386),(1488,'Vorschlag einer Rundmail oder Schulung durch IT-Sicherheitsbeauftragte/n, damit alle Arbeitnehmer*Innen gewarnt werden. Die Nachricht löschen und die Nummer blockieren.',2,386),(1489,'Szenario 1',2,387),(1490,'Szenario 2',1,387),(1491,'Szenario 3',0,387),(1492,'Es wird kein Profilbild angezeigt und Sie sollen einer Person ohne Kenntnis ihrer Identität Unternehmensdaten preisgeben.',2,388),(1493,'Es ist ungewöhnlich, dass Diensthandy und Koffer gleichzeitig verschwinden.',1,388),(1494,'Der unbekannte Absender stellt sich nicht vor und schickt keinen Identitätsnachweis mit/ kann keinen Identitätsnachweis vorlegen.',2,388),(1495,'Die Nachricht der unbekannten Nummer ist sehr allgemein gehalten, der Absender nennt nicht die benötigten Namen der Stammkunden.',2,388),(1496,'Die Nummer ist unbekannt. Außerdem ist die fehlende Anrede merkwürdig.',0,388),(1497,'Die Nummer ist unbekannt, es fehlt ein Profilbild und es gibt eine Warnung im Chat.',0,388),(1498,'Bei Herausgabe der Kundendaten könnte der Ruf der Arneo GmbH geschädigt werden.',2,389),(1499,'Kunden der Arneo GmbH könnten von der Konkurrenz abgeworben und dadurch der Umsatz der Arneo GmbH gemindert werden.',1,389),(1500,'Skizzen des Projekts „Smarte Ventilatoren“ könnten an die Öffentlichkeit geraten.',0,389),(1501,'Das Vertrauen der Stammkunden gegenüber der Arneo GmbH könnte verletzt werden.',1,389),(1502,'Die Echtheit der Nachricht und die Identität des Absenders müssen überprüft werden.',2,390),(1503,'Die Nachricht sollte am besten ignoriert werden.',1,390),(1504,'Die Nachricht an WhatsApp melden.',1,390),(1505,'Den Absender zu den Kontakten hinzufügen.',0,390),(1506,'Um schnell einen Suchauftrag nach dem Dienstkoffer und -handy aufsetzten zu können.',0,391),(1507,'Ressourcenschonendes Verhalten bedeutet zunächst selbst festzustellen, ob ein Angriff vorliegt, bevor man die Nachricht meldet.',1,391),(1508,'Es könnte ein Kollege sein, der die Kundendaten dringend für einen Kundentermin benötigt.',1,391),(1509,'Da nur berechtigte Personen die Kundendaten erhalten dürfen.',2,391),(1510,'Indem man einen Videoanruf mit dem Absender durchführt.',2,392),(1511,'Indem man dem Absender im Chat eine Frage stellt, die er nur beantworten kann, wenn er ein Kollege ist.',1,392),(1512,'Indem man den Absender über die Telefonnummer anruft.',1,392),(1513,'Indem man den Absender mittels offizieller Schriftform seine Identität bestätigen lässt.',0,392),(1514,'Damit die anderen Mitarbeiter*Innen der Arneo GmbH über den Cyberangriff und das richtige Verhalten geschult werden, sollte der/die IT-Sicherheitsexpert*In über den Vorfall informiert werden.',2,393),(1515,'Die Telefonnummer blockieren, um von ihr keine weiteren Nachrichten mehr zu bekommen.',1,393),(1516,'Die Personalabteilung um eine Liste der privaten Telefonnummern aller Mitarbeiter bitten, damit ich beim nächsten Mal die Identität sofort klären kann.',0,393),(1517,'Die Projektgruppe „Smarte Ventilatoren“ inklusive der Außenmitarbeiter*Innen über den Vorfall informieren.',1,393),(1518,'Szenario 1',2,394),(1519,'Szenario 2',1,394),(1520,'Szenario 3',0,394),(1521,'Bei einem erfolgreichen Phishing Angriff können Sie wegen Verstößen gegen die Datenschutz-Grundverordnung belangt werden.',0,396),(1522,'Für den Hyperlink wird anscheinend ein unverschlüsseltes Protokoll \"http\" anstelle von \"https\" verwendet.',2,395),(1523,'Die Adresse entspricht nicht der offiziellen \"drive.google.com\".',2,395),(1524,'In der E-Mail wird dazu aufgefordert, eine ausstehende Rechnung zu begleichen.',0,395),(1526,'Bei einem erfolgreichen Phishing Angriff kann es zu Identitätsdiebstahl, Passwort- und Datenverlust führen.',2,396),(1527,'Bei einem erfolgreichen Phishing Angriff können bspw. Ihre Online-Banking-Daten abgegriffen werden.',1,396),(1528,'Bei einem erfolgreichen Phishing Angriff erhalten Sie zukünftig vermehrt unerwünschte Werbung und Spam Mails',0,396),(1529,'Die Echtheit der E-Mail und der Identität des Absenders überprüfen.',2,397),(1530,'Die E-Mail dem/der IT-Sicherheitsbeauftragten melden.',1,397),(1531,'Die E-Mail an den/die Vorgesetzte/n und den First-Level-Support weiterleiten.',0,397),(1532,'Schnellstmöglich eine zweite Meinung durch eine/n andere/n Mitarbeiter*Inn einholen.',1,397),(1533,'Ressourcenschonendes Verhalten setzt voraus, dass man sich selbst ein Bild davon macht, ob ein Angriff vorliegt.',1,398),(1534,'Da es sich um das Angebot handelt, auf das ich warte, sollte ich mir aufgrund der privaten E-Mail-Adresse ganz sicher sein, dass der Absender wirklich der echte Lukas Maier ist, bevor ich den Link anklicke.',2,398),(1535,'Ich darf den/die IT-Sicherheitsbeauftragte/n nur in besonderen Fällen um Hilfe bitten, z.B. wenn es sich um völlig unbekannte Namen von E-Mail-Absendern handelt.',0,398),(1536,'Dem vermeintlichen Fabian Schuhmann eine personenbezogene Frage stellen, die nur die richtige Person beantworten kann.',1,399),(1537,'Ich frage in der Personalabteilung nach, ob das Sven Müllers private E-Mail-Adresse ist.',0,399),(1538,'Ich kontaktiere den vermeintlichen Fabian Schuhmann über einen anderen Weg als die angegebene E-Mail-Adresse.',2,399),(1539,'Den eingebetteten Link in der E-Mail nicht öffnen.',1,400),(1540,'Automatische Umleitungen über Links vom E-Mail-Programm grundsätzlich blockieren lassen.',0,400),(1541,'Den Vorfall dem/der IT-Sicherheitsexpert*In melden, damit andere Mitarbeitende der Arneo GmbH über den Cyberangriff und über situationsgerechtes Verhalten informiert werden.',2,400),(1542,'Die E-Mail-Adresse fabian.schuhmann@gmx.ru blockieren, um von ihr keine weiteren Nachrichten mehr zu bekommen.',1,400),(1543,'Szenario 1',0,401),(1544,'Szenario 2',1,401),(1545,'Szenario 3',2,401),(1546,'Neue lokale Datenträger werden irgendwann auch veralten, wodurch Daten verloren gehen. Außerdem ist die Speicherung auf vielen kleinen Datenträgern viel zu umständlich.',1,402),(1547,'Neue lokale Datenträger werden irgendwann auch veralten, wodurch Daten verloren gehen. Die Gefahr von Diebstahl oder Verlust der physischen Datenträger ist ebenfalls vorhanden.',2,402),(1548,'Neue lokale Datenträger sind nicht sicher, da die meisten Computer heutzutage keine USB-Ports haben und daher keine Datenübertragung möglich ist.',0,402),(1549,'Angreifer können sich Zugang zu den Unternehmensgebäuden verschaffen und dann die Datenträger entwenden.',2,403),(1550,'Angreifer können sich Zugang zu den Unternehmensgebäuden verschaffen und mit Elektromagneten die Datenträger zerstören.',0,403),(1551,'Angreifer können sich Zugang zu den Unternehmensgebäuden verschaffen und dort identisch aussehende USB-Sticks verteilen, die Schadsoftware enthalten.',1,403),(1552,'Es sollten keine wichtigen Daten auf externen Datenträgern gespeichert werden.',1,404),(1553,'Wenn Daten auf Datenträgern transportiert werden, sollten sie gelöscht werden, sobald man diese nicht mehr benötigt.',0,404),(1554,'Beim Verlassen des Büros darauf achten, dass der Arbeitsplatz aufgeräumt ist und keine sensiblen Daten(-träger) herumliegen.',2,404),(1555,'Offen herumliegende Datenträger können versehentlich von anderen Kollegen eingesteckt werden.',1,405),(1556,'Offen herumliegende Datenträger stellen ein Ziel für Angreifer dar.',2,405),(1557,'Datenträger können durch äußeren Einfluss zerstört werden.',0,405),(1558,'Die Datenträger in einem abschließbaren Schrank einschließen.',2,406),(1559,'Die Datenträger mit nach Hause nehmen.',0,406),(1560,'Die Datenträger in einen blickdichten Schrank legen.',1,406),(1561,'Wichtige Daten doppelt abspeichern.',1,407),(1562,'Eine Cloud-Lösung vorschlagen.',2,407),(1563,'Wichtige Daten löschen, wenn sie nicht gebraucht werden.',0,407),(1564,'Szenario 1',2,408),(1565,'Szenario 2',0,408),(1566,'Szenario 3',1,408),(1567,'Es hat nur ein sehr kleiner Mitarbeiter*Innen-Kreis Zugriff zur Buchhaltungssoftware, es ist also ungewöhnlich ein Kürzel nicht zu kennen, das ist sehr verdächtig. Unter \"Sonstiges\" sollten eigentlich auch nicht viele Buchungen vermerkt werden.',1,409),(1568,'Es ist ungewöhnlich, dass Buchungen nachts vorgenommen werden und den ausführenden Mitarbeiter nicht zu kennen, die Buchung ist außerdem nicht sehr genau beschrieben und es gibt in letzter Zeit vermehrt Auffälligkeiten unter den Buchungen.',2,409),(1569,'Die Buchhaltungssoftware sollte nicht nachts verwendet werden, da sie das für Cyber-Angriffe anfälliger macht. Außerdem ist es ungewöhnlich den ausführenden Mitarbeiter nicht zu kennen.',0,409),(1570,'Es hat bereits einen Angriff auf das Buchhaltungssystem gegeben und nicht veröffentlichte Schwachstellen wurden ausgenutzt, um sich Zugriff auf alle Daten im Buchhaltungssystem zu sichern und neue Einträge anzulegen. Die Firma kann ernsthafte Probleme mit der Wirtschaftsprüfung bekommen und die gewonnenen Daten können für Social Engineering Angriffe genutzt werden.',2,410),(1571,'Es hat bereits einen Angriff auf die IT der Arneo GmbH gegeben und es wurde Zugang zu allen Unternehmensdaten gewonnen. Besonders die Veröffentlichung von Produktionsdaten oder Firmengeheimnissen ist jetzt besonders kritisch. Die gewonnenen Daten können außerdem für zukünftige Social Engineering Angriffe genutzt werden.',0,410),(1572,'Genau in diesem Augenblick wird die Buchhaltungssoftware mit Malware infiziert und alle Daten im Buchhaltungssystem sind gefährdet. Der öffentliche Auftritt des Unternehmens kann kompromittiert werden und zu wirtschaftlichen Einbrüchen führen.',1,410),(1573,'Sie kontaktieren Ihre/n Vorgesetzte/n.',1,411),(1574,'Sie kontaktieren den/die externe/n Administrator*in des Buchhaltungssystems.',0,411),(1575,'Sie kontaktieren den/die IT-Sicherheitsbeauftragte/n.',2,411),(1576,'Sie starten das Buchhaltungssystem einmal neu und überprüfen, ob die Buchungen immer noch eingetragen sind.',0,411),(1577,'Sie kontaktieren eine/n Kolleg*in aus der Buchhaltung.',1,411),(1578,'Mein/e Vorgesetzte/r ist weniger IT-Sicherheits-Kompetent als ich und ich habe den Kontakt des externen Buchhaltungssoftware Anbieters gar nicht.',1,412),(1579,'Den Vorfall sofort an Externe weiter zu tragen, kann den Ruf des Unternehmens weiter schädigen. Der/die IT-Sicherheitsbeauftragte wird dem Vorfall nachgehen. Ein/e Vorgesetzte/r wird sich auch an den/die IT-Sicherheitsbeauftragte/n wenden.',2,412),(1580,'Ich hätte genauso gut irgendjemandem aus der IT-Abteilung Bescheid sagen können. Die kommen dann am besten in mein Büro und kümmern sich darum.',0,412),(1581,'Ich rufe den/die IT-Sicherheitsbeauftragte/n an.',2,413),(1582,'Ich mache einen Screenshot von den auffälligen Buchungen und schicke eine E-Mail an den/die IT-Sicherheitsbeauftragte/n bzw. direkt an die \"Report-Environment\".',0,413),(1583,'Ich telefoniere mich durch das Kollegium, um das Kürzel in Erfahrung zu bringen.',1,413),(1584,'Im Ernstfall, auch Ihre/n Vorgesetzte/n informieren und allen Anweisungen folgen. Außerdem eine Sensibilisierungsschulung für alle Mitarbeitenden anregen.',2,414),(1585,'Im Ernstfall auch Ihre/n Vorgesetzte/n informieren und allen Anweisungen folgen. Außerdem den Kauf einer neuen Buchhaltungssoftware anregen.',1,414),(1586,'Buchungen in der Buchhaltungssoftware in Zukunft nur noch im Vier-Augen-Prinzip anlegen.',0,414),(1587,'Szenario 1',2,415),(1588,'Szenario 2',0,415),(1589,'Szenario 3',1,415),(1590,'Dass all Ihre Anmeldeversuche verbraucht sind, deutet darauf hin, dass sich eine unbekannte Person einloggen wollte, um mit ihrem USB-Stick zu arbeiten.',1,416),(1591,'Der falsche Auswurf eines USB-Sticks könnte darauf hindeuten, dass jemand versucht hat, Ihren Computer anzugreifen.',2,416),(1592,'Die ungewöhnlichen Fehlermeldungen könnten auf einen schwerwiegenden Serverfehler hindeuten.',0,416),(1593,'Auch ohne das Passwort geknackt zu haben, hätte ein Angreifer wichtige Daten von Ihrem Computer auf seinen USB-Stick ziehen können.',0,417),(1594,'Ein Angreifer hatte anscheinend Zutritt zum Gebäude und somit auch Zugang zu anderen Rechnern, die er angreifen konnte.',2,417),(1595,'Durch den bösartigen USB-Stick wurde Ihr Computer bereits mit Malware oder Spyware infiziert.',1,417),(1596,'Sie sorgen dafür, dass das Sicherheitsproblem intern behandelt wird.',2,418),(1597,'Sie geben Ihrer Sekretärin Bescheid.',0,418),(1598,'Sie rufen den Notruf der Polizei.',1,418),(1599,'Sie warten, bis die Sperrung Ihres Accounts aufgehoben ist.',0,418),(1600,'So können Sie große Aufmerksamkeit verhindern, falls es doch ein falscher Alarm war.',0,419),(1601,'Die internen Sicherheitsbeauftragten können schneller reagieren und kennen sich hier besser aus, als externe (z. B. die Polizei).',2,419),(1602,'Dass es ein Sicherheitsproblem im Unternehmen gibt, sollte zunächst vertraulich gehandhabt werden.',1,419),(1603,'Sie rufen den IT-Sicherheitsbeauftragten an, weil jemand einen Cyber-Angriff auf Ihren Computer ausgeführt hat.',2,420),(1604,'Sie rufen den Sicherheitsdienst an, weil eine unbefugte Person Zutritt zu Ihrem Büro hatte.',2,420),(1605,'Sie übergeben die Situation an Ihre Sekretärin, da Ihre Aufmerksamkeit möglicherweise woanders dringender gebraucht wird.',1,420),(1606,'Sie planen eine Betriebsversammlung, bei der Sie das Sicherheitsproblem ansprechen, um alle in der Arneo GmbH zu erreichen.',0,420),(1607,'Die Polizei einschalten, um das mögliche Verbrechen zu melden.',1,421),(1608,'Eine maximale Anzahl der Anmeldeversuche auf jedem Gerät festlegen lassen und Sicherheitsfragen nutzen.',2,421),(1609,'Eine IT-Sicherheitsschulung, die alle Mitarbeitenden für die Zeichen eines solchen Angriffes sensibilisiert.',2,421),(1610,'Ihren Computer nach jedem Arbeitstag in einen Safe einschließen lassen.',0,421),(1611,'Personalienkontrolle beim Zutritt zum Unternehmensgebäude verbessern.',1,421),(1612,'Szenario 1',2,422),(1613,'Szenario 2',1,422),(1614,'Szenario 3',0,422),(1615,'Ihr Diensthandy könnte gestohlen werden, wenn Sie es unbeaufsichtigt zum Laden dalassen.',1,423),(1616,'Über Steckdosen wird nur Strom übertragen, aber USB-Ports können auch Daten übermitteln.',2,423),(1617,'Die USB-Ladestation könnte defekt sein und Ihr Ladekabel beschädigen.',0,423),(1618,'Falls Ihr Handy nicht schnell genug aufgeladen wird, können Sie den wichtigen Anruf nicht annehmen.',0,423),(1619,'Auf der Ladestation könnte Malware installiert sein, die Ihr Handy unbrauchbar macht.',1,424),(1620,'Die Schutzsoftware auf Ihrem Handy wird die Verbindung zur Ladesäule ablehnen und Ihr Akku kann nicht geladen werden.',0,424),(1621,'Auf der Ladestation könnte Malware installiert sein, die vertrauliche Daten auf Ihrem Handy verschlüsselt oder stiehlt.',2,424),(1622,'Auf der Ladestation werden Daten von Ihrem Handy gespeichert, welche die nächste Person beim Aufladen ihres Handys lesen kann.',1,424),(1623,'Sie benutzen die Ladestation trotzdem, aber prüfen sofort, ob Ihre Schutzsoftware Alarm schlägt.',0,425),(1624,'Sie suchen eine andere Lademöglichkeit und informieren Ihren Gesprächspartner, dass Sie eventuell nicht erreichbar sein werden.',2,425),(1625,'Sie senden Ihrem Gesprächspartner die Telefonnummer Ihres Privathandys, damit Sie darüber telefonieren können.',0,425),(1626,'Sie laden Ihr Handy nicht auf und hoffen, dass der Akku nicht zu früh leer sein wird.',1,425),(1627,'Sie fragen andere Personen am Flughafen, ob sie Ihnen eine Powerbank zum Aufladen Ihres Handys ausleihen können.',0,425),(1628,'Da sich auf Ihrem Diensthandy vertrauliche Daten befinden, müssen Sie damit an öffentlichen USB-Ladestationen vorsichtig sein.',2,426),(1629,'Der Flughafen ist ein öffentlicher Ort. Die Gefahr, dass jemand Ihr Handy an der Ladestation stiehlt, ist zu groß.',1,426),(1630,'Ladestationen auf Flughäfen sind häufig manipuliert. Sicherer wäre es, Ihr Handy im Zug aufzuladen.',0,426),(1631,'Eine USB-Ladestation ist sicherer, als eine Steckdose, bei der sie einen Stromadapter nutzen müssen.',0,427),(1632,'Eine Steckdose, bei der Sie Ihren Stromadapter nutzen müssen, ist sicherer als eine USB-Ladestation.',2,427),(1633,'Öffentliche Lademöglichkeiten sind sicherer, weil sie von so vielen anderen Personen genutzt und getestet werden.',0,427),(1634,'Lademöglichkeiten, die nicht öffentlich zugänglich sind, sind sicherer, weil sie wahrscheinlich nicht manipuliert wurden.',2,427),(1635,'Powerbanks sind die einzig sicheren Lademöglichkeiten, weil sie keine Daten übertragen können.',1,427),(1636,'Sie nehmen von nun an immer eine Powerbank auf Dienstreisen mit.',2,428),(1637,'Sie vereinbaren während Dienstreisen keine Telefontermine mehr.',1,428),(1638,'Sie laden sich die beste Anti-Virus-Software auf Ihr Diensthandy, die Sie finden können.',1,428),(1639,'Sie kaufen ein Ladekabel für Ihr Diensthandy, das gegen Malware schützen soll.',0,428),(1640,'Die E-Mail-Adresse des Absenders ist nicht unternehmensintern, sondern \"\"gmail.com\".',2,430),(1641,'Niemand außer Ihnen darf über Aktivitäten Ihres Log-Ins informiert sein.',1,430),(1642,'Sie werden nicht mit Ihrem Namen angesprochen.',2,430),(1643,'Automatisch generierte E-Mails sind fast immer Spam.',0,430),(1644,'Sie sollen auf einen Link klicken, der nicht direkt einsichtbar ist.',2,430),(1645,'Das Öffnen der E-Mail in Ihrem Mail-Programm könnte Ihren Computer mit Malware infiziert haben.',2,431),(1646,'Das Klicken des Links in der E-Mail könnte Ihren Computer mit Malware infizieren.',1,431),(1647,'Das Antworten auf die E-Mail könnte Ihren Computer mit Malware infizieren.',0,431),(1648,'Auf der Seite, zu der der Link in der E-Mail führt, könnte eine Download für Malware ausgelöst werden.',1,431),(1649,'Falls Sie nicht reagieren, wird ein Angreifer Ihren Computer mit Malware infizieren.',0,431),(1650,'Sie löschen die E-Mail und blockieren den Absender.',1,432),(1651,'Sie führen einen Anti-Virus-Scan auf Ihrem Computer durch.',1,432),(1652,'Sie kontaktieren den IT-Sicherheitsbeauftragten.',2,432),(1653,'Sie antworten auf die E-Mail, um zu prüfen, ob der Absender eine echte Person ist.',0,432),(1654,'Sollte Ihr Computer mit Malware infiziert sein, muss schnell verhindert werden, dass Informationssysteme und Daten der Arneo GmbH kompromittiert werden.',2,433),(1655,'So können Sie dem IT-Sicherheitsbeauftragten die bösartige E-Mail zeigen, damit dieser verhindern kann, dass Mitarbeiter in Zukunft solche Mails erhalten.',1,433),(1656,'Der IT-Sicherheitsbeauftragte ist in der Lage, den Angreifer durch die Meta-Daten der Mail ausfindig zu machen. Dann können Sie die Polizei verständigen.',0,433),(1657,'Sie weisen einen Mitarbeitenden an, ihn zu informieren, damit Sie weiterhin ein Auge auf Ihrem Computer haben können.',1,434),(1658,'Sie leiten die E-Mail an Ihn weiter, damit er sich direkt ein Bild von der Bedrohung machen kann.',0,434),(1659,'Sie rufen ihn per Telefon an, damit er unverzüglich informiert ist und agieren kann.',2,434),(1660,'Sie klären mit dem Sicherheitsbeauftragten, ob andere Mitarbeiter der Arneo GmbH ähnliche Mails erhalten und gewarnt werden müssen.',2,434),(1661,'Sie prüfen gemeinsam mit dem IT-Sicherheitsbeauftragten, ob der Link in der Mail tatsächlich Malware enthält.',0,435),(1662,'Sie löschen die E-Mail und blockieren den Absender, damit Sie nicht erneut von ihm angegriffen werden.',1,435),(1663,'Szenario 1',2,429),(1664,'Szenario 2',0,429),(1665,'Szenario 3',1,429),(1666,'Szenario 1 ist am bedrohlichsten.',1,436),(1667,'Szenario 2 ist am bedrohlichsten.',0,436),(1668,'Szenario 3 ist am bedrohlichsten.',2,436),(1669,'Auf Smartphones sollten generell nur Apps aus dem Systemeigenen Store geladen werden, da diese bereits eingebaute Sicherheitsvorkehrungen haben.',1,437),(1670,'Der Link ist eine https Link und damit keine gesicherte Verbindung. Außerdem ist der Link ein direkter Download und führt nicht auf eine Website.',0,437),(1671,'Die App wird nicht über den Appstore/Google Playstore geladen, der Link inkludiert direkt einen Download-Befehl und der Syntax und Vokabeln des Textes wirken kryptisch.',2,437),(1672,'Wird die App aus dem Browser geladen, kann Malware oder Spyware installiert sein. Alle vertraulichen Daten auf dem Handy wie Bankdaten, E-Mails, Kontakte, Passwörter können gestohlen oder verschlüsselt werden.',2,438),(1673,'Wird die App aus dem Browser geladen, kann Malware installiert werden dass ihr Diensthandy zerstört.',1,438),(1674,'Wird die App aus dem Browser geladen, kann Malware installiert sein, die Informationen und Daten auf dem Diensthandy unbemerkt verändern.',1,438),(1675,'Auf dem Diensthandy ist genug Schutzsoftware, dass es gegen alle schwerwiegenden Angriffe aus dem Internet geschützt ist.',0,438),(1676,'Sie laden die App herunter und vertrauen auf ihr Erfahrung im Erkennen von Scams und auf die Sicherheitssoftware auf Ihrem Diensthandy.',0,439),(1677,'Sie laden die App auf Ihr privates Telefon um Sie zuerst dort zu testen, bevor Sie die App auf ihr Diensthandy laden.',1,439),(1678,'Sie laden die angezeigte App nicht herunter und prüfen ob diese überhaupt die wirklich empfohlene ist und ob die App auch für Ihr Betriebssystem und in Ihrem Appstore verfügbar ist.',1,439),(1679,'Sie recherchieren nach einem seriösen Testbericht über die App und versuchen Rezensionen zu finden.',2,439),(1680,'Ich möchte ja die App testen, die mir mein Freund empfohlen hat. Wenn die App nicht für mein Betriebssystem verfügbar ist würde das erklären, warum ich die App nicht in meinem Appstore finden kann. Es sollten nur Apps aus dem Appstore herunter geladen werden.',2,440),(1681,'Ich möchte die App in jedem Fall nicht herunterladen, weil ich der angezeigten Website nicht vertraue.',1,440),(1682,'Ich vertraue nur Apps die mir von realen Menschen empfohlen werden, die ich auch persönlich kenne. Wenn die App nicht für mein Betriebssystem verfügbar ist würde das erklären, warum ich die App nicht in meinem Appstore finden kann.',0,440),(1683,'Sie geben den Namen der im Browser angezeigten App in der Suchfunktion Ihres Appstores ein und überprüfen so, ob diese da verfügbar ist.',1,441),(1684,'Sie melden sich nochmal bei Ihrem Freund und erfragen den genauen Namen und recherchieren online die Kompatibilität der App mit verschiedenen Betriebssystemen.',1,441),(1685,'Sie melden sich nochmal bei Ihrem Freund und erfragen den genauen Namen und welches Betriebssystem er nutzt.',2,441),(1686,'Sie beauftragen Ihre Sekretärin diese Dinge zu überprüfen.',0,441),(1687,'Die richtige App mit Hilfe Ihres Freundes aus dem App Store herunterladen. Die App bei Ihren Software Admin zur Prüfung geben und der Belegschaft ans Herz legen.',2,442),(1688,'Vor jedem App-Kauf Rücksprache mit dem Software Administrator halten.',1,442),(1689,'Den Namen der App direkt an die gesamte Belegschaft weiterleiten um bei allen die Konzentration und den Fokus zu verbessern.',0,442),(1690,'Szenario 1 ist am bedrohlichsten.',2,443),(1691,'Szenario 2 ist am bedrohlichsten.',1,443),(1692,'Szenario 3 ist am bedrohlichsten.',0,443),(1693,'Die Nachricht enthält einen ungewöhnlichen Link.',2,444),(1694,'Der Absender ist eine unbekannte Handynummer.',2,444),(1695,'Werbung auf WhatsApp ist verdächtig.',1,444),(1696,'Der Absender hat Sie nicht mit Ihrem Namen angesprochen.',1,444),(1697,'Die Nachricht hat eine Push-Mitteilung ausgelöst hat.',0,444),(1698,'Die Daten, die Sie auf der angebotenen Cloud speichern, können vom Anbieter gelesen und manipuliert werden.',1,445),(1699,'Die Seite, zu der der Link führt, könnte Malware auf Ihr Smartphone einschleusen.',2,445),(1700,'Der Absender erhält alle Login-Daten Ihres Dienst-Smartphones.',0,445),(1701,'Sie kontaktieren den IT-Sicherheitsbeauftragten.',2,446),(1702,'Sie löschen die WhatsApp-Nachricht und blockieren den Absender.',1,446),(1703,'Sie leiten die WhatsApp-Nachricht an den Sicherheitsdienst weiter.',0,446),(1704,'Sie antworten auf die WhatsApp-Nachricht, um zu prüfen, ob der Absender eine echte Person ist.',0,446),(1705,'Sie recherchieren im Internet, ob die Absendernummer bekannter Spam ist.',1,446),(1706,'Damit er überprüfen kann, ob es sich tatsächlich um einen Angriff handelt.',1,447),(1707,'Damit er die Webseite hinter dem Link auf ihre Sicherheit prüft.',0,447),(1708,'Damit er unternehmensweite Maßnahmen gegen diese Art Angriff einleitet.',2,447),(1709,'Sie schreiben ihm eine E-Mail mit einem Screenshot der WhatsApp-Nachricht im Anhang.',2,448),(1710,'Sie leiten die WhatsApp-Nachricht an ihn weiter.',0,448),(1711,'Sie weisen einen Mitarbeitenden an, ihn zu informieren, während Sie ein Auge auf Ihr Smartphone haben.',1,448),(1712,'Mittels einer Rundmail alle Mitarbeiter vor derartigen Phishing-Nachrichten warnen.',2,449),(1713,'Unternehmensweit bessere Anti-Virus-Software einführen.',0,449),(1714,'Die WhatsApp-Nachricht löschen und den Absender blockieren.',1,449),(1715,'In der nächsten Mitarbeiterschulung zur IT-Sicherheit Awareness zu Phishing erhöhen.',1,449),(1716,'Szenario 1',0,450),(1717,'Szenario 2',1,450),(1718,'Szenario 3',2,450),(1719,'Es handelt sich um eine firmenexterne E-Mail-Adresse.',2,451),(1720,'Sie sollen auf einen ungewöhnlichen Link klicken.',2,451),(1721,'Die E-Mail besitzt keine digitale Signatur.',2,451),(1722,'Niemand hat Ihnen vorzuschreiben, wann Sie Microsoft Office aktualisieren.',1,451),(1723,'Das Aktualisieren von Microsoft Office kann Sicherheitsprobleme verursachen.',0,451),(1724,'Szenario 3',1,457),(1725,'Szenario 2',0,457),(1726,'Szenario 1',2,457),(1727,'Jemand der mir unbekannt ist, hat Zugang zu vertraulichen Daten. Bewerber*Innendaten enthalten mehr vertrauliche Informationen als die Gehaltskalkulation. Die benötigte Sicherheitsfreigabe ist höher.',1,458),(1728,'Jemand der mir unbekannt ist, hat Zugang zu Daten. Es wurde gegen den Datenschutz verstoßen.',0,458),(1729,'Jemand der mir unbekannt ist, hat Zugang zu vertraulichen Daten. Es wurde gegen den Datenschutz verstoßen, allerdings sind die Bewerber*innendaten anonymisiert worden und daher etwas weniger delikat als die Gehaltskalkulationen.',2,458),(1730,'Der Vorfall könnte der Presse berichtet werden und das Image des Unternehmens über den Umgang mit vertraulichen Daten könnte leiden.',1,459),(1731,'Die persönlichen Daten könnten an die Konkurrenz verkauft und für zukünftige Social Engineering Angriffe genutzt werden.',2,459),(1732,'Der Unbekannte könnte ein neuer Kollege sein, der mit den neu gewonnenen Gehaltsinformationen, sein Gehalt neu verhandeln will.',0,459),(1733,'Die Personalabteilung kontaktieren und den/die IT-Sicherheitsbeauftragte/n informieren.',2,460),(1734,'Sofort den/die IT-Administrator*In kontaktieren.',1,460),(1735,'Den eigenen Cloudzugang nach weiteren Unregelmäßigkeiten untersuchen.',1,460),(1736,'Stephan Müller googeln um herauszufinden, wer er ist.',0,460),(1737,'Es ist nicht mein Aufgabenfeld, den Vorfall weiter zu verfolgen. Ich gebe das an meine Angestellten ab. Der/die IT-Sicherheitsexpert*In und die Personalabteilung können alle weiteren Schritte im Falle eines tatsächlichen Angriffes durchführen.',0,461),(1738,'Die Personalabteilung kann mir Auskunft geben, ob Stepfan Müller ein neuer Mitarbeiter ist oder ein externer Eindringling. Der/die IT-Sicherheitsexpert*In kann alle weiteren Schritte im Falle eines tatsächlichen Angriffes durchführen.',2,461),(1739,'Es ist wahrscheinlich der Fehler des IT-Admins. Daher diesen nicht sofort kontaktieren.  Der/die IT-Sicherheitsexpert*In kann alle weiteren Schritte im Falle eines tatsächlichen Angriffes durchführen.',1,461),(1740,'Ich rufe zuerst den/die IT-Sicherheitsbeauftragte/n an und beauftrage ihn/sie der Sache nachzugehen und sich mit der Personalabteilung unter einem Vorwand in Verbindung zu setzten: z.B. eine IT-Sicherheitsschulung für Stepfan Müller.',2,462),(1741,'Ich rufe zuerst den IT-Sicherheitsbeauftragten an und beauftrage ihn der Sache nachzugehen und sich mit der Personalabteilung direkt in Verbindung zusetzten.',1,462),(1742,'Ich rufe die Personalabteilung an und frage ob Ihnen ein Stephan Müller bekannt ist, er habe anscheinend uneingeschränkten Cloud Zugang. Dann schreibe ich eine E-Mail an den/die IT-Sicherheitsexpert*In und schildere den Vorfall.',0,462),(1743,'Ich rufe die Personalabteilung unter einem Vorwand an, z.B. \"Ich habe besonderes Lob über unseren neuen Kollegen Stephan Müller gehört, können Sie mir seine Personalakte zukommen lassen.\"  Dann schreibe ich eine E-Mail an den/die IT-Sicherheitsexpert*In und schildere den Vorfall.',1,462),(1744,'Es sind keine weiteren Maßnahmen nötig.',0,463),(1745,'Alle Cloud-Freigaben von IT-Admin prüfen lassen.',1,463),(1746,'Ordner mit sehr wichtigen Unterlagen nur passwortgeschützt ablegen.',1,463),(1747,'Im Falle eines tatsächlichen externen Angriffes, Stepfan Müller polizeilich verfolgen.',2,463),(1748,'Szenario 1 ist am bedrohlichsten.',1,464),(1749,'Szenario 2 ist am bedrohlichsten.',0,464),(1750,'Szenario 3 ist am bedrohlichsten.',2,464),(1751,'Die URL hat die ungewöhnliche Endung \"-de.org\".',2,465),(1752,'Links aus E-Mails sind immer gefährlich.',1,465),(1753,'Am Anfang der URL steht \"http://\" statt \"https://\".',2,465),(1754,'Der Link führt nicht zur Hauptseite, sondern zur Login-Seite.',0,465),(1755,'In der URL fehlt ein Buchstabe.',2,465),(1756,'Die Informationen zu den Umsätzen der Arneo GmbH auf der gefälschten Webseite sind falsch.',1,466),(1757,'Sie müssen die richtige Webseite auf einem anderen Weg finden.',0,466),(1758,'Die Person, welche die Seite gefälscht hat, erhält Ihre Login-Daten und übernimmt die Kontrolle über den Bank-Account der Arneo GmbH.',2,466),(1759,'Den Link anklicken und die Webseite genau betrachten.',0,467),(1760,'Beim Absender der E-Mail die Echtheit des Links erfragen.',1,467),(1761,'Die Identität des Absenders der E-Mail mit dem Link prüfen.',2,467),(1762,'Den Link kopieren und in eine Suchmaschine eingeben.',2,467),(1763,'Wenn Sie dem Absender vertrauen, können Sie auch dem versendeten Link trauen.',2,468),(1764,'Wenn Sie eine Telefonnummer des Absenders finden, können Sie ihn anrufen.',1,468),(1765,'Wenn der Absender unter einer anderen E-Mail-Adresse in Ihrem Adressbuch ist, können Sie dem Link trauen.',0,468),(1766,'Sie kontaktieren die Finanzabteilung über eine Mail-Adresse in Ihrem Adressbuch, um nach dem Absender und der Verlinkung zu fragen.',1,469),(1767,'Sie schreiben eine E-Mail an den Unbekannten zurück und fragen Ihn nach der Korrektheit des Links.',0,469),(1768,'Sie leiten die E-Mail an die IT-Abteilung weiter, damit diese sie prüfen kann.',0,469),(1769,'Sie überprüfen die E-Mail-Adresse des Absenders und vergleichen deren Aufbau und Schreibweise mit denen der unternehmerischen Adressen.',2,469),(1770,'Sie ignorieren die Mail und fahren mit Ihrer Arbeit fort.',1,470),(1771,'Sie beantragen bei der IT-Abteilung eine Blockierung der E-Mail-Adresse und Webseite.',2,470),(1772,'Sie öffnen den Link auf Ihrem Handy, um die Webseite zu prüfen.',0,470),(1773,'Sie löschen die Mail und blockieren den Absender.',1,470),(1774,'Ihre Version von Microsoft Office wird unbrauchbar.',0,452),(1775,'Die Seite, zu der der Link führt, könnte Malware auf Ihren Computer einschleusen.',1,452),(1776,'Ihr Single-Sign-On wird kompromittiert, womit ein Angreifer Kontrolle über Ihre Informationssysteme übernehmen könnte.',2,452),(1777,'Die Echtheit der E-Mail und der Identität des Absenders überprüfen.',2,453),(1778,'Die E-Mail dem IT-Sicherheitsbeauftragten melden.',1,453),(1779,'Schnellstmöglich eine zweite Meinung durch einen anderen Mitarbeiter einholen.',1,453),(1780,'Die E-Mail an den First-Level-Support weiterleiten.',0,453),(1781,'Ressourcenschonendes Verhalten setzt voraus, dass man sich selbst ein Bild davon macht, ob ein Angriff vorliegt.',1,447),(1782,'Ressourcenschonendes Verhalten setzt voraus, dass man sich selbst ein Bild davon macht, ob ein Angriff vorliegt.',1,454),(1783,'Sie sollten sich ganz sicher sein, dass der Absender wirklich die echte Claudia Schmidt ist, bevor Sie den Link anklicken.',2,454),(1784,'Sie kontaktieren Claudia Schmidt über einen anderen Weg als die angegebene E-Mail-Adresse.',2,455),(1785,'Sie fragen in der Personalabteilung nach, ob das eine neue E-Mail-Adresse der IT-Abteilung ist.',0,455),(1786,'Der vermeintlichen Claudia Schmidt eine personenbezogene Frage stellen, die nur die richtige Person beantworten kann.',1,455),(1787,'Alle E-Mails, die Sie erhalten, zuerst durch den IT-Sicherheitsbeauftragten prüfen lassen.',0,456),(1788,'Den IT-Sicherheitsbeauftragten nach seiner Einschätzung der Lage fragen.',1,456),(1789,'Eine Rundmail schreiben, in der die Mitarbeitern vor solchen Phishing-Mails gewarnt werden.',2,456),(1790,'Alle E-Mails, die Sie erhalten, zuerst durch den IT-Sicherheitsbeauftragten prüfen lassen.',0,456),(1791,'Szenario 1',1,471),(1792,'Szenario 2',0,471),(1793,'Szenario 3',2,471),(1794,'Der Schülerpraktikant ist erst seit einer Woche da.',0,472),(1795,'Der Schülerpraktikant wusste nicht, was zu tun ist.',1,472),(1796,'Der Schülerpraktikant kann auf das Lohnabrechnungssystem zugreifen.',2,472),(1797,'Der Praktikant könnte Lohn- und Gehaltsabrechnungsdaten (versehentlich) verändern, auch wenn dies nicht im Sinne der Arneo GmbH ist.',2,473),(1798,'Der Praktikant könnte Lohn- und Gehaltsabrechnungsdaten (versehentlich) löschen, auch wenn dies nicht im Sinne der Arneo GmbH ist.',1,473),(1799,'Die zusätzliche Berechtigung vom Praktikanten könnte dazu führen, dass sich die Bearbeitung der Lohnabrechnungen verlangsamt.',0,473),(1800,'Ich melde, dass der Praktikant fälschlicherweise eine Berechtigung für das Lohnabrechnungssystem hat.',2,474),(1801,'Ich dokumentiere den Sachverhalt, um im Fall einer Prüfung nachweisen zu können, dass alle notwendigen Schritte unternommen wurden, um die Situation zu beheben.',1,474),(1802,'Ich zeige dem Praktikanten den richtigen Ordnerpfad, damit er die Bestellungen der letzten Monate zählen und Schwankungen daraus ermitteln kann.',0,474),(1803,'Um den Praktikanten mit dem Umgang des Lohnabrechnungssystems entsprechend zu schulen.',0,475),(1804,'Um die Ursache der fälschlicherweise zugewiesenen Berechtigung auf das Lohnabrechnungssystem zu erfahren.',1,475),(1805,'Um dem Praktikanten die zusätzliche Berechtigung auf das Lohnabrechnungssystem nach Prüfung wieder zu entziehen.',2,475),(1806,'Ich schicke den Praktikanten mit dem Computer zur IT-Abteilung.',1,476),(1807,'Ich gehe mit dem Praktikanten persönlich in die IT-Abteilung und schildere den Vorfall.',2,476),(1808,'Ich schildere dem Geschäftsführer den Vorfall und bitte den Praktikanten, nicht mehr auf das Lohnabrechnungssystem zuzugreifen.',1,476),(1809,'Ich schreibe meinen Kolleg*innen eine Rund-Mail und schildere den Vorfall.',0,476),(1810,'Prüfen lassen, ob die falsch zugewiesene Berechtigung für das Lohnabrechnungssystem noch vorhanden ist.',2,477),(1811,'Sich informieren, wie es zu der versehentlichen Zuweisung der Schreibrechte kam.',0,477),(1812,'Die anderen Mitarbeitenden in der Abteilung fragen, ob sie neuerdings ebenfalls falsche Berechtigungen haben.',2,477),(1813,'Den Sachverhalt dokumentieren, um im Fall einer Prüfung nachweisen zu können, dass alle notwendigen Schritte unternommen wurden, um die Situation zu beheben.',2,477),(1817,'Sie klären mit dem Sicherheitsbeauftragten, ob andere Mitarbeiter der Arneo GmbH ähnliche Mails erhalten und gewarnt werden müssen.',2,435),(1819,'Durch die Weiterleitung auf externe Internetseiten können bspw. meine Online-Banking-Daten abgegriffen werden',1,395),(1820,'Es handelt sich um eine private E-Mail-Adresse, obwohl der Absender behauptet, ein Mitarbeiter der Arneo GmbH zu sein.',2,395),(1821,'Ich achte auf das Vorhandensein einer digitalen Signatur in der E-Mail.',1,399),(1822,'Ich achte auf Rechtschreib- oder Grammatikfehler in der E-Mail.',0,399),(1823,'Szenario 1',2,205),(1824,'Szenario 2',1,205),(1825,'Szenario 3',0,205),(1826,'Sie testen den Link in einem privaten Browserfenster und prüfen die Webseite auf ihre Sicherheit.',0,432),(1827,'Sie sollten den IT-Sicherheitsbeauftragten nur in besonderen Fällen um Hilfe bitten.',0,454);
/*!40000 ALTER TABLE `competence_tests_choiceitem` ENABLE KEYS */;
UNLOCK TABLES;

--
-- Table structure for table `competence_tests_competencedimension`
--

DROP TABLE IF EXISTS `competence_tests_competencedimension`;
/*!40101 SET @saved_cs_client     = @@character_set_client */;
/*!50503 SET character_set_client = utf8mb4 */;
CREATE TABLE `competence_tests_competencedimension` (
  `id` bigint NOT NULL AUTO_INCREMENT,
  `dimension_name` varchar(140) NOT NULL,
  `dimension_description` longtext,
  PRIMARY KEY (`id`)
) ENGINE=InnoDB AUTO_INCREMENT=8 DEFAULT CHARSET=utf8mb4 COLLATE=utf8mb4_0900_ai_ci;
/*!40101 SET character_set_client = @saved_cs_client */;

--
-- Dumping data for table `competence_tests_competencedimension`
--

LOCK TABLES `competence_tests_competencedimension` WRITE;
/*!40000 ALTER TABLE `competence_tests_competencedimension` DISABLE KEYS */;
INSERT INTO `competence_tests_competencedimension` VALUES (1,'Threat Awareness','Lokalisierung von Gefahrenquellen in typischen Handlungssituationen des eigenen Stellenprofils.'),(2,'Threat Identification','Erkennen konkreter, konstitutiver Merkmale der Gefahrenquelle.'),(3,'Threat Impact Assessment','Abwägen/Bewerten der Konsequenzen des Nicht- oder / Fehlhandelns für Mitarbeiter & Organisation.'),(4,'Tactic Choice','Entscheidung über die ersten Schritte zur Gefahrenabwehr im eigenen Handlungs- /Verantwortungsbereich.'),(5,'Tactic Justification','Fachliche Begründung der richtigen Strategie, um einer Bedrohung zu begegnen.'),(6,'Tactic Mastery','Realisierung/Durchführung der richtigen Maßnahme.'),(7,'Tactic Check & Follow-Up','Ergänzende Maßnahmen zur Wirkungskontrolle (absichernd) oder Prävention (zukunftsorientiert).');
/*!40000 ALTER TABLE `competence_tests_competencedimension` ENABLE KEYS */;
UNLOCK TABLES;

--
-- Table structure for table `competence_tests_competencetest`
--

DROP TABLE IF EXISTS `competence_tests_competencetest`;
/*!40101 SET @saved_cs_client     = @@character_set_client */;
/*!50503 SET character_set_client = utf8mb4 */;
CREATE TABLE `competence_tests_competencetest` (
  `id` bigint NOT NULL AUTO_INCREMENT,
  `job_profile_id` bigint NOT NULL,
  PRIMARY KEY (`id`),
  UNIQUE KEY `job_profile_id` (`job_profile_id`),
  CONSTRAINT `competence_tests_com_job_profile_id_4f7980b9_fk_job_profi` FOREIGN KEY (`job_profile_id`) REFERENCES `job_profiles_jobprofile` (`id`)
) ENGINE=InnoDB AUTO_INCREMENT=9 DEFAULT CHARSET=utf8mb4 COLLATE=utf8mb4_0900_ai_ci;
/*!40101 SET character_set_client = @saved_cs_client */;

--
-- Dumping data for table `competence_tests_competencetest`
--

LOCK TABLES `competence_tests_competencetest` WRITE;
/*!40000 ALTER TABLE `competence_tests_competencetest` DISABLE KEYS */;
INSERT INTO `competence_tests_competencetest` VALUES (1,1),(7,3),(4,4),(5,6),(2,7);
/*!40000 ALTER TABLE `competence_tests_competencetest` ENABLE KEYS */;
UNLOCK TABLES;

--
-- Table structure for table `competence_tests_competencetest_threat_situations`
--

DROP TABLE IF EXISTS `competence_tests_competencetest_threat_situations`;
/*!40101 SET @saved_cs_client     = @@character_set_client */;
/*!50503 SET character_set_client = utf8mb4 */;
CREATE TABLE `competence_tests_competencetest_threat_situations` (
  `id` bigint NOT NULL AUTO_INCREMENT,
  `competencetest_id` bigint NOT NULL,
  `threatsituation_id` bigint NOT NULL,
  PRIMARY KEY (`id`),
  UNIQUE KEY `competence_tests_compete_competencetest_id_threat_3a87ea80_uniq` (`competencetest_id`,`threatsituation_id`),
  KEY `competence_tests_com_threatsituation_id_954c1d58_fk_threats_t` (`threatsituation_id`),
  CONSTRAINT `competence_tests_com_competencetest_id_8dd95a5d_fk_competenc` FOREIGN KEY (`competencetest_id`) REFERENCES `competence_tests_competencetest` (`id`),
  CONSTRAINT `competence_tests_com_threatsituation_id_954c1d58_fk_threats_t` FOREIGN KEY (`threatsituation_id`) REFERENCES `threats_threatsituation` (`id`)
) ENGINE=InnoDB AUTO_INCREMENT=104 DEFAULT CHARSET=utf8mb4 COLLATE=utf8mb4_0900_ai_ci;
/*!40101 SET character_set_client = @saved_cs_client */;

--
-- Dumping data for table `competence_tests_competencetest_threat_situations`
--

LOCK TABLES `competence_tests_competencetest_threat_situations` WRITE;
/*!40000 ALTER TABLE `competence_tests_competencetest_threat_situations` DISABLE KEYS */;
INSERT INTO `competence_tests_competencetest_threat_situations` VALUES (86,1,1),(87,1,2),(54,1,3),(48,1,26),(24,1,28),(28,2,44),(29,2,45),(82,2,46),(31,2,48),(91,2,74),(100,4,16),(101,4,17),(102,4,32),(103,4,61),(95,4,73),(76,5,34),(77,5,35),(78,5,39),(79,5,41),(80,5,42),(83,7,62),(75,7,63),(88,7,65),(89,7,69),(90,7,70);
/*!40000 ALTER TABLE `competence_tests_competencetest_threat_situations` ENABLE KEYS */;
UNLOCK TABLES;

--
-- Table structure for table `competence_tests_competencetestitem`
--

DROP TABLE IF EXISTS `competence_tests_competencetestitem`;
/*!40101 SET @saved_cs_client     = @@character_set_client */;
/*!50503 SET character_set_client = utf8mb4 */;
CREATE TABLE `competence_tests_competencetestitem` (
  `id` bigint NOT NULL AUTO_INCREMENT,
  `competence_dimension_id` bigint NOT NULL,
  `impulse_item_id` bigint DEFAULT NULL,
  `threat_situation_id` bigint NOT NULL,
  PRIMARY KEY (`id`),
  KEY `competence_tests_com_competence_dimension_4e7a5aeb_fk_competenc` (`competence_dimension_id`),
  KEY `competence_tests_com_impulse_item_id_692e0e8d_fk_competenc` (`impulse_item_id`),
  KEY `competence_tests_com_threat_situation_id_143e0877_fk_threats_t` (`threat_situation_id`),
  CONSTRAINT `competence_tests_com_competence_dimension_4e7a5aeb_fk_competenc` FOREIGN KEY (`competence_dimension_id`) REFERENCES `competence_tests_competencedimension` (`id`),
  CONSTRAINT `competence_tests_com_impulse_item_id_692e0e8d_fk_competenc` FOREIGN KEY (`impulse_item_id`) REFERENCES `competence_tests_impulse` (`id`),
  CONSTRAINT `competence_tests_com_threat_situation_id_143e0877_fk_threats_t` FOREIGN KEY (`threat_situation_id`) REFERENCES `threats_threatsituation` (`id`)
) ENGINE=InnoDB AUTO_INCREMENT=471 DEFAULT CHARSET=utf8mb4 COLLATE=utf8mb4_0900_ai_ci;
/*!40101 SET character_set_client = @saved_cs_client */;

--
-- Dumping data for table `competence_tests_competencetestitem`
--

LOCK TABLES `competence_tests_competencetestitem` WRITE;
/*!40000 ALTER TABLE `competence_tests_competencetestitem` DISABLE KEYS */;
INSERT INTO `competence_tests_competencetestitem` VALUES (1,1,1,1),(2,2,NULL,1),(3,3,NULL,1),(4,4,NULL,1),(5,5,NULL,1),(6,6,NULL,1),(7,7,NULL,1),(8,1,2,2),(9,1,3,3),(10,2,NULL,3),(11,3,NULL,3),(12,4,NULL,3),(13,5,NULL,3),(14,6,NULL,3),(15,7,NULL,3),(16,2,NULL,2),(17,3,NULL,2),(18,4,NULL,2),(19,5,NULL,2),(20,6,NULL,2),(21,7,NULL,2),(30,1,5,5),(31,2,NULL,5),(32,3,NULL,5),(33,4,NULL,5),(34,5,NULL,5),(35,6,NULL,5),(36,7,NULL,5),(101,1,16,16),(102,2,NULL,16),(103,3,NULL,16),(104,4,NULL,16),(105,5,NULL,16),(106,6,NULL,16),(107,7,NULL,16),(108,1,15,17),(109,2,NULL,17),(110,3,NULL,17),(111,4,NULL,17),(112,5,NULL,17),(113,6,NULL,17),(114,7,NULL,17),(172,1,26,26),(173,2,NULL,26),(174,3,NULL,26),(175,4,NULL,26),(176,5,NULL,26),(177,6,NULL,26),(178,7,NULL,26),(179,1,27,28),(180,2,NULL,28),(181,3,NULL,28),(182,4,NULL,28),(183,5,NULL,28),(184,6,NULL,28),(185,7,NULL,28),(200,1,30,32),(201,2,NULL,32),(202,3,NULL,32),(203,4,NULL,32),(206,5,NULL,32),(214,1,32,34),(215,2,NULL,34),(216,3,NULL,34),(217,4,NULL,34),(218,5,NULL,34),(219,6,NULL,34),(220,7,NULL,34),(221,1,33,35),(222,2,NULL,35),(223,3,NULL,35),(224,4,NULL,35),(225,5,NULL,35),(226,6,NULL,35),(227,7,NULL,35),(249,1,37,39),(250,2,NULL,39),(251,3,NULL,39),(252,4,NULL,39),(253,5,NULL,39),(254,6,NULL,39),(255,7,NULL,39),(256,1,39,41),(257,2,NULL,41),(258,3,NULL,41),(259,4,NULL,41),(260,5,NULL,41),(261,6,NULL,41),(262,7,NULL,41),(263,1,40,42),(264,2,NULL,42),(265,3,NULL,42),(266,4,NULL,42),(267,5,NULL,42),(268,6,NULL,42),(269,7,NULL,42),(277,1,42,44),(278,2,NULL,44),(279,3,NULL,44),(280,4,NULL,44),(281,5,NULL,44),(282,6,NULL,44),(283,7,NULL,44),(284,1,43,45),(285,2,NULL,45),(286,3,NULL,45),(287,4,NULL,45),(288,5,NULL,45),(289,6,NULL,45),(290,7,NULL,45),(291,1,44,46),(292,2,NULL,46),(293,3,NULL,46),(294,4,NULL,46),(295,5,NULL,46),(296,6,NULL,46),(297,7,NULL,46),(298,1,46,48),(299,2,NULL,48),(300,3,NULL,48),(301,4,NULL,48),(302,5,NULL,48),(303,6,NULL,48),(304,7,NULL,48),(326,1,50,52),(327,2,NULL,52),(328,3,NULL,52),(329,4,NULL,52),(330,5,NULL,52),(331,6,NULL,52),(332,7,NULL,52),(354,1,54,56),(355,2,NULL,56),(356,3,NULL,56),(357,4,NULL,56),(358,5,NULL,56),(359,6,NULL,56),(360,7,NULL,56),(389,1,59,61),(390,2,NULL,61),(391,3,NULL,61),(392,4,NULL,61),(393,5,NULL,61),(394,6,NULL,61),(395,7,NULL,61),(396,1,60,62),(397,2,NULL,62),(398,3,NULL,62),(399,4,NULL,62),(400,5,NULL,62),(401,6,NULL,62),(402,7,NULL,62),(403,1,61,63),(404,2,NULL,63),(405,3,NULL,63),(406,4,NULL,63),(407,5,NULL,63),(408,6,NULL,63),(409,7,NULL,63),(410,1,62,65),(412,2,NULL,65),(413,3,NULL,65),(414,4,NULL,65),(415,5,NULL,65),(416,6,NULL,65),(417,7,NULL,65),(432,1,65,70),(434,3,NULL,70),(435,4,NULL,70),(436,5,NULL,70),(437,6,NULL,70),(438,7,NULL,70),(446,1,69,69),(447,2,NULL,69),(448,3,NULL,69),(449,4,NULL,69),(450,5,NULL,69),(451,6,NULL,69),(452,7,NULL,69),(453,1,70,73),(455,3,NULL,73),(456,4,NULL,73),(457,5,NULL,73),(458,6,NULL,73),(459,7,NULL,73),(460,6,NULL,32),(461,7,NULL,32),(462,1,10,74),(463,2,NULL,74),(464,3,NULL,74),(465,4,NULL,74),(466,5,NULL,74),(467,6,NULL,74),(468,7,NULL,74),(469,2,NULL,73),(470,2,NULL,70);
/*!40000 ALTER TABLE `competence_tests_competencetestitem` ENABLE KEYS */;
UNLOCK TABLES;

--
-- Table structure for table `competence_tests_competencetestitem_question_item`
--

DROP TABLE IF EXISTS `competence_tests_competencetestitem_question_item`;
/*!40101 SET @saved_cs_client     = @@character_set_client */;
/*!50503 SET character_set_client = utf8mb4 */;
CREATE TABLE `competence_tests_competencetestitem_question_item` (
  `id` bigint NOT NULL AUTO_INCREMENT,
  `competencetestitem_id` bigint NOT NULL,
  `questionitem_id` bigint NOT NULL,
  PRIMARY KEY (`id`),
  UNIQUE KEY `competence_tests_compete_competencetestitem_id_qu_b04fd1b5_uniq` (`competencetestitem_id`,`questionitem_id`),
  KEY `competence_tests_com_questionitem_id_2d59299d_fk_competenc` (`questionitem_id`),
  CONSTRAINT `competence_tests_com_competencetestitem_i_2611a1bb_fk_competenc` FOREIGN KEY (`competencetestitem_id`) REFERENCES `competence_tests_competencetestitem` (`id`),
  CONSTRAINT `competence_tests_com_questionitem_id_2d59299d_fk_competenc` FOREIGN KEY (`questionitem_id`) REFERENCES `competence_tests_questionitem` (`id`)
) ENGINE=InnoDB AUTO_INCREMENT=499 DEFAULT CHARSET=utf8mb4 COLLATE=utf8mb4_0900_ai_ci;
/*!40101 SET character_set_client = @saved_cs_client */;

--
-- Dumping data for table `competence_tests_competencetestitem_question_item`
--

LOCK TABLES `competence_tests_competencetestitem_question_item` WRITE;
/*!40000 ALTER TABLE `competence_tests_competencetestitem_question_item` DISABLE KEYS */;
INSERT INTO `competence_tests_competencetestitem_question_item` VALUES (1,1,1),(2,2,2),(3,3,3),(4,4,4),(5,5,5),(6,6,6),(7,7,7),(22,8,8),(9,9,15),(10,10,16),(11,11,17),(12,12,18),(13,13,5),(14,14,20),(15,15,21),(16,16,9),(17,17,10),(18,18,11),(19,19,12),(20,20,13),(21,21,14),(31,30,29),(32,31,30),(33,32,31),(34,33,32),(35,34,33),(36,35,34),(37,36,35),(102,101,99),(103,102,100),(104,103,101),(105,104,102),(106,105,103),(107,106,104),(108,107,105),(468,108,394),(470,109,395),(471,110,396),(469,111,397),(472,112,398),(473,113,399),(474,114,400),(173,172,169),(174,173,170),(175,174,171),(176,175,172),(177,176,173),(178,177,174),(179,178,175),(180,179,176),(181,180,177),(182,181,178),(183,182,179),(184,183,180),(185,184,181),(186,185,182),(201,200,205),(202,201,206),(203,202,207),(204,203,208),(207,206,209),(215,214,219),(216,215,220),(217,216,221),(477,217,222),(219,218,223),(220,219,224),(221,220,225),(478,221,113),(479,222,114),(480,223,115),(481,224,116),(482,225,117),(483,226,118),(484,227,119),(250,249,254),(251,250,255),(252,251,256),(253,252,257),(254,253,258),(255,254,259),(256,255,260),(257,256,268),(258,257,269),(259,258,270),(260,259,271),(261,260,272),(262,261,273),(264,262,274),(265,263,275),(266,264,276),(267,265,277),(268,266,278),(269,267,279),(270,268,280),(271,269,281),(279,277,289),(280,278,290),(281,279,291),(282,280,292),(283,281,293),(284,282,294),(285,283,295),(286,284,296),(462,285,51),(463,286,52),(464,287,53),(465,288,54),(466,289,55),(467,290,56),(293,291,303),(294,292,304),(295,293,305),(296,294,306),(297,295,307),(298,296,308),(299,297,309),(300,298,317),(301,299,318),(302,300,319),(303,301,320),(304,302,321),(305,303,322),(306,304,323),(328,326,345),(329,327,346),(330,328,347),(331,329,348),(332,330,349),(333,331,350),(334,332,351),(356,354,373),(357,355,374),(358,356,375),(359,357,376),(360,358,377),(361,359,378),(362,360,379),(391,389,408),(392,390,409),(393,391,410),(394,392,411),(395,393,412),(396,394,413),(397,395,414),(398,396,415),(399,397,416),(400,398,417),(401,399,418),(402,400,419),(403,401,420),(404,402,421),(405,403,422),(406,404,423),(407,405,424),(408,406,425),(409,407,426),(410,408,427),(411,409,428),(412,410,429),(414,412,430),(415,413,431),(416,414,432),(417,415,433),(418,416,434),(419,417,435),(434,432,457),(436,434,459),(437,435,460),(438,436,461),(439,437,462),(440,438,463),(448,446,450),(449,447,451),(450,448,452),(451,449,453),(452,450,454),(453,451,455),(454,452,456),(455,453,471),(457,455,473),(458,456,474),(459,457,475),(460,458,476),(461,459,477),(475,460,210),(476,461,211),(485,462,64),(492,463,65),(493,464,66),(494,465,67),(495,466,68),(496,467,69),(491,468,70),(497,469,472),(498,470,458);
/*!40000 ALTER TABLE `competence_tests_competencetestitem_question_item` ENABLE KEYS */;
UNLOCK TABLES;

--
-- Table structure for table `competence_tests_emailimpulse`
--

DROP TABLE IF EXISTS `competence_tests_emailimpulse`;
/*!40101 SET @saved_cs_client     = @@character_set_client */;
/*!50503 SET character_set_client = utf8mb4 */;
CREATE TABLE `competence_tests_emailimpulse` (
  `impulse_ptr_id` bigint NOT NULL,
  `impulse_text` varchar(800) DEFAULT NULL,
  PRIMARY KEY (`impulse_ptr_id`),
  CONSTRAINT `competence_tests_ema_impulse_ptr_id_717cee83_fk_competenc` FOREIGN KEY (`impulse_ptr_id`) REFERENCES `competence_tests_impulse` (`id`)
) ENGINE=InnoDB DEFAULT CHARSET=utf8mb4 COLLATE=utf8mb4_0900_ai_ci;
/*!40101 SET character_set_client = @saved_cs_client */;

--
-- Dumping data for table `competence_tests_emailimpulse`
--

LOCK TABLES `competence_tests_emailimpulse` WRITE;
/*!40000 ALTER TABLE `competence_tests_emailimpulse` DISABLE KEYS */;
INSERT INTO `competence_tests_emailimpulse` VALUES (3,'Schauen Sie sich die dargestellen E-Mails bitte genau an und lassen sich erst danach die erste Frage zu der ITS-Bedrohungssituation anzeigen.'),(5,'Schauen Sie sich die dargestellen E-Mails bitte genau an und lassen sich erst danach die erste Frage zu der ITS-Bedrohungssituation anzeigen.'),(6,'Schauen Sie sich die dargestellen E-Mails bitte genau an und lassen sich erst danach die erste Frage zu der ITS-Bedrohungssituation anzeigen.'),(15,'Schauen Sie sich die dargestellen E-Mails bitte genau an und lassen sich erst danach die erste Frage zu der ITS-Bedrohungssituation anzeigen.'),(20,'Schauen Sie sich die dargestellten E-Mails bitte genau an und lassen Sie sich erst danach die erste Frage zu der ITS-Bedrohungssituation anzeigen.'),(62,'Schauen Sie sich die dargestellten E-Mails bitte genau an und lassen Sie sich erst danach die erste Frage zu der ITS-Bedrohungssituation anzeigen.'),(69,'Schauen Sie sich die dargestellten E-Mails bitte genau an und lassen Sie sich erst danach die erste Frage zu der ITS-Bedrohungssituation anzeigen.');
/*!40000 ALTER TABLE `competence_tests_emailimpulse` ENABLE KEYS */;
UNLOCK TABLES;

--
-- Table structure for table `competence_tests_emailimpulse_email`
--

DROP TABLE IF EXISTS `competence_tests_emailimpulse_email`;
/*!40101 SET @saved_cs_client     = @@character_set_client */;
/*!50503 SET character_set_client = utf8mb4 */;
CREATE TABLE `competence_tests_emailimpulse_email` (
  `id` bigint NOT NULL AUTO_INCREMENT,
  `emailimpulse_id` bigint NOT NULL,
  `emailitem_id` bigint NOT NULL,
  PRIMARY KEY (`id`),
  UNIQUE KEY `competence_tests_emailim_emailimpulse_id_emailite_4a3171eb_uniq` (`emailimpulse_id`,`emailitem_id`),
  KEY `competence_tests_ema_emailitem_id_403e202a_fk_competenc` (`emailitem_id`),
  CONSTRAINT `competence_tests_ema_emailimpulse_id_a7d52e8f_fk_competenc` FOREIGN KEY (`emailimpulse_id`) REFERENCES `competence_tests_emailimpulse` (`impulse_ptr_id`),
  CONSTRAINT `competence_tests_ema_emailitem_id_403e202a_fk_competenc` FOREIGN KEY (`emailitem_id`) REFERENCES `competence_tests_emailitem` (`id`)
) ENGINE=InnoDB AUTO_INCREMENT=22 DEFAULT CHARSET=utf8mb4 COLLATE=utf8mb4_0900_ai_ci;
/*!40101 SET character_set_client = @saved_cs_client */;

--
-- Dumping data for table `competence_tests_emailimpulse_email`
--

LOCK TABLES `competence_tests_emailimpulse_email` WRITE;
/*!40000 ALTER TABLE `competence_tests_emailimpulse_email` DISABLE KEYS */;
INSERT INTO `competence_tests_emailimpulse_email` VALUES (1,3,1),(2,3,2),(3,3,3),(4,5,4),(5,5,5),(6,5,6),(9,6,7),(7,6,8),(8,6,9),(10,15,10),(11,15,11),(12,15,12),(13,20,13),(14,20,14),(15,20,15),(16,62,16),(17,62,17),(18,62,18),(19,69,19),(20,69,20),(21,69,21);
/*!40000 ALTER TABLE `competence_tests_emailimpulse_email` ENABLE KEYS */;
UNLOCK TABLES;

--
-- Table structure for table `competence_tests_emailitem`
--

DROP TABLE IF EXISTS `competence_tests_emailitem`;
/*!40101 SET @saved_cs_client     = @@character_set_client */;
/*!50503 SET character_set_client = utf8mb4 */;
CREATE TABLE `competence_tests_emailitem` (
  `id` bigint NOT NULL AUTO_INCREMENT,
  `email_name` varchar(140) DEFAULT NULL,
  `email_sender` varchar(140) DEFAULT NULL,
  `email_recipient` varchar(140) DEFAULT NULL,
  `email_regarding` varchar(140) DEFAULT NULL,
  `email_content` longtext,
  `email_image_sender` varchar(100) DEFAULT NULL,
  `email_date` time(6) NOT NULL,
  `email_teaser` longtext,
  `email_is_signed_image` varchar(100) DEFAULT NULL,
  PRIMARY KEY (`id`)
) ENGINE=InnoDB AUTO_INCREMENT=22 DEFAULT CHARSET=utf8mb4 COLLATE=utf8mb4_0900_ai_ci;
/*!40101 SET character_set_client = @saved_cs_client */;

--
-- Dumping data for table `competence_tests_emailitem`
--

LOCK TABLES `competence_tests_emailitem` WRITE;
/*!40000 ALTER TABLE `competence_tests_emailitem` DISABLE KEYS */;
INSERT INTO `competence_tests_emailitem` VALUES (1,'Phishing/Mailsystem/Impuls1','lukas.maier2000@gmail.com','Christian Müller','Angebot für 2022','Hallo, hier ist das Dokument, nach dem Sie gefragt haben. Melden Sie sich bitte, falls Sie noch Fragen haben.\r\nLukas Müller hat einen Link freigegeben:\r\n\r\n<a href=\"#\" style=\"color: #007bff; text-decoration: underline;\">http://www1.drive-google.ru/lukas.maier/angebot/</a>\r\n\r\nViele Grüße\r\nLukas Maier\r\nArneo GmbH','static/images/Screenshot_2022-10-24_at_22.22.21.png','20:13:46.000000','Hallo, hier ist das Dokument, nach dem Sie gefragt haben. Melden Sie sich bitte, falls Sie noch Fragen haben.\r\nLukas Müller hat einen Link freigegeben:',''),(2,'Phishing/Mailsystem/Impuls2','christian.schlosser22@gmail.com','Christian Müller','Deine Angestelltenakte','Hallo, Herr Müller, nicht wundern, ich habe Probleme mit unserem Firmenpostfach. Ich aktualisiere Ihre Angestelltenakte und muss sicherstellen, dass Ihr Geburtsdatum und Ihre Wohnadresse noch aktuell sind.\r\nKönnen Sie mir das so schnell wie möglich zukommen lassen?\r\n\r\nFreundliche Grüße\r\nChristina Schlosser\r\nHuman Resources Department\r\nchristina.schlosser@arneo.com','static/images/Screenshot_2022-10-24_at_22.23.00.png','20:31:14.000000','Hallo, Herr Müller, nicht wundern, ich habe Probleme mit unserem Firmenpostfach. Ich aktualisiere Ihre Angestelltenakte und muss sicherstellen, dass Ihr Geburtsdatum und Ihre Wohnadresse noch aktuell sind.',NULL),(3,'Phishing/Mailsystem/Impuls3','mark.kistner@arneo.com','Christian Müller','Telefonnummer','Hi, kannst du mir bitte deine private Nummer schicken - ich möchte dich um einen Gefallen bitten.','static/images/Screenshot_2022-10-24_at_22.22.21_KVvyYcq.png','20:32:29.000000','Hi, kannst du mir bitte deine private Nummer schicken - ich möchte dich um einen Gefallen bitten.',NULL),(4,'Malware/Mailsystem/Impuls1','anna.brand@gmail.com','Sven Müller','Plankosten','Guten Tag, \r\n\r\nanbei finden Sie die vorläufigen Plankosten 2022 zur Prüfung. \r\n\r\nBitte melden Sie sich unmittelbar, wenn Korrekturen vorgenommen werden sollen. \r\n\r\n<a href=\"#\" style=\"color: #007bff; text-decoration: underline;\">http://personal.pt/t/f8k5talbrxxe/Plankosten2022.xlsx</a>\r\n\r\nDanke und viele Grüße\r\nAnna Brand\r\nAbteilung Buchhaltung & Finanzen\r\nanna.brand@arneo.com','','14:16:09.000000','Guten Tag, anbei finden Sie die vorläufigen Plankosten 2022 zur Prüfung. Bitte melden Sie sich unmittelbar, wenn Korrekturen vorgenommen werden sollen.',''),(5,'Malware/Mailsystem/Impuls2','denise.miller@gmail.com','Sven Müller','Updated INV# 312821','Hello,\r\nPlease see the attached invoice.\r\n\r\n<a href=\"#\" style=\"color: #007bff; text-decoration: underline;\">http://www1.drive-google.com/denise.miller8328/INV312821.html</a>\r\n\r\nDenise Miller','','14:17:35.000000','Hello,\r\nPlease see the attached invoice.',''),(6,'Malware/Mailsystem/Impuls3','anna.brand@arneo.com','Sven Müller','Nutzung dienstliche E-Mail','Guten Tag, \r\n\r\ndamit kostbare Ressourcen geschont werden, soll in allen Arbeitsbereichen der Einsatz von Papierausdrucken reduziert werden. \r\nDer Informationsaustausch in elektronischer Form wird daher weiter ausgebaut. Weitere Informationen entnehmen Sie bitte folgendem PDF-Dokument: \r\n\r\n<a href=\"#\" style=\"color: #007bff; text-decoration: underline;\">https://mydocs.xtech.com/sites/281/Informationen_zu_Papierausdruck.pdf</a>\r\n\r\nMit freundlichen Grüßen\r\nIhre Abteilung Buchhaltung & Finanzen','','14:18:31.000000','Guten Tag, damit kostbare Ressourcen geschont werden, soll in allen Arbeitsbereichen der Einsatz von Papierausdrucken reduziert werden',''),(7,'SA/Malware/Mailsystem/Impuls1','sven.mueller@gmail.com','Sebastian Schmidt','Ausstellungsmessen für die smarten Ventilatoren','Guten Tag, anbei finden Sie die die weiteren Ausstellungsmessen, auf denen wir unsere smarten Ventilatoren präsentieren und Kunden akquirieren können. Bitte melden Sie sich unmittelbar, wenn Sie auf eine der genannten Messen nicht vor Ort sein können.\r\n\r\n<a href=\"#\" style=\"color: #007bff; text-decoration: underline;\">http://personal.pt/t/f8k5talbrxxe/Austellungsmessen2022.xlsx</a>\r\n\r\nDanke und viele Grüße\r\nSven Müller\r\nAbteilung Vertrieb & Marketing\r\nsven.mueller@arneo.com','','14:24:08.000000','Guten Tag, anbei finden Sie die die weiteren Ausstellungsmessen, auf denen wir unsere smarten Ventilatoren präsentieren und Kunden akquirieren können. Bitte melden Sie sich unmittelbar, wenn Sie auf eine der genannten Messen nicht vor Ort sein können.',''),(8,'SA/Malware/Mailsystem/Impuls2','denise.miller@gmail.com','Sebastian Schmidt','Updated INV# 312821','Hello,\r\nPlease see the attached invoice.\r\n\r\n<a href=\"#\" style=\"color: #007bff; text-decoration: underline;\">http://www1.drive-google.com/denise.miller8328/INV312821.html</a>\r\n\r\nDenise Miller','','14:25:14.000000','Hello,\r\nPlease see the attached invoice.',''),(9,'SA/Malware/Mailsystem/Impuls3','anna.brand@arneo.com','Sebastian Schmidt','Nutzung dienstliche E-Mail','Guten Tag, damit kostbare Ressourcen geschont werden, soll in allen Arbeitsbereichen der Einsatz von Papierausdrucken reduziert werden. Der Informationsaustausch in elektronischer Form wird daher weiter ausgebaut. Weitere Informationen entnehmen Sie bitte folgendem PDF-Dokument: \r\n\r\n<a href=\"#\" style=\"color: #007bff; text-decoration: underline;\">https://mydocs.xtech.com/sites/281/Informationen_zu_Papierausdruck.pdf</a>\r\n\r\nMit freundlichen Grüßen\r\nIhre Abteilung Buchhaltung & Finanzen','','14:26:09.000000','Guten Tag, damit kostbare Ressourcen geschont werden, soll in allen Arbeitsbereichen der Einsatz von Papierausdrucken reduziert werden. Der Informationsaustausch in elektronischer Form wird daher weiter ausgebaut.',''),(10,'FK/Phishing/Mailsystem/Impuls 2','f.schuhmann@gmx.de','Frau Blitz','Apero Einladung','Hallo Frau Blitz,\r\nvielen Dank für die gute Zusammenarbeit in den letzten Monaten. Das Projekt \"Smarte Ventilatoren\" war ein voller Erfolg, weshalb ich gerne im Anschluss des nächsten Meetings zu einem Apéro einladen möchte.\r\n\r\nZur Terminplanung bitte hier klicken: <a href=\"#\" style=\"color: #007bff; text-decoration: underline;\">https://terminplaner.dfn.de//NSD(BSAm2qnleyayNIP</a>\r\n\r\nMit den besten Grüßen\r\nFabian Schuhmann \r\nGeschäftsführer \r\nfabian.schuhmann@arneo.com','','06:00:00.000000','Hallo Frau Blitz,\r\nvielen Dank für die gute Zusammenarbeit in den letzten Monaten. Das Projekt \"Smarte Ventilatoren\" war ein voller Erfolg, weshalb ich gerne im Anschluss des nächsten Meetings zu einem Apéro einladen möchte.',''),(11,'FK/Phishing/Mailsystem/Impuls 3','fabian.schuhmann@arneo.com','Du','Präsentation der Verkaufszahlen','Liebes Projektteam, \r\nvielen Dank für die gute Zusammenarbeit in den letzten Monaten. Das Projekt \"Smarte Ventilatoren\" war ein voller Erfolg, weshalb ich Ihnen gerne im nächsten Meeeting die Verkaufszahlen präsentieren möchte. \r\nIch danke Ihnen im Namen der ganzen Arneo GmbH für Ihren Einsatz!\r\n\r\nMit den besten Grüßen \r\nFabian Schuhmann \r\nGeschäftsführer\r\nfabian.schuhmann@arneo.com','','14:37:58.000000','Liebes Projektteam, \r\nvielen Dank für die gute Zusammenarbeit in den letzten Monaten. Das Projekt \"Smarte Ventilatoren\" war ein voller Erfolg, weshalb ich Ihnen gerne im nächsten Meeeting die Verkaufszahlen präsentieren möchte.',NULL),(12,'FK/Phishing/Mailsystem/Impuls 1','fabian.schuhmann@gmx.ru','Frau Blitz','Erfolgreiches Projekt','Hallo Frau Blitz, \r\nvielen Dank für die gute Zusammenarbeit in den letzten Monaten. Das Projekt \"Smarte Ventilatoren\" war ein voller Erfolg, weshalb ich Ihnen gerne die Verkaufszahlen präsentieren möchte. \r\nHierzu klicken Sie bitte auf den folgenden Link. \r\n\r\n<a href=\"#\" style=\"color: #007bff; text-decoration: underline;\">http://www1.drive-google.ru/arneogmbh/verkaufszahlen/</a>\r\n\r\nMit den besten Grüßen \r\nFabian Schuhmann \r\nGeschäftsführer \r\nfabian.schuhmann@arneo.com','','14:43:37.000000','Hallo Frau Blitz, \r\nvielen Dank für die gute Zusammenarbeit in den letzten Monaten. Das Projekt \"Smarte Ventilatoren\" war ein voller Erfolg, weshalb ich Ihnen gerne die Verkaufszahlen präsentieren möchte.',''),(13,'Privat/Phishing/Mailsystem/Impuls1','SparkasseMitteilung@gmail.com','Mike Bauer','Mitteilung Ihrer Sparkasse','Sehr geehrte*r Kund*in,\r\nDurch die neuen Änderungen des Bundes sind wir die Kreditinstitute dazu verpflichtet in regelmäßigen Abständen Informationen unserer Sparkassen-Kunden zu überprüfen.\r\n\r\nWir als Ihr Kreditinstitut haben die neuen Gesetze umgesetzt.\r\n\r\nMit dem Verfahren können unsere Kunden Ihre Informationen für die Legitimation ganz einfach durchführen.\r\nAnschließend werden die von Ihnen eingetragenen Informationen an einen unserer Kundenbetreuer übermittelt und vervollständigt.\r\n\r\nDie Überprüfung muss bis zum 20.7.2023 abgeschlossen werden. Wir bitten Sie daher diese Legitimation schnellst-möglich zu vervollständigen. Andernfalls werden wichtige Funktionen Ihres Giro-Kontos für eine bestimmte Zeit eingeschränkt.\r\n\r\n<Zur Bestätigung>\r\n\r\nWir bedanken uns für Ihre Aufmerksamkeit.\r\nViele Grüße, Ihre Sparkasse','','15:26:37.000000','Sehr geehrte*r Kund*in,\r\nDurch die neuen Änderungen des Bundes sind wir die Kreditinstitute dazu verpflichtet in regelmäßigen Abständen Informationen unserer Sparkassen-Kunden zu überprüfen.',NULL),(14,'Privat/Phishing/Mailsystem/Impuls2','SparkasseMitteilung@gmail.com','Mike Bauer','Ihre Zustimmung ist gefragt!','Sehr geehrter Herr Bauer,\r\ndamit wir unsere gemeinsame Geschäftsverbindung fortführen können, benötigen wir als Sparkasse dringend Ihre aktive Zustimmung.\r\n\r\nEinen ausführlichen Brief inkl. der Bedingungen finden Sie in Ihrem Online-Banking.\r\n\r\nSie können uns ganz einfach Ihr Einverständnis mit einer Antwort auf diese E-Mail geben. Dazu schreiben Sie bitte in Ihre Antwort Ihren Anmeldenamen sowie Ihr Passwort von Ihrem Online-Banking-Zugang.\r\n\r\nWir bedanken uns für Ihre Aufmerksamkeit.\r\nViele Grüße, Ihre Sparkasse','','15:26:37.000000','Sehr geehrter Herr Bauer,\r\ndamit wir unsere gemeinsame Geschäftsverbindung fortführen können, benötigen wir als Sparkasse dringend Ihre aktive Zustimmung.',NULL),(15,'Privat/Phishing/Mailsystem/Impuls3','info@sparkasse.de','Mike Bauer','Informationsbogen zur Einlagensicherung','Sehr geehrter Herr Bauer,\r\nwir sind verpflichtet, Sie einmal im Jahr über die Sicherheit Ihrer Einlagen gemäß Einlagensicherungsgesetz zu informieren. Daher erhalten Sie heute von uns das gesetzlich vorgeschriebene Formular als jährliche Information zum Einlagensicherungsgesetz. Sie müssen nichts weiter tun.\r\n\r\nDas Sicherungssystem der Sparkassen-Finanzgruppe besteht seit Inkrafttreten des Einlagensicherungsgesetzes im Juli 2015 aus zwei Komponenten: Der gesetzlichen Einlagensicherung, die dem Einleger im Entschädigungsfall einen Erstattungsanspruch in Höhe von bis zu 100.000 EUR seiner Einlagen nach Maßgabe des Einlagensicherungsgesetz (EinSiG) gewährt, sowie der freiwilligen Institutssicherung, deren primäre Zielsetzung darauf gerichtet ist, einen Entschädigungsfall zu vermeiden und die ihm angehörenden Institute selbst zu schützen.\r\n\r\nWir bedanken uns für Ihre Aufmerksamkeit.\r\nViele Grüße, Ihre Sparkasse','','15:26:37.000000','Sehr geehrter Herr Bauer,\r\nwir sind verpflichtet, Sie einmal im Jahr über die Sicherheit Ihrer Einlagen gemäß Einlagensicherungsgesetz zu informieren.',NULL),(16,'GF/Einschleusen von Malware/Mailsystem/Email 1','IT-Bot@gmail.com','maria.arneo@arneo.com','Problem mit Passwort','Guten Morgen,\r\ndies ist eine automatisch generierte Nachricht aus Ihrer IT-Abteilung. Es hat verdächtige Unregelmäßigkeiten im Log-In Ihres Cloud-Zugangs gegeben. Bitte klicken Sie <a href=\"#\" style=\"color: #007bff; text-decoration: underline;\">hier</a>, um Ihr Passwort zu erneuern.\r\n\r\n\r\nMit freundlichen Grüßen\r\nIhre IT-Abteilung','','11:54:00.000000','Guten Morgen,\r\ndies ist eine automatisch generierte Nachricht aus Ihrer IT-Abteilung.',NULL),(17,'GF/Einschleusen von Malware/Mailsystem/Email 2','j.müller@it_arneo.com','maria.arneo@arneo.com','Problem mit Paswort','Sehr geehrte Frau Arneo,\r\n\r\nmein Name ist Joachim Müller und ich bin Teil der IT-Abteilung. Es hat verdächtige Unregelmäßigkeiten im Log-In ihres Cloud-Zugangs gegeben.\r\n\r\nBitte kontaktieren Sie mich telefonisch unter +49 040 73206783.\r\n\r\nMit freundlichen Grüßen\r\nJoachim Müller','','11:54:00.000000','Sehr geehrte Frau Arneo,\r\n\r\nmein Name ist Joachim Müller und ich bin Teil der IT-Abteilung. Es hat verdächtige Unregelmäßigkeiten im Log-In ihres Cloud-Zugangs gegeben.',NULL),(18,'GF/Einschleusen von Malware/Mailsystem/Email 3','j.müller@it_arneo.com','maria.arneo@arneo.com','Problem mit Passwort','Sehr geehrter Frau Arneo,\r\n\r\nmein Name ist Joachim Müller und ich bin Teil der IT-Abteilung. Es hat verdächtige Unregelmäßigkeiten im Log-In ihres Cloud-Zugangs gegeben.\r\nBitte klicken Sie <a href=\"#\" style=\"color: #007bff; text-decoration: underline;\">hier</a>, um Ihr Passwort zu erneuern.\r\n\r\nMit freundlichen Grüßen\r\nJoachim Müller','','11:54:00.000000','Sehr geehrter Frau Arneo,\r\n\r\nmein Name ist Joachim Müller und ich bin Teil der IT-Abteilung. Es hat verdächtige Unregelmäßigkeiten im Log-In ihres Cloud-Zugangs gegeben.',NULL),(19,'GF/(Speer)-Phishing/Mailsystem/Email 1','it.arneo@gmail.com','maria.arneo@arneo.com','Microsoft Office','Guten Morgen Frau Arneo,\r\n\r\nim Name der IT-Abteilung möchte ich Sie darauf hinweisen, dass Sie die Microsoft Office Software auf Ihrem Computer updaten müssen. Bitte klicken Sie dafür auf den folgenden Link und melden sich mit Ihrem Single Sign-on der Arneo GmbH an.\r\nVielen Dank für Ihre Mitarbeit!\r\n\r\n<a href=\"#\" style=\"color: #007bff; text-decoration: underline;\">https://www.microsoft.com/de-de/microsoft-356/get-started-with-office-2021?market=de</a>\r\n\r\nMit freundlichen Grüßen\r\nClaudia Schmidt','','11:54:00.000000','Guten Morgen Frau Arneo,\r\n\r\nim Name der IT-Abteilung möchte ich Sie darauf hinweisen, dass Sie die Microsoft Office Software auf Ihrem Computer updaten müssen.',''),(20,'GF/(Speer)-Phishing/Mailsystem/Email 2','it-arneo.gmbh@gmail.com','maria.arneo@arneo.com','Microsoft Office','Guten Morgen Frau Arneo,\r\n\r\nim Namen der IT-Abteilung möchte ich Sie darauf hinweisen, dass Sie die Microsoft Office Software auf Ihrem Computer updaten müssen. Bitte klicken Sie dafür auf den folgenden Link und melden sich mit Ihrem Single Sign-on der Arno GmbH an.\r\nVielen Dank für Ihre Mitarbeit!\r\n\r\n<a href=\"#\" style=\"color: #007bff; text-decoration: underline;\">https://www.microsoft.com/de-de/microsoft-356/get-started-with-office-2021?market=de</a>\r\nMit freundlichen Grüßen, \r\nClaudia Schmidt','','11:54:00.000000','Guten Morgen Frau Arneo,\r\n\r\nim Namen der IT-Abteilung möchte ich Sie darauf hinweisen, dass Sie die Microsoft Office Software auf Ihrem Computer updaten müssen.','static/images/email-not-signed.png'),(21,'GF/(Speer)-Phishing/Mailsystem/Email 3','claudia.schmidt@arneo.com','maria.arneo@arneo.com','Microsoft Office','Guten Morgen Frau Arneo,\r\n\r\nim Name der IT-Abteilung möchte ich Sie darauf hinweisen, dass Sie die Microsoft Office Software auf Ihrem Computer updaten müssen. Bitte klicken Sie dafür auf den folgenden Link und melden sich mit Ihrem Single Sign-on der Arneo GmbH an.\r\nVielen Dank für Ihre Mitarbeit!\r\n\r\n<a href=\"#\" style=\"color: #007bff; text-decoration: underline;\">https://www.microsoft.com/de-de/microsoft-356/get-started-with-office-2021?market=de</a>\r\nMit freundlichen Grüßen\r\nClaudia','','11:54:00.000000','Guten Morgen Frau Arneo,\r\n\r\nim Name der IT-Abteilung möchte ich Sie darauf hinweisen, dass Sie die Microsoft Office Software auf Ihrem Computer updaten müssen.','static/images/email-signed.png');
/*!40000 ALTER TABLE `competence_tests_emailitem` ENABLE KEYS */;
UNLOCK TABLES;

--
-- Table structure for table `competence_tests_imageimpulse`
--

DROP TABLE IF EXISTS `competence_tests_imageimpulse`;
/*!40101 SET @saved_cs_client     = @@character_set_client */;
/*!50503 SET character_set_client = utf8mb4 */;
CREATE TABLE `competence_tests_imageimpulse` (
  `impulse_ptr_id` bigint NOT NULL,
  `impulse_text` longtext,
  PRIMARY KEY (`impulse_ptr_id`),
  CONSTRAINT `competence_tests_ima_impulse_ptr_id_eb582100_fk_competenc` FOREIGN KEY (`impulse_ptr_id`) REFERENCES `competence_tests_impulse` (`id`)
) ENGINE=InnoDB DEFAULT CHARSET=utf8mb4 COLLATE=utf8mb4_0900_ai_ci;
/*!40101 SET character_set_client = @saved_cs_client */;

--
-- Dumping data for table `competence_tests_imageimpulse`
--

LOCK TABLES `competence_tests_imageimpulse` WRITE;
/*!40000 ALTER TABLE `competence_tests_imageimpulse` DISABLE KEYS */;
INSERT INTO `competence_tests_imageimpulse` VALUES (1,'Hierzu werden Ihnen im Folgenden drei unterschiedliche Szenarien skizziert. Bitte schauen Sie sich diese in Ruhe an und lassen sich erst danach die erste Frage zu der ITS-Bedrohungssituation anzeigen.'),(2,'Hierzu werden Ihnen im Folgenden drei unterschiedliche Szenarien skizziert. Bitte schauen Sie sich diese in Ruhe an und lassen sich erst danach die erste Frage zu der ITS-Bedrohungssituation anzeigen.'),(7,'Hierzu werden Ihnen im Folgenden drei unterschiedliche Szenarien skizziert. Bitte schauen Sie sich diese in Ruhe an und lassen sich erst danach die erste Frage zu der ITS-Bedrohungssituation anzeigen.'),(8,'Hierzu werden Ihnen im Folgenden drei unterschiedliche Szenarien skizziert. Bitte schauen Sie sich diese in Ruhe an und lassen sich erst danach die erste Frage zu der ITS-Bedrohungssituation anzeigen.'),(9,'Hierzu werden Ihnen im Folgenden drei unterschiedliche Szenarien skizziert. Bitte schauen Sie sich diese in Ruhe an und lassen sich erst danach die erste Frage zu der ITS-Bedrohungssituation anzeigen.'),(11,'Hierzu werden Ihnen im Folgenden drei unterschiedliche Szenarien skizziert. Bitte schauen Sie sich diese in Ruhe an und lassen sich erst danach die erste Frage zu der ITS-Bedrohungssituation anzeigen.'),(12,'Hierzu werden Ihnen im Folgenden drei unterschiedliche Szenarien skizziert. Bitte schauen Sie sich diese in Ruhe an und lassen sich erst danach die erste Frage zu der ITS-Bedrohungssituation anzeigen.'),(13,'Hierzu werden Ihnen im Folgenden drei unterschiedliche Szenarien skizziert. Bitte schauen Sie sich diese in Ruhe an und lassen sich erst danach die erste Frage zu der ITS-Bedrohungssituation anzeigen.'),(14,'Hierzu werden Ihnen im Folgenden drei unterschiedliche Szenarien skizziert. Bitte schauen Sie sich diese in Ruhe an und lassen sich erst danach die erste Frage zu der ITS-Bedrohungssituation anzeigen.'),(16,'Hierzu werden Ihnen im Folgenden drei unterschiedliche Szenarien skizziert. Bitte schauen Sie sich diese in Ruhe an und lassen sich erst danach die erste Frage zu der ITS-Bedrohungssituation anzeigen.'),(17,'Hierzu werden Ihnen im Folgenden drei unterschiedliche Szenarien skizziert. Bitte schauen Sie sich diese in Ruhe an und lassen sich erst danach die erste Frage zu der ITS-Bedrohungssituation anzeigen.'),(18,'For this you will find three different scenarios outlined below. Please take your time to look at them and only then display the first question on the ITS threat situation.'),(19,'Hierzu werden Ihnen im Folgenden drei unterschiedliche Szenarien skizziert. Bitte schauen Sie sich diese in Ruhe an und lassen sich erst danach die erste Frage zu der ITS-Bedrohungssituation anzeigen.'),(22,'Hierzu werden Ihnen im Folgenden drei unterschiedliche Szenarien skizziert. Bitte schauen Sie sich diese in Ruhe an und lassen sich erst danach die erste Frage zu der ITS-Bedrohungssituation anzeigen.'),(23,'Hierzu werden Ihnen im Folgenden drei unterschiedliche Szenarien skizziert. Bitte schauen Sie sich diese in Ruhe an und lassen sich erst danach die erste Frage zu der ITS-Bedrohungssituation anzeigen.'),(24,'Hierzu werden Ihnen im Folgenden drei unterschiedliche Szenarien skizziert. Bitte schauen Sie sich diese in Ruhe an und lassen sich erst danach die erste Frage zu der ITS-Bedrohungssituation anzeigen.'),(25,'Hierzu werden Ihnen im Folgenden drei unterschiedliche Szenarien skizziert. Bitte schauen Sie sich diese in Ruhe an und lassen sich erst danach die erste Frage zu der ITS-Bedrohungssituation anzeigen.'),(26,'Hierzu werden Ihnen im Folgenden drei unterschiedliche Szenarien skizziert. Bitte schauen Sie sich diese in Ruhe an und lassen sich erst danach die erste Frage zu der ITS-Bedrohungssituation anzeigen.'),(27,'Hierzu werden Ihnen im Folgenden drei unterschiedliche Szenarien skizziert. Bitte schauen Sie sich diese in Ruhe an und lassen sich erst danach die erste Frage zu der ITS-Bedrohungssituation anzeigen.'),(29,'Hierzu werden Ihnen im Folgenden drei unterschiedliche Szenarien skizziert. Bitte schauen Sie sich diese in Ruhe an und lassen sich erst danach die erste Frage zu der ITS-Bedrohungssituation anzeigen.'),(30,'Hierzu werden Ihnen im Folgenden drei unterschiedliche Szenarien skizziert. Bitte schauen Sie sich diese in Ruhe an und lassen sich erst danach die erste Frage zu der ITS-Bedrohungssituation anzeigen.'),(31,'Hierzu werden Ihnen im Folgenden drei unterschiedliche Szenarien skizziert. Bitte schauen Sie sich diese in Ruhe an und lassen sich erst danach die erste Frage zu der ITS-Bedrohungssituation anzeigen.'),(32,'Hierzu werden Ihnen im Folgenden drei unterschiedliche Szenarien skizziert. Bitte schauen Sie sich diese in Ruhe an und lassen sich erst danach die erste Frage zu der ITS-Bedrohungssituation anzeigen.'),(33,'Hierzu werden Ihnen im Folgenden drei unterschiedliche Szenarien skizziert. Bitte schauen Sie sich diese in Ruhe an und lassen sich erst danach die erste Frage zu der ITS-Bedrohungssituation anzeigen.'),(34,'Hierzu werden Ihnen im Folgenden drei unterschiedliche Szenarien skizziert. Bitte schauen Sie sich diese in Ruhe an und lassen sich erst danach die erste Frage zu der ITS-Bedrohungssituation anzeigen.'),(35,'Hierzu werden Ihnen im Folgenden drei unterschiedliche Szenarien skizziert. Bitte schauen Sie sich diese in Ruhe an und lassen sich erst danach die erste Frage zu der ITS-Bedrohungssituation anzeigen.'),(36,'Hierzu werden Ihnen im Folgenden drei unterschiedliche Szenarien skizziert. Bitte schauen Sie sich diese in Ruhe an und lassen sich erst danach die erste Frage zu der ITS-Bedrohungssituation anzeigen.'),(37,'Hierzu werden Ihnen im Folgenden drei unterschiedliche Szenarien skizziert. Bitte schauen Sie sich diese in Ruhe an und lassen sich erst danach die erste Frage zu der ITS-Bedrohungssituation anzeigen.'),(38,'Hierzu werden Ihnen im Folgenden drei unterschiedliche Szenarien skizziert. Bitte schauen Sie sich diese in Ruhe an und lassen sich erst danach die erste Frage zu der ITS-Bedrohungssituation anzeigen.'),(39,'Hierzu werden Ihnen im Folgenden drei unterschiedliche Szenarien skizziert. Bitte schauen Sie sich diese in Ruhe an und lassen sich erst danach die erste Frage zu der ITS-Bedrohungssituation anzeigen.'),(40,'Hierzu werden Ihnen im Folgenden drei unterschiedliche Szenarien skizziert. Bitte schauen Sie sich diese in Ruhe an und lassen sich erst danach die erste Frage zu der ITS-Bedrohungssituation anzeigen.'),(41,'Hierzu werden Ihnen im Folgenden drei unterschiedliche Szenarien skizziert. Bitte schauen Sie sich diese in Ruhe an und lassen sich erst danach die erste Frage zu der ITS-Bedrohungssituation anzeigen.'),(42,'Hierzu werden Ihnen im Folgenden drei unterschiedliche Szenarien skizziert. Bitte schauen Sie sich diese in Ruhe an und lassen sich erst danach die erste Frage zu der ITS-Bedrohungssituation anzeigen.'),(43,'Hierzu werden Ihnen im Folgenden drei unterschiedliche Szenarien skizziert. Bitte schauen Sie sich diese in Ruhe an und lassen sich erst danach die erste Frage zu der ITS-Bedrohungssituation anzeigen.'),(44,'Hierzu werden Ihnen im Folgenden drei unterschiedliche Szenarien skizziert. Bitte schauen Sie sich diese in Ruhe an und lassen sich erst danach die erste Frage zu der ITS-Bedrohungssituation anzeigen.'),(45,'Hierzu werden Ihnen im Folgenden drei unterschiedliche Szenarien skizziert. Bitte schauen Sie sich diese in Ruhe an und lassen sich erst danach die erste Frage zu der ITS-Bedrohungssituation anzeigen.'),(46,'Hierzu werden Ihnen im Folgenden drei unterschiedliche Szenarien skizziert. Bitte schauen Sie sich diese in Ruhe an und lassen sich erst danach die erste Frage zu der ITS-Bedrohungssituation anzeigen.'),(47,'Hierzu werden Ihnen im Folgenden drei unterschiedliche Szenarien skizziert. Bitte schauen Sie sich diese in Ruhe an und lassen sich erst danach die erste Frage zu der ITS-Bedrohungssituation anzeigen.'),(48,'Hierzu werden Ihnen im Folgenden drei unterschiedliche Szenarien skizziert. Bitte schauen Sie sich diese in Ruhe an und lassen sich erst danach die erste Frage zu der ITS-Bedrohungssituation anzeigen.'),(49,'Hierzu werden Ihnen im Folgenden drei unterschiedliche Szenarien skizziert. Bitte schauen Sie sich diese in Ruhe an und lassen sich erst danach die erste Frage zu der ITS-Bedrohungssituation anzeigen.'),(50,'Hierzu werden Ihnen im Folgenden drei unterschiedliche Szenarien skizziert. Bitte schauen Sie sich diese in Ruhe an und lassen sich erst danach die erste Frage zu der ITS-Bedrohungssituation anzeigen.'),(51,'Hierzu werden Ihnen im Folgenden drei unterschiedliche Szenarien skizziert. Bitte schauen Sie sich diese in Ruhe an und lassen sich erst danach die erste Frage zu der ITS-Bedrohungssituation anzeigen.'),(52,'Hierzu werden Ihnen im Folgenden drei unterschiedliche Szenarien skizziert. Bitte schauen Sie sich diese in Ruhe an und lassen sich erst danach die erste Frage zu der ITS-Bedrohungssituation anzeigen.'),(53,'Hierzu werden Ihnen im Folgenden drei unterschiedliche Szenarien skizziert. Bitte schauen Sie sich diese in Ruhe an und lassen sich erst danach die erste Frage zu der ITS-Bedrohungssituation anzeigen.'),(54,'Hierzu werden Ihnen im Folgenden drei unterschiedliche Szenarien skizziert. Bitte schauen Sie sich diese in Ruhe an und lassen sich erst danach die erste Frage zu der ITS-Bedrohungssituation anzeigen.'),(55,'Hierzu werden Ihnen im Folgenden drei unterschiedliche Szenarien skizziert. Bitte schauen Sie sich diese in Ruhe an und lassen sich erst danach die erste Frage zu der ITS-Bedrohungssituation anzeigen.'),(56,'Hierzu werden Ihnen im Folgenden drei unterschiedliche Szenarien skizziert. Bitte schauen Sie sich diese in Ruhe an und lassen sich erst danach die erste Frage zu der ITS-Bedrohungssituation anzeigen.'),(57,'Hierzu werden Ihnen im Folgenden drei unterschiedliche Szenarien skizziert. Bitte schauen Sie sich diese in Ruhe an und lassen sich erst danach die erste Frage zu der ITS-Bedrohungssituation anzeigen.'),(59,'Hierzu werden Ihnen im Folgenden drei unterschiedliche Szenarien skizziert. Bitte schauen Sie sich diese in Ruhe an und lassen sich erst danach die erste Frage zu der ITS-Bedrohungssituation anzeigen.'),(60,'Hierzu werden Ihnen im Folgenden drei unterschiedliche Szenarien skizziert. Bitte schauen Sie sich diese in Ruhe an und lassen sich erst danach die erste Frage zu der ITS-Bedrohungssituation anzeigen.'),(61,'Hierzu werden Ihnen im Folgenden drei unterschiedliche Szenarien skizziert. Bitte schauen Sie sich diese in Ruhe an und lassen sich erst danach die erste Frage zu der ITS-Bedrohungssituation anzeigen.'),(63,'Hierzu werden Ihnen im Folgenden drei unterschiedliche Szenarien skizziert. Bitte schauen Sie sich diese in Ruhe an und lassen sich erst danach die erste Frage zu der ITS-Bedrohungssituation anzeigen.'),(65,'Hierzu werden Ihnen im Folgenden drei unterschiedliche Szenarien skizziert. Bitte schauen Sie sich diese in Ruhe an und lassen sich erst danach die erste Frage zu der ITS-Bedrohungssituation anzeigen.'),(67,''),(70,'');
/*!40000 ALTER TABLE `competence_tests_imageimpulse` ENABLE KEYS */;
UNLOCK TABLES;

--
-- Table structure for table `competence_tests_imageimpulse_image`
--

DROP TABLE IF EXISTS `competence_tests_imageimpulse_image`;
/*!40101 SET @saved_cs_client     = @@character_set_client */;
/*!50503 SET character_set_client = utf8mb4 */;
CREATE TABLE `competence_tests_imageimpulse_image` (
  `id` bigint NOT NULL AUTO_INCREMENT,
  `imageimpulse_id` bigint NOT NULL,
  `imageitem_id` bigint NOT NULL,
  PRIMARY KEY (`id`),
  UNIQUE KEY `competence_tests_imageim_imageimpulse_id_imageite_fb24790d_uniq` (`imageimpulse_id`,`imageitem_id`),
  KEY `competence_tests_ima_imageitem_id_9e687a5b_fk_competenc` (`imageitem_id`),
  CONSTRAINT `competence_tests_ima_imageimpulse_id_e6360aad_fk_competenc` FOREIGN KEY (`imageimpulse_id`) REFERENCES `competence_tests_imageimpulse` (`impulse_ptr_id`),
  CONSTRAINT `competence_tests_ima_imageitem_id_9e687a5b_fk_competenc` FOREIGN KEY (`imageitem_id`) REFERENCES `competence_tests_imageitem` (`id`)
) ENGINE=InnoDB AUTO_INCREMENT=182 DEFAULT CHARSET=utf8mb4 COLLATE=utf8mb4_0900_ai_ci;
/*!40101 SET character_set_client = @saved_cs_client */;

--
-- Dumping data for table `competence_tests_imageimpulse_image`
--

LOCK TABLES `competence_tests_imageimpulse_image` WRITE;
/*!40000 ALTER TABLE `competence_tests_imageimpulse_image` DISABLE KEYS */;
INSERT INTO `competence_tests_imageimpulse_image` VALUES (8,1,8),(9,1,9),(10,1,10),(5,2,5),(6,2,6),(7,2,7),(32,16,32),(33,16,33),(34,16,34),(35,17,35),(36,17,36),(37,17,37),(41,19,41),(42,19,42),(43,19,43),(56,26,57),(57,26,58),(58,26,59),(59,27,60),(60,27,61),(61,27,62),(65,29,66),(66,29,67),(67,29,68),(68,30,69),(69,30,70),(70,30,71),(74,32,75),(75,32,76),(76,32,77),(78,33,78),(79,33,79),(77,33,80),(89,37,90),(90,37,91),(91,37,92),(95,39,96),(96,39,97),(97,39,98),(98,40,99),(99,40,100),(100,40,101),(104,42,105),(105,42,106),(106,42,107),(107,43,108),(108,43,109),(109,43,110),(112,44,111),(110,44,112),(111,44,113),(116,46,117),(117,46,118),(118,46,119),(128,50,129),(129,50,130),(130,50,131),(155,59,156),(156,59,157),(157,59,158),(160,60,159),(158,60,160),(159,60,161),(161,61,162),(162,61,163),(163,61,164),(170,65,171),(171,65,173),(172,65,174),(178,70,178),(179,70,179),(180,70,180);
/*!40000 ALTER TABLE `competence_tests_imageimpulse_image` ENABLE KEYS */;
UNLOCK TABLES;

--
-- Table structure for table `competence_tests_imageitem`
--

DROP TABLE IF EXISTS `competence_tests_imageitem`;
/*!40101 SET @saved_cs_client     = @@character_set_client */;
/*!50503 SET character_set_client = utf8mb4 */;
CREATE TABLE `competence_tests_imageitem` (
  `id` bigint NOT NULL AUTO_INCREMENT,
  `image_name` varchar(140) DEFAULT NULL,
  `image_field` varchar(100) NOT NULL,
  `image_description` longtext,
  PRIMARY KEY (`id`)
) ENGINE=InnoDB AUTO_INCREMENT=181 DEFAULT CHARSET=utf8mb4 COLLATE=utf8mb4_0900_ai_ci;
/*!40101 SET character_set_client = @saved_cs_client */;

--
-- Dumping data for table `competence_tests_imageitem`
--

LOCK TABLES `competence_tests_imageitem` WRITE;
/*!40000 ALTER TABLE `competence_tests_imageitem` DISABLE KEYS */;
INSERT INTO `competence_tests_imageitem` VALUES (5,'LinkedIn-Impuls1_SE_SM','static/images/Impuls_1_ez6Lx2N.png',''),(6,'LinkedIn_Impuls2_SE_SM','static/images/Impuls_2_0dfr6Y1.png',''),(7,'LinkedIn_Impuls3_SE_SM','static/images/Impuls_3_8w4poJc.png',''),(8,'Teams_Impuls_SE_KO_1','static/images/Impuls_1_CMwwSnh.png',''),(9,'Teams_Impuls_SE_KO_2','static/images/Impuls_2_sNelFod.png',''),(10,'Teams_Impuls_SE_KO_3','static/images/Impuls_3_lwvysms.png',''),(32,'FK/Kompromittierung von Informationssystemen/Internes Informationssystem (Buchhaltungssystem)/Impuls 1','static/images/AP_3.1_Impuls_1___weniger_zutreffend.png','Die Kundendaten wurden gelöscht.'),(33,'FK/Kompromittierung von Informationssystemen/Internes Informationssystem (Buchhaltungssystem)/Impuls 2','static/images/AP_3.1_Impuls_2___zutreffend.png','Die IBAN wurde auf allen Rechnungen geändert.'),(34,'FK/Kompromittierung von Informationssystemen/Internes Informationssystem (Buchhaltungssystem)/Impuls 3','static/images/AP_3.1_Impuls_3___am_wenigsten_zutreffend.png','Das Belegdatum im Buchhaltungssystem wurde gelöscht.'),(35,'ITAD/Durchführung von nicht zielgerichteten Zero-Day-Angriffen/Server/Impuls 1','static/images/AP_1.4_1.19_Impuls_1_7HBqP2M.jpg','Es gibt einen Alternate Data Stream mit kryptischer EXE'),(36,'ITAD/Durchführung von nicht zielgerichteten Zero-Day-Angriffen/Server/Impuls 2','static/images/AP_1.4_1.19_Impuls_2.jpg','Ein Skript mit \".\" ist versteckt'),(37,'ITAD/Durchführung von nicht zielgerichteten Zero-Day-Angriffen/Server/Impuls 3','static/images/AP_1.4_1.19_Impuls_3.jpg','Es ist alles normal'),(41,'Geschäftsführung/Kompromittierung/PC/Impuls1','static/images/AP_5.1_Impuls_12.png',''),(42,'Geschäftsführung/Kompromittierung/PC/Impuls2','static/images/AP_5.1_Impuls_22.png',''),(43,'Geschäftsführung/Kompromittierung/PC/Impuls3','static/images/AP_5.1_Impuls_32.png',''),(57,'Falscher Umgang mit kritischen und/oder sensiblen Informationen/Mitarbeiter/Sachbearbeiter*in Innendienst/Bild Impuls 1','static/images/AP_2.8_Impuls_1.png',''),(58,'Falscher Umgang mit kritischen und/oder sensiblen Informationen/Mitarbeiter/Sachbearbeiter*in Innendienst/Bild Impuls 2','static/images/AP_2.8_Impuls_2.png',''),(59,'Falscher Umgang mit kritischen und/oder sensiblen Informationen/Mitarbeiter/Sachbearbeiter*in Innendienst/Bild Impuls 3','static/images/AP_2.8_Impuls_3.png',''),(60,'Weitergabe Sensibler Informationen/Sensible Informationen/Implus 1','static/images/AP_2.5_Impuls_1_Pos._3.png',''),(61,'Weitergabe Sensibler Informationen/Sensible Informationen/Implus 2','static/images/AP_2.5_Impuls_2_Pos._2.png',''),(62,'Weitergabe Sensibler Informationen/Sensible Informationen/Implus 3','static/images/AP_2.5_Impuls_3_Pos._3.png',''),(66,'Sachbearbeiter innen/social engineering/Mitarbeiter/Impuls 1','static/images/AP_2.7_Impuls_1_Pos._1_MgqtNcs.png',''),(67,'Sachbearbeiter innen/social engineering/Mitarbeiter/Impuls 2','static/images/AP_2.7_Impuls_2_Pos._2.png',''),(68,'Sachbearbeiter innen/social engineering/Mitarbeiter/Impuls 3','static/images/AP_2.7_Impuls_3_Pos._3.png',''),(69,'Führungskraft/Social Engineering/Kollaborationssystem/Impuls 1','static/images/Impuls_1.png',''),(70,'Führungskraft/Social Engineering/Kollaborationssystem/Impuls 2','static/images/Impuls_2.png',''),(71,'Führungskraft/Social Engineering/Kollaborationssystem/Impuls 3','static/images/Impuls_3.png',''),(75,'IT Admin/Durchführung von Brute-Force-Anmeldeversuchen/Passworterratungsangriffen/Sever/Impuls 1','static/images/AP_1.3_Impuls_1_Pos._2_q7ubrAq.png',''),(76,'IT Admin/Durchführung von Brute-Force-Anmeldeversuchen/Passworterratungsangriffen/Sever/Impuls 2','static/images/AP_1.3_Impuls_2_Pos._1_MlztyJK.png',''),(77,'IT Admin/Durchführung von Brute-Force-Anmeldeversuchen/Passworterratungsangriffen/Sever/Impuls 3','static/images/AP_1.3_Impuls_3_Pos._3_GVP6dGE.png',''),(78,'IT Admin/Durchführung von nicht zielgerichteten Zero-Day-Angriffen/Server/Impuls 1','static/images/AP_1.4_1.19_Impuls_1_Pos._1_5A9C5Oq.PNG','Alternate Data Stream mit kryptischer EXE.'),(79,'IT Admin/Durchführung von nicht zielgerichteten Zero-Day-Angriffen/Server/Impuls 2','static/images/AP_1.4_1.19_Impuls_2_Pos._2.PNG','Skript mit \".\" versteckt'),(80,'IT Admin/Durchführung von nicht zielgerichteten Zero-Day-Angriffen/Server/Impuls 3','static/images/AP_1.4_1.19_Impuls_3_Pos._3_U6pANK4.PNG','Alles ist normal.'),(90,'IT Admin/Umfassende Laufwerksfehler/Server/Impuls 1','static/images/AP_1.1_Impuls_1.png',''),(91,'IT Admin/Umfassende Laufwerksfehler/Server/Impuls 2','static/images/AP_1.1_Impuls_2.png',''),(92,'IT Admin/Umfassende Laufwerksfehler/Server/Impuls 3','static/images/AP_1.1_Impuls_3.png',''),(96,'IT Admin/Durchführung von Brute-Force-Anmeldeversuchen/Laptop/Impuls 1','static/images/AP_1.5_Impuls_1.png',''),(97,'IT Admin/Durchführung von Brute-Force-Anmeldeversuchen/Laptop/Impuls 2','static/images/AP_1.5_Impuls_2.png',''),(98,'IT Admin/Durchführung von Brute-Force-Anmeldeversuchen/Laptop/Impuls 3','static/images/AP_1.5_Impuls_3.png',''),(99,'IT Admin/Bereitstellung (modifizierter) Malware für interne Informationssysteme der Organisation/Browser/Impuls 1','static/images/AP_1.6_Impuls_1.png',''),(100,'IT Admin/Bereitstellung (modifizierter) Malware für interne Informationssysteme der Organisation/Browser/Impuls 2','static/images/AP_1.6_Impuls_2.png',''),(101,'IT Admin/Bereitstellung (modifizierter) Malware für interne Informationssysteme der Organisation/Browser/Impuls 3','static/images/AP_1.6_Impuls_3.png',''),(105,'SBA/Verbreitung von Malware durch Bereitstellung von Wechselmedien/USB-Stick/Impuls 1','static/images/AP_4.8_Impuls_1_Pos_3.png',''),(106,'SBA/Verbreitung von Malware durch Bereitstellung von Wechselmedien/USB-Stick/Impuls 2','static/images/AP_4.8_Impuls_2_Pos_2.png',''),(107,'SBA/Verbreitung von Malware durch Bereitstellung von Wechselmedien/USB-Stick/Impuls 3','static/images/AP_4.8_Impuls_3_Pos_1.png',''),(108,'SBA/Kompromittierung von Informationssystemen/Laptop/Impuls 1','static/images/AP_4.11_Impuls_1.png','Sie setzten sich in ein nettes Cafè. Das Passwort für das Cafè eigene WLAN ist auf die Getränkekarte gedruckt.'),(109,'SBA/Kompromittierung von Informationssystemen/Laptop/Impuls 2','static/images/AP_4.11_Impuls_2.png','Sie setzten sich in ein Cafè. Leider bietet das Cafè kein eigenes WLAN an. Der Barista weist Sie aber darauf hin, dass die örtlichen Stadtwerke ein öffentliches Netzwerk in diesem Bereich betreiben. Sie müssen via einer E-Mail-Adresse identifizieren und können anschließend für eine Stunde kostenlos das Internet nutzen.'),(110,'SBA/Kompromittierung von Informationssystemen/Laptop/Impuls 3','static/images/AP_4.11_Impuls_3.png','Sie setzten sich in ein Cafè. Auf der Getränkekarte steht, dass das Café kein WLAN hat. Sie sehen aber ein Netzwerk auf das Sie in diesem Bereich zugreifen können.'),(111,'SBA/Phishing/Social Media Systeme/Impuls 1','static/images/Impuls_1_fVdVdxS.png',''),(112,'SBA/Phishing/Social Media Systeme/Impuls 2','static/images/Impuls_2_CkN1pgz.png',''),(113,'SBA/Phishing/Social Media Systeme/Impuls 3','static/images/Impuls_3_279d2w0.png',''),(117,'SBA/Festplattenfehler/USB/Impuls 1','static/images/AP_4.2_Impuls_1.png',''),(118,'SBA/Festplattenfehler/USB/Impuls 2','static/images/AP_4.2_Impuls_2.png',''),(119,'SBA/Festplattenfehler/USB/Impuls 3','static/images/AP_4.2_Impuls_3.png',''),(129,'SBA/Kompromittierung von Informationssystemen oder Geräten/Telefon/Impuls 1','static/images/AP_4.12_Impuls_1.png',''),(130,'SBA/Kompromittierung von Informationssystemen oder Geräten/Telefon/Impuls 2','static/images/AP_4.12_Impuls_2.png',''),(131,'SBA/Kompromittierung von Informationssystemen oder Geräten/Telefon/Impuls 3','static/images/AP_4.12_Impuls_3.png',''),(156,'FK/Durchführung von nicht zielgerichteten Zero-Day-Angriffen/Buchhaltungssystem/Impuls 1','static/images/AP_3.2_Impuls_1.png',''),(157,'FK/Durchführung von nicht zielgerichteten Zero-Day-Angriffen/Buchhaltungssystem/Impuls 2','static/images/AP_3.2_Impuls_2.png',''),(158,'FK/Durchführung von nicht zielgerichteten Zero-Day-Angriffen/Buchhaltungssystem/Impuls 3','static/images/AP_3.2_Impuls_3.png',''),(159,'GF/Durchführung von Brute-Force-Anmeldeversuchen/PC/Impuls 1','static/images/AP_5.2_Impuls_1_Pos._1.png','Die Log-In-Maske Ihres Computers zeigt an, dass die maximale Anzahl an Anmeldeversuchen überschritten wurde. Die Anmeldung ist für mehrere Stunden gesperrt. Der Bildschirm zeigt außerdem an, dass ein USB-Stick falsch ausgeworfen wurde.'),(160,'GF/Durchführung von Brute-Force-Anmeldeversuchen/PC/Impuls 2','static/images/AP_5.2_Impuls_3_Pos._2.png','Die Log-In-Maske Ihres Computers zeigt an, dass Sie Ihr Passwort aus Sicherheitsgründen ändern müssen. Sie sind irritiert, da Sie das schon vor 3 Monaten machen mussten.'),(161,'GF/Durchführung von Brute-Force-Anmeldeversuchen/PC/Impuls 3','static/images/AP_5.2_Impuls_2_Pos._3.png','Nach dem Einloggen mit ihrem gewöhnlichen Log-In, werden Sie aufgefordert, eine Sicherheitsfrage zu beantworten. Sie können sich nicht erinnern, je eine Sicherheitsfrage eingestellt zu haben.'),(162,'GF/Kompromittierung von Informationssystemen oder Geräten/Telefon/Impuls 1','static/images/AP_5.6_Impuls_1_Pos._1.png','Sie finden auf dem Flughafen eine Ladesäule, an der Sie über einen USB-Port ihr Handy aufladen können. Dazu verbinden Sie ihr Diensthandy über ein USB-C- oder Lightning-Kabel direkt mit der Ladesäule.'),(163,'GF/Kompromittierung von Informationssystemen oder Geräten/Telefon/Impuls 2','static/images/AP_5.6_Impuls_2_Pos._2.png','Sie finden auf dem Flughafen eine Ladesäule von einem bekannten Stromanbieter. Es ist eine Werbeaktion und eine Mitarbeitende steht dabei, die für günstige Stromverträge wirbt. Hier können Sie ihr Handy über einen USB-Port und ein USB-C- oder Lightning-Kabel aufladen.'),(164,'GF/Kompromittierung von Informationssystemen oder Geräten/Telefon/Impuls 3','static/images/AP_5.6_Impuls_3_Pos._3.png','Sie fragen bei einer Bäckerei nach und dürfen eine der Steckdosen der Bäckerei nutzen. Sie benutzen ihren eigenen Ladeadapter zusätzlich zu Ihrem USB-C- oder Lightning-Kabel um Ihr Diensthandy zu laden.'),(171,'GF/Falsche Berechtigungseinstellungen/Mitarbeiter/Impuls 1','static/images/AP_5.12_Impuls_1.png',''),(173,'GF/Falsche Berechtigungseinstellungen/Mitarbeiter/Impuls 2','static/images/AP_5.12_Impuls_2.png',''),(174,'GF/Falsche Berechtigungseinstellungen/Mitarbeiter/Impuls 3','static/images/AP_5.12_Impuls_3.png',''),(178,'FK/Falsche Berechtigungseinstellungen/Mitarbeiter/Impuls 1','static/images/AP_3.14_Impuls_1.png',''),(179,'FK/Falsche Berechtigungseinstellungen/Mitarbeiter/Impuls 2','static/images/AP_3.14_Impuls_2.png',''),(180,'FK/Falsche Berechtigungseinstellungen/Mitarbeiter/Impuls 3','static/images/AP_3.14_Impuls_3.png','');
/*!40000 ALTER TABLE `competence_tests_imageitem` ENABLE KEYS */;
UNLOCK TABLES;

--
-- Table structure for table `competence_tests_impulse`
--

DROP TABLE IF EXISTS `competence_tests_impulse`;
/*!40101 SET @saved_cs_client     = @@character_set_client */;
/*!50503 SET character_set_client = utf8mb4 */;
CREATE TABLE `competence_tests_impulse` (
  `id` bigint NOT NULL AUTO_INCREMENT,
  `impulse_name` varchar(140) DEFAULT NULL,
  `polymorphic_ctype_id` int DEFAULT NULL,
  PRIMARY KEY (`id`),
  KEY `competence_tests_imp_polymorphic_ctype_id_44a7b769_fk_django_co` (`polymorphic_ctype_id`),
  CONSTRAINT `competence_tests_imp_polymorphic_ctype_id_44a7b769_fk_django_co` FOREIGN KEY (`polymorphic_ctype_id`) REFERENCES `django_content_type` (`id`)
) ENGINE=InnoDB AUTO_INCREMENT=72 DEFAULT CHARSET=utf8mb4 COLLATE=utf8mb4_0900_ai_ci;
/*!40101 SET character_set_client = @saved_cs_client */;

--
-- Dumping data for table `competence_tests_impulse`
--

LOCK TABLES `competence_tests_impulse` WRITE;
/*!40000 ALTER TABLE `competence_tests_impulse` DISABLE KEYS */;
INSERT INTO `competence_tests_impulse` VALUES (1,'Social Engineering/Kollborationssystem/Sachbearbeiter*in Innendienst/Bild Impuls 1',21),(2,'Social Engineering/Social Media System/Sachbearbeiter*in Innendienst/Bild Impuls 1',21),(3,'E-Mail Impuls1',22),(4,'Chat Impuls/Social Engineering/Instantmessenger',23),(5,'E-Mail Impuls 2',22),(6,'SA/Malware/Mailsystem/Impuls',22),(7,'Malware/USB-Stick/Sachbearbeiter*in Außendienst/Bild Impuls 1',21),(8,'Kompromittierung Informationssysteme/Laptop/Sachbearbeiter*in Außendienst/Bild Impuls 1',21),(9,'Social Engineering/Social Media System/Sachbearbeiter*in Außendienst/Bild Impuls 1',21),(10,'Chat Impuls/Social Engineering/Instantmessenger2',23),(11,'Web Defacement/Social Media System/Privatperson/Bild Impuls 1',21),(12,'Social Engineering/Instantmessenger/Privatperson/Bild Impuls 1',21),(13,'Man-in-the-Middle-Angriff/Vernetztes Auto/Privatperson/Bild Impuls 1',21),(14,'Malware über Wechseldatenträger/USB-Stick/Privatperson/Bild Impuls 1',21),(15,'FK/Phishing/Mailsystem/Impulse',22),(16,'FK/Kompromittierung von Informationssystemen/Internes Informationssystem (Buchhaltungssystem)/Impulse',21),(17,'ITAD/Durchführung von nicht zielgerichteten Zero-Day-Angriffen/Server/Impulse',21),(18,'Man-in-the-Middle-Attack/Connectedcar/Consumer/Impulse',21),(19,'Geschäftsführung/Kompromittierung/PC/Impulse',21),(20,'Privat/Phishing/Mailsystem/Impulse',22),(21,'Chat Impuls/Privat/Social Engineering/Instantmessenger',23),(22,'Privat/MalwareDownload/Wearable/Impulse',21),(23,'Privat/SchlechteKonfiguration/IoT/Impulse',21),(24,'Privat/Pharming/OnlineBanking/Impulse',21),(25,'Privat/ShoppingBetrug/OnlineShop/Impulse',21),(26,'Falscher Umgang mit kritischen und/oder sensiblen Informationen/Mitarbeiter/Sachbearbeiter*in Innendienst/Bild Impuls',21),(27,'Weitergabe sensibler Informationen/Mitarbeiter/Sachbearbeiter*in Innendienst/Bild Impulse',21),(29,'Sachbearbeiter innen/social engineering/Mitarbeiter/Impulse',21),(30,'Führungskraft/Social Engineering/Kollaborationssystem/Impulse',21),(31,'IT Admin/Bereitstellung von Malware/Internes Informationssystem/Impulse',21),(32,'IT Admin/Durchführung von Brute-Force-Anmeldeversuchen/Passworterratungsangriffen/Sever/Impulse',21),(33,'IT Admin/Durchführung von nicht zielgerichteten Zero-Day-Angriffen/Sever/Impulse',21),(34,'IT Admin/Bereitstellung (modifizierter) Malware für interne Informationssysteme der Organisation/Mailsystem/Impulse',21),(35,'IT Admin/Bereitstellung gezielter Schadsoftware zur Kontrolle interner Systeme und zur Exfiltration von Daten/Mailsystem/Impulse',21),(36,'IT Admin/Durchführung von nicht zielgerichteten Zero-Day-Angriffen/Netzwerk/Impulse',21),(37,'IT Admin/Umfassende Laufwerksfehler/Server/Impulse',21),(38,'IT Admin/Durchführung einfacher/verteilter/gezielter Denial-of-Service-Angriffe/Server/Impulse',21),(39,'IT Admin/Durchführung von Brute-Force-Anmeldeversuchen/Laptop/Impulse',21),(40,'IT Admin/Bereitstellung (modifizierter) Malware für interne Informationssysteme der Organisation/Browser/Impulse',21),(41,'SBA/Einschleusen bekannter Malware in interne Informationssysteme der Organisation/Mailsystem/Impulse',21),(42,'SBA/Verbreitung von Malware durch Bereitstellung von Wechselmedien/USB-Stick/Impulse',21),(43,'SBA/Kompromittierung von Informationssystemen/Laptop/Impulse',21),(44,'SBA/Phishing/Social Media Systeme/Impulse',21),(45,'SBA/Phishing/Instantmessenger/Impulse',21),(46,'SBA/Festplattenfehler/USB/Impulse',21),(47,'SBA/Einschleusen bekannter Malware in interne Informationssysteme der Organisation/Instantmessenger/Impulse',21),(48,'SBA/Einschleusen modifizierter Malware in interne Informationssysteme der Organisation/Instantmessenger/Impulse',21),(49,'SBA/Bereitstellung gezielter Schadsoftware zur Kontrolle interner Systeme und zur Exfiltration von Daten/Instantmessenger/Impulse',21),(50,'SBA/Kompromittierung von Informationssystemen oder Geräten/Telefon/Impulse',21),(51,'SBI/Social Engineering/Instant Messenger/Impulse',21),(52,'SBI/Social Engineering/Mailsystem/Impulse',21),(53,'SBI/Social Engineering/Social Media Systeme/Impulse',21),(54,'SBI/Unzureichende Zugangskontrolle/Mitarbeiter/Impulse',21),(55,'FK/Phishing/Instantmessenger/Impulse',21),(56,'FK/Social Engineering/Instantmessenger/Impulse',21),(57,'FK/Phishing/Mailsystem/Impulse',21),(59,'FK/Durchführung von nicht zielgerichteten Zero-Day-Angriffen/Buchhaltungssystem/Impulse',21),(60,'GF/Durchführung von Brute-Force-Anmeldeversuchen/PC/Impulse',21),(61,'GF/Kompromittierung von Informationssystemen oder Geräten/Telefon/Impulse',21),(62,'GF/Einschleusen von Malware/Mailsystem/Email Impulse',22),(63,'GF/Ausnutzen bekannter Schwachstellen/Smartphone/Impulse',21),(65,'GF/Falsche Berechtigungseinstellungen/Mitarbeiter/Impulse',21),(67,'GF/Spoofing/Online-Banking/Impulse',21),(69,'GF/(Speer)-Phishing/Mailsystem/Emails',22),(70,'FK/Falsche Berechtigungseinstellungen/Mitarbeiter/Impulse',21);
/*!40000 ALTER TABLE `competence_tests_impulse` ENABLE KEYS */;
UNLOCK TABLES;

--
-- Table structure for table `competence_tests_questionitem`
--

DROP TABLE IF EXISTS `competence_tests_questionitem`;
/*!40101 SET @saved_cs_client     = @@character_set_client */;
/*!50503 SET character_set_client = utf8mb4 */;
CREATE TABLE `competence_tests_questionitem` (
  `id` bigint NOT NULL AUTO_INCREMENT,
  `question_name` varchar(140) DEFAULT NULL,
  `question` longtext,
  `type` int NOT NULL,
  PRIMARY KEY (`id`)
) ENGINE=InnoDB AUTO_INCREMENT=478 DEFAULT CHARSET=utf8mb4 COLLATE=utf8mb4_0900_ai_ci;
/*!40101 SET character_set_client = @saved_cs_client */;

--
-- Dumping data for table `competence_tests_questionitem`
--

LOCK TABLES `competence_tests_questionitem` WRITE;
/*!40000 ALTER TABLE `competence_tests_questionitem` DISABLE KEYS */;
INSERT INTO `competence_tests_questionitem` VALUES (1,'Threat Awareness/Sachbearbeiter*in Innendienst/Social Engineering/Kollaborationssystem','Bei welcher der folgenden möglichen Anfragen gehen Sie am ehesten von einem Angriff aus?\r\n\r\nBitte sortieren Sie nach diesem Schema: \r\n[1] Ich gehe am ehesten davon aus, dass ein ausgefeilter Angriff vorliegt.  \r\n[2] Ich gehe weniger davon aus, dass ein ausgefeilter Angriff vorliegt. \r\n[3] Ich gehe nicht davon aus, dass ein ausgefeilter Angriff vorliegt.',3),(2,'Threat Identification/Sachbearbeiter*in Innendienst/Social Engineering/Kollborationssystem','Bitte betrachten Sie nochmals dieses Szenario genauer. Was konkret macht DIESE Nachricht zu einem Sicherheitsrisiko?  Wählen Sie die zutreffenden zwei Antworten aus.',2),(3,'Threat Impact Assessment/Sachbearbeiter*in Innendienst/Social Engineering/Kollaborationssystem','Gehen Sie davon aus, dass diese Nachricht einen Cyberangriff darstellt. Welche Konsequenz könnte ein Fehlverhalten schlimmstenfalls nach sich ziehen?',1),(4,'Tactic Choice/Sachbearbeiter Innendienst/Social Engineering/Kollaborationssystem','Welche der aufgeführten Maßnahmen sollten Sie angesichts dieser Bedrohung als Erstes ergreifen?',1),(5,'Tactic Justification/Sachbearbeiter*in Innendienst/Kollaborationssystem','Der erste Schritt besteht darin, die Identität des Absenders zu überprüfen. Warum ist das in dieser Situation wichtig?',1),(6,'Tactic Mastery/Sachbearbeiter*in Innendienst/Kollaborationssystem','Wie geht man konkret vor, um die Identität des Absenders zu überprüfen?',1),(7,'Tactic Check & Follow-Up/Sachbearbeiter*in Innendienst/Kollaborationssystem','Sie haben durch die Identitätsprüfung festgestellt, dass die Nachricht einen Angriff darstellt. Welche ergänzende Maßnahme zur Gefahrenabwehr ist in dieser Situation notwendig?',1),(8,'Threat Awareness/Sachbearbeiter*in Innendienst/Social Engineering/Social Media System','Bei welcher der folgenden Nachrichten gehen Sie am ehesten davon aus, dass ein solch ausgefeilter Angriff vorliegt? \r\n\r\nBitte sortieren Sie nach diesem Schema: \r\n[1] Ich gehe am ehesten davon aus,dass ein ausgefeilter Angriff vorliegt. \r\n[2] Ich gehe weniger davon aus, dass ein ausgefeilter Angriff vorliegt. \r\n[3] Ich gehe nicht davon aus, dass ein ausgefeilter Angriff vorliegt.',3),(9,'Threat Identification/Sachbearbeiter*in Innendienst/Social Engineering/Social Media System','Bitte betrachten Sie nochmals dieses Szenario genauer. Was konkret macht DIESE Nachricht zu einem Sicherheitsrisiko?  Wählen Sie die richtigen zwei Antworten aus.',2),(10,'Threat Impact Assessment/Sachbearbeiter*in Innendienst/Social Engineering/Social Media System','Gehen Sie davon aus, dass diese Nachricht einen Cyberangriff darstellt. Welche Konsequenz könnte ein Fehlverhalten schlimmstenfalls nach sich ziehen?',1),(11,'Tactic Choice/Sachbearbeiter*in Innendienst/Social Engineering/Social Media System','Welche der aufgeführten Maßnahmen sollten Sie angesichts dieser Bedrohung als Erstes ergreifen?',1),(12,'Tactic Justification/Sachbearbeiter*in Innendienst/Social Engineering/Social Media System','Der erste Schritt besteht darin, die Identität von Paula zu überprüfen. Warum ist das in dieser Situation wichtig?',1),(13,'Tactic Mastery/Sachbearbeiter*in Innendienst/Social Engineering/Social Media System','Wie geht man konkret vor, die Identität von Paula zu überprüfen?',1),(14,'Tactic Check & Follow-Up/Sachbearbeiter*in Innendienst/Social Engineering/Social Media System','Sie haben durch die Identitätsprüfung festgestellt, dass die Nachricht nicht von der echten Paula stammt. Welche ergänzende Maßnahme zur Gefahrenabwehr ist in dieser Situation notwendig?',1),(15,'Threat Awareness/Sachbearbeiter*in Innendienst/Phishing/Mailsystem','Bei welcher der folgenden E-Mails gehen Sie am ehesten davon aus, dass ein ausgefeilter Angriff vorliegt? \r\n\r\nBitte sortieren Sie nach diesem Schema: \r\n[1] Ich gehe am ehesten davon aus, dass ein ausgefeilter Angriff vorliegt. \r\n[2] Ich gehe weniger davon aus, dass ein ausgefeilter Angriff vorliegt. \r\n[3] Ich gehe nicht davon aus, dass ein ausgefeilter Angriff vorliegt.',3),(16,'Threat Identification/Sachbearbeiter*in Innendienst/Phishing/Mailsystem','Bitte betrachten Sie nochmals diese Nachricht genauer. Was konkret macht DIESE Nachricht zu einem Sicherheitsrisiko?  Wählen Sie die richtigen drei Antworten aus.',2),(17,'Threat Impact Assessment/Sachbearbeiter*in Innendienst/Phishing/Mailsystem','Gehen Sie davon aus, dass diese Nachricht einen Cyberangriff darstellt. Welche Konsequenz könnte ein Fehlverhalten schlimmstenfalls nach sich ziehen?',1),(18,'Tactic Choice/Sachbearbeiter*in Innendienst/Phishing/Mailsystem','Welche der aufgeführten Maßnahmen sollten Sie angesichts dieser Bedrohung als Erstes ergreifen?',1),(19,'Tactic Justification/Sachbearbeiter*in Innendienst/Phishing/Mailsystem','Der erste Schritt besteht darin, die Echtheit der Nachricht und die Identität des Absenders zu überprüfen. Warum ist das in dieser Situation wichtig?',1),(20,'Tactic Mastery/Sachbearbeiter*in Innendienst/Phishing/Mailsystem','Wie geht man konkret vor, um die Echtheit der Nachricht und die Identität des Absenders zu überprüfen?',1),(21,'Tactic Check & Follow Up/Sachbearbeiter*in Innendienst/Phishing/Mailsystem','Sie haben durch die Identitätsprüfung festgestellt, dass die Nachricht nicht von Lukas Maier stammt. Welche ergänzende Maßnahme zur Gefahrenabwehr ist in dieser Situation notwendig?',1),(22,'Threat Awareness/Sachbearbeiter*in Innendienst/Social Engineering/Instantmessenger','Bei welcher der folgenden möglichen Anfragen gehen Sie am ehesten von einem Angriff aus?\r\n\r\nBitte sortieren Sie nach diesem Schema: \r\n[1] Ich gehe am ehesten davon aus, dass ein ausgefeilter Angriff vorliegt.  \r\n[2] Ich gehe weniger davon aus, dass ein ausgefeilter Angriff vorliegt. \r\n[3] Ich gehe nicht davon aus, dass ein ausgefeilter Angriff vorliegt.',3),(23,'Threat Identification/Sachbearbeiter*in Innendienst/Social Engineering/Instantmessenger','Was konkret macht DIESE Nachricht zu einem Sicherheitsrisiko? \r\nWählen Sie die zwei zutreffenden Antworten aus.',1),(24,'Threat Impact Assesment/Sachbearbeiter*in Innendienst/Social Engineering/Instantmessenger','Gehen Sie davon aus, dass diese Nachricht einen Cyberangriff darstellt. Welche Konsequenz könnte ein Fehlverhalten schlimmstenfalls nach sich ziehen?',1),(25,'Tactic Choice/Sachbearbeiter*in Innendienst/Social Engineering/Instantmessenger','Welche der aufgeführten Maßnahmen sollten Sie angesichts dieser Bedrohung als Erstes ergreifen?',1),(26,'Tactic Justification/Sachbearbeiter*in Innendienst/Social Engineering/Instantmessenger','Der erste Schritt besteht darin, die Echtheit der Nachricht und die Identität des Absenders zu überprüfen. Warum ist das in dieser Situation wichtig?',1),(27,'Tactic Mastery/Sachbearbeiter*in Innendienst/Social Engineering/Instantmessenger','Wie geht man konkret vor, um die Echtheit der Nachricht und die Identität des Absenders zu überprüfen?',1),(28,'Tactic Check&Follow Up/Sachbearbeiter*in Innendienst/Social Engineering/Instantmessenger','Sie haben durch die Identitätsprüfung festgestellt, dass die Nachricht nicht von dem Außendienstmitarbeiter Sebastian Schmidt stammt. Welche ergänzende Maßnahme zur Gefahrenabwehr ist in dieser Situation notwendig?',1),(29,'Threat Awareness/Sachbearbeiter*in Innendienst/Malware/Mailsystem','Bei welcher der folgenden E-Mails gehen Sie am ehesten davon aus, dass ein solch ausgefeilter Angriff vorliegt?\r\n\r\nBitte sortieren Sie nach diesem Schema: \r\n[1] Ich gehe am ehesten davon aus, dass ein ausgefeilter Angriff vorliegt.  \r\n[2] Ich gehe weniger davon aus, dass ein ausgefeilter Angriff vorliegt. \r\n[3] Ich gehe nicht davon aus, dass ein ausgefeilter Angriff vorliegt.',3),(30,'Threat Identification/Sachbearbeiter*in Innendienst/Malware/Mailsystem','Bitte betrachten Sie nochmals diese Nachricht genauer. Was konkret macht DIESE Nachricht zu einem Sicherheitsrisiko? \r\nWählen Sie die zutreffenden drei Antworten aus.',2),(31,'Threat Impact Assessment/Sachbearbeiter*in Innendienst/Malware/Mailsystem','Gehen Sie davon aus, dass diese Nachricht einen Cyberangriff darstellt. Welche Konsequenz könnte ein Fehlverhalten schlimmstenfalls nach sich ziehen?',1),(32,'Tactic Choice/Sachbearbeiter*in Innendienst/Malware/Mailsystem','Welche der aufgeführten Maßnahmen sollten Sie angesichts dieser Bedrohung als Erstes ergreifen?',1),(33,'Tactic Justification/Sachbearbeiter*in Innendienst/Malware/Mailsystem','Der erste Schritt besteht darin, die Echtheit der Nachricht und die Identität des Absenders zu überprüfen. Warum ist das in dieser Situation wichtig?',1),(34,'Tactic Mastery/Sachbearbeiter*in Innendienst/Malware/Mailsystem','Wie geht man konkret vor, um die Echtheit der Nachricht und die Identität des Absenders zu überprüfen?',1),(35,'Tactic Check&Follow-Up/Sachbearbeiter*in Innendienst/Malware/Mailsystem','Sie haben durch die Identitätsprüfung festgestellt, dass die Nachricht nicht von Anna Brandt stammt. Welche ergänzende Maßnahme zur Gefahrenabwehr ist in dieser Situation notwendig?',1),(36,'Threat Awareness/Sachbearbeiter*in Außendienst/Malware/Mailsystem','Bei welcher der folgenden E-Mails gehen Sie am ehesten davon aus, dass ein solch ausgefeilter Angriff vorliegt?',3),(37,'Threat Identification/Sachbearbeiter*in Außendienst/Malware/Mailsystem','Bitte betrachten Sie nochmals diese Nachricht genauer. Was konkret macht DIESE Nachricht zu einem Sicherheitsrisiko? \r\nWählen Sie drei Antworten aus.',2),(38,'Threat Impact Assessment/Sachbearbeiter*in Außendienst/Malware/Mailsystem','Diese Nachricht könnte ein Cyberangriff darstellen. Welche Konsequenz könnte ein Fehlverhalten schlimmstenfalls nach sich ziehen?',1),(39,'Tactic Control/Sachbearbeiter*in Außendienst/Malware/Mailsystem','Welche der aufgeführten Maßnahmen sollten Sie angesichts dieser Bedrohung als Erstes ergreifen?',1),(40,'Tactic JustificationSachbearbeiter*in Außendienst/Malware/Mailsystem','Der erste Schritt besteht darin, die Echtheit der Nachricht und die Identität des Absenders zu überprüfen. Warum ist das in dieser Situation wichtig?',1),(41,'Tactic Mastery/Sachbearbeiter*in Außendienst/Malware/Mailsystem','Wie geht man konkret vor, um die Echtheit der Nachricht und die Identität des Absenders zu überprüfen?',1),(42,'Tactic Check&Follow Up/Sachbearbeiter*in Außendienst/Malware/Mailsystem','Sie haben durch die Identitätsprüfung festgestellt, dass die Nachricht nicht von Sven Müller stammt. Welche ergänzende Maßnahme zur Gefahrenabwehr ist in dieser Situation notwendig?',1),(43,'Threat Awareness/Sachbearbeiter*in Außendienst/Malware/USB-Stick','Welche der folgenden möglichen Situationen ist die größte Bedrohung für die IT-Sicherheit der Arneo GmbH?',3),(44,'Threat Identification/Sachbearbeiter*in Außendienst/Malware/USB-Stick','Bitte betrachten Sie nochmal diese Situation: Was macht DIESE Situation konkret zu einem Sicherheitsrisiko? \r\nWählen Sie zwei Antworten aus.',2),(45,'Threat Impact Assessment/Sachbearbeiter*in Außendienst/Malware/USB-Stick','Diese Situation könnte einen Cyberangriff darstellen. Welche Konsequenzen für die Arneo GmbH könnte dann ein Fehlverhalten schlimmstenfalls nach sich ziehen?',1),(46,'Tactic Choice/Sachbearbeiter*in Außendienst/Malware/USB-Stick','Welche der aufgeführten Maßnahmen sollten Sie als Erstes ergreifen?',1),(47,'Tactic Justification/Sachbearbeiter*in Außendienst/Malware/USB-Stick','Der erste Schritt besteht darin, den USB-Stick dem IT-Sicherheitsbeauftragten der Messe zu übergeben. Warum ist das in dieser Situation wichtig?',1),(48,'Tactic Mastery/Sachbearbeiter*in Außendienst/Malware/USB-Stick','Wie geht man konkret vor, um dem IT-Sicherheitsbeauftragten der Messe den USB-Stick zu übergeben?',1),(49,'Tactic Check & Follow-Up/Sachbearbeiter*in Außendienst/Malware/USB-Stick','Welche ergänzenden Maßnahmen zur Gefahrenabwehr ist in dieser Situation notwendig?',1),(50,'Threat Awareness/Sachbearbeiter*in Außendienst/Kompromittierung Informationssystem/Laptop','Welche der folgenden möglichen Situationen ist die größte Bedrohung für die IT-Sicherheit der Arneo GmbH?\r\n\r\n[1] Die Situation ist am bedrohlichsten. \r\n[2] Die Situation ist weniger bedrohlich.\r\n[3] Die Situation ist am wenigsten bedrohlich.',3),(51,'Threat Identification/Sachbearbeiter*in Außendienst/Kompromittierung Informationssystem/Laptop','Bitte versetzen Sie sich in das dargestellte Szenario. Was macht DIESE Situation konkret zu einem Sicherheitsrisiko?\r\nWählen Sie die zwei richtigen Antworten aus.',2),(52,'Threat Impact Assessment/Sachbearbeiter*in Außendienst/Kompromittierung Informationssystem/Laptop','Welche Konsequenzen könnte die Nutzung des Netzwerks schlimmstenfalls nach sich ziehen?',1),(53,'Tactic Choice/Sachbearbeiter*in Außendienst/Kompromittierung Informationssystem/Laptop','Welche der aufgeführten Maßnahmen sollten Sie als Erstes ergreifen?',1),(54,'Tactic Justification/Sachbearbeiter*in Außendienst/Kompromittierung Informationssystem/Laptop','Der erste Schritt besteht darin, die Vertrauenswürdigkeit des Netzwerks zu prüfen. Warum ist das in dieser Situation wichtig?',1),(55,'Tactic Mastery/Sachbearbeiter*in Außendienst/Kompromittierung Informationssystem/Laptop','Wie geht man konkret vor, um die Vertrauenswürdigkeit des Netzwerks zu prüfen?',1),(56,'Tactic Check & Follow-Up/Sachbearbeiter*in Außendienst/Kompromittierung Informationssystem/Laptop','Sie haben durch die Berechtigungsprüfung festgestellt, dass das Netzwerk vertrauenswürdig ist. Welche ergänzenden Maßnahmen zur Gefahrenabwehr sind in dieser Situation notwendig? \r\nWählen Sie die drei richtigen Antworten aus.',2),(57,'Threat Awareness/Sachbearbeiter*in Außendienst/Social Engineering/Social Media System','Bei welcher der folgenden Nachrichten gehen Sie am ehesten davon aus, dass ein solch ausgefeilter Angriff vorliegt? \r\n\r\nBitte sortieren Sie nach diesem Schema: \r\n[1] Ich gehe am ehesten davon aus, dass ein ausgefeilter Angriff vorliegt.  \r\n[2] Ich gehe weniger davon aus, dass ein ausgefeilter Angriff vorliegt. \r\n[3] Ich gehe nicht davon aus, dass ein ausgefeilter Angriff vorliegt.',3),(58,'Threat Identification/Sachbearbeiter*in Außendienst/Social Engineering/Social Media System','Bitte betrachten Sie nochmals diese Nachricht genauer. Was konkret macht DIESE Nachricht zu einem Sicherheitsrisiko? \r\nWählen Sie zwei Antworten aus.',2),(59,'Threat Impact Assessment/Sachbearbeiter*in Außendienst/Social Engineering/Social Media System','Diese Nachricht könnte einen Cyberangriff darstellen. Welche Konsequenzen für die Arneo GmbH könnte ein Fehlverhalten schlimmstenfalls nach sich ziehen?',1),(60,'Tactic Choice/Sachbearbeiter*in Außendienst/Social Engineering/Social Media System','Welche der aufgeführten Maßnahmen sollten Sie angesichts dieser Bedrohung als Erstes ergreifen?',1),(61,'Tactic Justification/Sachbearbeiter*in Außendienst/Social Engineering/Social Media System','Der erste Schritt besteht darin, die Echtheit der Nachricht und die Identität von Paula zu überprüfen. Warum ist das in dieser Situation wichtig?',1),(62,'Tactic Mastery/Sachbearbeiter*in Außendienst/Social Engineering/Social Media System','Wie geht man konkret vor, die Echtheit der Nachricht und die Identität von Paula zu überprüfen?',1),(63,'Tactic Check & Follow-Up/Sachbearbeiter*in Außendienst/Social Engineering/Social Media System','Sie haben durch die Identitätsprüfung festgestellt, dass die Nachricht von der echten Paula stammt. Welche ergänzende Maßnahme zur Gefahrenabwehr ist in dieser Situation notwendig?',1),(64,'Threat Awareness/Sachbearbeiter*in Außendienst/Social Engineering/Instant Messenger','Bei welcher der folgenden möglichen Anfragen gehen Sie am ehesten von einem Angriff aus? \r\nBitte sortieren Sie nach diesem Schema: \r\n\r\n[1] Ich gehe am ehesten davon aus, dass ein Angriff vorliegt.  \r\n[2] Ich gehe weniger davon aus, dass ein Angriff vorliegt\r\n[3] Ich gehe nicht davon aus, dass ein Angriff vorliegt.',3),(65,'Threat Identification/Sachbearbeiter*in Außendienst/Social Engineering/Instant Messenger','Bitte betrachten Sie nochmals diese Nachricht genauer. Was konkret macht DIESE Nachricht zu einem Sicherheitsrisiko? \r\nWählen Sie zwei Antworten aus.',2),(66,'Threat Impact Assessment/Sachbearbeiter*in Außendienst/Social Engineering/Instant Messenger','Diese Nachricht könnte einen Cyberangriff darstellen. Welche Konsequenz für die Arneo GmbH könnte ein Fehlverhalten schlimmstenfalls nach sich ziehen?',1),(67,'Tactic Choice/Sachbearbeiter*in Außendienst/Social Engineering/Instant Messenger','Welche der aufgeführten Maßnahmen sollten Sie angesichts dieser Bedrohung als Erstes ergreifen?',1),(68,'Tactic Justification/Sachbearbeiter*in Außendienst/Social Engineering/Instant Messenger','Der erste Schritt besteht darin, die Echtheit der Nachricht und die Identität des Absenders zu überprüfen. Warum ist das in dieser Situation wichtig?',1),(69,'Tactic Mastery/Sachbearbeiter*in Außendienst/Social Engineering/Instant Messenger','Wie geht man konkret vor, um die Echtheit der Nachricht und die Identität des Absenders zu überprüfen?',1),(70,'Tactic Check & Follow-Up/Sachbearbeiter*in Außendienst/Social Engineering/Instant Messenger','Sie haben durch die Identitätsprüfung festgestellt, dass die Nachricht nicht von dem Innendienstmitarbeiter Sven Müller stammt. Welche ergänzende Maßnahme zur Gefahrenabwehr ist in dieser Situation notwendig?',1),(99,'Threat Awareness/Führungskraft/Kompromittierung von Informationssystemen/Internes Informationssystem (Buchhaltungssystem)','Welche der folgenden möglichen Situationen ist die größte Bedrohung für die IT-Sicherheit der Arneo GmbH?   \r\n[1] Die Situation ist am bedrohlichsten.\r\n[2] Die Situation ist weniger bedrohlich.\r\n[3] Die Situation ist am wenigsten bedrohlich.',3),(100,'Threat Identification/Führungskraft/Kompromittierung von Informationssystemen/Internes Informationssystem (Buchhaltungssystem)','Bitte betrachten Sie nochmals diese Situation: Was macht diese Situation konkret zu einem IT-Sicherheitsrisiko für die Arneo GmbH?\r\nWählen Sie eine Antwort aus.',1),(101,'Threat Impact Assessment/Führungskraft/Kompromittierung von Informationssystemen/Internes Informationssystem (Buchhaltungssystem)','Diese Situation könnte einen Cyberangriff darstellen. Welche Konsequenzen für die Arneo GmbH könnte eine unterlassene Handlung schlimmstenfalls nach sich ziehen?\r\nWählen Sie eine Antwort aus.',1),(102,'Tactic Choice/Führungskraft/Kompromittierung von Informationssystemen/Internes Informationssystem (Buchhaltungssystem)','Es wurden bereits manche Rechnungen verschickt. Welche der aufgeführten Maßnahmen sollten Sie als Erstes ergreifen?\r\nWählen Sie eine Antwort aus.',1),(103,'Tactic Justification/Führungskraft/Kompromittierung von Informationssystemen/Internes Informationssystem (Buchhaltungssystem)','Der erste Schritt besteht darin, den finanziellen Schaden zu begrenzen. Warum ist das in dieser Situation wichtig? \r\nWählen Sie eine Antwort aus.',1),(104,'Tactic Mastery/Führungskraft/Kompromittierung von Informationssystemen/Internes Informationssystem (Buchhaltungssystem)','Wie sollten Sie konkret vorgehen, um den finanziellen Schaden zu begrenzen?\r\nWählen Sie eine Antwort aus.',1),(105,'Tactic Check & Follow-Up/Führungskraft/Kompromittierung von Informationssystemen/Internes Informationssystem (Buchhaltungssystem)','Welche ergänzende Maßnahme zur Gefahrenabwehr ist in dieser Situation notwendig?\r\nWählen Sie die dringlichste Antwort aus.',1),(113,'Threat Awareness/IT-Admin/Durchführung von nicht zielgerichteten Zero-Day-Angriffen/Server','Welche der folgenden möglichen Situationen ist die größte Bedrohung für die IT-Sicherheit der Arneo GmbH?? \r\n[1] Die Situation ist am bedrohlichsten.\r\n[2] Die Situation ist weniger bedrohlich.\r\n[3] Die Situation ist am wenigsten bedrohlich.',3),(114,'Threat Identification/IT-Admin/Durchführung von nicht zielgerichteten Zero-Day-Angriffen/Server','Bitte betrachten Sie nochmals diese Situation:\r\nWas macht diese Situation konkret zu einem Sicherheitsrisiko? \r\nWählen Sie die zwei richtigen Antworten aus.',2),(115,'Threat Impact Assessment/IT-Admin/Durchführung von nicht zielgerichteten Zero-Day-Angriffen/Server','Welche Konsequenzen könnte ein Fehlverhalten schlimmstenfalls nach sich ziehen?     \r\nWählen Sie eine Antwort.',1),(116,'Tactic Choice/IT-Admin/Durchführung von nicht zielgerichteten Zero-Day-Angriffen/Server','Welche der aufgeführten Maßnahmen sollten Sie als Erstes ergreifen?    \r\nWählen Sie eine Antwort.',1),(117,'Tactic Justification/IT-Admin/Durchführung von nicht zielgerichteten Zero-Day-Angriffen/Server','Der erste Schritt besteht darin, die Internetverbindung zu kappen und die Ursache zu untersuchen.   Warum ist das in dieser Situation wichtig? \r\nWählen Sie eine Antwort.',1),(118,'Tactic Mastery/IT-Admin/Durchführung von nicht zielgerichteten Zero-Day-Angriffen/Server','Wie sollten Sie konkret vorgehen? \r\nWählen Sie eine Antwort.',1),(119,'Tactic Check & Follow Up/IT-Admin/Durchführung von nicht zielgerichteten Zero-Day-Angriffen/Server','Welche ergänzenden oder zukünftige Maßnahmen zur Gefahrenabwehr sind in dieser Situation notwendig?\r\nWählen Sie die zwei richtigen Antworten aus.',2),(127,'Threat Awareness/Geschäftsführung/Kompromittierung/Computer','Welche der folgenden möglichen Situationen ist die größte Bedrohung für die IT-Sicherheit der Arneo GmbH?                   \r\n[1] Die Situation ist am bedrohlichsten. \r\n[2] Die Situation ist weniger bedrohlich. \r\n[3] Die Situation ist am wenigsten bedrohlich.',3),(128,'Threat Identification/Geschäftsführung/Kompromittierung/Computer','Bitte betrachten Sie nochmals dieses Szenario. Was macht diese Situation konkret zu einem IT-Sicherheitsrisiko für die Arneo GmbH?\r\nWählen Sie zwei Antworten aus.',2),(129,'Threat Impact Assessment/Geschäftsführung/Kompromittierung/Computer','Welche Konsequenzen für die Arneo GmbH könnte ein Fehlverhalten schlimmstenfalls nach sich ziehen?   \r\nWählen Sie eine Antwort.',1),(130,'Tactic Choice/Geschäftsführung/Kompromittierung/Computer','Welche der aufgeführten Maßnahmen sollten Sie als Erstes ergreifen? \r\nWählen Sie eine Antwort.',1),(131,'Tactic Justification/Geschäftsführung/Kompromittierung/Computer','Der erste Schritt besteht darin, alle Flyer aus dem Foyer mitzunehmen und dem IT-Sicherheitsbeauftragten zukommen zu lassen. Warum ist das in dieser Situation wichtig? \r\nWählen Sie zwei Antworten.',2),(132,'Tactic Mastery/Geschäftsführung/Kompromittierung/Computer','Wie sollten Sie konkret vorgehen, um alle Flyer aus dem Foyer mitzunehmen und dem IT-Sicherheitsbeauftragten zukommen zu lassen?\r\nWählen Sie eine Antwort.',1),(133,'Tactic Check & Follow-Up/Geschäftsführung/Kompromittierung/Computer','Der IT-Sicherheitsbeauftragte stellte fest, dass sich hinter der URL/dem QR Code des Flyers Schadsoftware befindet. Welche ergänzenden Maßnahmen zur Gefahrenabwehr sind in dieser Situation notwendig?   Wählen Sie zwei Antworten aus.',2),(142,'Threat Identification/Malware Download/Wearable','Bitte betrachten Sie nochmal dieses Szenario. Was macht DIESE Situation konkret zu einem Sicherheitsrisiko? Wählen Sie zwei Antworten aus.',2),(143,'Threat Impact Assessment/Malware Download/Wearable','Welche Konsequenz könnte schlimmstenfalls auftreten, sollten Sie der App die Berechtigungen für alle Sensoren geben?',1),(144,'Tactic Choice/Malware Download/Wearable','Welche der aufgeführten Maßnahmen sollten Sie angesichts dieser Bedrohung als Erstes ergreifen?',1),(145,'Tactic Justification/Malware Download/Wearable','Angenommen, Sie deinstallieren die App. Warum ist das in dieser Situation sinnvoll?',1),(146,'Tactic Mastery/Malware Download/Wearable','Angenommen, Sie deinstallieren die Fitness-App. Wie sollten Sie daraufhin konkret vorgehen?',1),(147,'Tactic Check & Follow-Up/Malware Download/Wearable','Angenommen, Sie suchen nach einer anderen Fitness-App, um diese an Stelle der vorherigen zu installieren. Welche ergänzende Maßnahme zur Gefahrenabwehr ist in dieser Situation sinnvoll?',1),(149,'Threat Identification/SchlechteKonfiguration/IoT','Bitte betrachten Sie nochmal dieses Szenario. Was macht DIESE Situation konkret zu einem Sicherheitsrisiko? Wählen Sie zwei Antworten aus.',2),(150,'Threat Impact Assessment/SchlechteKonfiguration/IoT','Welche Konsequenz könnte schlimmstenfalls für Ihre IT-Sicherheit auftreten, sollte ein Angreifer Ihr Thermostat kompromittiert haben?',1),(151,'Tactic Choice/SchlechteKonfiguration/IoT','Welche der aufgeführten Maßnahmen sollten Sie angesichts dieser Bedrohung als Erstes ergreifen?',1),(152,'Tactic Justification/SchlechteKonfiguration/IoT','Angenommen, Sie wollen das Thermostat neu starten. Warum ist das in dieser Situation sinnvoll?',1),(153,'Tactic Mastery/SchlechteKonfiguration/IoT','Wie sollten Sie konkret vorgehen, um das Thermostat neu zu starten?',1),(154,'Tactic Check & Follow-Up/SchlechteKonfiguration/IoT','Angenommen, Sie haben das Thermostat neu gestartet. Welche ergänzende Maßnahme zur Gefahrenabwehr ist in dieser Situation sinnvoll?',1),(156,'Threat Identification/Pharming/OnlineBanking','Bitte betrachten Sie nochmal dieses Szenario. Was macht DIESE Situation konkret zu einem Sicherheitsrisiko? Wählen Sie zwei Antworten aus.',2),(157,'Threat Impact Assessment/Pharming/OnlineBanking','Welche Konsequenz könnte schlimmstenfalls auftreten, sollten Sie Ihre Anmeldedaten auf einer gefälschten Bank-Website eingeben?',1),(158,'Tactic Choice/Pharming/OnlineBanking','Welche der aufgeführten Maßnahmen sollten Sie angesichts der Bedrohung, dass Sie trotz richtiger URL auf eine gefälschte Website geleitet werden, als Erstes ergreifen?',1),(159,'Tactic Justification/Pharming/OnlineBanking','Angenommen, Sie wollen prüfen, ob Ihr Computer von Schadsoftware befallen ist. Warum ist das in dieser Situation sinnvoll?',1),(160,'Tactic Mastery/Pharming/OnlineBanking','Angenommen, Ihr DNS-Cache wurde angegriffen. Wie sollten Sie darauf konkret reagieren',1),(161,'Tactic Check & Follow-Up/Pharming/OnlineBanking','Angenommen, Ihr DNS-Cache wurde angegriffen und Sie haben ihn gelöscht. Welche ergänzende Maßnahme zur Gefahrenabwehr ist in dieser Situation sinnvoll?',1),(162,'Threat Awarenes/ShoppingBetrug/OnlineShop','Welche der Situationen stellt die größte Bedrohung für Ihre IT-Sicherheit dar?\r\n\r\n[1] Ich gehe am ehesten davon aus, dass ein Angriff vorliegt.  \r\n[2] Ich gehe weniger davon aus, dass ein Angriff vorliegt\r\n[3] Ich gehe nicht davon aus, dass ein Angriff vorliegt.',3),(163,'Threat Identification/ShoppingBetrug/OnlineShop','Bitte betrachten Sie nochmal dieses Szenario. Was macht DIESE Situation konkret zu einem Sicherheitsrisiko? Wählen Sie drei Antworten aus.',2),(164,'Threat Impact Assessment/ShoppingBetrug/OnlineShop','Welche Konsequenz könnte schlimmstenfalls auftreten, sollten Sie ein Geschäft mit einem Fake-Shop abgeschlossen haben?',1),(165,'Tactic Choice/ShoppingBetrug/OnlineShop','Welche der aufgeführten Maßnahmen sollten Sie angesichts dieser Bedrohung als Erstes ergreifen?',1),(166,'Tactic Justification/ShoppingBetrug/OnlineShop','Angenommen, Sie machen die Überweisung rückgängig. Warum ist das in dieser Situation sinnvoll?',1),(167,'Tactic Mastery/ShoppingBetrug/OnlineShop','Wie sollten Sie konkret vorgehen, um eine Überweisung rückgängig zu machen?',1),(168,'Tactic Check & Follow-Up/ShoppingBetrug/OnlineShop','Angenommen, Sie haben die Überweisung rückgängig gemacht. Welche ergänzende Maßnahme zur Gefahrenabwehr ist in dieser Situation sinnvoll?',1),(169,'Threat Awareness/Sachbearbeiter*in Innendienst/Falscher Umgang mit kritischen und/oder sensiblen Informationen/Mitarbeiter','Welche der folgenden möglichen Situationen ist die größte Bedrohung für die IT-Sicherheit der Arneo GmbH?\r\n\r\n[1] Die Situation ist am bedrohlichsten. \r\n[2] Die Situation ist weniger bedrohlich.\r\n[3] Die Situation ist am wenigsten bedrohlich.',3),(170,'Threat Identification/Sachbearbeiter*in Innendienst/Falscher Umgang mit kritischen und/oder sensiblen Informationen/Mitarbeiter','Bitte versetzen Sie sich in die Situation: Was macht DIESE Situation konkret zu einem Sicherheitsrisiko? \r\nWählen Sie die zwei richtigen Antworten aus.',2),(171,'Threat Impact Assessment/Sachbearbeiter*in Innendienst/Falscher Umgang mit kritischen und/oder sensiblen Informationen/Mitarbeiter','Welche Konsequenzen könnte das Unterlassen einer Handlung schlimmstenfalls nach sich ziehen? \r\nWählen Sie eine Antwort.',1),(172,'Tactic Choice/Sachbearbeiter*in Innendienst/Falscher Umgang mit kritischen und/oder sensiblen Informationen/Mitarbeiter','Welche der aufgeführten Maßnahmen sollten Sie ergreifen? \r\nWählen Sie eine Antwort.',1),(173,'Tactic Justification/Sachbearbeiter*in Innendienst/Falscher Umgang mit kritischen und/oder sensiblen Informationen/Mitarbeiter','Der erste Schritt besteht darin, den Besprechungsraum ordnungsgemäß zu hinterlassen. Warum ist das in dieser Situation wichtig? \r\nWählen Sie eine Antwort.',1),(174,'Tactic Mastery/Sachbearbeiter*in Innendienst/Falscher Umgang mit kritischen und/oder sensiblen Informationen/Mitarbeiter','Wie geht man konkret vor, um den Besprechungsraum ordnungsgemäß zu hinterlassen? \r\nWählen Sie eine Antwort.',1),(175,'Tactic Check & Follow-up/Sachbearbeiter*in Innendienst/Falscher Umgang mit kritischen und/oder sensiblen Informationen/Mitarbeiter','Welche ergänzende Maßnahme zur Gefahrenabwehr ist in dieser Situation notwendig? \r\nWählen Sie die wichtigste aus.',1),(176,'Threat Awareness/Sachbearbeiter*in Innendienst/Weitergabe sensibler Informationen/Mitarbeiter','Welche der folgenden möglichen Situationen ist die größte Bedrohung für die IT-Sicherheit der Arneo GmbH? \r\n\r\n[1] Die Situation ist am bedrohlichsten.\r\n[2] Die Situation ist weniger bedrohlich. \r\n[3] Die Situation ist am wenigsten bedrohlich.',3),(177,'Threat Identification/Sachbearbeiter*in Innendienst/Weitergabe sensibler Informationen/Mitarbeiter','Bitte versetzen Sie sich in die Situation. Was macht diese Situation konkret zu einem Sicherheitsrisiko?\r\nWählen Sie eine Antwort aus.',1),(178,'Threat Impact Assessment/Sachbearbeiter*in Innendienst/Weitergabe sensibler Informationen/Mitarbeiter','Welche Konsequenzen könnte ein Fehlverhalten schlimmstenfalls nach sich ziehen?   \r\nWählen Sie eine Antwort aus.',1),(179,'Tactic Choice/Sachbearbeiter*in Innendienst/Weitergabe sensibler Informationen/Mitarbeiter','Welche der aufgeführten Maßnahmen sollten Sie als Erstes ergreifen?   \r\nWählen Sie eine Antwort aus.',1),(180,'Tactic Justification/Sachbearbeiter*in Innendienst/Weitergabe sensibler Informationen/Mitarbeiter','Warum ist es in dieser Situation wichtig, die Berechtigung von dem Kollegen zu überprüfen? \r\nWählen Sie eine Antwort aus.',1),(181,'Tactic Mastery/Sachbearbeiter*in Innendienst/Weitergabe sensibler Informationen/Mitarbeiter','Wie sollten Sie konkret vorgehen, um die Berechtigung von dem Kollegen zu überprüfen?   \r\nWählen Sie eine Antwort aus.',1),(182,'Tactic Check-Follow Up/Sachbearbeiter*in Innendienst/Weitergabe sensibler Informationen/Mitarbeiter','Sie haben durch die Berechtigungsprüfung festgestellt, dass Mark Kistner nicht berechtigt ist, die Daten zu sehen. Welche ergänzende Maßnahme zur Gefahrenabwehr ist in dieser Situation notwendig?  \r\nWählen Sie die wichtigste aus.',1),(191,'Threat Awareness/Sachbearbeiter*in Innendienst/Social Engineering/Mitarbeiter','Bei welcher der folgenden möglichen Anfragen gehen Sie am ehesten von einem Angriff auf die IT-Sicherheit der Arneo GmbH aus?   \r\n\r\nBitte sortieren Sie nach diesem Schema:     \r\n[1] Ich gehe am ehesten davon aus, dass ein Angriff vorliegt.    \r\n[2] Ich gehe weniger davon aus, dass ein Angriff vorliegt.   \r\n[3] Ich gehe nicht davon aus, dass ein Angriff vorliegt.',3),(192,'Threat Identification/Sachbearbeiter*in Innendienst/Social Engineering/Mitarbeiter','Bitte betrachten Sie nochmals dieses Szenario genauer. Was macht DIESES Szenario konkret zu einem IT-Sicherheitsrisiko für die Arneo GmbH?   Wählen Sie drei Antworten aus.',2),(193,'Threat Impact Assessment/Sachbearbeiter*in Innendienst/Social Engineering/Mitarbeiter','Welche Konsequenzen könnte ein Fehlverhalten schlimmstenfalls nach sich ziehen?   \r\nWählen Sie eine Antwort aus.',1),(194,'Tactic Choice/Sachbearbeiter*in Innendienst/Social Engineering/Mitarbeiter','Welche der aufgeführten Maßnahmen sollten Sie angesichts dieser Bedrohung als Erstes ergreifen?   \r\nWählen Sie eine Antwort aus.',1),(195,'Tactic Justification/Sachbearbeiter*in Innendienst/Social Engineering/Mitarbeiter','Warum ist es in dieser Situation wichtig, die Identität der Frau und ihre Berechtigung zu überprüfen? \r\nWählen Sie eine Antwort aus.',1),(196,'Tactic Mastery/Sachbearbeiter*in Innendienst/Social Engineering/Mitarbeiter','Wie geht man konkret vor, um die Identität der Frau und ihre Berechtigung zu überprüfen? \r\nWählen Sie eine Antwort aus.',1),(197,'Tactic Check & Follow Up/Sachbearbeiter*in Innendienst/Social Engineering/Mitarbeiter','Sie haben durch die Identitätsprüfung festgestellt, dass die Frau nicht ist, für wen sie sich ausgibt. Welche ergänzende Maßnahme zur Gefahrenabwehr ist in dieser Situation notwendig?   \r\nWählen Sie die wichtigste aus.',1),(198,'Threat Awareness/Führungskraft/Social Engineering/Mitarbeiter','Welche der folgenden möglichen Anrufe ist die größte Bedrohung für die IT-Sicherheit der Arneo GmbH?   \r\n[1] Die Situation ist am bedrohlichsten. \r\n[2] Die Situation ist weniger bedrohlich. \r\n[3] Die Situation ist am wenigsten bedrohlich.',3),(199,'Threat Identification/Führungskraft/Social Engineering/Mitarbeiter','Was macht diesen Anruf konkret zu einem IT-Sicherheitsrisiko für die Arneo GmbH?     \r\nWählen Sie zwei Antworten aus.',2),(200,'Threat Impact Assessment/Führungskraft/Social Engineering/Mitarbeiter','Welche Konsequenzen für die Arneo GmbH könnte ein Fehlverhalten schlimmstenfalls nach sich ziehen?   \r\nWählen Sie eine Antwort aus.',1),(201,'Tactic Choice/Führungskraft/Social Engineering/Mitarbeiter','Welche der aufgeführten Maßnahmen sollten Sie als Erstes ergreifen?  \r\nWählen Sie eine Antwort aus.',1),(202,'Tactic Justification/Führungskraft/Social Engineering/Mitarbeiter','Warum ist es in dieser Situation wichtig, Thema und Echtheit der Interviewanfrage zu überprüfen\r\nWählen Sie eine Antwort aus.',1),(203,'Tactic Mastery/Führungskraft/Social Engineering/Mitarbeiter','Wie sollten Sie konkret vorgehen, um Thema und Echtheit der Interviewanfrage zu überprüfen?\r\nWählen Sie eine Antwort aus.',1),(204,'Tactic Check/Follow Up/Führungskraft/Social Engineering/Mitarbeiter','Nach einem Tag erhalten Sie eine E-Mail mit den genauen Details des Interviews. \r\nWelche ergänzenden Maßnahmen zur Gefahr aber sind in dieser Situation notwendig?\r\nWählen Sie eine Antwort aus.',1),(205,'Threat Awareness/Führungskraft/Social Engineering/Kollaborationssyteme','Welche der folgenden Nachrichten gehen Sie am ehesten davon aus, dass ein Angriff auf die IT-Sicherheit der Arneo GmbH vorliegt?\r\nBitte sortieren Sie nach diesem Schema:   \r\n[1] Ich gehe am ehesten davon aus, dass ein Angriff vorliegt. \r\n[2] Ich gehe weniger davon aus, dass ein Angriff vorliegt. \r\n[3] Ich gehe nicht davon aus, dass ein Angriff vorliegt.',3),(206,'Threat Identification/Führungskraft/Social Engineering/Kollaborationssyteme','Bitte betrachten Sie nochmals diese Nachricht genauer.              \r\nWas konkret macht diese Nachricht zu einem IT-Sicherheitsrisiko für die Arneo GmbH?   \r\nWählen Sie drei Antworten aus.',2),(207,'Threat Impact Assessment/Führungskraft/Social Engineering/Kollaborationssyteme','Diese Nachricht könnte einen Cyberangriff darstellen.   \r\nWelche Konsequenzen für die Arneo GmbH könnte ein Fehlverhalten schlimmstenfalls nach sich ziehen?   \r\nWählen Sie eine Antwort aus.',1),(208,'Tactic Choice/Führungskraft/Social Engineering/Kollaborationssyteme','Welche der aufgeführten Maßnahmen sollten Sie angesichts dieser Bedrohung als Erstes ergreifen?   Wählen Sie eine Antwort aus.',1),(209,'Tactic Justification/Führungskraft/Social Engineering/Kollaborationssyteme','Warum ist es in dieser Situation wichtig, die Identität des Absenders zu überprüfen?   \r\nWählen Sie eine Antwort aus.',1),(210,'Tactic Mastery/Führungskraft/Social Engineering/Kollaborationssyteme','Wie geht man konkret vor, um die Identität des Absenders zu überprüfen?   \r\nWählen Sie zwei Antworten aus.',2),(211,'Tactic Check & Follow Up/Führungskraft/Social Engineering/Kollaborationssyteme','Sie haben durch die Identitätsprüfung festgestellt, dass die Nachricht einen Angriff darstellt. Welche ergänzende Maßnahme zur Gefahrenabwehr ist in dieser Situation notwendig?  \r\nWählen Sie die wichtigste aus.',1),(212,'Threat Awareness/IT Admin/Bereitstellung von Malware/Internes Informationssystem','Welche der folgenden möglichen Situationen ist die größte Bedrohung für die IT-Sicherheit der Arneo GmbH?   \r\n[1] Die Situation ist am bedrohlichsten. \r\n[2] Die Situation ist weniger bedrohlich.\r\n[3] Die Situation ist am wenigsten bedrohlich.',3),(213,'Threat Identification/IT Admin/Bereitstellung von Malware/Internes Informationssystem','Bitte betrachten Sie nochmals diese Situation:   Was macht diese Situation konkret zu einem Sicherheitsrisiko?   \r\nWählen Sie eine Antwort aus.',1),(214,'Threat Impact Assessment/IT Admin/Bereitstellung von Malware/Internes Informationssystem','Welche Konsequenzen könnte ein Fehlverhalten schlimmstenfalls nach sich ziehen?   \r\nWählen Sie zwei Antworten aus.',2),(215,'Tactic Choice/IT Admin/Bereitstellung von Malware/Internes Informationssystem','Welche der aufgeführten Maßnahmen sollten Sie als Erstes ergreifen?    \r\nWählen Sie eine Antwort aus.',1),(216,'Tactic Justification/IT Admin/Bereitstellung von Malware/Internes Informationssystem','Warum ist es in dieser Situation wichtig, Kontodaten zu ändern? \r\nWählen Sie eine Antwort aus.',1),(217,'Tactic Mastery/IT Admin/Bereitstellung von Malware/Internes Informationssystem','Wie sollten Sie konkret vorgehen?   \r\nWählen Sie eine Antwort aus.',1),(218,'Tactic Check & Follow Up/IT Admin/Bereitstellung von Malware/Internes Informationssystem','Welche ergänzenden Maßnahmen zur Gefahrenabwehr sind in dieser Situation notwendig?   \r\nWählen Sie zwei Antworten aus.',2),(219,'Threat Awareness/IT Admin/Durchführung von Brute-Force-Anmeldeversuchen/Passworterratungsangriffen/Server','Welche der folgenden nachfolgenden Windows Eventlogs  ist die größte Bedrohung für die IT-Sicherheit der Arneo GmbH?   \r\n[1] Die Situation ist am bedrohlichsten. \r\n[2] Die Situation ist weniger bedrohlich. \r\n[3] Die Situation ist am wenigsten bedrohlich.',3),(220,'Threat Identification/IT Admin/Durchführung von Brute-Force-Anmeldeversuchen/Server','Bitte betrachten Sie nochmals diese Situation:   Was macht diese Situation konkret zu einem Sicherheitsrisiko?  \r\n Wählen Sie zwei Antworten aus.',2),(221,'Threat Impact Assessment/IT Admin/Durchführung von Brute-Force-Anmeldeversuchen/Server','Welche Konsequenzen könnte diese Attacke schlimmstenfalls nach sich ziehen?   \r\nWählen Sie drei Antworten aus.',2),(222,'Tactic Choice/IT Admin/Durchführung von Brute-Force-Anmeldeversuchen/Server','Welche der aufgeführten Maßnahmen sollten Sie als Erstes ergreifen?   \r\nWählen Sie zwei Antworten aus.',2),(223,'Tactic Justification/IT Admin/Durchführung von Brute-Force-Anmeldeversuchen/Server','Warum ist es in dieser Situation wichtig  die Verbindung zu unterbrechen und Einwahldaten des Kontos zu ändern und nach neuen (Admin-)Konten zu suchen? \r\nWählen Sie eine Antwort aus.',1),(224,'Tactic Mastery/IT Admin/Durchführung von Brute-Force-Anmeldeversuchen/Server','Wie sollten Sie konkret vorgehen  um das Anlegen neuer Adminkonten zu untersuchen?   \r\nWählen Sie eine Antwort aus.',1),(225,'Tactic Check&Follow Up/IT Admin/Durchführung von Brute-Force-Anmeldeversuchen/Server','Angenommen  Sie konnten das Adminkonto rechtzeitig deaktivieren und Angreifer aus Ihrem System aussperren. Welche ergänzenden Maßnahmen zur Gefahrenabwehr sind in dieser Situation notwendig?   \r\nWählen Sie zwei Antworten aus.',2),(233,'Threat Awareness/IT Admin/Bereitstellung (modifizierter) Malware für interne Informationssysteme der Organisation/Mailsystem','Welche der folgenden möglichen Situationen ist die größte Bedrohung für die IT-Sicherheit der Arneo GmbH?   \r\n[1] Die Situation ist am bedrohlichsten. \r\n[2] Die Situation ist weniger bedrohlich. \r\n[3] Die Situation ist am wenigsten bedrohlich.',3),(234,'Threat Identification/IT Admin/Bereitstellung (modifizierter) Malware für interne Informationssysteme der Organisation/Mailsystem','Bitte betrachten Sie nochmals diese Situation:   Was macht diese Situation konkret zu einem Sicherheitsrisiko?  \r\n Wählen Sie eine Antwort aus.',1),(235,'Threat Impact Assessment/IT Admin/Bereitstellung (modifizierter) Malware für interne Informationssysteme der Organisation/Mailsystem','Welche Konsequenzen könnte ein Fehlverhalten schlimmstenfalls nach sich ziehen?  \r\nWählen Sie zwei Antworten aus.',2),(236,'Tactic Choice/IT Admin/Bereitstellung (modifizierter) Malware für interne Informationssysteme der Organisation/Mailsystem','Welche der aufgeführten Maßnahmen sollten Sie als Erstes ergreifen?    \r\nWählen Sie eine Antwort aus.',1),(237,'Tactic Justification/IT Admin/Bereitstellung (modifizierter) Malware für interne Informationssysteme der Organisation/Mailsystem','Warum ist es in dieser Situation wichtig  Kontodaten zu ändern? \r\nWählen Sie eine Antwort aus.',1),(238,'Tactic Mastery/IT Admin/Bereitstellung (modifizierter) Malware für interne Informationssysteme der Organisation/Mailsystem','Wie sollten Sie konkret vorgehen?   \r\nWählen Sie eine Antwort aus.',1),(239,'Tactic Check&Follow Up/IT Admin/Bereitstellung (modifizierter) Malware für interne Informationssysteme der Organisation/Mailsystem','Welche ergänzenden Maßnahmen zur Gefahrenabwehr sind in dieser Situation notwendig?  \r\nWählen Sie zwei Antworten aus.',2),(240,'Threat Awareness/IT Admin/Bereitstellung gezielter Schadsoftware zur Kontrolle interner Systeme und zur Exfiltration von Daten/Mailsystem','Welche der folgenden möglichen Situationen ist die größte Bedrohung für die IT-Sicherheit der Arneo GmbH?  \r\n[1] Die Situation ist am bedrohlichsten. \r\n[2] Die Situation ist weniger bedrohlich. \r\n[3] Die Situation ist am wenigsten bedrohlich.',3),(241,'Threat Identification/IT Admin/Bereitstellung gezielter Schadsoftware zur Kontrolle interner Systeme und zur Exfiltration von Daten/Mailsyst','Bitte betrachten Sie nochmals diese Situation:   Was macht diese Situation konkret zu einem Sicherheitsrisiko?  \r\nWählen Sie eine Antwort aus.',1),(242,'Threat Impact Assessment/IT Admin/Bereitstellung gezielter Schadsoftware zur Kontrolle interner Systeme und zur Exfiltration von Daten/Mails','Welche Konsequenzen könnte ein Fehlverhalten schlimmstenfalls nach sich ziehen?   \r\nWählen Sie zwei Antworten  aus.',2),(243,'Tactic Choice/IT Admin/Bereitstellung gezielter Schadsoftware zur Kontrolle interner Systeme und zur Exfiltration von Daten/Mailsystem','Welche der aufgeführten Maßnahmen sollten Sie als Erstes ergreifen?    \r\nWählen Sie eine Antwort aus.',1),(244,'Tactic Justification/IT Admin/Bereitstellung gezielter Schadsoftware zur Kontrolle interner Systeme und zur Exfiltration von Daten/Mailsyste','Warum ist das in dieser Situation wichtig? \r\nWählen Sie eine Antwort aus.',1),(245,'Tactic Mastery/IT Admin/Bereitstellung gezielter Schadsoftware zur Kontrolle interner Systeme und zur Exfiltration von Daten/Mailsystem','Wie sollten Sie konkret vorgehen? \r\nWählen Sie zwei Antworten aus.',2),(246,'Tactic Check&Follow Up/IT Admin/Bereitstellung gezielter Schadsoftware zur Kontrolle interner Systeme und zur Exfiltration von Daten/Mailsys','Welche ergänzenden Maßnahmen zur Gefahrenabwehr sind in dieser Situation notwendig? \r\nWählen Sie zwei Antworten aus.',2),(247,'Threat Awareness/IT Admin/Durchführung von nicht zielgerichteten Zero-Day-Angriffen/Netzwerk','Welche der folgenden möglichen Situationen ist die größte Bedrohung für die IT-Sicherheit der Arneo GmbH?   \r\n[1] Die Situation ist am bedrohlichsten. \r\n[2] Die Situation ist weniger bedrohlich. \r\n[3] Die Situation ist am wenigsten bedrohlich.',3),(248,'Threat Identification/IT Admin/Durchführung von nicht zielgerichteten Zero-Day-Angriffen/Netzwerk','Bitte betrachten Sie nochmals diese Situation:   Was macht diese Situation konkret zu einem Sicherheitsrisiko?  \r\nWählen Sie eine Antwort aus.',1),(249,'Threat Impact Assessment/IT Admin/Durchführung von nicht zielgerichteten Zero-Day-Angriffen/Netzwerk','Welche Konsequenzen könnte ein Fehlverhalten schlimmstenfalls nach sich ziehen?    \r\nWählen Sie eine Antwort aus.',1),(250,'Tactic Choice/IT Admin/Durchführung von nicht zielgerichteten Zero-Day-Angriffen/Netzwerk','Welche der aufgeführten Maßnahmen sollten Sie als Erstes ergreifen?    \r\nWählen Sie eine Antwort aus.',1),(251,'Tactic Justification/IT Admin/Durchführung von nicht zielgerichteten Zero-Day-Angriffen/Netzwerk','Der erste Schritt besteht darin, das System abzuschotten. Warum ist das in dieser Situation wichtig? \r\nWählen Sie eine Antwort aus.',1),(252,'Tactic Mastery/IT Admin/Durchführung von nicht zielgerichteten Zero-Day-Angriffen/Netzwerk','Wie sollten Sie konkret vorgehen, wenn Sie das Netzwerk komplett herunterfahren?   \r\nWählen Sie eine Antwort aus.',1),(253,'Tactic Check&Follow Up/IT Admin/Durchführung von nicht zielgerichteten Zero-Day-Angriffen/Netzwerk','Welche ergänzenden Maßnahmen zur Gefahrenabwehr sind in dieser Situation notwendig?   \r\nWählen Sie zwei Antworten aus.',2),(254,'Threat Awareness/IT Admin/Umfassende Laufwerksfehler/Server','Welche der folgenden möglichen Situationen stellt die größte Bedrohung für die IT-Sicherheit der Arneo GmbH dar?  Sortieren Sie bitte nach folgendem Schema: \r\n[1] Die Situation ist am bedrohlichsten.\r\n[2] Die Situation ist weniger bedrohlich.\r\n[3] Die Situation ist am wenigsten bedrohlich.',3),(255,'Threat Identification/IT Admin/Umfassende Laufwerksfehler/Server','Betrachten Sie bitte nochmals die Situation der klickenden Festplatten Was macht diese Situation konkret zu einem IT-Sicherheitsrisiko für die Arneo GmbH? \r\nWählen Sie eine Antwort aus.',1),(256,'Threat Impact Assessment/IT Admin/Umfassende Laufwerksfehler/Server','Welche Konsequenzen für die Arneo GmbH könnte ein Fehlverhalten schlimmstenfalls nach sich ziehen?  \r\nWählen Sie eine Antwort aus.',1),(257,'Tactic Choice/IT Admin/Umfassende Laufwerksfehler/Server','Nehmen Sie an, durch den Ausfall des Systems entsteht eine neue Schwachstelle für Ihr Gesamtsystem. Welche der aufgeführten Maßnahmen sollten Sie angesichts der skizzierten Bedrohung ergreifen?   \r\nWählen Sie eine Antwort aus.',1),(258,'Tactic Justification/IT Admin/Umfassende Laufwerksfehler/Server','Warum ist es in dieser Situation wichtig das System neu aufzusetzen?   \r\nWählen Sie eine Antwort aus.',1),(259,'Tactic Mastery/IT Admin/Umfassende Laufwerksfehler/Server','Wie sollten Sie konkret vorgehen, um das System neu aufzusetzen und so Fehlkonfigurationen oder Ähnliches zu verhindern ?   \r\nWählen Sie eine Antwort aus.',1),(260,'Tactic Check&Follow Up/IT Admin/Umfassende Laufwerksfehler/Server','Angenommen, Sie installieren das neueste Betriebssystem und konfigurieren ein RAID5. Welche ergänzenden Überprüfungen oder präventiven Maßnahmen sind dann notwendig?   \r\nWählen Sie zwei Antworten aus.',2),(261,'Threat Awareness/IT Admin/Durchführung einfacher/verteilter/gezielter Denial-of-Service-Angriffe/Server','Welche der folgenden möglichen Situationen ist die größte Bedrohung für die IT-Sicherheit der Arneo GmbH? Bitte sortieren Sie nach diesem Schema:   \r\n[1] Die Situation ist am bedrohlichsten. \r\n[2] Die Situation ist weniger bedrohlich. \r\n[3] Die Situation ist am wenigsten bedrohlich.   \r\nZur vergrößerten Ansicht bitte das Bild anklicken. Zum Verschieben in den grauen Hintergrund klicken.',3),(262,'Threat Identification/IT Admin/Durchführung einfacher/verteilter/gezielter Denial-of-Service-Angriffe/Server','Bitte betrachten Sie nochmals diese Situation: (Szenario 3)  Was macht diese Situation konkret zu einer Bedrohung für die IT-Sicherheit der Arneo GmbH? \r\nWählen Sie eine Antwort aus.',1),(263,'Threat Impact Assessment/IT Admin/Durchführung einfacher/verteilter/gezielter Denial-of-Service-Angriffe/Server','Welche Konsequenzen für die Arneo GmbH könnte ein Fehlverhalten schlimmstenfalls nach sich ziehen?   \r\nWählen Sie eine Antwort aus.',1),(264,'Tactic Choice/IT Admin/Durchführung einfacher/verteilter/gezielter Denial-of-Service-Angriffe/Server','Welche der aufgeführten Maßnahmen sollten Sie als Erstes ergreifen?   \r\nWählen Sie eine Antwort aus.',1),(265,'Tactic Justification/IT Admin/Durchführung einfacher/verteilter/gezielter Denial-of-Service-Angriffe/Server','Warum ist es in dieser Situation wichtig, das System vom Internet zu separieren? \r\nWählen Sie eine Antwort aus.',1),(266,'Tactic Mastery/IT Admin/Durchführung einfacher/verteilter/gezielter Denial-of-Service-Angriffe/Server','Wie sollten Sie dabei konkret vorgehen?  \r\nWählen Sie eine Antwort aus.',1),(267,'Tactic Check&Follow Up/IT Admin/Durchführung einfacher/verteilter/gezielter Denial-of-Service-Angriffe/Server','Welche ergänzenden Maßnahmen zur Gefahrenabwehr sind in dieser Situation notwendig?   \r\nWählen Sie eine Antwort aus.',1),(268,'Threat Awareness/IT Admin/Durchführung von Brute-Force-Anmeldeversuchen/Laptop','Welche der folgenden möglichen Situationen ist die größte Bedrohung für die IT-Sicherheit der Arneo GmbH? Bitte sortieren Sie nach diesem Schema:   \r\n[1] Die Situation ist am bedrohlichsten. \r\n[2] Die Situation ist weniger bedrohlich. \r\n[3] Die Situation ist am wenigsten bedrohlich.  \r\nZur vergrößerten Ansicht bitte das Bild anklicken. Zum Verschieben in den grauen Hintergrund klicken.',3),(269,'Threat Identification/IT Admin/Durchführung von Brute-Force-Anmeldeversuchen/Laptop','Bitte betrachten Sie nochmals diese Situation: [Szenario 2] Was macht diese Situation konkret zu einem IT-Sicherheitsrisiko für die Arneo GmbH?   \r\nWählen Sie eine Antwort aus.',1),(270,'Threat Impact Assessment/IT Admin/Durchführung von Brute-Force-Anmeldeversuchen/Laptop','Welche Konsequenzen könnte ein Fehlverhalten schlimmstenfalls nach sich ziehen?   \r\nWählen Sie eine Antwort aus.',1),(271,'Tactic Choice/IT Admin/Durchführung von Brute-Force-Anmeldeversuchen/Laptop','Welche der aufgeführten Maßnahmen sollten Sie als Erstes ergreifen?   \r\nWählen Sie eine Antwort aus.',1),(272,'Tactic Justification/IT Admin/Durchführung von Brute-Force-Anmeldeversuchen/Laptop','Warum ist es in dieser Situation wichtig, nach neu hinzugefügten Benutzern (Admins) zu suchen und sämtliche Passwörter zu ändern? \r\nWählen Sie eine Antwort aus.',1),(273,'Tactic Mastery/IT Admin/Durchführung von Brute-Force-Anmeldeversuchen/Laptop','Wie sollten Sie konkret vorgehen, um nach neu hinzugefügten Benutzern (Admins) zu suchen und sämtliche Passwörter zu ändern?   \r\nWählen Sie eine Antwort aus.',1),(274,'Tactic Check&Follow Up/IT Admin/Durchführung von Brute-Force-Anmeldeversuchen/Laptop','Welche ergänzenden Maßnahmen zur Gefahrenabwehr sind in dieser Situation notwendig?   \r\nWählen Sie eine Antworten aus.',1),(275,'Threat Awareness/IT Admin/Bereitstellung (modifizierter) Malware für interne Informationssysteme der Organisation/Browser','Welche der folgenden möglichen Situationen ist die größte Bedrohung für die IT-Sicherheit der Arneo GmbH? Versetzen Sie sich dabei in die Situation bevor Sie das Update herunterladen. Bitte sortieren Sie nach diesem Schema:           \r\n[1] Die Situation ist am bedrohlichsten. \r\n[2] Die Situation ist weniger bedrohlich. \r\n[3] Die Situation ist am wenigsten bedrohlich.',3),(276,'Threat Identification/IT Admin/Bereitstellung (modifizierter) Malware für interne Informationssysteme der Organisation/Browser','Bitte betrachten Sie nochmals diese Situation: [Szenario 3]  Was macht diese Situation konkret zu einem IT- Sicherheitsrisiko für die Arneo GmbH?   \r\nWählen Sie eine Antwort aus.',1),(277,'Threat Impact Assessment/IT Admin/Bereitstellung (modifizierter) Malware für interne Informationssysteme der Organisation/Browser','Welche Konsequenzen für die Arneo GmbH könnte ein Fehlverhalten schlimmstenfalls nach sich ziehen?   \r\nWählen Sie zwei Antworten aus.',2),(278,'Tactic Choice/IT Admin/Bereitstellung (modifizierter) Malware für interne Informationssysteme der Organisation/Browser','Welche der aufgeführten Maßnahmen sollten Sie angesichts der Bedrohung als Erstes ergreifen?   \r\nWählen Sie eine Antwort aus.',1),(279,'Tactic Justification/IT Admin/Bereitstellung (modifizierter) Malware für interne Informationssysteme der Organisation/Browser','Warum ist es in dieser Situation wichtig, das Netzwerk abzuschotten? \r\nWählen Sie eine Antwort aus.',1),(280,'Tactic Mastery/IT Admin/Bereitstellung (modifizierter) Malware für interne Informationssysteme der Organisation/Browser','Wie sollten Sie konkret vorgehen, um das System von der Außenwelt abzuschotten?   \r\nWählen Sie eine Antwort aus.',1),(281,'Tactic Check&Follow Up/IT Admin/Bereitstellung (modifizierter) Malware für interne Informationssysteme der Organisation/Browser','Sie haben das System abgetrennt. Welche ergänzenden Maßnahmen zur Gefahrenabwehr sind in dieser Situation notwendig?   \r\nWählen Sie zwei Antworten aus.',2),(282,'Threat Awareness/SBA/Einschleusen bekannter Malware in interne Informationssysteme der Organisation/Mailsystem','Bei welcher der folgenden E-Mails gehen Sie am ehesten davon aus, dass ein solch ausgefeilter Angriff vorliegt? \r\n\r\nBitte sortieren Sie die Bilder durch Verschieben nach diesem Schema: \r\n\r\n[1] Ich gehe am ehesten davon aus, dass ein ausgefeilter Angriff vorliegt.  \r\n[2] Ich gehe weniger davon aus, dass ein ausgefeilter Angriff vorliegt.\r\n[3] Ich gehe nicht davon aus, dass ein ausgefeilter Angriff vorliegt.',3),(283,'Threat Identification/SBA/Einschleusen bekannter Malware in interne Informationssysteme der Organisation/Mailsystem','Bitte betrachten Sie nochmals E-Mail 1 genauer. Was konkret macht DIESE Nachricht zu einem Sicherheitsrisiko? \r\nWählen Sie drei Antworten aus.',2),(284,'Threat Impact Assessment/SBA/Einschleusen bekannter Malware in interne Informationssysteme der Organisation/Mailsystem','Diese Nachricht könnte ein Cyberangriff darstellen. Welche Konsequenz könnte ein Fehlverhalten schlimmstenfalls nach sich ziehen? \r\nWählen Sie eine Antwort aus.',1),(285,'Tactic Choice/SBA/Einschleusen bekannter Malware in interne Informationssysteme der Organisation/Mailsystem','Welche der aufgeführten Maßnahmen sollten Sie angesichts dieser Bedrohung als Erstes ergreifen? \r\nWählen Sie eine Antwort aus.',1),(286,'Tactic Justification/SBA/Einschleusen bekannter Malware in interne Informationssysteme der Organisation/Mailsystem','Warum ist es in dieser Situation wichtig, die Echtheit der Nachricht und die Identität des Absenders zu überprüfen? \r\nWählen Sie eine Antwort aus.',1),(287,'Tactic Mastery/SBA/Einschleusen bekannter Malware in interne Informationssysteme der Organisation/Mailsystem','Wie geht man konkret vor, um die Echtheit der Nachricht und die Identität des Absenders zu überprüfen? \r\nWählen Sie eine Antwort aus',1),(288,'Tactic Check&Follow Up/SBA/Einschleusen bekannter Malware in interne Informationssysteme der Organisation/Mailsystem','Sie haben durch die Identitätsprüfung festgestellt, dass die Nachricht nicht von Sven Müller stammt. Welche ergänzende Maßnahme zur Gefahrenabwehr ist in dieser Situation notwendig? \r\nWählen Sie eine Antwort aus.',1),(289,'Threat Awareness/SBA/Verbreitung von Malware durch Bereitstellung von Wechselmedien/USB-Stick','Welche der folgenden möglichen Situationen ist die größte Bedrohung für die IT-Sicherheit der Arneo GmbH?\r\n \r\nBitte sortieren Sie die Bilder durch Verschieben nach diesem Schema:\r\n \r\n[1] Die Situation ist am bedrohlichsten.\r\n[2] Die Situation ist weniger bedrohlich.\r\n[3] Die Situation ist am wenigsten bedrohlich.\r\n\r\nZur vergrößerten Ansicht bitte anklicken.',3),(290,'Threat Identification/SBA/Verbreitung von Malware durch Bereitstellung von Wechselmedien/USB-Stick','Bitte betrachten Sie nochmal diese Situation: Was macht DIESE Situation konkret zu einem Sicherheitsrisiko? \r\nWählen Sie zwei Antworten aus.',2),(291,'Threat Impact Assessment/SBA/Verbreitung von Malware durch Bereitstellung von Wechselmedien/USB-Stick','Diese Situation könnte einen Cyberangriff darstellen. Welche Konsequenzen für die Arneo GmbH könnte dann ein Fehlverhalten schlimmstenfalls nach sich ziehen?\r\nWählen Sie eine Antwort aus.',1),(292,'Tactic Choice/SBA/Verbreitung von Malware durch Bereitstellung von Wechselmedien/USB-Stick','Welche der aufgeführten Maßnahmen sollten Sie als Erstes ergreifen?\r\n Wählen Sie eine Antwort aus.',1),(293,'Tactic Justification/SBA/Verbreitung von Malware durch Bereitstellung von Wechselmedien/USB-Stick','Warum ist es in dieser Situation wichtig, den USB-Stick dem IT-Sicherheitsbeauftragten der Messe zu übergeben? \r\nWählen Sie eine Antwort aus.',1),(294,'Tactic Mastery/SBA/Verbreitung von Malware durch Bereitstellung von Wechselmedien/USB-Stick','Wie geht man konkret vor, um dem IT-Sicherheitsbeauftragten der Messe den USB-Stick zu übergeben? \r\nWählen Sie eine Antwort aus.',1),(295,'Tactic Check&Follow Up/SBA/Verbreitung von Malware durch Bereitstellung von Wechselmedien/USB-Stick','Welche ergänzenden Maßnahmen zur Gefahrenabwehr ist in dieser Situation notwendig? \r\nWählen Sie eine Antwort aus.',1),(296,'Threat Awareness/SBA/Kompromittierung von Informationssystemen/Laptop','Welche der folgenden möglichen Situationen ist die größte Bedrohung für die IT-Sicherheit der Arneo GmbH?\r\n \r\n[1] Die Situation ist am bedrohlichsten. \r\n[2] Die Situation ist weniger bedrohlich.\r\n[3] Die Situation ist am wenigsten bedrohlich.',3),(297,'Threat Identification/SBA/Kompromittierung von Informationssystemen/Laptop','Bitte versetzen Sie sich in die bedrohlichste Situation: Was macht DIESE Situation konkret zu einem Sicherheitsrisiko? \r\nWählen Sie die zwei richtigen Antworten aus.',2),(298,'Threat Impact Assessment/SBA/Kompromittierung von Informationssystemen/Laptop','Welche Konsequenzen könnte die Nutzung des Netzwerks schlimmstenfalls nach sich ziehen? \r\nWählen Sie eine Antwort.',1),(299,'Tactic Choice/SBA/Kompromittierung von Informationssystemen/Laptop','Welche der aufgeführten Maßnahmen sollten Sie als Erstes ergreifen? \r\nWählen Sie eine Antwort.',1),(300,'Tactic Justification/SBA/Kompromittierung von Informationssystemen/Laptop','Warum ist es in dieser Situation wichtig, die Vertrauenswürdigkeit des Netzwerks zu prüfen? \r\nWählen Sie eine Antwort.',1),(301,'Tactic Mastery/SBA/Kompromittierung von Informationssystemen/Laptop','Wie geht man konkret vor, um die Vertrauenswürdigkeit des Netzwerks zu prüfen? \r\nWählen Sie eine Antwort.',1),(302,'Tactic Check&Follow Up/SBA/Kompromittierung von Informationssystemen/Laptop','Sie haben durch die Berechtigungsprüfung festgestellt, dass das Netzwerk vertrauenswürdig ist. Welche ergänzenden Maßnahmen zur Gefahrenabwehr sind in dieser Situation notwendig? \r\nWählen Sie die drei richtigen Antworten aus.',2),(303,'Threat Awareness/SBA/Phishing/Social Media Systeme','Bei welcher der folgenden Nachrichten gehen Sie am ehesten davon aus, dass ein solch ausgefeilter Angriff vorliegt? \r\n\r\nBitte sortieren Sie nach diesem Schema: \r\n\r\n[1] Ich gehe am ehesten davon aus, dass ein ausgefeilter Angriff vorliegt.  \r\n[2] Ich gehe weniger davon aus, dass ein ausgefeilter Angriff vorliegt. \r\n[3] Ich gehe nicht davon aus, dass ein ausgefeilter Angriff vorliegt.',3),(304,'Threat Identification/SBA/Phishing/Social Media Systeme','Bitte betrachten Sie nochmals die bedrohlichste Nachricht genauer. Was konkret macht DIESE Nachricht zu einem Sicherheitsrisiko? \r\nWählen Sie zwei Antworten aus.',2),(305,'Threat Impact Assessment/SBA/Phishing/Social Media Systeme','Diese Nachricht könnte einen Cyberangriff darstellen. Welche Konsequenzen für die Arneo GmbH könnte ein Fehlverhalten schlimmstenfalls nach sich ziehen? \r\nWählen Sie eine Antwort aus.',1),(306,'Tactic Choice/SBA/Phishing/Social Media Systeme','Welche der aufgeführten Maßnahmen sollten Sie angesichts dieser Bedrohung als Erstes ergreifen? \r\nWählen Sie eine Antwort.',1),(307,'Tactic Justification/SBA/Phishing/Social Media Systeme','Warum ist es in dieser Situation wichtig, die Echtheit der Nachricht und die Identität von Paula zu überprüfen?\r\nWählen Sie eine Antwort.',1),(308,'Tactic Mastery/SBA/Phishing/Social Media Systeme','Wie geht man konkret vor, die Echtheit der Nachricht und die Identität von Paula zu überprüfen? \r\nWählen Sie eine Antwort.',1),(309,'Tactic Check&Follow Up/SBA/Phishing/Social Media Systeme','Sie haben durch die Identitätsprüfung festgestellt, dass die Nachricht von der echten Paula stammt. Welche ergänzende Maßnahme zur Gefahrenabwehr ist in dieser Situation notwendig? \r\nWählen Sie die Wichtigste aus.',1),(310,'Threat Awareness/SBA/Phishing/Instantmessenger','Bei welcher der folgenden möglichen Anfragen gehen Sie am ehesten von einem Angriff aus? \r\nBitte sortieren Sie nach diesem Schema: \r\n\r\n[1] Ich gehe am ehesten davon aus, dass ein Angriff vorliegt.  \r\n[2] Ich gehe weniger davon aus, dass ein Angriff vorliegt\r\n[3] Ich gehe nicht davon aus, dass ein Angriff vorliegt.',3),(311,'Threat Identification/SBA/Phishing/Instantmessenger','Bitte betrachten Sie nochmals die bedrohlichste Nachricht genauer. Was konkret macht DIESE Nachricht zu einem Sicherheitsrisiko? \r\nWählen Sie zwei Antworten aus.',2),(312,'Threat Impact Assessment/SBA/Phishing/Instantmessenger','Diese Nachricht könnte einen Cyberangriff darstellen. Welche Konsequenz für die Arneo GmbH könnte ein Fehlverhalten schlimmstenfalls nach sich ziehen? \r\nWählen Sie eine Antwort aus.',1),(313,'Tactic Choice/SBA/Phishing/Instantmessenger','Welche der aufgeführten Maßnahmen sollten Sie angesichts dieser Bedrohung als Erstes ergreifen? \r\nWählen Sie eine Antwort aus.',1),(314,'Tactic Justification/SBA/Phishing/Instantmessenger','Warum ist es in dieser Situation wichtig, die Echtheit der Nachricht und die Identität des Absenders zu überprüfen? \r\nWählen Sie eine Antwort aus.',1),(315,'Tactic Mastery/SBA/Phishing/Instantmessenger','Wie geht man konkret vor, um die Echtheit der Nachricht und die Identität des Absenders zu überprüfen? \r\nWählen Sie eine Antwort aus.',1),(316,'Tactic Check&Follow Up/SBA/Phishing/Instantmessenger','Sie haben durch die Identitätsprüfung festgestellt, dass die Nachricht nicht von dem Innendienstmitarbeiter Sven Müller stammt. Welche ergänzende Maßnahme zur Gefahrenabwehr ist in dieser Situation notwendig? \r\nWählen Sie die Wichtigste aus.',1),(317,'Threat Awareness/SBA/Festplattenfehler/USB','Welche der folgenden möglichen Situationen stellt die größte Bedrohung für die IT-Sicherheit der Arneo GmbH dar? Bitte sortieren Sie nach diesem Schema:   \r\n[1] Die Situation ist am bedrohlichsten. \r\n[2] Die Situation ist weniger bedrohlich. \r\n[3] Die Situation ist am wenigsten bedrohlich. \r\nZur vergrößerten Ansicht bitte das Bild anklicken. Zum Verschieben in den grauen Hintergrund klicken.',3),(318,'Threat Identification/SBA/Festplattenfehler/USB','Bitte betrachten Sie nochmals das bedrohlichste Szenario: Was macht diese Situation konkret zu einem IT-Sicherheitsrisiko für die Arneo GmbH? \r\nWählen Sie eine Antwort aus.',1),(319,'Threat Impact Assessment/SBA/Festplattenfehler/USB','Welche Konsequenzen für die Arneo GmbH könnte ein Fehlverhalten schlimmstenfalls haben? \r\nWählen Sie eine Antwort aus.',1),(320,'Tactic Choice/SBA/Festplattenfehler/USB','Welche der aufgeführten Maßnahmen sollten Sie angesichts der skizzierten Bedrohung als Erstes ergreifen? \r\nWählen Sie eine Antwort aus.',1),(321,'Tactic Justification/SBA/Festplattenfehler/USB','Warum ist es in dieser Situation wichtig als Erstes den Sicherheitsbeauftragten zu kontaktieren?   \r\nWählen Sie eine Antwort aus.',1),(322,'Tactic Mastery/SBA/Festplattenfehler/USB','Wie sollten Sie in dieser Sitation konkret vorgehen, um den/die IT-Sicherheitsbeauftragte*n und eine/n Kolleg*In aus Ihrer Abteilung zu kontaktieren?   \r\nWählen Sie eine Antwort aus.',1),(323,'Tactic Check&Follow Up/SBA/Festplattenfehler/USB','Welche ergänzenden Maßnahmen zur Gefahrenabwehr sind in dieser Situation notwendig?   \r\nWählen Sie eine Antwort aus.',1),(324,'Threat Awareness/SBA/Einschleusen bekannter Malware in interne Informationssysteme der Organisation/Instantmessenger','Welche der folgenden Nachrichten stellt die größte Bedrohung für die IT-Sicherheit der Arneo GmbH dar? Bitte sortieren Sie diesem Schema:   \r\n\r\n[1] Die Situation ist am bedrohlichsten. \r\n[2] Die Situation ist weniger bedrohlich. \r\n[3] Die Situation ist am wenigsten bedrohlich. \r\n\r\nZur vergrößerten Ansicht bitte das Bild anklicken. Zum Verschieben in den grauen Hintergrund klicken.',3),(325,'Threat Identification/SBA/Einschleusen bekannter Malware in interne Informationssysteme der Organisation/Instantmessenger','Bitte betrachten Sie nochmals die bedrohlichste Nachricht: Was macht diese Nachricht konkret zu einem IT-Sicherheitsrisiko für die Arneo GmbH? \r\nWählen Sie eine Antwort aus.',1),(326,'Threat Impact Assessment/SBA/Einschleusen bekannter Malware in interne Informationssysteme der Organisation/Instantmessenger','Welche Konsequenzen für die Arneo GmbH könnte ein Fehlverhalten schlimmstenfalls haben? \r\nWählen Sie zwei Antworten aus.',2),(327,'Tactic Choice/SBA/Einschleusen bekannter Malware in interne Informationssysteme der Organisation/Instantmessenger','Welche der aufgeführten Maßnahmen sollten Sie angesichts der skizzierten Bedrohung als Erstes ergreifen?   \r\nWählen Sie eine Antwort aus.',1),(328,'Tactic Justification/SBA/Einschleusen bekannter Malware in interne Informationssysteme der Organisation/Instantmessenger','Warum ist es in dieser Situation wichtig, als Erstes das Handy dem Sicherheitsbeauftragten zu geben?   \r\nWählen Sie eine Antwort aus.',1),(329,'Tactic Mastery/SBA/Einschleusen bekannter Malware in interne Informationssysteme der Organisation/Instantmessenger','Wie sollten Sie dabei konkret vorgehen?  \r\nWählen Sie eine Antwort aus.',1),(330,'Tactic Check&Follow Up/SBA/Einschleusen bekannter Malware in interne Informationssysteme der Organisation/Instantmessenger','Welche ergänzenden Maßnahmen zur Gefahrenabwehr sind in dieser Situation notwendig?   \r\nWählen Sie eine Antwort aus.',1),(331,'Threat Awareness/SBA/Einschleusen modifizierter Malware in interne Informationssysteme der Organisation/Instantmessenger','Welches der folgenden Nachrichten stellt die größte Bedrohung für die IT-Sicherheit der Arneo GmbH dar? Bitte sortieren Sie nach diesem Schema:   \r\n\r\n[1] Die Nachricht ist am bedrohlichsten. \r\n[2] Die Nachricht ist weniger bedrohlich. \r\n[3] Die Nachricht ist am wenigsten bedrohlich.',3),(332,'Threat Identification/SBA/Einschleusen modifizierter Malware in interne Informationssysteme der Organisation/Instantmessenger','Bitte betrachten Sie nochmals die bedrohlichste Situation: Was macht diese Nachricht konkret zu einem IT-Sicherheitsrisiko für die Arneo GmbH? \r\nWählen Sie eine Antwort aus.',1),(333,'Threat Impact Assessment/SBA/Einschleusen modifizierter Malware in interne Informationssysteme der Organisation/Instantmessenger','Welche Konsequenzen für die Arneo GmbH könnte ein Fehlverhalten schlimmstenfalls nach sich ziehen?    \r\nWählen Sie eine Antworte aus.',1),(334,'Tactic Choice/SBA/Einschleusen modifizierter Malware in interne Informationssysteme der Organisation/Instantmessenger','Welche der aufgeführten Maßnahmen sollten Sie angesichts dieser Bedrohung als Erstes ergreifen?    \r\nWählen Sie zwei Antworten aus.',2),(335,'Tactic Justification/SBA/Einschleusen modifizierter Malware in interne Informationssysteme der Organisation/Instantmessenger','Warum ist es in dieser Situation wichtig, den/die IT-Sicherheitsbeauftragte/n zu kontaktieren, die Nachricht zu löschen und den Absender zu blockieren?   \r\nWählen Sie eine Antwort aus.',1),(336,'Tactic Mastery/SBA/Einschleusen modifizierter Malware in interne Informationssysteme der Organisation/Instantmessenger','Sie haben sich entschieden, den/die IT-Sicherheitsbeauftragte/n zu kontaktieren. Wie gehen Sie dabei konkret vor?   \r\nWählen Sie eine Antwort aus.',1),(337,'Tactic Check&Follow Up/SBA/Einschleusen modifizierter Malware in interne Informationssysteme der Organisation/Instantmessenger','Welche ergänzenden Maßnahmen zur Gefahrenabwehr sind in dieser Situation notwendig?   \r\nWählen Sie eine Antwort aus.',1),(338,'Threat Awareness/SBA/Bereitstellung gezielter Schadsoftware zur Kontrolle interner Systeme und zur Exfiltration von Daten/Instantmessenger','Welche der folgenden Nachrichten stellt die größte Bedrohung für die IT-Sicherheit der Arneo GmbH dar? Bitte sortieren Sie nach diesem Schema:   \r\n\r\n[1] Die Situation ist am bedrohlichsten. \r\n[2] Die Situation ist weniger bedrohlich. \r\n[3] Die Situation ist am wenigsten bedrohlich.',3),(339,'Threat Identification/SBA/Bereitstellung gezielter Schadsoftware zur Kontrolle interner Systeme und zur Exfiltration von Daten/Instantmessen','Bitte betrachten Sie nochmals die bedrohlichste Situation: Was macht diese Nachricht konkret zu einem IT-Sicherheitsrisiko für die Arneo GmbH? \r\nWählen Sie eine Antwort aus.',1),(340,'Threat Impact Assessment/SBA/Bereitstellung gezielter Schadsoftware zur Kontrolle interner Systeme und zur Exfiltration von Daten/Instantmes','Welche Konsequenzen für die Arneo GmbH könnte ein Fehlverhalten schlimmstenfalls nach sich ziehen?    \r\nWählen Sie eine Antworte aus.',1),(341,'Tactic Choice/SBA/Bereitstellung gezielter Schadsoftware zur Kontrolle interner Systeme und zur Exfiltration von Daten/Instantmessenger','Welche der aufgeführten Maßnahmen sollten Sie angesichts dieser Bedrohung als Erstes ergreifen?    \r\nWählen Sie zwei Antworten aus.',2),(342,'Tactic Justification/SBA/Bereitstellung gezielter Schadsoftware zur Kontrolle interner Systeme und zur Exfiltration von Daten/Instantmesseng','Warum ist es in dieser Situation wichtig als Erstes den/die IT-Sicherheitsbeauftragte/n zu kontaktieren?   \r\nWählen Sie eine Antwort aus.',1),(343,'Tactic Mastery/SBA/Bereitstellung gezielter Schadsoftware zur Kontrolle interner Systeme und zur Exfiltration von Daten/Instantmessenger','Wie sollten Sie konkret vorgehen, um den/die IT-Sicherheitsbeauftragte/n zu kontaktieren?   \r\nWählen Sie eine Antwort aus.',1),(344,'Tactic Check&Follow Up/SBA/Bereitstellung gezielter Schadsoftware zur Kontrolle interner Systeme und zur Exfiltration von Daten/Instantmesse','Welche ergänzenden Maßnahmen zur Gefahrenabwehr sind in dieser Situation notwendig?  \r\nWählen Sie eine Antwort aus.',1),(345,'Threat Awareness/SBA/Kompromittierung von Informationssystemen oder Geräten/Telefon','Welche der folgenden möglichen Situationen ist die größte Bedrohung für die IT-Sicherheit der Arneo GmbH?\r\nSortieren Sie nach folgendem Schema\r\n\r\n[1] Die Situation ist am bedrohlichsten.\r\n[2] Die Situation ist weniger bedrohlich.\r\n[3] Die Situation ist am wenigsten bedrohlich.',3),(346,'Threat Identification/SBA/Kompromittierung von Informationssystemen oder Geräten/Telefon','Bitte betrachten Sie nochmals die bedrohlichste Situation: Was macht diese Situation konkret zu einem IT-Sicherheitsrisiko für die Arneo GmbH?   \r\nWählen Sie eine Antwort.',1),(347,'Threat Impact Assessment/SBA/Kompromittierung von Informationssystemen oder Geräten/Telefon','Welche Konsequenzen für die Arneo GmbH könnte es schlimmstenfalls haben, sollte die Ladestation zur Datenübertragung mit Ihrem Handy manipuliert sein?\r\nWählen Sie eine Antwort.',1),(348,'Tactic Choice/SBA/Kompromittierung von Informationssystemen oder Geräten/Telefon','Welche der aufgeführten Maßnahmen sollten Sie angesichts der skizzierten Bedrohung ergreifen?\r\nWählen Sie eine Antwort.',1),(349,'Tactic Justification/SBA/Kompromittierung von Informationssystemen oder Geräten/Telefon','Warum ist es in dieser Situation wichtig, eine andere Lademöglichkeit zu suchen? \r\nWählen Sie eine Antwort aus.',1),(350,'Tactic Mastery/SBA/Kompromittierung von Informationssystemen oder Geräten/Telefon','Sie haben sich entschieden, eine andere Lademöglichkeit zu suchen. Nach welchen Kriterien wählen Sie eine sichere Lademöglichkeit aus? \r\nWählen Sie zwei Antworten aus.',2),(351,'Tactic Check&Follow Up/SBA/Kompromittierung von Informationssystemen oder Geräten/Telefon','Sie suchen eine sichere Lademöglichkeit. Was wäre die sinnvollste Follow-Up-Maßnahme? \r\nWählen Sie eine Antwort aus.',1),(352,'Threat Awareness/SBI/Social Engineering/Instant Messenger','Bei welcher der folgenden möglichen Anfragen gehen Sie am ehesten von einem Angriff auf die IT-Sicherheit der Arneo GmbH aus? Bitte sortieren Sie nach diesem Schema: \r\n\r\n[1] Ich gehe am ehesten davon aus, dass ein Angriff vorliegt. \r\n[2] Ich gehe weniger davon aus, dass ein Angriff vorliegt.\r\n[3] Ich gehe nicht davon aus, dass ein Angriff vorliegt.',3),(353,'Threat Identification/SBI/Social Engineering/Instant Messenger','Was konkret macht diese Nachricht zu einer Bedrohung für die IT-Sicherheit der Arneo GmbH?   \r\nWählen Sie drei Antworten aus.',2),(354,'Threat Impact Assessment/SBI/Social Engineering/Instant Messenger','Gehen Sie davon aus, dass diese Nachricht einen Cyberangriff darstellt. Welche Konsequenz für die Arneo GmbH könnte ein Fehlverhalten schlimmstenfalls nach sich ziehen?   \r\nWählen Sie eine Antwort.',1),(355,'Tactic Choice/SBI/Social Engineering/Instant Messenger','Welche der aufgeführten Maßnahmen sollten Sie angesichts dieser Bedrohung als Erstes ergreifen?   \r\nWählen Sie eine Antwort.',1),(356,'Tactic Justification/SBI/Social Engineering/Instant Messenger','Warum ist es in dieser Situation wichtig, die Echtheit der Nachricht und die Identität des Absenders zu überprüfen?   \r\nWählen Sie eine Antwort.',1),(357,'Tactic Mastery/SBI/Social Engineering/Instant Messenger','Wie geht man konkret vor, um die Echtheit der Nachricht und die Identität des Absenders zu überprüfen?    \r\nWählen Sie eine Antwort.',1),(358,'Tactic Check&Follow Up/SBI/Social Engineering/Instant Messenger','Sie haben durch die Identitätsprüfung festgestellt, dass die Nachricht nicht von dem Außendienstmitarbeiter Sebastian Schmidt stammt. Welche ergänzende Maßnahme zur Gefahrenabwehr ist in dieser Situation notwendig?   \r\nWählen Sie die Wichtigste aus.',1),(359,'Threat Awareness/SBI/Social Engineering/Mailsystem','Welche der folgenden Nachrichten stellt die bedrohlichste Situation für die IT-Sicherheit der Arneo GmbH dar? Bitte sortieren Sie nach diesem Schema:   \r\n\r\n[1] Die Situation ist am bedrohlichsten. \r\n[2] Die Situation ist weniger bedrohlich. \r\n[3] Die Situation ist am wenigsten bedrohlich.',3),(360,'Threat Identification/SBI/Social Engineering/Mailsystem','Betrachten Sie nochmals die bedrohlichste Nachricht: Was konkret macht diese Nachricht zu einem IT-Sicherheitsrisiko für die Arneo GmbH?  \r\nWählen Sie eine Antwort aus.',1),(361,'Threat Impact Assessment/SBI/Social Engineering/Mailsystem','Welche Konsequenzen für die Arneo GmbH könnte ein Fehlverhalten schlimmstenfalls nach sich ziehen?   \r\nWählen Sie eine Antwort aus.',1),(362,'Tactic Choice/SBI/Social Engineering/Mailsystem','Welche der aufgeführten Maßnahmen sollten Sie angesichts der skizzierten Bedrohung ergreifen?   \r\nWählen Sie eine Antwort aus.',1),(363,'Tactic Justification/SBI/Social Engineering/Mailsystem','Warum ist es im konkreten Kontext wichtig, die Identität des Absenders zu überprüfen?   \r\nWählen Sie eine Antwort aus.',1),(364,'Tactic Mastery/SBI/Social Engineering/Mailsystem','Wie sollten Sie in dieser Situation konkret die Identität des Absenders überprüfen?   \r\nWählen Sie eine Antwort aus.',1),(365,'Tactic Check&Follow Up/SBI/Social Engineering/Mailsystem','Die Identität des Absenders sollte am besten überprüft werden, indem Sie eine Person ausfindig machen, die den Absender kennt und identifizieren kann. Welche ergänzende überprüfende oder präventive Maßnahme ist notwendig?   \r\nWählen Sie eine Antwort aus.',1),(366,'Threat Awareness/SBI/Social Engineering/Social Media Systeme','Bei welcher der folgenden Nachrichten gehen Sie am ehesten davon aus, dass ein solch ausgefeilter Angriff auf die IT-Sicherheit der Arneo GmbH vorliegt?   Bitte sortieren Sie nach diesem Schema: \r\n\r\n[1] Ich gehe am ehesten davon aus, dass ein ausgefeilter Angriff vorliegt. \r\n[2] Ich gehe weniger davon aus, dass ein ausgefeilter Angriff vorliegt. \r\n[3] Ich gehe nicht davon aus, dass ein ausgefeilter Angriff vorliegt.',3),(367,'Threat Identification/SBI/Social Engineering/Social Media Systeme','Bitte betrachten Sie die bedrohlichste Nachricht nochmals genauer: Was konkret macht diese Nachricht zu einer Bedrohung für die IT-Sicherheit der Arneo GmbH?   \r\nWählen Sie zwei Antworten aus.',2),(368,'Threat Impact Assessment/SBI/Social Engineering/Social Media Systeme','Gehen Sie davon aus, dass diese Nachricht einen Cyberangriff darstellt. Welche Konsequenz für die Arneo GmbH könnte ein Fehlverhalten schlimmstenfalls nach sich ziehen?   \r\nWählen Sie eine Antwort.',1),(369,'Tactic Choice/SBI/Social Engineering/Social Media Systeme','Welche der aufgeführten Maßnahmen sollten Sie angesichts dieser Bedrohung als Erstes ergreifen?    \r\nWählen Sie eine Antwort.',1),(370,'Tactic Justification/SBI/Social Engineering/Social Media Systeme','Warum ist es in dieser Situation wichtig, die Identität von Paula zu überprüfen?  \r\nWählen Sie eine Antwort.',1),(371,'Tactic Mastery/SBI/Social Engineering/Social Media Systeme','Wie geht man konkret vor, um die Identität von Paula zu überprüfen?   \r\nWählen Sie eine Antwort.',1),(372,'Tactic Check&Follow Up/SBI/Social Engineering/Social Media Systeme','Sie haben durch die Identitätsprüfung festgestellt, dass die Nachricht nicht von der echten Paula stammt. Welche ergänzende Maßnahme zur Gefahrenabwehr ist in dieser Situation notwendig?   \r\nWählen Sie die Wichtigste aus.',1),(373,'Threat Awareness/SBI/Unzureichende Zugangskontrolle/Mitarbeiter','Welche der folgenden möglichen Situationen ist die größte Bedrohung für die IT-Sicherheit der Arneo GmbH? Sortieren Sie nach folgendem Schema: \r\n\r\n[1] Die Situation ist am bedrohlichsten. \r\n[2] Die Situation ist weniger bedrohlich. \r\n[3] Die Situation ist am wenigsten bedrohlich.',3),(374,'Threat Identification/SBI/Unzureichende Zugangskontrolle/Mitarbeiter','Bitte betrachten Sie nochmals die bedrohlichste Situation: Was macht diese Situation konkret zu einem Informationssicherheitsrisiko?   \r\nWählen Sie zwei Antworten aus.',2),(375,'Threat Impact Assessment/SBI/Unzureichende Zugangskontrolle/Mitarbeiter','Welche Konsequenzen für die Arneo GmbH könnte diese Bedrohung schlimmstenfalls nach sich ziehen?     \r\nWählen Sie eine Antwort aus.',1),(376,'Tactic Choice/SBI/Unzureichende Zugangskontrolle/Mitarbeiter','Welche der aufgeführten Maßnahmen sollte angesichts dieser Bedrohung ausgewählt werden?   \r\nWählen Sie eine Antwort.',1),(377,'Tactic Justification/SBI/Unzureichende Zugangskontrolle/Mitarbeiter','Warum ist es in dieser Situation  wichtig, die Identität der Person festzustellen?   \r\nWählen Sie eine Antwort.',1),(378,'Tactic Mastery/SBI/Unzureichende Zugangskontrolle/Mitarbeiter','Wie geht man konkret vor, um die Identität der Person festzustellen?   \r\nWählen Sie eine Antwort.',1),(379,'Tactic Check&Follow Up/SBI/Unzureichende Zugangskontrolle/Mitarbeiter','Sie haben durch die Prüfung festgestellt, dass die Person keine Berechtigung besitzt, sich in dem Bereich aufzuhalten.   Welche ergänzenden Maßnahmen sind in dieser Situation noch notwendig?    \r\nWählen Sie die beiden wichtigsten Maßnahmen aus.',2),(380,'Threat Awareness/FK/Phishing/Instantmessenger','Welche der folgenden möglichen Situationen ist die größte Bedrohung für die IT-Sicherheit der Arneo GmbH?  Bitte sortieren Sie nach folgendem Schema:  \r\n\r\n[1] Die Situation ist am bedrohlichsten. \r\n[2] Die Situation ist weniger bedrohlich. \r\n[3] Die Situation ist am wenigsten bedrohlich.',3),(381,'Threat Identification/FK/Phishing/Instantmessenger','Bitte betrachten Sie nochmals die bedrohlichste Situation: Was macht diese Situation konkret zu einer Bedrohung für die IT-Sicherheit der Arneo GmbH?   \r\nWählen Sie eine Antwort.',1),(382,'Threat Impact Assessment/FK/Phishing/Instantmessenger','Welche Konsequenz für die Arneo GmbH könnte ein Fehlverhalten schlimmsentfalls nach sich ziehen?  \r\nWählen Sie eine Antwort aus.',1),(383,'Tactic Choice/FK/Phishing/Instantmessenger','Welche der aufgeführten Maßnahmen würden Sie angesichts der skizzierten Bedrohung ergreifen?   \r\nWählen Sie eine Antwort.',1),(384,'Tactic Justification/FK/Phishing/Instantmessenger','Warum ist es in diesem konkreten Kontext richtig, den/die Sicherheitsbeauftragte/n zu kontaktieren?   \r\nWählen Sie eine Antwort.',1),(385,'Tactic Mastery/FK/Phishing/Instantmessenger','Wie gehen Sie in dieser Situation konkret vorgehen, um den/die Sicherheitsbeauftragte/n zu kontaktieren?   \r\nWählen Sie eine Antwort aus.',1),(386,'Tactic Check&Follow Up/FK/Phishing/Instantmessenger','Welche ergänzende überprüfende oder präventive Maßnahme ist notwendig?   \r\nWählen Sie eine Antwort aus.',1),(387,'Threat Awareness/FK/Social Engineering/Instantmessenger','Bei welcher der folgenden möglichen Anfragen gehen Sie am ehesten von einem Angriff auf die IT-Sicherheit der Arneo GmbH aus?     Bitte sortieren Sie nach diesem Schema: \r\n\r\n[1] Ich gehe am ehesten davon aus, dass ein Angriff vorliegt. \r\n[2] Ich gehe weniger davon aus, dass ein Angriff vorliegt. \r\n[3] Ich gehe nicht davon aus, dass ein Angriff vorliegt.',3),(388,'Threat Identification/FK/Social Engineering/Instantmessenger','Was konkret macht diese Nachricht zu einer Bedrohung für die IT-Sicherheit der Arneo GmbH?   \r\nWählen Sie drei Antworten aus.',2),(389,'Threat Impact Assessment/FK/Social Engineering/Instantmessenger','Gehen Sie davon aus, dass diese Nachricht einen Cyberangriff darstellt. Welche Konsequenz für die Arneo GmbH könnte ein Fehlverhalten schlimmstenfalls nach sich ziehen?   \r\nWählen Sie eine Antwort.',1),(390,'Tactic Choice/FK/Social Engineering/Instantmessenger','Welche der aufgeführten Maßnahmen sollten Sie angesichts dieser Bedrohung als Erstes ergreifen?   \r\nWählen Sie eine Antwort.',1),(391,'Tactic Justification/FK/Social Engineering/Instantmessenger','Warum ist es in dieser Situation wichtig, die Echtheit der Nachricht und die Identität des Absenders zu überprüfen?   \r\nWählen Sie eine Antwort.',1),(392,'Tactic Mastery/FK/Social Engineering/Instantmessenger','Wie geht man konkret vor, um die Echtheit der Nachricht und die Identität des Absenders zu überprüfen?    \r\nWählen Sie eine Antwort.',1),(393,'Tactic Check&Follow Up/FK/Social Engineering/Instantmessenger','Sie haben durch die Identitätsprüfung festgestellt, dass die Nachricht nicht von dem Außendienstmitarbeiter Sebastian Schmidt stammt. Welche ergänzende Maßnahme zur Gefahrenabwehr ist in dieser Situation notwendig?   \r\nWählen Sie die Wichtigste aus.',1),(394,'Threat Awareness/FK/Phishing/Mailsystem','Bei welcher der folgenden E-Mails gehen Sie am ehesten davon aus, dass ein Angriff auf die IT-Sicherheit der Arneo GmbH vorliegt?     Bitte sortieren Sie nach diesem Schema:   \r\n\r\n[1] Ich gehe am ehesten davon aus, dass ein Angriff vorliegt.  \r\n[2] Ich gehe weniger davon aus, dass ein Angriff vorliegt.   \r\n[3] Ich gehe nicht davon aus, dass ein Angriff vorliegt.',3),(395,'Threat Identification/FK/Phishing/Mailsystem','Bitte betrachten Sie nochmals die bedrohlichste Nachricht genauer. Was konkret macht DIESE Nachricht zu einem Sicherheitsrisiko?     \r\nWählen Sie drei Antworten aus.',2),(396,'Threat Impact Assessment/FK/Phishing/Mailsystem','Welche Konsequenzen könnte ein Fehlverhalten schlimmstenfalls nach sich ziehen?   \r\nWählen Sie eine Antwort aus.',1),(397,'Tactic Choice/FK/Phishing/Mailsystem','Welche der aufgeführten Maßnahmen sollten Sie angesichts dieser Bedrohung als Erstes ergreifen?   \r\nWählen Sie eine Antwort aus.',1),(398,'Tactic Justification/FK/Phishing/Mailsystem','Warum ist es in dieser Situation wichtig, die Echtheit der Nachricht und die Identität des Absenders zu überprüfen?   \r\nWählen Sie eine Antwort aus.',1),(399,'Tactic Mastery/FK/Phishing/Mailsystem','Wie geht man konkret vor, um die Echtheit der Nachricht und die Identität des Absenders zu überprüfen?    \r\nWählen Sie eine Antwort aus.',1),(400,'Tactic Check&Follow Up/FK/Phishing/Mailsystem','Sie haben durch die Identitätsprüfung festgestellt, dass die Nachricht nicht von Lukas Maier stammt. Welche ergänzende Maßnahme zur Gefahrenabwehr ist in dieser Situation notwendig?  \r\nWählen Sie die Wichtigste aus.',1),(401,'Threat Awareness/FK/Festplattenfehler/USB-Stick','Welche der folgenden möglichen Situationen ist die größte Bedrohung für die IT-Sicherheit der Arneo GmbH?  Bitte sortieren Sie nach folgendem Schema:    \r\n\r\n[1] Die Situation ist am bedrohlichsten. \r\n[2] Die Situation ist weniger bedrohlich. \r\n[3] Die Situation ist am wenigsten bedrohlich.',3),(402,'Threat Identification/FK/Festplattenfehler/USB-Stick','Bitte betrachten Sie die bedrohlichste Situation genauer: Was macht diese Situation konkret zu einem IT-Sicherheitsrisiko für die Arneo GmbH?   \r\nWählen Sie eine Antwort.',1),(403,'Threat Impact Assessment/FK/Festplattenfehler/USB-Stick','Welche Konsequenzen könnte ein Fehlverhalten schlimmstenfalls für die Arneo GmbH nach sich ziehen?   \r\nWählen Sie eine Antwort.',1),(404,'Tactic Choice/FK/Festplattenfehler/USB-Stick','Welche der aufgeführten Maßnahmen sollten Sie angesichts dieser Bedrohung ergreifen?   \r\nWählen Sie eine Antwort.',1),(405,'Tactic Justification/FK/Festplattenfehler/USB-Stick','Warum ist es in dieser Situation wichtig, das Büro ordnungsgemäß zu hinterlassen?   \r\nWählen Sie eine Antwort.',1),(406,'Tactic Mastery/FK/Festplattenfehler/USB-Stick','Wie sollten Sie konkret vorgehen, um das Büro ordnungsgemäß zu hinterlassen?   \r\nWählen Sie eine Antwort.',1),(407,'Tactic Check&Follow Up/FK/Festplattenfehler/USB-Stick','Welche ergänzenden Maßnahmen zur Gefahrenabwehr sind in dieser Situation notwendig?   \r\nWählen Sie eine Antwort.',1),(408,'Threat Awareness/FK/Durchführung von nicht zielgerichteten Zero-Day-Angriffen/Buchhaltungssystem','Welche der folgenden möglichen Situationen ist die größte Bedrohung für die IT-Sicherheit der Arneo GmbH? Bitte sortieren Sie nach diesem Schema:   \r\n\r\n[1] Die Situation ist am bedrohlichsten. \r\n[2] Die Situation ist weniger bedrohlich. \r\n[3] Die Situation ist am wenigsten bedrohlich.',3),(409,'Threat Identification/FK/Durchführung von nicht zielgerichteten Zero-Day-Angriffen/Buchhaltungssystem','Bitte betrachten Sie nochmals die bedrohlichste Situation: Was macht diese Situation konkret zu einer Bedrohung für die IT-Sicherheit der Arneo GmbH?   \r\nWählen Sie eine Antwort aus.',1),(410,'Threat Impact Assessment/FK/Durchführung von nicht zielgerichteten Zero-Day-Angriffen/Buchhaltungssystem','Welche Konsequenzen könnte ein Fehlverhalten schlimmstenfalls für die Arneo GmbH nach sich ziehen?   \r\nWählen Sie eine Antwort aus.',1),(411,'Tactic Choice/FK/Durchführung von nicht zielgerichteten Zero-Day-Angriffen/Buchhaltungssystem','Welche der aufgeführten Maßnahmen würden Sie angesichts der skizzierten Bedrohung ergreifen? \r\nWählen Sie eine Antwort aus.',1),(412,'Tactic Justification/FK/Durchführung von nicht zielgerichteten Zero-Day-Angriffen/Buchhaltungssystem','Warum ist es in dieser Situation wichtig, den/die IT-Sicherheitsbeauftragte/n zu kontaktieren.   \r\nWählen Sie eine Antwort aus.',1),(413,'Tactic Mastery/FK/Durchführung von nicht zielgerichteten Zero-Day-Angriffen/Buchhaltungssystem','Wie gehen Sie konkret dabei vor, um den/die IT-Sicherheitsbeauftragte/n zu kontaktieren.   \r\nWählen Sie eine Antwort aus.',1),(414,'Tactic Check&Follow Up/FK/Durchführung von nicht zielgerichteten Zero-Day-Angriffen/Buchhaltungssystem','Welche ergänzende oder präventive Maßnahme zur Gefahrenabwehr wäre sinnvoll?   \r\nWählen Sie eine Antwort aus.',1),(415,'Threat Awareness/GF/Durchführung von Brute-Force-Anmeldeversuchen/PC','Welche der folgenden möglichen Situationen ist die größte Bedrohung für die IT-Sicherheit der Arneo GmbH?   \r\n[1] Die Situation ist am bedrohlichsten. \r\n[2] Die Situation ist weniger bedrohlich. \r\n[3] Die Situation ist am wenigsten bedrohlich.',3),(416,'Threat Identification/GF/Durchführung von Brute-Force-Anmeldeversuchen/PC','Bitte betrachten Sie nochmals diese Situation. Was macht diese Situation konkret zu einem Sicherheitsrisiko? \r\nWählen Sie eine Antwort aus.',1),(417,'Threat Impact Assessment/GF/Durchführung von Brute-Force-Anmeldeversuchen/PC','Welche Konsequenzen für die IT-Sicherheit der Arneo GmbH könnte es schlimmstenfalls haben?',1),(418,'Tactic Choice/GF/Durchführung von Brute-Force-Anmeldeversuchen/PC','Welche der aufgeführten Maßnahmen sollten Sie angesichts dieser Bedrohung ergreifen?  \r\n Wählen Sie eine Antwort aus.',1),(419,'Tactic Justification/GF/Durchführung von Brute-Force-Anmeldeversuchen/PC','Warum sollte man in diesem konkreten Beispiel das Sicherheitsproblem intern behandeln? \r\nWählen Sie eine Antwort aus.',1),(420,'Tactic Mastery/GF/Durchführung von Brute-Force-Anmeldeversuchen/PC','Wie gehen Sie konkret dabei vor, um das Sicherheitsproblem zu lösen?\r\nWählen Sie eine Antwort aus.',2),(421,'Tactic Check & Follow Up/GF/Durchführung von Brute-Force-Anmeldeversuchen/PC','Welche ergänzenden Maßnahmen zur Gefahrenabwehr sind in dieser Situation notwendig? \r\nWählen Sie zwei Antworten aus.',2),(422,'Threat Awareness/GF/Kompromittierung von Informationssystemen oder Geräten/Telefon','Welche der folgenden möglichen Situationen ist die größte Bedrohung für die IT-Sicherheit der Arneo GmbH?  \r\n[1] Die Situation ist am bedrohlichsten. \r\n[2] Die Situation ist weniger bedrohlich.\r\n[3] Die Situation ist am wenigsten bedrohlich',3),(423,'Threat Identification/GF/Kompromittierung von Informationssystemen oder Geräten/Telefon','Bitte betrachten Sie nochmals diese Situation. Was macht diese Situation konkret zu einem IT-Sicherheitsrisiko für die Arneo GmbH?  \r\nWählen Sie eine Antwort aus.',1),(424,'Threat Impact Assessment/GF/Kompromittierung von Informationssystemen oder Geräten/Telefon','Welche Konsequenzen könnte es schlimmstenfalls haben, sollte die Ladestation zur Datenübertragung mit Ihrem Handy manipuliert sein?  \r\nWählen Sie eine Antwort aus.',1),(425,'Tactic Choice/GF/Kompromittierung von Informationssystemen oder Geräten/Telefon','Welche der aufgeführten Maßnahmen sollten Sie angesichts der skizzierten Bedrohung ergreifen?\r\nWählen Sie eine Antwort aus.',1),(426,'Tactic Justification/GF/Kompromittierung von Informationssystemen oder Geräten/Telefon','Warum ist es in dieser Situation wichtig, eine andere Lademöglichkeit zu suchen? \r\nWählen Sie eine Antwort aus.',1),(427,'Tactic Mastery/GF/Kompromittierung von Informationssystemen oder Geräten/Telefon','Sie haben sich entschieden, eine andere Lademöglichkeit zu suchen. Nach welchen Kriterien wählen Sie eine sichere Lademöglichkeit aus? \r\nWählen Sie zwei Antworten aus.',2),(428,'Tactic Check & Follow Up/GF/Kompromittierung von Informationssystemen oder Geräten/Telefon','Sie suchen eine sichere Lademöglichkeit. Was wäre die sinnvollste Follow-Up-Maßnahme? \r\nWählen Sie eine Antwort aus.',1),(429,'Threat Awareness/GF/Einschleusen von Malware/Mailsystem','Welche der folgenden möglichen E-Mails ist die größte Bedrohung für die IT-Sicherheit der Arneo GmbH?   \r\n[1] Die Situation ist am bedrohlichsten. \r\n[2] Die Situation ist weniger bedrohlich. \r\n[3] Die Situation ist am wenigsten bedrohlich.',3),(430,'Threat Identification/GF/Einschleusen von Malware/Mailsystem','Bitte betrachten Sie nochmals diese Situation. Was macht diese Situation konkret zu einem IT-Sicherheitsrisiko für die Arneo GmbH? \r\nWählen Sie drei Antworten aus.',2),(431,'Threat Impact Asessment/GF/Einschleusen von Malware/Mailsystem','Welche Konsequenzen für die IT-Sicherheit der Arneo GmbH könnte ein Fehlverhalten schlimmstenfalls haben? \r\nWählen Sie eine Antwort aus.',1),(432,'Tactic Choice/GF/Einschleusen von Malware/Mailsystem','Welche der aufgeführten Maßnahmen sollten Sie angesichts dieser Bedrohung für die IT-Sicherheit der Arneo GmbH als Erstes ergreifen? \r\nWählen Sie eine Antwort aus.',1),(433,'Tactic Justification/GF/Einschleusen von Malware/Mailsystem','Warum ist es in dieser Situation wichtig, den IT-Sicherheitsbeauftragten zu kontaktieren? Wählen Sie eine Antwort aus.',1),(434,'Tactic Mastery/GF/Einschleusen von Malware/Mailsystem','Welche Schritte unternehmen Sie konkret, um den IT-Sicherheitsbeauftragten zu kontaktieren? \r\nWählen Sie eine Antwort aus.',1),(435,'Tactic Check & Follow Up/GF/Einschleusen von Malware/Mailsystem','Angenommen, Sie kontaktieren den IT-Sicherheitsbeauftragten und dieser prüft, ob Ihr Computer mit Malware infiziert wurde. Was wäre die sinnvollste Follow-Up Maßnahme? \r\nWählen Sie eine Antwort aus.',1),(436,'Threat Awareness/GF/Ausnutzen bekannter Schwachstellen/Smartphone','Welche der folgenden möglichen Situationen ist die größte Bedrohung für die IT-Sicherheit der Arneo GmbH? Bitte sortieren Sie nach diesem Schema:  \r\n [1] Die Situation ist am bedrohlichsten. \r\n[2] Die Situation ist weniger bedrohlich. \r\n[3] Die Situation ist am wenigsten bedrohlich.',3),(437,'Threat Identification/GF/Ausnutzen bekannter Schwachstellen/Smartphone','Bitte betrachten Sie nochmals diese Situation. Was macht diese Situation konkret zu einem Risiko für die IT-Sicherheits der Arneo GmbH?   \r\nWählen Sie eine Antwort aus.',1),(438,'Threat Impact Assessment/GF/Ausnutzen bekannter Schwachstellen/Smartphone','Welche Konsequenzen für die Arneo GmbH könnte ein Fehlverhalten schlimmstenfalls nach sich ziehen?   \r\nWählen Sie eine Antwort aus.',1),(439,'Tactic Choice/GF/Ausnutzen bekannter Schwachstellen/Smartphone','Welche der aufgeführten Maßnahmen sollten Sie als Erstes ergreifen?   \r\nWählen Sie eine Antwort aus.',1),(440,'Tactic Justification/GF/Ausnutzen bekannter Schwachstellen/Smartphone','Warum ist es in dieser Situation wichtig, einen Testbericht über die App zu recherchieren und zu versuchen, Rezensionen zu finden? \r\nWählen Sie eine Antwort aus.',1),(441,'Tactic Mastery/GF/Ausnutzen bekannter Schwachstellen/Smartphone','Sie haben sich entschieden, die angezeigte App nicht herunterzuladen und prüfen, ob diese überhaupt die wirklich empfohlene ist und ob die App auch für Ihr Betriebssystem und in Ihrem Appstore verfügbar ist. Welche Schritte unternehmen Sie dafür konkret?   \r\nWählen Sie eine Antwort aus.',1),(442,'Tactic Check & Follow Up/GF/Ausnutzen bekannter Schwachstellen/Smartphone','Welche ergänzenden Maßnahmen zur Gefahrenabwehr sind in dieser Situation notwendig?  \r\nWählen Sie eine Antwort aus.',1),(443,'Threat Awareness/GF/(Speer)-Phishing/Instantmessenger','Welche der folgenden möglichen Situationen ist die größte Bedrohung für die IT-Sicherheit der Arneo GmbH?   \r\n[1] Die Situation ist am bedrohlichsten. \r\n[2] Die Situation ist weniger bedrohlich. \r\n[3] Die Situation ist am wenigsten bedrohlich.',3),(444,'Threat Identification/GF/(Speer)-Phishing/Instantmessenger','Bitte betrachten Sie nochmals diese Situation. Was macht diese Situation konkret zu einem IT-Sicherheitsrisiko für die Arneo GmbH?  \r\nWählen Sie zwei Antworten aus.',2),(445,'Threat Impact Assessment/GF/(Speer)-Phishing/Instantmessenger','Welche Konsequenzen für die IT-Sicherheit der Arneo GmbH könnte ein Fehlverhalten schlimmstenfalls haben?\r\nWählen Sie eine Antwort aus.',1),(446,'Tactic Choice/GF/(Speer)-Phishing/Instantmessenger','Welche der aufgeführten Maßnahmen würden Sie angesichts der skizzierten Bedrohung ergreifen?   \r\nWählen Sie eine Antwort aus.',1),(447,'Tactic Justification/GF/(Speer)-Phishing/Instantmessenger','Warum ist es in dieser Situation wichtig den IT-Sicherheitsbeauftragten zu kontaktieren?\r\nWählen Sie eine Antwort aus.',1),(448,'Tactic Mastery/GF/(Speer)-Phishing/Instantmessenger','Welche Schritte unternehmen Sie dafür konkret? \r\nWählen Sie eine Antwort.',1),(449,'Tactic Check & Follow UpGF/(Speer)-Phishing/Instantmessenger','Was wäre die sinnvollste Follow-Up Maßnahme?  \r\nWählen Sie eine Antwort aus.',1),(450,'Threat Awareness/GF/(Speer)-Phishing/Mailsystem','Welche der folgenden möglichen E-Mails ist die größte Bedrohung für die IT-Sicherheit der Arneo GmbH?\r\n[1] Die Situation ist am bedrohlichsten. \r\n[2] Die Situation ist weniger bedrohlich. \r\n[3] Die Situation ist am wenigsten bedrohlich.',3),(451,'Threat Identification/GF/(Speer)-Phishing/Mailsystem','Bitte betrachten Sie nochmals diese Situation.  Was macht diese Situation konkret zu einem IT-Sicherheitsrisiko für die Arneo GmbH? \r\nWählen Sie drei Antworten aus.',2),(452,'Threat Impact Assessment/GF/(Speer)-Phishing/Mailsystem','Welche Konsequenzen für die IT-Sicherheit der Arneo GmbH könnte ein Fehlverhalten schlimmstenfalls haben?   \r\nWählen Sie eine Antwort aus.',1),(453,'Tactic Choice/GF/(Speer)-Phishing/Mailsystem','Welche der aufgeführten Maßnahmen würden Sie angesichts der skizzierten Bedrohung ergreifen?   \r\nWählen Sie eine Antwort aus.',1),(454,'Tactic Justification/GF/(Speer)-Phishing/Mailsystem','Warum ist es in dieser Situation wichtig die Echtheit der E-Mail und die Identität des Absenders zu überprüfen?',1),(455,'Tactic Mastery/GF/(Speer)-Phishing/Mailsystem','Wie geht man konkret vor, um die  Echtheit der E-Mail und die Identität des Absenders zu überprüfen?',1),(456,'Tactic Check & Follow Up/GF/(Speer)-Phishing/Mailsystem','Sie haben durch die Identitätsprüfung festgestellt, dass die Nachricht nicht von Claudia Schmidt stammt. Welche ergänzende Maßnahme zur Gefahrenabwehr ist in dieser Situation notwendig?\r\nWählen Sie die Wichtigste aus.',1),(457,'Threat Awareness/GF/Falsche Berechtigungseinstellungen/Mitarbeiter','Welche der folgenden möglichen Situationen ist die größte Bedrohung für die IT-Sicherheit der Arneo GmbH?  Bitte sortieren Sie nach diesem Schema:\r\n[1] Die Nachricht ist am bedrohlichsten. \r\n[2] Die Nachricht ist weniger bedrohlich. \r\n[3] Die Nachricht ist am wenigsten bedrohlich.',3),(458,'Threat Identification/GF/Falsche Berechtigungseinstellungen/Mitarbeiter','Bitte betrachten Sie nochmals diese Situation: Was macht diese Situation konkret zu einem Risiko für die IT-Sicherheit der Arneo GmbH?   Wählen Sie eine Antwort.',1),(459,'Threat Impact Assessment/GF/Falsche Berechtigungseinstellungen/Mitarbeiter','Welche Konsequenzen könnte ein Fehlverhalten schlimmstenfalls nach sich ziehen? Wählen Sie eine Antwort.',1),(460,'Tactic Choice/GF/Falsche Berechtigungseinstellungen/Mitarbeiter','Welche der aufgeführten Maßnahmen sollten Sie als Erstes ergreifen? Wählen Sie eine Antwort.',1),(461,'Tactic Justification/GF/Falsche Berechtigungseinstellungen/Mitarbeiter','Warum ist es in dieser Situation wichtig, die Personalabteilung zu kontaktieren und den/die IT-Sicherheitsbeauftragte/n zu informieren? Wählen Sie eine Antwort.',1),(462,'Tactic Mastery/GF/Falsche Berechtigungseinstellungen/Mitarbeiter','Was sollten Sie konkret unternehmen, um die Personalabteilung zu kontaktieren und den/die  IT-Sicherheitsbeauftragte/n zu informieren? Wählen Sie eine Antwort.',1),(463,'Tactic Check & Follow Up/GF/Falsche Berechtigungseinstellungen/Mitarbeiter','Welche ergänzenden Maßnahmen zur Gefahrenabwehr sind in dieser Situation notwendig? Wählen Sie eine Antwort aus.',1),(464,'Threat Awareness/GF/Spoofing/Online-Banking','Welche der folgenden Nachrichten schätzen Sie als am bedrohlichsten ein?  Bitte sortieren Sie nach folgendem Schema:   \r\n[1] Die Nachricht ist am bedrohlichsten. \r\n[2] Die Nachricht ist weniger bedrohlich. \r\n[3] Die Nachricht ist am wenigsten bedrohlich.',3),(465,'Threat Identification/GF/Spoofing/Online-Banking','Was macht diese Nachricht konkret zu einem IT-Sicherheitsrisiko für die Arneo GmbH? Wählen Sie drei Antworten.',2),(466,'Threat Impact Assessment/GF/Spoofing/Online-Banking','Welche Konsequenzen für die Arneo GmbH könnte ein Fehlverhalten schlimmstenfalls nach sich ziehen? Wählen Sie eine Anwort.',1),(467,'Tactic Choice/GF/Spoofing/Online-Banking','Welche der aufgeführten Maßnahmen sollten Sie angesichts der Bedrohung ergreifen? Wählen Sie zwei Antworten aus.',2),(468,'Tactic Justification/GF/Spoofing/Online-Banking','Warum ist es in dieser Situation wichtig, die Identität des Absenders zu prüfen? Wählen Sie eine Antwort aus.',1),(469,'Tactic Mastery/GF/Spoofing/Online-Banking','Wie gehen Sie konkret vor, um die Identität des Absenders zu prüfen? Wählen Sie eine Antwort aus.',1),(470,'Tactic Check & Follow Up/GF/Spoofing/Online-Banking','Angenommen, Ihnen fällt auf, dass sowohl die fremde E-Mail-Adresse als auch der Link in der E-Mail gefälscht sind. Was wäre die sinnvollste  ergänzende Maßnahme zur Gefahrenabwehr? Wählen Sie eine Antwort aus.',1),(471,'Threat Awareness/FK/Falsche Berechtigungseinstellungen/Mitarbeiter','Welche der folgenden möglichen Situationen ist die größte Bedrohung für die IT-Sicherheit der Arneo GmbH? Bitte sortieren Sie nach diesem Schema:\r\n[1] Die Situation ist am bedrohlichsten. \r\n[2] Die Situation ist weniger bedrohlich. \r\n[3] Die Situation ist am wenigsten bedrohlich.',3),(472,'Threat Identification/FK/Falsche Berechtigungseinstellungen/Mitarbeiter','Bitte betrachten Sie nochmals diese Situation: Was macht diese Situation konkret zu einem IT- Sicherheitsrisiko für die Arneo GmbH?\r\nWählen Sie eine Antwort aus.',1),(473,'Threat Impact Assessment/FK/Falsche Berechtigungseinstellungen/Mitarbeiter','Welche Konsequenzen könnte ein Fehlverhalten schlimmstenfalls für die Arneo GmbH nach sich ziehen? Wählen Sie eine Antwort aus.',1),(474,'Tactic Choice/FK/Falsche Berechtigungseinstellungen/Mitarbeiter','Welche der aufgeführten Maßnahmen sollten Sie als Erstes ergreifen? Wählen Sie eine Antwort aus.',1),(475,'Tactic Justification/FK/Falsche Berechtigungseinstellungen/Mitarbeiter','Warum ist es in dieser Situation wichtig, zu melden, dass der Praktikant fälschlicherweise eine Berechtigung für das Lohnabrechnungssystem hat? Wählen Sie eine Antwort aus.',1),(476,'Tactic Mastery/FK/Falsche Berechtigungseinstellungen/Mitarbeiter','Wie sollten Sie konkret vorgehen, um zu melden, dass der Praktikant fälschlicherweise eine Berechtigung für das Lohnabrechnungssystem hat? Wählen Sie eine Antwort aus.',1),(477,'Tactic Check & Follow Up/FK/Falsche Berechtigungseinstellungen/Mitarbeiter','Die IT-Abteilung hat bestätigt, dass der Praktikant fälschlicherweise  Berechtigungen für das Lohnabrechnungssystem besaß und ihm diese wieder entzogen. Welche ergänzenden Maßnahmen zur Gefahrenabwehr sind in dieser Situation notwendig? Wählen Sie drei Antworten aus.',2);
/*!40000 ALTER TABLE `competence_tests_questionitem` ENABLE KEYS */;
UNLOCK TABLES;

--
-- Table structure for table `django_admin_log`
--

DROP TABLE IF EXISTS `django_admin_log`;
/*!40101 SET @saved_cs_client     = @@character_set_client */;
/*!50503 SET character_set_client = utf8mb4 */;
CREATE TABLE `django_admin_log` (
  `id` int NOT NULL AUTO_INCREMENT,
  `action_time` datetime(6) NOT NULL,
  `object_id` longtext,
  `object_repr` varchar(200) NOT NULL,
  `action_flag` smallint unsigned NOT NULL,
  `change_message` longtext NOT NULL,
  `content_type_id` int DEFAULT NULL,
  `user_id` int NOT NULL,
  PRIMARY KEY (`id`),
  KEY `django_admin_log_content_type_id_c4bce8eb_fk_django_co` (`content_type_id`),
  KEY `django_admin_log_user_id_c564eba6_fk_auth_user_id` (`user_id`),
  CONSTRAINT `django_admin_log_content_type_id_c4bce8eb_fk_django_co` FOREIGN KEY (`content_type_id`) REFERENCES `django_content_type` (`id`),
  CONSTRAINT `django_admin_log_user_id_c564eba6_fk_auth_user_id` FOREIGN KEY (`user_id`) REFERENCES `auth_user` (`id`),
  CONSTRAINT `django_admin_log_chk_1` CHECK ((`action_flag` >= 0))
) ENGINE=InnoDB AUTO_INCREMENT=5498 DEFAULT CHARSET=utf8mb4 COLLATE=utf8mb4_0900_ai_ci;
/*!40101 SET character_set_client = @saved_cs_client */;

--
-- Dumping data for table `django_admin_log`
--

LOCK TABLES `django_admin_log` WRITE;
/*!40000 ALTER TABLE `django_admin_log` DISABLE KEYS */;
INSERT INTO `django_admin_log` VALUES (1,'2022-09-26 15:57:36.166640','1','Test',1,'[{\"added\": {}}]',7,1),(2,'2022-10-20 15:37:13.554306','1','Sachbearbeiter*in im Innendienst',2,'[{\"changed\": {\"fields\": [\"Bezeichnung\", \"Beschreibung\"]}}]',7,1),(3,'2022-10-24 08:29:41.055970','1','Kollaborationssysteme',1,'[{\"added\": {}}]',8,1),(4,'2022-10-24 08:30:01.859195','1','Social Engineering',1,'[{\"added\": {}}]',9,1),(5,'2022-10-24 08:30:10.094594','1','Social Engineering/Kollaborationssysteme',1,'[{\"added\": {}}]',10,1),(6,'2022-10-24 08:32:29.512326','1','Teams_Impuls1_SE_KO',1,'[{\"added\": {}}]',15,1),(7,'2022-10-24 08:34:07.390942','1','Social Engineering/Kollborationssystem/Sachbearbeiter*in Innendienst/Bild Impuls 1',1,'[{\"added\": {}}]',21,1),(8,'2022-10-24 08:35:44.989581','2','Teams_Impuls2_SE_KO',1,'[{\"added\": {}}]',15,1),(9,'2022-10-24 08:36:04.678636','3','Teams_Impuls3_SE_KO',1,'[{\"added\": {}}]',15,1),(10,'2022-10-24 08:36:12.602083','1','Social Engineering/Kollborationssystem/Sachbearbeiter*in Innendienst/Bild Impuls 1',2,'[{\"changed\": {\"fields\": [\"Bild\"]}}]',21,1),(11,'2022-10-24 08:36:30.311530','1','Threat Awareness',1,'[{\"added\": {}}]',13,1),(12,'2022-10-24 08:36:43.824041','2','Threat Identification',1,'[{\"added\": {}}]',13,1),(13,'2022-10-24 08:36:55.700342','3','Threat impact Assessment',1,'[{\"added\": {}}]',13,1),(14,'2022-10-24 08:37:06.653115','4','Tactic Choice',1,'[{\"added\": {}}]',13,1),(15,'2022-10-24 08:37:29.733311','5','Tactic Justification',1,'[{\"added\": {}}]',13,1),(16,'2022-10-24 08:37:40.292521','6','Tactic Mastery',1,'[{\"added\": {}}]',13,1),(17,'2022-10-24 08:37:56.414691','7','Tactic Check & Follow-Up',1,'[{\"added\": {}}]',13,1),(18,'2022-10-24 08:38:06.799464','1','Sachbearbeiter*in im Innendienst',1,'[{\"added\": {}}]',19,1),(19,'2022-10-24 08:38:37.164412','1','Social Engineering/Kollaborationssysteme/Sachbearbeiter*in im Innendienst',1,'[{\"added\": {}}]',11,1),(20,'2022-10-24 08:39:44.349660','1','Threat Awareness/Sachbearbeiter*in Innendienst/Social Engineering/Kollaborationssystem',1,'[{\"added\": {}}]',17,1),(21,'2022-10-24 08:41:45.248863','1','Threat Awareness/Sachbearbeiter*in Innendienst/Social Engineering/Kollaborationssystem',1,'[{\"added\": {}}]',20,1),(22,'2022-10-24 08:42:00.459172','2','Threat Awareness/Sachbearbeiter*in Innendienst/Social Engineering/Kollaborationssystem',1,'[{\"added\": {}}]',20,1),(23,'2022-10-24 08:42:09.157159','3','Threat Awareness/Sachbearbeiter*in Innendienst/Social Engineering/Kollaborationssystem',1,'[{\"added\": {}}]',20,1),(24,'2022-10-24 08:47:01.718257','1','Social Engineering/Kollaborationssysteme/Threat Awareness/Sachbearbeiter*in im Innendienst',1,'[{\"added\": {}}]',18,1),(25,'2022-10-24 11:05:08.266589','1','Threat Awareness/Sachbearbeiter*in Innendienst/Social Engineering/Kollaborationssystem',2,'[{\"changed\": {\"fields\": [\"Fragen-Typ\"]}}]',17,1),(26,'2022-10-24 12:45:02.243025','2','Threat Identification/Sachbearbeiter*in Innendienst/Social Engineering/Kollborationssystem',1,'[{\"added\": {}}]',17,1),(27,'2022-10-24 12:45:37.514998','2','Social Engineering/Kollaborationssysteme/Threat Identification/Sachbearbeiter*in im Innendienst',1,'[{\"added\": {}}]',18,1),(28,'2022-10-24 12:48:17.251767','4','Threat Identification/Sachbearbeiter*in Innendienst/Social Engineering/Kollborationssystem',1,'[{\"added\": {}}]',20,1),(29,'2022-10-24 12:48:30.160153','5','Threat Identification/Sachbearbeiter*in Innendienst/Social Engineering/Kollborationssystem',1,'[{\"added\": {}}]',20,1),(30,'2022-10-24 12:48:43.982450','6','Threat Identification/Sachbearbeiter*in Innendienst/Social Engineering/Kollborationssystem',1,'[{\"added\": {}}]',20,1),(31,'2022-10-24 12:48:57.882045','7','Threat Identification/Sachbearbeiter*in Innendienst/Social Engineering/Kollborationssystem',1,'[{\"added\": {}}]',20,1),(32,'2022-10-24 12:49:10.302164','8','Threat Identification/Sachbearbeiter*in Innendienst/Social Engineering/Kollborationssystem',1,'[{\"added\": {}}]',20,1),(33,'2022-10-24 13:54:50.753395','3','Threat impact Assessment/Sachbearbeiter*in Innendienst/Social Engineering/Kollaborationssystem',1,'[{\"added\": {}}]',17,1),(34,'2022-10-24 13:55:15.086662','9','Threat impact Assessment/Sachbearbeiter*in Innendienst/Social Engineering/Kollaborationssystem',1,'[{\"added\": {}}]',20,1),(35,'2022-10-24 13:55:34.028482','10','Threat impact Assessment/Sachbearbeiter*in Innendienst/Social Engineering/Kollaborationssystem',1,'[{\"added\": {}}]',20,1),(36,'2022-10-24 13:56:09.697217','11','Threat impact Assessment/Sachbearbeiter*in Innendienst/Social Engineering/Kollaborationssystem',1,'[{\"added\": {}}]',20,1),(37,'2022-10-24 13:56:23.779910','12','Threat impact Assessment/Sachbearbeiter*in Innendienst/Social Engineering/Kollaborationssystem',1,'[{\"added\": {}}]',20,1),(38,'2022-10-24 13:57:16.447016','4','Tactic Choice/Sachbearbeiter Innendienst/Social Engineering/Kollaborationssystem',1,'[{\"added\": {}}]',17,1),(39,'2022-10-24 13:58:01.370274','5','Tactic Justification/Sachbearbeiter*in Innendienst/Kollaborationssystem',1,'[{\"added\": {}}]',17,1),(40,'2022-10-24 13:58:37.049724','6','Tactic Mastery/Sachbearbeiter*in Innendienst/Kollaborationssystem',1,'[{\"added\": {}}]',17,1),(41,'2022-10-24 13:59:01.784541','7','Tactic Check & Follow-Up/Sachbearbeiter*in Innendienst/Kollaborationssystem',1,'[{\"added\": {}}]',17,1),(42,'2022-10-24 13:59:32.956017','13','Tactic Choice/Sachbearbeiter Innendienst/Social Engineering/Kollaborationssystem',1,'[{\"added\": {}}]',20,1),(43,'2022-10-24 13:59:47.674815','14','Tactic Choice/Sachbearbeiter Innendienst/Social Engineering/Kollaborationssystem',1,'[{\"added\": {}}]',20,1),(44,'2022-10-24 14:00:00.904759','15','Tactic Choice/Sachbearbeiter Innendienst/Social Engineering/Kollaborationssystem',1,'[{\"added\": {}}]',20,1),(45,'2022-10-24 14:00:18.829985','16','Tactic Justification/Sachbearbeiter*in Innendienst/Kollaborationssystem',1,'[{\"added\": {}}]',20,1),(46,'2022-10-24 14:00:41.489643','17','Tactic Justification/Sachbearbeiter*in Innendienst/Kollaborationssystem',1,'[{\"added\": {}}]',20,1),(47,'2022-10-24 14:01:00.597424','18','Tactic Justification/Sachbearbeiter*in Innendienst/Kollaborationssystem',1,'[{\"added\": {}}]',20,1),(48,'2022-10-24 14:01:18.914963','19','Tactic Justification/Sachbearbeiter*in Innendienst/Kollaborationssystem',1,'[{\"added\": {}}]',20,1),(49,'2022-10-24 14:01:38.405225','20','Tactic Mastery/Sachbearbeiter*in Innendienst/Kollaborationssystem',1,'[{\"added\": {}}]',20,1),(50,'2022-10-24 14:01:51.043240','21','Tactic Mastery/Sachbearbeiter*in Innendienst/Kollaborationssystem',1,'[{\"added\": {}}]',20,1),(51,'2022-10-24 14:02:03.499748','22','Tactic Mastery/Sachbearbeiter*in Innendienst/Kollaborationssystem',1,'[{\"added\": {}}]',20,1),(52,'2022-10-24 14:02:18.280766','23','Tactic Check & Follow-Up/Sachbearbeiter*in Innendienst/Kollaborationssystem',1,'[{\"added\": {}}]',20,1),(53,'2022-10-24 14:02:53.506909','24','Tactic Check & Follow-Up/Sachbearbeiter*in Innendienst/Kollaborationssystem',1,'[{\"added\": {}}]',20,1),(54,'2022-10-24 14:03:09.253627','25','Tactic Check & Follow-Up/Sachbearbeiter*in Innendienst/Kollaborationssystem',1,'[{\"added\": {}}]',20,1),(55,'2022-10-24 14:03:23.613670','26','Tactic Check & Follow-Up/Sachbearbeiter*in Innendienst/Kollaborationssystem',1,'[{\"added\": {}}]',20,1),(56,'2022-10-24 14:04:13.092419','3','Social Engineering/Kollaborationssysteme/Threat impact Assessment/Sachbearbeiter*in im Innendienst',1,'[{\"added\": {}}]',18,1),(57,'2022-10-24 14:04:21.280495','4','Social Engineering/Kollaborationssysteme/Tactic Choice/Sachbearbeiter*in im Innendienst',1,'[{\"added\": {}}]',18,1),(58,'2022-10-24 14:04:31.744752','5','Social Engineering/Kollaborationssysteme/Tactic Justification/Sachbearbeiter*in im Innendienst',1,'[{\"added\": {}}]',18,1),(59,'2022-10-24 14:04:43.841394','6','Social Engineering/Kollaborationssysteme/Tactic Mastery/Sachbearbeiter*in im Innendienst',1,'[{\"added\": {}}]',18,1),(60,'2022-10-24 14:04:56.562044','7','Social Engineering/Kollaborationssysteme/Tactic Check & Follow-Up/Sachbearbeiter*in im Innendienst',1,'[{\"added\": {}}]',18,1),(61,'2022-10-24 14:07:41.357916','2','Social Media Systeme',1,'[{\"added\": {}}]',8,1),(62,'2022-10-24 14:07:55.608313','2','Social Engineering/Social Media Systeme',1,'[{\"added\": {}}]',10,1),(63,'2022-10-24 14:08:17.260209','1','Sachbearbeiter*in im Innendienst',2,'[{\"changed\": {\"fields\": [\"Zugeordnete Bedrohungsvektoren\"]}}]',19,1),(64,'2022-10-24 14:08:50.441746','2','Social Engineering/Social Media Systeme/Sachbearbeiter*in im Innendienst',1,'[{\"added\": {}}]',11,1),(65,'2022-10-24 14:14:21.095244','4','Empty Image',1,'[{\"added\": {}}]',15,1),(66,'2022-10-24 14:14:37.094720','2','Test',1,'[{\"added\": {}}]',21,1),(67,'2022-10-24 14:14:56.837374','8','Social Engineering/Social Media Systeme/Threat Awareness/Sachbearbeiter*in im Innendienst',1,'[{\"added\": {}}]',18,1),(68,'2022-10-24 14:16:35.054321','4','Empty Image',2,'[{\"changed\": {\"fields\": [\"Bild-Datei\"]}}]',15,1),(69,'2022-10-24 14:21:02.252103','5','LinkedIn-Impuls1_SE_SM',1,'[{\"added\": {}}]',15,1),(70,'2022-10-24 14:21:16.960710','4','Empty Image',3,'',15,1),(71,'2022-10-24 14:21:24.857764','1','Teams_Impuls1_SE_KO',2,'[{\"changed\": {\"fields\": [\"Beschreibung des Bildes\"]}}]',15,1),(72,'2022-10-24 14:22:43.883749','6','LinkedIn_Impuls2_SE_SM',1,'[{\"added\": {}}]',15,1),(73,'2022-10-24 14:22:54.708177','7','LinkedIn_Impuls3_SE_SM',1,'[{\"added\": {}}]',15,1),(74,'2022-10-24 14:23:28.152432','2','Social Engineering/Social Media System/Sachbearbeiter*in Innendienst/Bild Impuls 1',2,'[{\"changed\": {\"fields\": [\"Name des Impulses\", \"Bild\"]}}]',21,1),(75,'2022-10-24 14:25:32.170989','8','Threat Awareness/Sachbearbeiter*in Innendienst/Social Engineering/Social Media System',1,'[{\"added\": {}}]',17,1),(76,'2022-10-24 14:26:42.886940','9','Threat Identification/Sachbearbeiter*in Innendienst/Social Engineering/Social Media System',1,'[{\"added\": {}}]',17,1),(77,'2022-10-24 14:27:05.775529','10','Tactic Choice/Sachbearbeiter*in Innendienst/Social Engineering/Social Media System',1,'[{\"added\": {}}]',17,1),(78,'2022-10-24 14:27:57.386550','10','Threat Impact Assessment/Sachbearbeiter*in Innendienst/Social Engineering/Social Media System',2,'[{\"changed\": {\"fields\": [\"Name der Frage\"]}}]',17,1),(79,'2022-10-24 14:28:34.728172','11','Tactic Choice/Sachbearbeiter*in Innendienst/Social Engineering/Social Media System',1,'[{\"added\": {}}]',17,1),(80,'2022-10-24 14:29:12.353609','12','Tactic Justification/Sachbearbeiter*in Innendienst/Social Engineering/Social Media System',1,'[{\"added\": {}}]',17,1),(81,'2022-10-24 14:29:44.562698','13','Tactic Mastery/Sachbearbeiter*in Innendienst/Social Engineering/Social Media System',1,'[{\"added\": {}}]',17,1),(82,'2022-10-24 14:30:12.608958','14','Tactic Check & Follow-Up/Sachbearbeiter*in Innendienst/Social Engineering/Social Media System',1,'[{\"added\": {}}]',17,1),(83,'2022-10-24 14:31:11.118505','27','Threat Awareness/Sachbearbeiter*in Innendienst/Social Engineering/Social Media System',1,'[{\"added\": {}}]',20,1),(84,'2022-10-24 14:31:25.156922','28','Threat Awareness/Sachbearbeiter*in Innendienst/Social Engineering/Social Media System',1,'[{\"added\": {}}]',20,1),(85,'2022-10-24 14:31:49.277816','29','Threat Awareness/Sachbearbeiter*in Innendienst/Social Engineering/Social Media System',1,'[{\"added\": {}}]',20,1),(86,'2022-10-24 14:31:56.951319','28','Threat Awareness/Sachbearbeiter*in Innendienst/Social Engineering/Social Media System',2,'[{\"changed\": {\"fields\": [\"Antwortoption\"]}}]',20,1),(87,'2022-10-24 14:32:27.436889','30','Threat Identification/Sachbearbeiter*in Innendienst/Social Engineering/Social Media System',1,'[{\"added\": {}}]',20,1),(88,'2022-10-24 14:32:47.241588','31','Threat Identification/Sachbearbeiter*in Innendienst/Social Engineering/Social Media System',1,'[{\"added\": {}}]',20,1),(89,'2022-10-24 14:33:14.375932','32','Threat Identification/Sachbearbeiter*in Innendienst/Social Engineering/Social Media System',1,'[{\"added\": {}}]',20,1),(90,'2022-10-24 14:33:40.356806','33','Threat Identification/Sachbearbeiter*in Innendienst/Social Engineering/Social Media System',1,'[{\"added\": {}}]',20,1),(91,'2022-10-24 14:34:09.518758','34','Threat Impact Assessment/Sachbearbeiter*in Innendienst/Social Engineering/Social Media System',1,'[{\"added\": {}}]',20,1),(92,'2022-10-24 14:34:33.784195','35','Threat Impact Assessment/Sachbearbeiter*in Innendienst/Social Engineering/Social Media System',1,'[{\"added\": {}}]',20,1),(93,'2022-10-24 14:34:53.126677','36','Threat Impact Assessment/Sachbearbeiter*in Innendienst/Social Engineering/Social Media System',1,'[{\"added\": {}}]',20,1),(94,'2022-10-24 14:35:09.914417','37','Threat Impact Assessment/Sachbearbeiter*in Innendienst/Social Engineering/Social Media System',1,'[{\"added\": {}}]',20,1),(95,'2022-10-24 14:35:34.553000','38','Tactic Choice/Sachbearbeiter*in Innendienst/Social Engineering/Social Media System',1,'[{\"added\": {}}]',20,1),(96,'2022-10-24 14:35:51.790426','39','Tactic Choice/Sachbearbeiter*in Innendienst/Social Engineering/Social Media System',1,'[{\"added\": {}}]',20,1),(97,'2022-10-24 14:36:12.388545','40','Tactic Choice/Sachbearbeiter*in Innendienst/Social Engineering/Social Media System',1,'[{\"added\": {}}]',20,1),(98,'2022-10-24 14:36:24.795987','41','Tactic Choice/Sachbearbeiter*in Innendienst/Social Engineering/Social Media System',1,'[{\"added\": {}}]',20,1),(99,'2022-10-24 14:36:53.889436','42','Tactic Justification/Sachbearbeiter*in Innendienst/Social Engineering/Social Media System',1,'[{\"added\": {}}]',20,1),(100,'2022-10-24 14:37:16.894106','43','Tactic Justification/Sachbearbeiter*in Innendienst/Social Engineering/Social Media System',1,'[{\"added\": {}}]',20,1),(101,'2022-10-24 14:37:37.753981','44','Tactic Justification/Sachbearbeiter*in Innendienst/Social Engineering/Social Media System',1,'[{\"added\": {}}]',20,1),(102,'2022-10-24 14:37:59.306312','45','Tactic Mastery/Sachbearbeiter*in Innendienst/Social Engineering/Social Media System',1,'[{\"added\": {}}]',20,1),(103,'2022-10-24 14:38:14.525718','46','Tactic Mastery/Sachbearbeiter*in Innendienst/Social Engineering/Social Media System',1,'[{\"added\": {}}]',20,1),(104,'2022-10-24 14:38:33.229705','47','Tactic Mastery/Sachbearbeiter*in Innendienst/Social Engineering/Social Media System',1,'[{\"added\": {}}]',20,1),(105,'2022-10-24 14:38:51.865535','48','Tactic Mastery/Sachbearbeiter*in Innendienst/Social Engineering/Social Media System',1,'[{\"added\": {}}]',20,1),(106,'2022-10-24 14:39:08.995038','49','Tactic Check & Follow-Up/Sachbearbeiter*in Innendienst/Social Engineering/Social Media System',1,'[{\"added\": {}}]',20,1),(107,'2022-10-24 14:39:27.872530','50','Tactic Check & Follow-Up/Sachbearbeiter*in Innendienst/Social Engineering/Social Media System',1,'[{\"added\": {}}]',20,1),(108,'2022-10-24 14:40:00.324996','51','Tactic Check & Follow-Up/Sachbearbeiter*in Innendienst/Social Engineering/Social Media System',1,'[{\"added\": {}}]',20,1),(109,'2022-10-24 14:41:13.922142','2','Social Engineering/Social Media System/Sachbearbeiter*in Innendienst/Bild Impuls 1',2,'[{\"changed\": {\"fields\": [\"Text zum Impuls\"]}}]',21,1),(110,'2022-10-24 15:07:03.411023','3','Threat Impact Assessment/Sachbearbeiter*in Innendienst/Social Engineering/Kollaborationssystem',2,'[{\"changed\": {\"fields\": [\"Name der Frage\"]}}]',17,1),(111,'2022-10-24 15:07:21.360578','9','Threat Impact Assessment/Sachbearbeiter*in Innendienst/Social Engineering/Kollaborationssystem',2,'[{\"changed\": {\"fields\": [\"Antwortoption\"]}}]',20,1),(112,'2022-10-24 16:58:02.876926','3','Threat Impact Assessment',2,'[{\"changed\": {\"fields\": [\"Kompetenzdimension\"]}}]',13,1),(113,'2022-10-24 19:17:49.811696','2','Phishing',1,'[{\"added\": {}}]',9,1),(114,'2022-10-24 19:18:01.413006','3','Mailsystem',1,'[{\"added\": {}}]',8,1),(115,'2022-10-24 19:18:13.576962','3','Phishing/Mailsystem',1,'[{\"added\": {}}]',10,1),(116,'2022-10-24 20:08:05.715456','3','Phishing/Mailsystem/Sachbearbeiter*in im Innendienst',1,'[{\"added\": {}}]',11,1),(117,'2022-10-24 20:08:18.546671','1','Sachbearbeiter*in im Innendienst',2,'[{\"changed\": {\"fields\": [\"Zugeordnete Bedrohungsvektoren\"]}}]',19,1),(118,'2022-10-24 20:23:15.660939','1','Phishing/Mailsystem/Impuls1',1,'[{\"added\": {}}]',14,1),(119,'2022-10-24 20:23:57.600816','3','E-Mail Impuls1',1,'[{\"added\": {}}]',22,1),(120,'2022-10-24 20:24:10.157052','1','Sachbearbeiter*in im Innendienst',2,'[{\"changed\": {\"fields\": [\"Zugeordnete Bedrohungsvektoren\"]}}]',19,1),(121,'2022-10-24 20:26:06.741128','15','Threat Awareness/Sachbearbeiter*in Innendienst/Phishing/Mailsystem',1,'[{\"added\": {}}]',17,1),(122,'2022-10-24 20:26:29.918506','9','Phishing/Mailsystem/Threat Awareness/Sachbearbeiter*in im Innendienst',1,'[{\"added\": {}}]',18,1),(123,'2022-10-24 20:31:18.263166','2','Phishing/Mailsystem/Impuls2',1,'[{\"added\": {}}]',14,1),(124,'2022-10-24 20:32:38.329570','3','Phishing/Mailsystem/Impuls3',1,'[{\"added\": {}}]',14,1),(125,'2022-10-24 20:32:58.648695','15','Threat Awareness/Sachbearbeiter*in Innendienst/Phishing/Mailsystem',2,'[{\"changed\": {\"fields\": [\"Frage\"]}}]',17,1),(126,'2022-10-24 20:33:54.779551','15','Threat Awareness/Sachbearbeiter*in Innendienst/Phishing/Mailsystem',2,'[{\"changed\": {\"fields\": [\"Frage\"]}}]',17,1),(127,'2022-10-24 20:36:01.255143','15','Threat Awareness/Sachbearbeiter*in Innendienst/Phishing/Mailsystem',2,'[{\"changed\": {\"fields\": [\"Frage\"]}}]',17,1),(128,'2022-10-24 20:37:34.119844','16','Threat Identification/Sachbearbeiter*in Innendienst/Phishing/Mailsystem',1,'[{\"added\": {}}]',17,1),(129,'2022-10-24 20:38:34.247932','17','Threat Impact Assessment/Sachbearbeiter*in Innendienst/Phishing/Mailsystem',1,'[{\"added\": {}}]',17,1),(130,'2022-10-24 20:39:15.730488','18','Tactic Control/Sachbearbeiter*in Innendienst/Phishing/Mailsystem',1,'[{\"added\": {}}]',17,1),(131,'2022-10-24 20:39:54.521373','19','Tactic Justification/Sachbearbeiter*in Innendienst/Phishing/Mailsystem',1,'[{\"added\": {}}]',17,1),(132,'2022-10-24 20:40:29.853348','20','Tactic Mastery/Sachbearbeiter*in Innendienst/Phishing/Mailsystem',1,'[{\"added\": {}}]',17,1),(133,'2022-10-24 20:41:29.538635','21','Tactic Check & Follow Up/Sachbearbeiter*in Innendienst/Phishing/Mailsystem',1,'[{\"added\": {}}]',17,1),(134,'2022-10-24 20:42:17.966188','52','Threat Awareness/Sachbearbeiter*in Innendienst/Phishing/Mailsystem',1,'[{\"added\": {}}]',20,1),(135,'2022-10-24 20:43:05.869107','53','Threat Awareness/Sachbearbeiter*in Innendienst/Phishing/Mailsystem',1,'[{\"added\": {}}]',20,1),(136,'2022-10-24 20:43:27.815379','54','Threat Awareness/Sachbearbeiter*in Innendienst/Phishing/Mailsystem',1,'[{\"added\": {}}]',20,1),(137,'2022-10-24 20:43:53.181147','55','Threat Identification/Sachbearbeiter*in Innendienst/Phishing/Mailsystem',1,'[{\"added\": {}}]',20,1),(138,'2022-10-24 20:44:17.213012','56','Threat Identification/Sachbearbeiter*in Innendienst/Phishing/Mailsystem',1,'[{\"added\": {}}]',20,1),(139,'2022-10-24 20:44:36.417261','57','Threat Identification/Sachbearbeiter*in Innendienst/Phishing/Mailsystem',1,'[{\"added\": {}}]',20,1),(140,'2022-10-24 20:45:00.218759','58','Threat Identification/Sachbearbeiter*in Innendienst/Phishing/Mailsystem',1,'[{\"added\": {}}]',20,1),(141,'2022-10-24 20:45:21.905322','59','Threat Impact Assessment/Sachbearbeiter*in Innendienst/Phishing/Mailsystem',1,'[{\"added\": {}}]',20,1),(142,'2022-10-24 20:45:48.313650','60','Threat Impact Assessment/Sachbearbeiter*in Innendienst/Phishing/Mailsystem',1,'[{\"added\": {}}]',20,1),(143,'2022-10-24 20:46:07.061937','61','Threat Impact Assessment/Sachbearbeiter*in Innendienst/Phishing/Mailsystem',1,'[{\"added\": {}}]',20,1),(144,'2022-10-24 20:46:24.328507','62','Threat Impact Assessment/Sachbearbeiter*in Innendienst/Phishing/Mailsystem',1,'[{\"added\": {}}]',20,1),(145,'2022-10-24 20:46:42.702948','63','Tactic Control/Sachbearbeiter*in Innendienst/Phishing/Mailsystem',1,'[{\"added\": {}}]',20,1),(146,'2022-10-24 20:46:58.371738','64','Tactic Control/Sachbearbeiter*in Innendienst/Phishing/Mailsystem',1,'[{\"added\": {}}]',20,1),(147,'2022-10-24 20:47:13.021058','65','Tactic Control/Sachbearbeiter*in Innendienst/Phishing/Mailsystem',1,'[{\"added\": {}}]',20,1),(148,'2022-10-24 20:47:31.483186','66','Tactic Control/Sachbearbeiter*in Innendienst/Phishing/Mailsystem',1,'[{\"added\": {}}]',20,1),(149,'2022-10-24 20:47:56.869612','67','Tactic Justification/Sachbearbeiter*in Innendienst/Phishing/Mailsystem',1,'[{\"added\": {}}]',20,1),(150,'2022-10-24 20:48:13.538385','68','Tactic Justification/Sachbearbeiter*in Innendienst/Phishing/Mailsystem',1,'[{\"added\": {}}]',20,1),(151,'2022-10-24 20:48:28.761189','69','Tactic Justification/Sachbearbeiter*in Innendienst/Phishing/Mailsystem',1,'[{\"added\": {}}]',20,1),(152,'2022-10-24 20:49:14.425582','70','Tactic Mastery/Sachbearbeiter*in Innendienst/Phishing/Mailsystem',1,'[{\"added\": {}}]',20,1),(153,'2022-10-24 20:49:31.544704','71','Tactic Mastery/Sachbearbeiter*in Innendienst/Phishing/Mailsystem',1,'[{\"added\": {}}]',20,1),(154,'2022-10-24 20:49:44.774136','72','Tactic Mastery/Sachbearbeiter*in Innendienst/Phishing/Mailsystem',1,'[{\"added\": {}}]',20,1),(155,'2022-10-24 20:50:17.385626','73','Tactic Check & Follow Up/Sachbearbeiter*in Innendienst/Phishing/Mailsystem',1,'[{\"added\": {}}]',20,1),(156,'2022-10-24 20:50:31.449075','74','Tactic Check & Follow Up/Sachbearbeiter*in Innendienst/Phishing/Mailsystem',1,'[{\"added\": {}}]',20,1),(157,'2022-10-24 20:50:46.877615','75','Tactic Check & Follow Up/Sachbearbeiter*in Innendienst/Phishing/Mailsystem',1,'[{\"added\": {}}]',20,1),(158,'2022-10-24 20:51:03.178917','76','Tactic Check & Follow Up/Sachbearbeiter*in Innendienst/Phishing/Mailsystem',1,'[{\"added\": {}}]',20,1),(159,'2022-10-24 20:51:40.082590','3','E-Mail Impuls1',2,'[{\"changed\": {\"fields\": [\"E-Mail\"]}}]',22,1),(160,'2022-10-24 20:59:44.103861','10','Phishing/Mailsystem/Threat Identification/Sachbearbeiter*in im Innendienst',1,'[{\"added\": {}}]',18,1),(161,'2022-10-24 20:59:57.169526','11','Phishing/Mailsystem/Threat Impact Assessment/Sachbearbeiter*in im Innendienst',1,'[{\"added\": {}}]',18,1),(162,'2022-10-24 21:01:02.577232','18','Tactic Choice/Sachbearbeiter*in Innendienst/Phishing/Mailsystem',2,'[{\"changed\": {\"fields\": [\"Name der Frage\"]}}]',17,1),(163,'2022-10-24 21:01:28.476868','12','Phishing/Mailsystem/Tactic Choice/Sachbearbeiter*in im Innendienst',1,'[{\"added\": {}}]',18,1),(164,'2022-10-24 21:01:39.450576','13','Phishing/Mailsystem/Tactic Justification/Sachbearbeiter*in im Innendienst',1,'[{\"added\": {}}]',18,1),(165,'2022-10-24 21:01:54.208580','14','Phishing/Mailsystem/Tactic Mastery/Sachbearbeiter*in im Innendienst',1,'[{\"added\": {}}]',18,1),(166,'2022-10-24 21:02:08.531794','15','Phishing/Mailsystem/Tactic Check & Follow-Up/Sachbearbeiter*in im Innendienst',1,'[{\"added\": {}}]',18,1),(167,'2022-10-24 21:02:21.453020','14','Phishing/Mailsystem/Tactic Mastery/Sachbearbeiter*in im Innendienst',2,'[{\"changed\": {\"fields\": [\"Zugeordneter Impuls\"]}}]',18,1),(168,'2022-10-24 21:02:28.616225','13','Phishing/Mailsystem/Tactic Justification/Sachbearbeiter*in im Innendienst',2,'[{\"changed\": {\"fields\": [\"Zugeordneter Impuls\"]}}]',18,1),(169,'2022-10-24 21:02:34.066179','12','Phishing/Mailsystem/Tactic Choice/Sachbearbeiter*in im Innendienst',2,'[{\"changed\": {\"fields\": [\"Zugeordneter Impuls\"]}}]',18,1),(170,'2022-10-24 21:02:39.314295','11','Phishing/Mailsystem/Threat Impact Assessment/Sachbearbeiter*in im Innendienst',2,'[{\"changed\": {\"fields\": [\"Zugeordneter Impuls\"]}}]',18,1),(171,'2022-10-24 21:19:24.251537','2','Phishing',2,'[{\"changed\": {\"fields\": [\"Beschreibung\"]}}]',9,1),(172,'2022-10-24 21:22:11.897654','1','Social Engineering',2,'[{\"changed\": {\"fields\": [\"Beschreibung\"]}}]',9,1),(173,'2022-10-24 21:24:20.429435','1','Threat Awareness',2,'[{\"changed\": {\"fields\": [\"Beschreibung der Kompetenzdimension\"]}}]',13,1),(174,'2022-10-24 21:24:32.740726','2','Threat Identification',2,'[{\"changed\": {\"fields\": [\"Beschreibung der Kompetenzdimension\"]}}]',13,1),(175,'2022-10-24 21:24:52.831333','3','Threat Impact Assessment',2,'[{\"changed\": {\"fields\": [\"Beschreibung der Kompetenzdimension\"]}}]',13,1),(176,'2022-10-24 21:25:03.373119','4','Tactic Choice',2,'[{\"changed\": {\"fields\": [\"Beschreibung der Kompetenzdimension\"]}}]',13,1),(177,'2022-10-24 21:25:24.968345','5','Tactic Justification',2,'[{\"changed\": {\"fields\": [\"Beschreibung der Kompetenzdimension\"]}}]',13,1),(178,'2022-10-24 21:25:37.814457','6','Tactic Mastery',2,'[{\"changed\": {\"fields\": [\"Beschreibung der Kompetenzdimension\"]}}]',13,1),(179,'2022-10-24 21:26:06.799875','7','Tactic Check & Follow-Up',2,'[{\"changed\": {\"fields\": [\"Beschreibung der Kompetenzdimension\"]}}]',13,1),(180,'2022-10-25 08:54:18.773136','1','Sachbearbeiter*in im Innendienst',2,'[{\"changed\": {\"fields\": [\"Beschreibung\"]}}]',7,1),(181,'2022-10-25 08:55:41.246312','1','Sachbearbeiter*in im Innendienst',2,'[{\"changed\": {\"fields\": [\"Zugeordnete Bedrohungsvektoren\"]}}]',19,1),(182,'2022-10-25 09:00:03.241161','16','Social Engineering/Social Media Systeme/Threat Identification/Sachbearbeiter*in im Innendienst',1,'[{\"added\": {}}]',18,1),(183,'2022-10-25 09:00:23.006994','17','Social Engineering/Social Media Systeme/Threat Impact Assessment/Sachbearbeiter*in im Innendienst',1,'[{\"added\": {}}]',18,1),(184,'2022-10-25 09:00:42.432073','18','Social Engineering/Social Media Systeme/Tactic Choice/Sachbearbeiter*in im Innendienst',1,'[{\"added\": {}}]',18,1),(185,'2022-10-25 09:01:19.393129','19','Social Engineering/Social Media Systeme/Tactic Justification/Sachbearbeiter*in im Innendienst',1,'[{\"added\": {}}]',18,1),(186,'2022-10-25 09:01:34.058428','20','Social Engineering/Social Media Systeme/Tactic Mastery/Sachbearbeiter*in im Innendienst',1,'[{\"added\": {}}]',18,1),(187,'2022-10-25 09:01:52.341768','21','Social Engineering/Social Media Systeme/Tactic Check & Follow-Up/Sachbearbeiter*in im Innendienst',1,'[{\"added\": {}}]',18,1),(188,'2022-10-25 09:16:41.855479','8','Threat Awareness/Sachbearbeiter*in Innendienst/Social Engineering/Social Media System',2,'[{\"changed\": {\"fields\": [\"Frage\"]}}]',17,1),(189,'2022-10-25 09:20:12.649594','8','Social Engineering/Social Media Systeme/Threat Awareness/Sachbearbeiter*in im Innendienst',2,'[{\"changed\": {\"fields\": [\"Zugeordnete Frage\"]}}]',18,1),(190,'2022-10-25 10:31:00.822999','2','Phishing/Mailsystem/Impuls2',2,'[{\"changed\": {\"fields\": [\"Sender der E-Mail\", \"Empf\\u00e4nger der E-Mail\"]}}]',14,1),(191,'2022-10-25 10:31:10.682647','1','Phishing/Mailsystem/Impuls1',2,'[{\"changed\": {\"fields\": [\"Empf\\u00e4nger der E-Mail\"]}}]',14,1),(192,'2022-10-25 10:31:19.567928','3','Phishing/Mailsystem/Impuls3',2,'[{\"changed\": {\"fields\": [\"Empf\\u00e4nger der E-Mail\"]}}]',14,1),(193,'2022-10-26 08:14:15.806699','1','Sachbearbeiter*in im Innendienst',2,'[{\"changed\": {\"fields\": [\"Zugeordnete Bedrohungsvektoren\"]}}]',19,1),(194,'2022-11-07 09:39:56.963488','15','Threat Awareness/Sachbearbeiter*in Innendienst/Phishing/Mailsystem',2,'[{\"changed\": {\"fields\": [\"Text zur Frage\"]}}]',17,1),(195,'2022-11-07 12:20:11.425226','1','Sachbearbeiter*in im Innendienst',2,'[{\"changed\": {\"fields\": [\"Zugeordnete Bedrohungsvektoren\"]}}]',19,1),(196,'2022-11-11 12:05:54.807154','2','Sachbearbeiter*in Außendienst',1,'[{\"added\": {}}]',7,1),(197,'2022-11-22 13:11:12.078069','3','Teams_Impuls3_SE_KO',3,'',15,1),(198,'2022-11-22 13:11:12.083740','2','Teams_Impuls2_SE_KO',3,'',15,1),(199,'2022-11-22 13:11:12.088350','1','Teams_Impuls1_SE_KO',3,'',15,1),(200,'2022-11-22 13:11:34.775940','8','Teams_Impuls_SE_KO_1',1,'[{\"added\": {}}]',15,1),(201,'2022-11-22 13:11:56.567904','9','Teams_Impuls_SE_KO_2',1,'[{\"added\": {}}]',15,1),(202,'2022-11-22 13:12:09.081703','10','Teams_Impuls_SE_KO_3',1,'[{\"added\": {}}]',15,1),(203,'2022-11-22 13:12:41.270429','1','Social Engineering/Kollborationssystem/Sachbearbeiter*in Innendienst/Bild Impuls 1',2,'[{\"changed\": {\"fields\": [\"Bild\"]}}]',21,1),(204,'2022-11-22 13:14:50.490446','4','Instantmessenger',1,'[{\"added\": {}}]',8,1),(205,'2022-11-22 13:16:12.174263','4','Social Engineering/Instantmessenger',1,'[{\"added\": {}}]',10,1),(206,'2022-11-22 13:16:19.742159','1','Sachbearbeiter*in im Innendienst',2,'[{\"changed\": {\"fields\": [\"Zugeordnete Bedrohungsvektoren\"]}}]',19,1),(207,'2022-11-22 13:17:18.020725','22','Threat Awareness/Sachbearbeiter*in Innendienst/Social Engineering/Instantmessenger',1,'[{\"added\": {}}]',17,1),(208,'2022-11-22 13:18:05.198010','23','Threat Identification/Sachbearbeiter*in Innendienst/Social Engineering/Instantmessenger',1,'[{\"added\": {}}]',17,1),(209,'2022-11-22 13:18:49.570489','24','Threat Impact Assesment/Sachbearbeiter*in Innendienst/Social Engineering/Instantmessenger',1,'[{\"added\": {}}]',17,1),(210,'2022-11-22 13:20:03.193224','25','Tactic Choice/Sachbearbeiter*in Innendienst/Social Engineering/Instantmessenger',1,'[{\"added\": {}}]',17,1),(211,'2022-11-22 13:20:47.796234','26','Tactic Justification/Sachbearbeiter*in Innendienst/Social Engineering/Instantmessenger',1,'[{\"added\": {}}]',17,1),(212,'2022-11-22 13:21:10.330639','27','Tactic Mastery/Sachbearbeiter*in Innendienst/Social Engineering/Instantmessenger',1,'[{\"added\": {}}]',17,1),(213,'2022-11-22 13:21:39.613145','28','Tactic Check&Follow Up/Sachbearbeiter*in Innendienst/Social Engineering/Instantmessenger',1,'[{\"added\": {}}]',17,1),(214,'2022-11-22 13:22:45.399716','77','Threat Awareness/Sachbearbeiter*in Innendienst/Social Engineering/Instantmessenger',1,'[{\"added\": {}}]',20,1),(215,'2022-11-22 13:23:16.667715','78','Threat Awareness/Sachbearbeiter*in Innendienst/Social Engineering/Instantmessenger',1,'[{\"added\": {}}]',20,1),(216,'2022-11-22 13:24:52.591450','77','Threat Identification/Sachbearbeiter*in Innendienst/Social Engineering/Instantmessenger',2,'[{\"changed\": {\"fields\": [\"Zugeordnete Frage\"]}}]',20,1),(217,'2022-11-22 13:25:04.477908','78','Threat Identification/Sachbearbeiter*in Innendienst/Social Engineering/Instantmessenger',2,'[{\"changed\": {\"fields\": [\"Zugeordnete Frage\", \"Bewertung der Antwortoption\"]}}]',20,1),(218,'2022-11-22 13:25:35.711645','79','Threat Identification/Sachbearbeiter*in Innendienst/Social Engineering/Instantmessenger',1,'[{\"added\": {}}]',20,1),(219,'2022-11-22 13:25:56.947149','80','Threat Identification/Sachbearbeiter*in Innendienst/Social Engineering/Instantmessenger',1,'[{\"added\": {}}]',20,1),(220,'2022-11-22 13:26:34.898719','81','Threat Identification/Sachbearbeiter*in Innendienst/Social Engineering/Instantmessenger',1,'[{\"added\": {}}]',20,1),(221,'2022-11-22 13:26:56.746793','78','Threat Identification/Sachbearbeiter*in Innendienst/Social Engineering/Instantmessenger',2,'[{\"changed\": {\"fields\": [\"Bewertung der Antwortoption\"]}}]',20,1),(222,'2022-11-22 13:27:29.570385','82','Threat Awareness/Sachbearbeiter*in Innendienst/Social Engineering/Instantmessenger',1,'[{\"added\": {}}]',20,1),(223,'2022-11-22 13:27:48.999907','83','Threat Awareness/Sachbearbeiter*in Innendienst/Social Engineering/Instantmessenger',1,'[{\"added\": {}}]',20,1),(224,'2022-11-22 13:28:01.763568','84','Threat Awareness/Sachbearbeiter*in Innendienst/Social Engineering/Instantmessenger',1,'[{\"added\": {}}]',20,1),(225,'2022-11-22 13:28:32.470953','85','Threat Impact Assesment/Sachbearbeiter*in Innendienst/Social Engineering/Instantmessenger',1,'[{\"added\": {}}]',20,1),(226,'2022-11-22 13:28:54.007085','86','Threat Impact Assesment/Sachbearbeiter*in Innendienst/Social Engineering/Instantmessenger',1,'[{\"added\": {}}]',20,1),(227,'2022-11-22 13:29:28.888046','87','Threat Impact Assesment/Sachbearbeiter*in Innendienst/Social Engineering/Instantmessenger',1,'[{\"added\": {}}]',20,1),(228,'2022-11-22 13:29:52.221207','88','Threat Impact Assesment/Sachbearbeiter*in Innendienst/Social Engineering/Instantmessenger',1,'[{\"added\": {}}]',20,1),(229,'2022-11-22 13:30:42.311925','89','Tactic Choice/Sachbearbeiter*in Innendienst/Social Engineering/Instantmessenger',1,'[{\"added\": {}}]',20,1),(230,'2022-11-22 13:31:00.692236','90','Tactic Choice/Sachbearbeiter*in Innendienst/Social Engineering/Instantmessenger',1,'[{\"added\": {}}]',20,1),(231,'2022-11-22 13:31:18.094113','91','Tactic Choice/Sachbearbeiter*in Innendienst/Social Engineering/Instantmessenger',1,'[{\"added\": {}}]',20,1),(232,'2022-11-22 13:32:14.069405','92','Tactic Choice/Sachbearbeiter*in Innendienst/Social Engineering/Instantmessenger',1,'[{\"added\": {}}]',20,1),(233,'2022-11-22 13:32:40.627668','93','Tactic Justification/Sachbearbeiter*in Innendienst/Social Engineering/Instantmessenger',1,'[{\"added\": {}}]',20,1),(234,'2022-11-22 13:33:00.005618','94','Tactic Justification/Sachbearbeiter*in Innendienst/Social Engineering/Instantmessenger',1,'[{\"added\": {}}]',20,1),(235,'2022-11-22 13:33:14.221815','95','Tactic Justification/Sachbearbeiter*in Innendienst/Social Engineering/Instantmessenger',1,'[{\"added\": {}}]',20,1),(236,'2022-11-22 13:33:28.643878','96','Tactic Justification/Sachbearbeiter*in Innendienst/Social Engineering/Instantmessenger',1,'[{\"added\": {}}]',20,1),(237,'2022-11-22 13:33:44.793884','97','Tactic Mastery/Sachbearbeiter*in Innendienst/Social Engineering/Instantmessenger',1,'[{\"added\": {}}]',20,1),(238,'2022-11-22 13:34:07.097865','98','Tactic Mastery/Sachbearbeiter*in Innendienst/Social Engineering/Instantmessenger',1,'[{\"added\": {}}]',20,1),(239,'2022-11-22 13:34:27.812066','99','Tactic Mastery/Sachbearbeiter*in Innendienst/Social Engineering/Instantmessenger',1,'[{\"added\": {}}]',20,1),(240,'2022-11-22 13:34:45.270965','100','Tactic Mastery/Sachbearbeiter*in Innendienst/Social Engineering/Instantmessenger',1,'[{\"added\": {}}]',20,1),(241,'2022-11-22 13:35:05.601539','101','Tactic Check&Follow Up/Sachbearbeiter*in Innendienst/Social Engineering/Instantmessenger',1,'[{\"added\": {}}]',20,1),(242,'2022-11-22 13:35:24.810179','102','Tactic Check&Follow Up/Sachbearbeiter*in Innendienst/Social Engineering/Instantmessenger',1,'[{\"added\": {}}]',20,1),(243,'2022-11-22 13:35:41.719857','103','Tactic Check&Follow Up/Sachbearbeiter*in Innendienst/Social Engineering/Instantmessenger',1,'[{\"added\": {}}]',20,1),(244,'2022-11-22 13:35:56.934413','104','Tactic Check&Follow Up/Sachbearbeiter*in Innendienst/Social Engineering/Instantmessenger',1,'[{\"added\": {}}]',20,1),(245,'2022-11-22 13:38:57.853572','1','ChatInterface object (1)',1,'[{\"added\": {}}]',12,1),(246,'2022-11-22 13:41:12.845044','2','ChatInterface object (2)',1,'[{\"added\": {}}]',12,1),(247,'2022-11-22 13:41:39.327976','3','ChatInterface object (3)',1,'[{\"added\": {}}]',12,1),(248,'2022-11-22 13:42:16.128413','4','Chat Impuls/Social Engineering/Instantmessenger',1,'[{\"added\": {}}]',23,1),(249,'2022-11-22 13:42:58.577922','4','Social Engineering/Instantmessenger/Sachbearbeiter*in im Innendienst',1,'[{\"added\": {}}]',11,1),(250,'2022-11-22 13:43:20.819675','22','Social Engineering/Instantmessenger/Threat Awareness/Sachbearbeiter*in im Innendienst',1,'[{\"added\": {}}]',18,1),(251,'2022-11-22 13:43:39.628850','23','Social Engineering/Instantmessenger/Threat Identification/Sachbearbeiter*in im Innendienst',1,'[{\"added\": {}}]',18,1),(252,'2022-11-22 13:44:07.529193','24','Social Engineering/Instantmessenger/Threat Identification/Sachbearbeiter*in im Innendienst',1,'[{\"added\": {}}]',18,1),(253,'2022-11-22 13:44:24.218915','25','Social Engineering/Instantmessenger/Threat Impact Assessment/Sachbearbeiter*in im Innendienst',1,'[{\"added\": {}}]',18,1),(254,'2022-11-22 13:44:40.156014','26','Social Engineering/Instantmessenger/Tactic Choice/Sachbearbeiter*in im Innendienst',1,'[{\"added\": {}}]',18,1),(255,'2022-11-22 13:45:00.513336','27','Social Engineering/Instantmessenger/Tactic Justification/Sachbearbeiter*in im Innendienst',1,'[{\"added\": {}}]',18,1),(256,'2022-11-22 13:45:11.746142','28','Social Engineering/Instantmessenger/Tactic Mastery/Sachbearbeiter*in im Innendienst',1,'[{\"added\": {}}]',18,1),(257,'2022-11-22 13:45:21.027315','29','Social Engineering/Instantmessenger/Tactic Check & Follow-Up/Sachbearbeiter*in im Innendienst',1,'[{\"added\": {}}]',18,1),(258,'2022-11-22 13:48:52.543291','1','Sachbearbeiter*in im Innendienst',2,'[{\"changed\": {\"fields\": [\"Zugeordnete Bedrohungsvektoren\"]}}]',19,1),(259,'2022-11-22 13:50:10.406432','24','Social Engineering/Instantmessenger/Threat Identification/Sachbearbeiter*in im Innendienst',3,'',18,1),(260,'2022-11-22 13:53:44.298443','3','Einschleusen von Malware',1,'[{\"added\": {}}]',9,1),(261,'2022-11-22 13:53:55.083207','5','Einschleusen von Malware/Mailsystem',1,'[{\"added\": {}}]',10,1),(262,'2022-11-22 13:54:32.587053','5','Einschleusen von Malware/Mailsystem/Sachbearbeiter*in im Innendienst',1,'[{\"added\": {}}]',11,1),(263,'2022-11-22 13:55:20.699834','29','Threat Awareness/Sachbearbeiter*in Innendienst/Malware/Mailsystem',1,'[{\"added\": {}}]',17,1),(264,'2022-11-22 13:55:59.557304','30','Threat Identification/Sachbearbeiter*in Innendienst/Malware/Mailsystem',1,'[{\"added\": {}}]',17,1),(265,'2022-11-22 13:56:29.267052','31','Threat Impact Assessment/Sachbearbeiter*in Innendienst/Malware/Mailsystem',1,'[{\"added\": {}}]',17,1),(266,'2022-11-22 13:57:16.504684','32','Tactic Choice/Sachbearbeiter*in Innendienst/Malware/Mailsystem',1,'[{\"added\": {}}]',17,1),(267,'2022-11-22 13:57:42.629309','33','Tactic Justification/Sachbearbeiter*in Innendienst/Malware/Mailsystem',1,'[{\"added\": {}}]',17,1),(268,'2022-11-22 13:57:59.765098','34','Tactic Mastery/Sachbearbeiter*in Innendienst/Malware/Mailsystem',1,'[{\"added\": {}}]',17,1),(269,'2022-11-22 13:58:27.557371','35','Tactic Check&Follow-Up/Sachbearbeiter*in Innendienst/Malware/Mailsystem',1,'[{\"added\": {}}]',17,1),(270,'2022-11-22 13:59:50.526783','105','Threat Awareness/Sachbearbeiter*in Innendienst/Malware/Mailsystem',1,'[{\"added\": {}}]',20,1),(271,'2022-11-22 14:00:23.878720','106','Threat Awareness/Sachbearbeiter*in Innendienst/Malware/Mailsystem',1,'[{\"added\": {}}]',20,1),(272,'2022-11-22 14:01:54.062297','106','Threat Awareness/Sachbearbeiter*in Innendienst/Malware/Mailsystem',2,'[]',20,1),(273,'2022-11-22 14:02:30.132624','107','Threat Awareness/Sachbearbeiter*in Innendienst/Malware/Mailsystem',1,'[{\"added\": {}}]',20,1),(274,'2022-11-22 14:03:32.290322','29','Threat Awareness/Sachbearbeiter*in Innendienst/Malware/Mailsystem',2,'[{\"changed\": {\"fields\": [\"Text zur Frage\"]}}]',17,1),(275,'2022-11-22 14:03:38.929953','22','Threat Awareness/Sachbearbeiter*in Innendienst/Social Engineering/Instantmessenger',2,'[{\"changed\": {\"fields\": [\"Text zur Frage\"]}}]',17,1),(276,'2022-11-22 14:03:51.913396','1','Threat Awareness/Sachbearbeiter*in Innendienst/Social Engineering/Kollaborationssystem',2,'[{\"changed\": {\"fields\": [\"Text zur Frage\"]}}]',17,1),(277,'2022-11-22 14:04:27.641395','108','Threat Identification/Sachbearbeiter*in Innendienst/Malware/Mailsystem',1,'[{\"added\": {}}]',20,1),(278,'2022-11-22 14:04:44.838318','109','Threat Identification/Sachbearbeiter*in Innendienst/Malware/Mailsystem',1,'[{\"added\": {}}]',20,1),(279,'2022-11-22 14:05:05.742413','110','Threat Identification/Sachbearbeiter*in Innendienst/Malware/Mailsystem',1,'[{\"added\": {}}]',20,1),(280,'2022-11-22 14:06:46.581683','111','Threat Identification/Sachbearbeiter*in Innendienst/Malware/Mailsystem',1,'[{\"added\": {}}]',20,1),(281,'2022-11-22 14:07:07.764015','112','Threat Identification/Sachbearbeiter*in Innendienst/Malware/Mailsystem',1,'[{\"added\": {}}]',20,1),(282,'2022-11-22 14:07:24.930469','113','Threat Identification/Sachbearbeiter*in Innendienst/Malware/Mailsystem',1,'[{\"added\": {}}]',20,1),(283,'2022-11-22 14:07:57.773830','114','Threat Impact Assessment/Sachbearbeiter*in Innendienst/Malware/Mailsystem',1,'[{\"added\": {}}]',20,1),(284,'2022-11-22 14:08:23.170418','115','Threat Impact Assessment/Sachbearbeiter*in Innendienst/Malware/Mailsystem',1,'[{\"added\": {}}]',20,1),(285,'2022-11-22 14:08:43.012106','116','Threat Impact Assessment/Sachbearbeiter*in Innendienst/Malware/Mailsystem',1,'[{\"added\": {}}]',20,1),(286,'2022-11-22 14:09:09.874700','117','Threat Impact Assessment/Sachbearbeiter*in Innendienst/Malware/Mailsystem',1,'[{\"added\": {}}]',20,1),(287,'2022-11-22 14:09:30.043279','118','Tactic Choice/Sachbearbeiter*in Innendienst/Malware/Mailsystem',1,'[{\"added\": {}}]',20,1),(288,'2022-11-22 14:09:52.783005','119','Tactic Choice/Sachbearbeiter*in Innendienst/Malware/Mailsystem',1,'[{\"added\": {}}]',20,1),(289,'2022-11-22 14:10:30.279396','120','Tactic Choice/Sachbearbeiter*in Innendienst/Malware/Mailsystem',1,'[{\"added\": {}}]',20,1),(290,'2022-11-22 14:11:21.842618','121','Tactic Justification/Sachbearbeiter*in Innendienst/Malware/Mailsystem',1,'[{\"added\": {}}]',20,1),(291,'2022-11-22 14:11:39.935005','122','Tactic Justification/Sachbearbeiter*in Innendienst/Malware/Mailsystem',1,'[{\"added\": {}}]',20,1),(292,'2022-11-22 14:11:58.739379','123','Tactic Justification/Sachbearbeiter*in Innendienst/Malware/Mailsystem',1,'[{\"added\": {}}]',20,1),(293,'2022-11-22 14:12:24.803051','124','Tactic Mastery/Sachbearbeiter*in Innendienst/Malware/Mailsystem',1,'[{\"added\": {}}]',20,1),(294,'2022-11-22 14:12:39.595697','125','Tactic Mastery/Sachbearbeiter*in Innendienst/Malware/Mailsystem',1,'[{\"added\": {}}]',20,1),(295,'2022-11-22 14:12:55.986733','126','Tactic Mastery/Sachbearbeiter*in Innendienst/Malware/Mailsystem',1,'[{\"added\": {}}]',20,1),(296,'2022-11-22 14:13:43.581942','127','Tactic Check&Follow-Up/Sachbearbeiter*in Innendienst/Malware/Mailsystem',1,'[{\"added\": {}}]',20,1),(297,'2022-11-22 14:13:59.561062','128','Tactic Check&Follow-Up/Sachbearbeiter*in Innendienst/Malware/Mailsystem',1,'[{\"added\": {}}]',20,1),(298,'2022-11-22 14:14:19.014923','129','Tactic Check&Follow-Up/Sachbearbeiter*in Innendienst/Malware/Mailsystem',1,'[{\"added\": {}}]',20,1),(299,'2022-11-22 14:14:33.346440','130','Tactic Check&Follow-Up/Sachbearbeiter*in Innendienst/Malware/Mailsystem',1,'[{\"added\": {}}]',20,1),(300,'2022-11-22 14:16:38.020959','4','Malware/Mailsystem/Impuls1',1,'[{\"added\": {}}]',14,1),(301,'2022-11-22 14:17:40.873381','5','Malware/Mailsystem/Impuls2',1,'[{\"added\": {}}]',14,1),(302,'2022-11-22 14:18:36.624609','6','Malware/Mailsystem/Impuls3',1,'[{\"added\": {}}]',14,1),(303,'2022-11-22 14:18:55.501208','5','E-Mail Impuls 2',1,'[{\"added\": {}}]',22,1),(304,'2022-11-22 14:19:24.123101','30','Einschleusen von Malware/Mailsystem/Threat Awareness/Sachbearbeiter*in im Innendienst',1,'[{\"added\": {}}]',18,1),(305,'2022-11-22 14:19:37.818352','31','Einschleusen von Malware/Mailsystem/Threat Identification/Sachbearbeiter*in im Innendienst',1,'[{\"added\": {}}]',18,1),(306,'2022-11-22 14:19:50.216837','32','Einschleusen von Malware/Mailsystem/Threat Impact Assessment/Sachbearbeiter*in im Innendienst',1,'[{\"added\": {}}]',18,1),(307,'2022-11-22 14:20:06.265526','33','Einschleusen von Malware/Mailsystem/Tactic Choice/Sachbearbeiter*in im Innendienst',1,'[{\"added\": {}}]',18,1),(308,'2022-11-22 14:20:21.386445','34','Einschleusen von Malware/Mailsystem/Tactic Justification/Sachbearbeiter*in im Innendienst',1,'[{\"added\": {}}]',18,1),(309,'2022-11-22 14:20:30.489754','35','Einschleusen von Malware/Mailsystem/Tactic Mastery/Sachbearbeiter*in im Innendienst',1,'[{\"added\": {}}]',18,1),(310,'2022-11-22 14:20:39.660110','36','Einschleusen von Malware/Mailsystem/Tactic Check & Follow-Up/Sachbearbeiter*in im Innendienst',1,'[{\"added\": {}}]',18,1),(311,'2022-11-22 14:20:54.851329','1','Sachbearbeiter*in im Innendienst',2,'[{\"changed\": {\"fields\": [\"Zugeordnete Bedrohungsvektoren\"]}}]',19,1),(312,'2022-11-22 16:35:50.116348','2','Sachbearbeiter*in Außendienst',3,'',7,1),(313,'2022-11-23 12:18:38.204488','29','Threat Awareness/Sachbearbeiter*in Innendienst/Malware/Mailsystem',2,'[]',17,1),(314,'2022-11-23 12:18:55.919653','1','ChatInterface object (1)',2,'[]',12,1),(315,'2022-11-23 12:18:59.439118','2','ChatInterface object (2)',2,'[]',12,1),(316,'2022-11-23 12:19:04.097195','3','ChatInterface object (3)',2,'[{\"changed\": {\"fields\": [\"Absender bekannt\"]}}]',12,1),(317,'2022-11-23 12:33:02.612636','3','E-Mail Impuls1',2,'[{\"changed\": {\"fields\": [\"Text zum Impuls\"]}}]',22,1),(318,'2022-11-23 12:33:47.566680','5','E-Mail Impuls 2',2,'[{\"changed\": {\"fields\": [\"Text zum Impuls\"]}}]',22,1),(319,'2022-11-23 12:34:22.922718','5','E-Mail Impuls 2',2,'[{\"changed\": {\"fields\": [\"Text zum Impuls\"]}}]',22,1),(320,'2022-11-23 12:34:27.650047','3','E-Mail Impuls1',2,'[{\"changed\": {\"fields\": [\"Text zum Impuls\"]}}]',22,1),(321,'2022-11-23 12:34:43.006822','4','Chat Impuls/Social Engineering/Instantmessenger',2,'[{\"changed\": {\"fields\": [\"Text zum Impuls\"]}}]',23,1),(322,'2022-11-23 12:35:08.580232','2','Social Engineering/Social Media System/Sachbearbeiter*in Innendienst/Bild Impuls 1',2,'[{\"changed\": {\"fields\": [\"Text zum Impuls\"]}}]',21,1),(323,'2022-11-23 12:35:13.256626','1','Social Engineering/Kollborationssystem/Sachbearbeiter*in Innendienst/Bild Impuls 1',2,'[{\"changed\": {\"fields\": [\"Text zum Impuls\"]}}]',21,1),(324,'2022-11-23 13:07:34.250745','1','Sachbearbeiter*in im Innendienst',2,'[{\"changed\": {\"fields\": [\"Zugeordnete Bedrohungsvektoren\"]}}]',19,1),(325,'2022-11-24 14:01:28.330331','35','Tactic Check&Follow-Up/Sachbearbeiter*in Innendienst/Malware/Mailsystem',2,'[{\"changed\": {\"fields\": [\"Text zur Frage\"]}}]',17,1),(326,'2022-11-24 14:01:33.793701','34','Tactic Mastery/Sachbearbeiter*in Innendienst/Malware/Mailsystem',2,'[{\"changed\": {\"fields\": [\"Text zur Frage\"]}}]',17,1),(327,'2022-11-24 14:01:40.359355','33','Tactic Justification/Sachbearbeiter*in Innendienst/Malware/Mailsystem',2,'[{\"changed\": {\"fields\": [\"Text zur Frage\"]}}]',17,1),(328,'2022-11-24 14:01:49.721000','32','Tactic Choice/Sachbearbeiter*in Innendienst/Malware/Mailsystem',2,'[{\"changed\": {\"fields\": [\"Text zur Frage\"]}}]',17,1),(329,'2022-11-24 14:01:59.846090','31','Threat Impact Assessment/Sachbearbeiter*in Innendienst/Malware/Mailsystem',2,'[{\"changed\": {\"fields\": [\"Text zur Frage\"]}}]',17,1),(330,'2022-11-24 14:02:22.374797','27','Tactic Mastery/Sachbearbeiter*in Innendienst/Social Engineering/Instantmessenger',2,'[{\"changed\": {\"fields\": [\"Text zur Frage\"]}}]',17,1),(331,'2022-11-24 14:02:29.682359','28','Tactic Check&Follow Up/Sachbearbeiter*in Innendienst/Social Engineering/Instantmessenger',2,'[{\"changed\": {\"fields\": [\"Text zur Frage\"]}}]',17,1),(332,'2022-11-24 14:02:37.000908','26','Tactic Justification/Sachbearbeiter*in Innendienst/Social Engineering/Instantmessenger',2,'[{\"changed\": {\"fields\": [\"Text zur Frage\"]}}]',17,1),(333,'2022-11-24 14:02:45.662459','25','Tactic Choice/Sachbearbeiter*in Innendienst/Social Engineering/Instantmessenger',2,'[{\"changed\": {\"fields\": [\"Text zur Frage\"]}}]',17,1),(334,'2022-11-24 14:02:55.550124','24','Threat Impact Assesment/Sachbearbeiter*in Innendienst/Social Engineering/Instantmessenger',2,'[{\"changed\": {\"fields\": [\"Text zur Frage\"]}}]',17,1),(335,'2022-11-24 14:03:39.505732','7','Tactic Check & Follow-Up/Sachbearbeiter*in Innendienst/Kollaborationssystem',2,'[{\"changed\": {\"fields\": [\"Text zur Frage\"]}}]',17,1),(336,'2022-11-24 14:13:03.221077','3','Einschleusen von Malware',2,'[{\"changed\": {\"fields\": [\"Beschreibung\"]}}]',9,1),(337,'2022-11-24 16:20:52.847271','15','Threat Awareness/Sachbearbeiter*in Innendienst/Phishing/Mailsystem',2,'[{\"changed\": {\"fields\": [\"Text zur Frage\"]}}]',17,1),(338,'2022-11-24 16:21:44.007867','9','Threat Identification/Sachbearbeiter*in Innendienst/Social Engineering/Social Media System',2,'[{\"changed\": {\"fields\": [\"Text zur Frage\"]}}]',17,1),(339,'2022-11-24 16:22:06.850329','1','Threat Awareness/Sachbearbeiter*in Innendienst/Social Engineering/Kollaborationssystem',2,'[{\"changed\": {\"fields\": [\"Antwortoption\"]}}]',20,1),(340,'2022-11-24 16:22:13.809361','2','Threat Awareness/Sachbearbeiter*in Innendienst/Social Engineering/Kollaborationssystem',2,'[{\"changed\": {\"fields\": [\"Antwortoption\"]}}]',20,1),(341,'2022-11-24 16:22:20.593046','3','Threat Awareness/Sachbearbeiter*in Innendienst/Social Engineering/Kollaborationssystem',2,'[{\"changed\": {\"fields\": [\"Antwortoption\"]}}]',20,1),(342,'2022-11-24 17:36:20.954027','2','Threat Identification/Sachbearbeiter*in Innendienst/Social Engineering/Kollborationssystem',2,'[{\"changed\": {\"fields\": [\"Text zur Frage\"]}}]',17,1),(343,'2022-11-24 17:38:57.103865','1','Threat Awareness/Sachbearbeiter*in Innendienst/Social Engineering/Kollaborationssystem',2,'[{\"changed\": {\"fields\": [\"Bewertung der Antwortoption\"]}}]',20,1),(344,'2022-11-24 17:39:06.627460','2','Threat Awareness/Sachbearbeiter*in Innendienst/Social Engineering/Kollaborationssystem',2,'[{\"changed\": {\"fields\": [\"Bewertung der Antwortoption\"]}}]',20,1),(345,'2022-11-24 17:48:15.698741','8','Threat Awareness/Sachbearbeiter*in Innendienst/Social Engineering/Social Media System',2,'[{\"changed\": {\"fields\": [\"Text zur Frage\"]}}]',17,1),(346,'2022-11-24 17:49:50.737258','1','Social Engineering/Kollborationssystem/Sachbearbeiter*in Innendienst/Bild Impuls 1',2,'[{\"changed\": {\"fields\": [\"Text zum Impuls\"]}}]',21,1),(347,'2022-11-24 17:50:16.205113','5','E-Mail Impuls 2',2,'[{\"changed\": {\"fields\": [\"Text zum Impuls\"]}}]',22,1),(348,'2022-11-24 17:50:31.126832','4','Chat Impuls/Social Engineering/Instantmessenger',2,'[{\"changed\": {\"fields\": [\"Text zum Impuls\"]}}]',23,1),(349,'2022-11-24 17:50:39.192659','3','E-Mail Impuls1',2,'[{\"changed\": {\"fields\": [\"Text zum Impuls\"]}}]',22,1),(350,'2022-11-24 17:50:42.446940','3','E-Mail Impuls1',2,'[]',22,1),(351,'2022-11-24 17:50:59.521348','2','Social Engineering/Social Media System/Sachbearbeiter*in Innendienst/Bild Impuls 1',2,'[{\"changed\": {\"fields\": [\"Text zum Impuls\"]}}]',21,1),(352,'2022-11-24 17:51:03.098075','1','Social Engineering/Kollborationssystem/Sachbearbeiter*in Innendienst/Bild Impuls 1',2,'[]',21,1),(353,'2022-11-24 17:56:48.975223','27','Threat Awareness/Sachbearbeiter*in Innendienst/Social Engineering/Social Media System',2,'[{\"changed\": {\"fields\": [\"Antwortoption\"]}}]',20,1),(354,'2022-11-24 17:57:00.355654','28','Threat Awareness/Sachbearbeiter*in Innendienst/Social Engineering/Social Media System',2,'[{\"changed\": {\"fields\": [\"Antwortoption\"]}}]',20,1),(355,'2022-11-24 17:57:05.459647','29','Threat Awareness/Sachbearbeiter*in Innendienst/Social Engineering/Social Media System',2,'[{\"changed\": {\"fields\": [\"Antwortoption\"]}}]',20,1),(356,'2022-11-24 18:09:01.814629','1','Sachbearbeiter*in im Innendienst',2,'[{\"changed\": {\"fields\": [\"Zugeordnete Bedrohungsvektoren\"]}}]',19,1),(357,'2022-11-24 18:10:59.961104','1','Sachbearbeiter*in im Innendienst',2,'[{\"changed\": {\"fields\": [\"Zugeordnete Bedrohungsvektoren\"]}}]',19,1),(358,'2022-11-24 18:11:37.325784','1','Sachbearbeiter*in im Innendienst',2,'[{\"changed\": {\"fields\": [\"Zugeordnete Bedrohungsvektoren\"]}}]',19,1),(359,'2022-11-24 19:13:47.381369','1','Social Engineering/Kollborationssystem/Sachbearbeiter*in Innendienst/Bild Impuls 1',2,'[{\"changed\": {\"fields\": [\"Text zum Impuls\"]}}]',21,1),(360,'2022-11-24 19:13:51.380292','1','Social Engineering/Kollborationssystem/Sachbearbeiter*in Innendienst/Bild Impuls 1',2,'[]',21,1),(361,'2022-11-24 19:13:55.162323','5','E-Mail Impuls 2',2,'[]',22,1),(362,'2022-11-24 19:13:58.502207','4','Chat Impuls/Social Engineering/Instantmessenger',2,'[]',23,1),(363,'2022-11-24 19:14:01.511790','3','E-Mail Impuls1',2,'[]',22,1),(364,'2022-11-24 19:33:42.862032','7','Threat Identification/Sachbearbeiter*in Innendienst/Social Engineering/Kollborationssystem',2,'[{\"changed\": {\"fields\": [\"Antwortoption\"]}}]',20,1),(365,'2022-11-24 19:33:49.202481','5','Threat Identification/Sachbearbeiter*in Innendienst/Social Engineering/Kollborationssystem',2,'[{\"changed\": {\"fields\": [\"Antwortoption\"]}}]',20,1),(366,'2022-11-24 19:33:55.984211','9','Threat Impact Assessment/Sachbearbeiter*in Innendienst/Social Engineering/Kollaborationssystem',2,'[{\"changed\": {\"fields\": [\"Antwortoption\"]}}]',20,1),(367,'2022-11-24 19:34:06.582032','24','Tactic Check & Follow-Up/Sachbearbeiter*in Innendienst/Kollaborationssystem',2,'[{\"changed\": {\"fields\": [\"Antwortoption\"]}}]',20,1),(368,'2022-11-24 19:34:21.721775','37','Threat Impact Assessment/Sachbearbeiter*in Innendienst/Social Engineering/Social Media System',2,'[{\"changed\": {\"fields\": [\"Antwortoption\"]}}]',20,1),(369,'2022-11-24 19:34:34.046364','54','Threat Awareness/Sachbearbeiter*in Innendienst/Phishing/Mailsystem',2,'[{\"changed\": {\"fields\": [\"Antwortoption\"]}}]',20,1),(370,'2022-11-24 19:34:40.823044','53','Threat Awareness/Sachbearbeiter*in Innendienst/Phishing/Mailsystem',2,'[{\"changed\": {\"fields\": [\"Antwortoption\"]}}]',20,1),(371,'2022-11-24 19:34:45.413799','52','Threat Awareness/Sachbearbeiter*in Innendienst/Phishing/Mailsystem',2,'[{\"changed\": {\"fields\": [\"Antwortoption\"]}}]',20,1),(372,'2022-11-24 19:34:58.178123','70','Tactic Mastery/Sachbearbeiter*in Innendienst/Phishing/Mailsystem',2,'[{\"changed\": {\"fields\": [\"Antwortoption\"]}}]',20,1),(373,'2022-11-24 19:35:06.981731','79','Threat Identification/Sachbearbeiter*in Innendienst/Social Engineering/Instantmessenger',2,'[{\"changed\": {\"fields\": [\"Antwortoption\"]}}]',20,1),(374,'2022-11-24 19:35:22.049976','100','Tactic Mastery/Sachbearbeiter*in Innendienst/Social Engineering/Instantmessenger',2,'[{\"changed\": {\"fields\": [\"Antwortoption\"]}}]',20,1),(375,'2022-11-24 19:39:26.561168','1','Sachbearbeiter*in im Innendienst',2,'[{\"changed\": {\"fields\": [\"Zugeordnete Bedrohungsvektoren\"]}}]',19,1),(376,'2022-11-25 13:39:56.125413','7','Tactic Check & Follow-Up',2,'[]',13,1),(377,'2022-11-25 13:40:07.207512','6','Tactic Mastery',2,'[{\"changed\": {\"fields\": [\"Beschreibung der Kompetenzdimension\"]}}]',13,1),(378,'2022-11-25 13:40:13.455259','7','Tactic Check & Follow-Up',2,'[{\"changed\": {\"fields\": [\"Beschreibung der Kompetenzdimension\"]}}]',13,1),(379,'2022-11-25 13:40:28.058090','3','Threat Impact Assessment',2,'[{\"changed\": {\"fields\": [\"Beschreibung der Kompetenzdimension\"]}}]',13,1),(380,'2022-11-28 16:29:46.180579','1','Sachbearbeiter*in im Innendienst',2,'[{\"changed\": {\"fields\": [\"Beschreibung\", \"Aufgaben\"]}}]',7,1),(381,'2022-11-28 16:30:33.757591','4','Social Engineering/Instantmessenger',2,'[{\"changed\": {\"fields\": [\"Beschreibung\"]}}]',10,1),(382,'2022-11-28 16:32:04.250002','5','Einschleusen von Malware/Mailsystem',2,'[{\"changed\": {\"fields\": [\"Beschreibung\"]}}]',10,1),(383,'2022-11-28 16:32:21.780913','3','Phishing/Mailsystem',2,'[{\"changed\": {\"fields\": [\"Beschreibung\"]}}]',10,1),(384,'2022-11-28 16:32:54.441254','2','Social Engineering/Social Media Systeme',2,'[{\"changed\": {\"fields\": [\"Beschreibung\"]}}]',10,1),(385,'2022-11-28 16:33:10.908493','1','Social Engineering/Kollaborationssysteme',2,'[{\"changed\": {\"fields\": [\"Beschreibung\"]}}]',10,1),(386,'2022-11-28 19:22:53.417611','1','Sachbearbeiter*in im Innendienst',2,'[{\"changed\": {\"fields\": [\"Anzeigen\"]}}]',7,1),(387,'2022-11-28 19:26:07.956717','1','Cyber Security Awareness Course',1,'new through import_export',25,1),(388,'2022-11-28 19:26:07.959518','2','Cybersecurity Awareness training',1,'new through import_export',25,1),(389,'2022-11-28 19:26:07.962849','3','Online-Kurs IT-Grundschutz',1,'new through import_export',25,1),(390,'2022-11-28 19:26:07.966606','4','IT-Grundlagen im Büroalltag',1,'new through import_export',25,1),(391,'2022-11-28 19:26:07.969532','5','Netzwerksicherheit',1,'new through import_export',25,1),(392,'2022-11-28 19:26:07.971551','6','TISiM-App',1,'new through import_export',25,1),(393,'2022-11-28 19:26:07.975717','7','Security-Awareness-Platform-and-Offerings',1,'new through import_export',25,1),(394,'2022-11-28 19:26:07.979453','8','Human Risk Assessment',1,'new through import_export',25,1),(395,'2022-11-28 19:26:07.983504','9','Security Awareness Training',1,'new through import_export',25,1),(396,'2022-11-28 19:26:07.987667','10','Security Awareness Videos',1,'new through import_export',25,1),(397,'2022-11-28 19:26:07.996226','11','BEHÖRDEN-IT-SICHERHEITSTRAINING',1,'new through import_export',25,1),(398,'2022-11-28 19:26:08.000155','12','CISA VLP - 100W Cybersecurity Practices for Industrial Control Systems',1,'new through import_export',25,1),(399,'2022-11-28 19:26:08.003920','13','CISA VLP - 210W-01 Differences in Deployments of Industrial Control Systems (FY22) ',1,'new through import_export',25,1),(400,'2022-11-28 19:26:08.007743','14','CISA VLP - 210W-02 Influence of IT Components on Industrial Control Systems',1,'new through import_export',25,1),(401,'2022-11-28 19:26:08.011730','15','CISA VLP - 210W-03 Common ICS Components',1,'new through import_export',25,1),(402,'2022-11-28 19:26:08.015433','16','CISA VLP - 210W-04 Cybersecurity Within IT and ICS Domains (FY21)',1,'new through import_export',25,1),(403,'2022-11-28 19:26:08.018992','17','CISA VLP - 210W-05 ICS Cybersecurity Risk',1,'new through import_export',25,1),(404,'2022-11-28 19:26:08.023067','18','CISA VLP - 210W-06 ICS Cybersecurity Threats',1,'new through import_export',25,1),(405,'2022-11-28 19:26:08.027521','19','CISA VLP - 210W-07 ICS Cybersecurity Vulnerabilities',1,'new through import_export',25,1),(406,'2022-11-28 19:26:08.030986','20','CISA VLP - 210W-08 ICS Cybersecurity Consequences',1,'new through import_export',25,1),(407,'2022-11-28 19:26:08.034970','21','CISA VLP - 210W-09 Attack Methodologies in IT & ICS',1,'new through import_export',25,1),(408,'2022-11-28 19:26:08.038703','22','CISA VLP - 210W-10 Mapping IT Defense-In-Depth Security Solutions to ICS - Part I',1,'new through import_export',25,1),(409,'2022-11-28 19:26:08.042028','23','CISA VLP - 210W-11 Mapping IT Defense-In_Depth Security Solutions to ICS - Part II\nID: E-6023WV',1,'new through import_export',25,1),(410,'2022-11-28 19:26:08.046072','24','CISA VLP - RFE2115 ICS Cybersecurity Landscape for Managers',1,'new through import_export',25,1),(411,'2022-11-28 19:26:08.049564','25','Spezialisierung Cybersecurity: Developing a Program for Your Business',1,'new through import_export',25,1),(412,'2022-11-28 19:26:08.051879','26','Spezialisierung Cybersecurity Kurs 1: Cybersecurity and Mobility',1,'new through import_export',25,1),(413,'2022-11-28 19:26:08.057818','27','Spezialisierung Cybersecurity Kurs 2: Cybersecurity and the Internet of Things',1,'new through import_export',25,1),(414,'2022-11-28 19:26:08.061355','28','Spezialisierung Cybersecurity Kurs 3: Cybersecurity and the X-Factor',1,'new through import_export',25,1),(415,'2022-11-28 19:26:08.064072','29','Spezialisierung Cybersecurity Kurs 4: The Business of Cybersecurity Capstone',1,'new through import_export',25,1),(416,'2022-11-28 19:26:08.068226','30','Security Awareness Training',1,'new through import_export',25,1),(417,'2022-11-28 19:26:08.071223','31','Pricing Enterprice',1,'new through import_export',25,1),(418,'2022-11-28 19:26:08.075778','32','Pricing Free',1,'new through import_export',25,1),(419,'2022-11-28 19:26:08.079267','33','Learning Management System - Online Training Software',1,'new through import_export',25,1),(420,'2022-11-28 19:26:08.084624','34','Security Awareness Training',1,'new through import_export',25,1),(421,'2022-11-28 19:26:08.088639','35','Malware Threats',1,'new through import_export',25,1),(422,'2022-11-28 19:26:08.092558','36','Introduction to Evimetry_ the Controller',1,'new through import_export',25,1),(423,'2022-11-28 19:26:08.096581','37','Basic Evimetry Deadboot Forensic Acquisition',1,'new through import_export',25,1),(424,'2022-11-28 19:26:08.100929','38','Check Point Jump Start',1,'new through import_export',25,1),(425,'2022-11-28 19:26:08.104706','39','MITRE ATT&CK Defender (MAD) ATT&CK ',1,'new through import_export',25,1),(426,'2022-11-28 19:26:08.109143','40','MITRE ATT&CK Defender (MAD) ATT&CK SOC ',1,'new through import_export',25,1),(427,'2022-11-28 19:26:08.113905','41','Introduction to IT & Cybersecurity',1,'new through import_export',25,1),(428,'2022-11-28 19:26:08.117720','42','Security Awareness Training',1,'new through import_export',25,1),(429,'2022-11-28 19:26:08.123786','43','Cybersecurity Fundamentals',1,'new through import_export',25,1),(430,'2022-11-28 19:26:08.127637','44','Jump Start_ Network Security',1,'new through import_export',25,1),(431,'2022-11-28 19:26:08.131847','45','Introduction to Cybersecurity',1,'new through import_export',25,1),(432,'2022-11-28 19:26:08.136074','46','Information Security - Introduction to Information Security',1,'new through import_export',25,1),(433,'2022-11-28 19:26:08.140234','47','Cybersecurity Risk Management',1,'new through import_export',25,1),(434,'2022-11-28 19:26:08.145191','48','Network Security',1,'new through import_export',25,1),(435,'2022-11-28 19:26:08.149179','49','Social Engineering',1,'new through import_export',25,1),(436,'2022-11-28 19:26:08.152414','50','Home-Office',1,'new through import_export',25,1),(437,'2022-11-28 19:26:08.156637','51','Die Spione in der Hosentasche - Smartphones',1,'new through import_export',25,1),(438,'2022-11-28 19:26:08.162313','52','Security Update - Aktuelle Cyberangriffe & mehrschichtoge Abwehrstrategien',1,'new through import_export',25,1),(439,'2022-11-28 19:26:08.165898','53','Security Awareness Training',1,'new through import_export',25,1),(440,'2022-11-28 19:26:08.167842','54','Free Training',1,'new through import_export',25,1),(441,'2022-11-28 19:26:08.171342','55','Wunder Punkt Microsoft 365',1,'new through import_export',25,1),(442,'2022-11-28 19:26:08.174768','56','[Dis]connected',1,'new through import_export',25,1),(443,'2022-11-28 19:26:08.178091','57','Secuso Research - Results - S&P Awarness',1,'new through import_export',25,1),(444,'2022-11-28 19:26:08.181763','58','OpenSecurityTraining2',1,'new through import_export',25,1),(445,'2022-11-28 19:26:08.184092','59','Cyberthreats by Malware',1,'new through import_export',25,1),(446,'2022-11-28 19:26:08.188722','60','Internet Security for Beginners',1,'new through import_export',25,1),(447,'2022-11-28 19:26:08.192028','61','Sicher per E-Mail kommunizieren - Mitleser unerwünscht',1,'new through import_export',25,1),(448,'2022-11-28 19:26:08.196030','62','Sicherheit im Internet',1,'new through import_export',25,1),(449,'2022-11-28 19:26:08.199972','63','Security Awareness Trainings',1,'new through import_export',25,1),(450,'2022-11-28 19:26:08.207975','64','Cyber Aces Online Courses',1,'new through import_export',25,1),(451,'2022-11-28 19:26:08.214683','65','Security Awareness Kampange',1,'new through import_export',25,1),(452,'2022-11-28 19:26:08.219635','66','The Internet Security Guide',1,'new through import_export',25,1),(453,'2022-11-28 19:26:08.223269','67','Staying Safe Online_ Cyber Security ',1,'new through import_export',25,1),(454,'2022-11-28 19:26:08.227848','68','Protecting yourself online',1,'new through import_export',25,1),(455,'2022-11-28 19:26:08.232250','69','Computer Virus - Definition, Types, Spread and Prevention',1,'new through import_export',25,1),(456,'2022-11-28 19:26:08.236796','70','SSL/TLS Protocol and Handshake Process',1,'new through import_export',25,1),(457,'2022-11-28 19:26:08.240756','71','Security Awareness Campaigns (Lite)',1,'new through import_export',25,1),(458,'2022-11-28 19:26:08.245184','72','Cybersicherheit Cyber Security Course for Beginners - Level 01',1,'new through import_export',25,1),(459,'2022-11-28 19:26:08.250180','73','Cyber Security Threat Intelligen',1,'new through import_export',25,1),(460,'2022-11-28 19:26:08.254304','74','Cyber Security Training for Absolute Beginners ',1,'new through import_export',25,1),(461,'2022-11-28 19:26:08.258765','75','Cyber Security Stories_ Because of You!',1,'new through import_export',25,1),(462,'2022-11-28 19:26:08.279615','76','Cyber Security Advanced Persistent Threat Defender Preview',1,'new through import_export',25,1),(463,'2022-11-28 19:26:08.282992','77','Cyber Criminals Want Your Information: Stop Them Cold!',1,'new through import_export',25,1),(464,'2022-11-28 19:26:08.287141','78','Cyber Crimes and it\'s preventive measures- Mr. Rupesh Mittal',1,'new through import_export',25,1),(465,'2022-11-28 19:26:08.290798','79','(Security Operation Centre) SOC Essentials by SOC Experts',1,'new through import_export',25,1),(466,'2022-11-28 19:26:08.294469','80','Anti-Hacker Security | Step By Step Guide',1,'new through import_export',25,1),(467,'2022-11-28 19:26:08.297610','81','Security Awareness Trainings­plattform',1,'new through import_export',25,1),(468,'2022-11-28 19:26:08.299953','82','Wie können IT-Sicherheitsvorfälle vermieden werden? - Praxistipps',1,'new through import_export',25,1),(469,'2022-11-28 19:26:08.303372','83','Webinar Grundlagen der IT-Sicherheit (Teil 1)',1,'new through import_export',25,1),(470,'2022-11-28 19:26:08.306935','84','Introduction to Cyber Security',1,'new through import_export',25,1),(471,'2022-11-28 19:26:08.310440','85','Ethical Hacking for Beginners',1,'new through import_export',25,1),(472,'2022-11-28 19:26:08.313872','86','Introduction to Cyber Security',1,'new through import_export',25,1),(473,'2022-11-28 19:26:08.316818','87','Datenschutz & IT-Security am Arbeitsplatz (Teil 7 - 10)',1,'new through import_export',25,1),(474,'2022-11-28 19:26:08.320812','88','Datenschutz Online Video Schulung',1,'new through import_export',25,1),(475,'2022-11-28 19:26:08.324071','89','Datenschutzschulung für Mitarbeiter Basic',1,'new through import_export',25,1),(476,'2022-11-28 19:26:08.327511','90','COMPUTER SYSTEMS SECURITY',1,'new through import_export',25,1),(477,'2022-11-28 19:26:08.330872','91','Information security',1,'new through import_export',25,1),(478,'2022-11-28 19:26:08.334864','92','Network Security',1,'new through import_export',25,1),(479,'2022-11-28 19:26:28.838341','92','Network Security',3,'',25,1),(480,'2022-11-28 19:26:28.841972','91','Information security',3,'',25,1),(481,'2022-11-28 19:26:28.846729','90','COMPUTER SYSTEMS SECURITY',3,'',25,1),(482,'2022-11-28 19:26:28.852083','89','Datenschutzschulung für Mitarbeiter Basic',3,'',25,1),(483,'2022-11-28 19:26:28.855867','88','Datenschutz Online Video Schulung',3,'',25,1),(484,'2022-11-28 19:26:28.859453','87','Datenschutz & IT-Security am Arbeitsplatz (Teil 7 - 10)',3,'',25,1),(485,'2022-11-28 19:26:28.862984','86','Introduction to Cyber Security',3,'',25,1),(486,'2022-11-28 19:26:28.866496','85','Ethical Hacking for Beginners',3,'',25,1),(487,'2022-11-28 19:26:28.871069','84','Introduction to Cyber Security',3,'',25,1),(488,'2022-11-28 19:26:28.878313','83','Webinar Grundlagen der IT-Sicherheit (Teil 1)',3,'',25,1),(489,'2022-11-28 19:26:28.882343','82','Wie können IT-Sicherheitsvorfälle vermieden werden? - Praxistipps',3,'',25,1),(490,'2022-11-28 19:26:28.886981','81','Security Awareness Trainings­plattform',3,'',25,1),(491,'2022-11-28 19:26:28.891024','80','Anti-Hacker Security | Step By Step Guide',3,'',25,1),(492,'2022-11-28 19:26:28.894719','79','(Security Operation Centre) SOC Essentials by SOC Experts',3,'',25,1),(493,'2022-11-28 19:26:28.898622','78','Cyber Crimes and it\'s preventive measures- Mr. Rupesh Mittal',3,'',25,1),(494,'2022-11-28 19:26:28.903017','77','Cyber Criminals Want Your Information: Stop Them Cold!',3,'',25,1),(495,'2022-11-28 19:26:28.907589','76','Cyber Security Advanced Persistent Threat Defender Preview',3,'',25,1),(496,'2022-11-28 19:26:28.911701','75','Cyber Security Stories_ Because of You!',3,'',25,1),(497,'2022-11-28 19:26:28.915796','74','Cyber Security Training for Absolute Beginners ',3,'',25,1),(498,'2022-11-28 19:26:28.919987','73','Cyber Security Threat Intelligen',3,'',25,1),(499,'2022-11-28 19:26:28.924026','72','Cybersicherheit Cyber Security Course for Beginners - Level 01',3,'',25,1),(500,'2022-11-28 19:26:28.927714','71','Security Awareness Campaigns (Lite)',3,'',25,1),(501,'2022-11-28 19:26:28.931113','70','SSL/TLS Protocol and Handshake Process',3,'',25,1),(502,'2022-11-28 19:26:28.935161','69','Computer Virus - Definition, Types, Spread and Prevention',3,'',25,1),(503,'2022-11-28 19:26:28.939194','68','Protecting yourself online',3,'',25,1),(504,'2022-11-28 19:26:28.942762','67','Staying Safe Online_ Cyber Security ',3,'',25,1),(505,'2022-11-28 19:26:28.946799','66','The Internet Security Guide',3,'',25,1),(506,'2022-11-28 19:26:28.950898','65','Security Awareness Kampange',3,'',25,1),(507,'2022-11-28 19:26:28.955565','64','Cyber Aces Online Courses',3,'',25,1),(508,'2022-11-28 19:26:28.959802','63','Security Awareness Trainings',3,'',25,1),(509,'2022-11-28 19:26:28.963967','62','Sicherheit im Internet',3,'',25,1),(510,'2022-11-28 19:26:28.967941','61','Sicher per E-Mail kommunizieren - Mitleser unerwünscht',3,'',25,1),(511,'2022-11-28 19:26:28.971703','60','Internet Security for Beginners',3,'',25,1),(512,'2022-11-28 19:26:28.977403','59','Cyberthreats by Malware',3,'',25,1),(513,'2022-11-28 19:26:28.981618','58','OpenSecurityTraining2',3,'',25,1),(514,'2022-11-28 19:26:28.985875','57','Secuso Research - Results - S&P Awarness',3,'',25,1),(515,'2022-11-28 19:26:28.989262','56','[Dis]connected',3,'',25,1),(516,'2022-11-28 19:26:28.992304','55','Wunder Punkt Microsoft 365',3,'',25,1),(517,'2022-11-28 19:26:28.995795','54','Free Training',3,'',25,1),(518,'2022-11-28 19:26:29.001363','53','Security Awareness Training',3,'',25,1),(519,'2022-11-28 19:26:29.004396','52','Security Update - Aktuelle Cyberangriffe & mehrschichtoge Abwehrstrategien',3,'',25,1),(520,'2022-11-28 19:26:29.008156','51','Die Spione in der Hosentasche - Smartphones',3,'',25,1),(521,'2022-11-28 19:26:29.011885','50','Home-Office',3,'',25,1),(522,'2022-11-28 19:26:29.015583','49','Social Engineering',3,'',25,1),(523,'2022-11-28 19:26:29.019183','48','Network Security',3,'',25,1),(524,'2022-11-28 19:26:29.025393','47','Cybersecurity Risk Management',3,'',25,1),(525,'2022-11-28 19:26:29.028793','46','Information Security - Introduction to Information Security',3,'',25,1),(526,'2022-11-28 19:26:29.032184','45','Introduction to Cybersecurity',3,'',25,1),(527,'2022-11-28 19:26:29.035412','44','Jump Start_ Network Security',3,'',25,1),(528,'2022-11-28 19:26:29.039614','43','Cybersecurity Fundamentals',3,'',25,1),(529,'2022-11-28 19:26:29.043254','42','Security Awareness Training',3,'',25,1),(530,'2022-11-28 19:26:29.048005','41','Introduction to IT & Cybersecurity',3,'',25,1),(531,'2022-11-28 19:26:29.051846','40','MITRE ATT&CK Defender (MAD) ATT&CK SOC ',3,'',25,1),(532,'2022-11-28 19:26:29.055557','39','MITRE ATT&CK Defender (MAD) ATT&CK ',3,'',25,1),(533,'2022-11-28 19:26:29.059685','38','Check Point Jump Start',3,'',25,1),(534,'2022-11-28 19:26:29.066204','37','Basic Evimetry Deadboot Forensic Acquisition',3,'',25,1),(535,'2022-11-28 19:26:29.069864','36','Introduction to Evimetry_ the Controller',3,'',25,1),(536,'2022-11-28 19:26:29.074703','35','Malware Threats',3,'',25,1),(537,'2022-11-28 19:26:29.078662','34','Security Awareness Training',3,'',25,1),(538,'2022-11-28 19:26:29.082262','33','Learning Management System - Online Training Software',3,'',25,1),(539,'2022-11-28 19:26:29.086053','32','Pricing Free',3,'',25,1),(540,'2022-11-28 19:26:29.090002','31','Pricing Enterprice',3,'',25,1),(541,'2022-11-28 19:26:29.094247','30','Security Awareness Training',3,'',25,1),(542,'2022-11-28 19:26:29.098087','29','Spezialisierung Cybersecurity Kurs 4: The Business of Cybersecurity Capstone',3,'',25,1),(543,'2022-11-28 19:26:29.101632','28','Spezialisierung Cybersecurity Kurs 3: Cybersecurity and the X-Factor',3,'',25,1),(544,'2022-11-28 19:26:29.105177','27','Spezialisierung Cybersecurity Kurs 2: Cybersecurity and the Internet of Things',3,'',25,1),(545,'2022-11-28 19:26:29.110593','26','Spezialisierung Cybersecurity Kurs 1: Cybersecurity and Mobility',3,'',25,1),(546,'2022-11-28 19:26:29.115059','25','Spezialisierung Cybersecurity: Developing a Program for Your Business',3,'',25,1),(547,'2022-11-28 19:26:29.118803','24','CISA VLP - RFE2115 ICS Cybersecurity Landscape for Managers',3,'',25,1),(548,'2022-11-28 19:26:29.123421','23','CISA VLP - 210W-11 Mapping IT Defense-In_Depth Security Solutions to ICS - Part II\nID: E-6023WV',3,'',25,1),(549,'2022-11-28 19:26:29.128422','22','CISA VLP - 210W-10 Mapping IT Defense-In-Depth Security Solutions to ICS - Part I',3,'',25,1),(550,'2022-11-28 19:26:29.131504','21','CISA VLP - 210W-09 Attack Methodologies in IT & ICS',3,'',25,1),(551,'2022-11-28 19:26:29.134505','20','CISA VLP - 210W-08 ICS Cybersecurity Consequences',3,'',25,1),(552,'2022-11-28 19:26:29.137737','19','CISA VLP - 210W-07 ICS Cybersecurity Vulnerabilities',3,'',25,1),(553,'2022-11-28 19:26:29.140671','18','CISA VLP - 210W-06 ICS Cybersecurity Threats',3,'',25,1),(554,'2022-11-28 19:26:29.144786','17','CISA VLP - 210W-05 ICS Cybersecurity Risk',3,'',25,1),(555,'2022-11-28 19:26:29.148953','16','CISA VLP - 210W-04 Cybersecurity Within IT and ICS Domains (FY21)',3,'',25,1),(556,'2022-11-28 19:26:29.152125','15','CISA VLP - 210W-03 Common ICS Components',3,'',25,1),(557,'2022-11-28 19:26:29.155780','14','CISA VLP - 210W-02 Influence of IT Components on Industrial Control Systems',3,'',25,1),(558,'2022-11-28 19:26:29.159751','13','CISA VLP - 210W-01 Differences in Deployments of Industrial Control Systems (FY22) ',3,'',25,1),(559,'2022-11-28 19:26:29.164307','12','CISA VLP - 100W Cybersecurity Practices for Industrial Control Systems',3,'',25,1),(560,'2022-11-28 19:26:29.168182','11','BEHÖRDEN-IT-SICHERHEITSTRAINING',3,'',25,1),(561,'2022-11-28 19:26:29.172130','10','Security Awareness Videos',3,'',25,1),(562,'2022-11-28 19:26:29.177493','9','Security Awareness Training',3,'',25,1),(563,'2022-11-28 19:26:29.182160','8','Human Risk Assessment',3,'',25,1),(564,'2022-11-28 19:26:29.186043','7','Security-Awareness-Platform-and-Offerings',3,'',25,1),(565,'2022-11-28 19:26:29.192010','6','TISiM-App',3,'',25,1),(566,'2022-11-28 19:26:29.196146','5','Netzwerksicherheit',3,'',25,1),(567,'2022-11-28 19:26:29.200021','4','IT-Grundlagen im Büroalltag',3,'',25,1),(568,'2022-11-28 19:26:29.203949','3','Online-Kurs IT-Grundschutz',3,'',25,1),(569,'2022-11-28 19:26:29.207764','2','Cybersecurity Awareness training',3,'',25,1),(570,'2022-11-28 19:26:29.211568','1','Cyber Security Awareness Course',3,'',25,1),(571,'2022-11-28 19:26:52.379042','1','Deutsch',1,'[{\"added\": {}}]',27,1),(572,'2022-11-28 19:27:02.095681','2','Englisch',1,'[{\"added\": {}}]',27,1),(573,'2022-11-28 19:27:20.760899','1','Online-Kurs',1,'[{\"added\": {}}]',26,1),(574,'2022-11-28 19:27:30.541410','2','Webinar/Video',1,'[{\"added\": {}}]',26,1),(575,'2022-11-28 19:27:34.109608','3','MOOC',1,'[{\"added\": {}}]',26,1),(576,'2022-11-28 19:27:46.199461','4','Cyber-Spiel',1,'[{\"added\": {}}]',26,1),(577,'2022-11-28 19:27:55.766655','5','Quiz',1,'[{\"added\": {}}]',26,1),(578,'2022-11-28 19:28:00.477936','6','Dokument',1,'[{\"added\": {}}]',26,1),(579,'2022-11-28 19:29:09.779019','1','Cyber Security Awareness Course',1,'new through import_export',25,1),(580,'2022-11-28 19:29:09.783151','2','Cybersecurity Awareness training',1,'new through import_export',25,1),(581,'2022-11-28 19:29:09.786297','3','Online-Kurs IT-Grundschutz',1,'new through import_export',25,1),(582,'2022-11-28 19:29:09.790337','4','IT-Grundlagen im Büroalltag',1,'new through import_export',25,1),(583,'2022-11-28 19:29:09.793679','5','Netzwerksicherheit',1,'new through import_export',25,1),(584,'2022-11-28 19:29:09.796052','6','TISiM-App',1,'new through import_export',25,1),(585,'2022-11-28 19:29:09.800143','7','Security-Awareness-Platform-and-Offerings',1,'new through import_export',25,1),(586,'2022-11-28 19:29:09.803868','8','Human Risk Assessment',1,'new through import_export',25,1),(587,'2022-11-28 19:29:09.807191','9','Security Awareness Training',1,'new through import_export',25,1),(588,'2022-11-28 19:29:09.810532','10','Security Awareness Videos',1,'new through import_export',25,1),(589,'2022-11-28 19:29:09.814259','11','BEHÖRDEN-IT-SICHERHEITSTRAINING',1,'new through import_export',25,1),(590,'2022-11-28 19:29:09.817874','12','CISA VLP - 100W Cybersecurity Practices for Industrial Control Systems',1,'new through import_export',25,1),(591,'2022-11-28 19:29:09.820923','13','CISA VLP - 210W-01 Differences in Deployments of Industrial Control Systems (FY22) ',1,'new through import_export',25,1),(592,'2022-11-28 19:29:09.824695','14','CISA VLP - 210W-02 Influence of IT Components on Industrial Control Systems',1,'new through import_export',25,1),(593,'2022-11-28 19:29:09.828843','15','CISA VLP - 210W-03 Common ICS Components',1,'new through import_export',25,1),(594,'2022-11-28 19:29:09.832881','16','CISA VLP - 210W-04 Cybersecurity Within IT and ICS Domains (FY21)',1,'new through import_export',25,1),(595,'2022-11-28 19:29:09.836824','17','CISA VLP - 210W-05 ICS Cybersecurity Risk',1,'new through import_export',25,1),(596,'2022-11-28 19:29:09.841127','18','CISA VLP - 210W-06 ICS Cybersecurity Threats',1,'new through import_export',25,1),(597,'2022-11-28 19:29:09.845391','19','CISA VLP - 210W-07 ICS Cybersecurity Vulnerabilities',1,'new through import_export',25,1),(598,'2022-11-28 19:29:09.849314','20','CISA VLP - 210W-08 ICS Cybersecurity Consequences',1,'new through import_export',25,1),(599,'2022-11-28 19:29:09.852878','21','CISA VLP - 210W-09 Attack Methodologies in IT & ICS',1,'new through import_export',25,1),(600,'2022-11-28 19:29:09.856806','22','CISA VLP - 210W-10 Mapping IT Defense-In-Depth Security Solutions to ICS - Part I',1,'new through import_export',25,1),(601,'2022-11-28 19:29:09.861008','23','CISA VLP - 210W-11 Mapping IT Defense-In_Depth Security Solutions to ICS - Part II\nID: E-6023WV',1,'new through import_export',25,1),(602,'2022-11-28 19:29:09.864329','24','CISA VLP - RFE2115 ICS Cybersecurity Landscape for Managers',1,'new through import_export',25,1),(603,'2022-11-28 19:29:09.868396','25','Spezialisierung Cybersecurity: Developing a Program for Your Business',1,'new through import_export',25,1),(604,'2022-11-28 19:29:09.871521','26','Spezialisierung Cybersecurity Kurs 1: Cybersecurity and Mobility',1,'new through import_export',25,1),(605,'2022-11-28 19:29:09.875067','27','Spezialisierung Cybersecurity Kurs 2: Cybersecurity and the Internet of Things',1,'new through import_export',25,1),(606,'2022-11-28 19:29:09.878810','28','Spezialisierung Cybersecurity Kurs 3: Cybersecurity and the X-Factor',1,'new through import_export',25,1),(607,'2022-11-28 19:29:09.882603','29','Spezialisierung Cybersecurity Kurs 4: The Business of Cybersecurity Capstone',1,'new through import_export',25,1),(608,'2022-11-28 19:29:09.886650','30','Security Awareness Training',1,'new through import_export',25,1),(609,'2022-11-28 19:29:09.890679','31','Pricing Enterprice',1,'new through import_export',25,1),(610,'2022-11-28 19:29:09.895390','32','Pricing Free',1,'new through import_export',25,1),(611,'2022-11-28 19:29:09.899583','33','Learning Management System - Online Training Software',1,'new through import_export',25,1),(612,'2022-11-28 19:29:09.903252','34','Security Awareness Training',1,'new through import_export',25,1),(613,'2022-11-28 19:29:09.906975','35','Malware Threats',1,'new through import_export',25,1),(614,'2022-11-28 19:29:09.911074','36','Introduction to Evimetry_ the Controller',1,'new through import_export',25,1),(615,'2022-11-28 19:29:09.914525','37','Basic Evimetry Deadboot Forensic Acquisition',1,'new through import_export',25,1),(616,'2022-11-28 19:29:09.917625','38','Check Point Jump Start',1,'new through import_export',25,1),(617,'2022-11-28 19:29:09.919972','39','MITRE ATT&CK Defender (MAD) ATT&CK ',1,'new through import_export',25,1),(618,'2022-11-28 19:29:09.923756','40','MITRE ATT&CK Defender (MAD) ATT&CK SOC ',1,'new through import_export',25,1),(619,'2022-11-28 19:29:09.927336','41','Introduction to IT & Cybersecurity',1,'new through import_export',25,1),(620,'2022-11-28 19:29:09.931949','42','Security Awareness Training',1,'new through import_export',25,1),(621,'2022-11-28 19:29:09.936618','43','Cybersecurity Fundamentals',1,'new through import_export',25,1),(622,'2022-11-28 19:29:09.941013','44','Jump Start_ Network Security',1,'new through import_export',25,1),(623,'2022-11-28 19:29:09.944947','45','Introduction to Cybersecurity',1,'new through import_export',25,1),(624,'2022-11-28 19:29:09.951538','46','Information Security - Introduction to Information Security',1,'new through import_export',25,1),(625,'2022-11-28 19:29:09.955257','47','Cybersecurity Risk Management',1,'new through import_export',25,1),(626,'2022-11-28 19:29:09.958514','48','Network Security',1,'new through import_export',25,1),(627,'2022-11-28 19:29:09.962308','49','Social Engineering',1,'new through import_export',25,1),(628,'2022-11-28 19:29:09.965635','50','Home-Office',1,'new through import_export',25,1),(629,'2022-11-28 19:29:09.968553','51','Die Spione in der Hosentasche - Smartphones',1,'new through import_export',25,1),(630,'2022-11-28 19:29:09.971357','52','Security Update - Aktuelle Cyberangriffe & mehrschichtoge Abwehrstrategien',1,'new through import_export',25,1),(631,'2022-11-28 19:29:09.975517','53','Security Awareness Training',1,'new through import_export',25,1),(632,'2022-11-28 19:29:09.979776','54','Free Training',1,'new through import_export',25,1),(633,'2022-11-28 19:29:09.984133','55','Wunder Punkt Microsoft 365',1,'new through import_export',25,1),(634,'2022-11-28 19:29:09.988038','56','[Dis]connected',1,'new through import_export',25,1),(635,'2022-11-28 19:29:09.991840','57','Secuso Research - Results - S&P Awarness',1,'new through import_export',25,1),(636,'2022-11-28 19:29:09.996389','58','OpenSecurityTraining2',1,'new through import_export',25,1),(637,'2022-11-28 19:29:10.001025','59','Cyberthreats by Malware',1,'new through import_export',25,1),(638,'2022-11-28 19:29:10.004718','60','Internet Security for Beginners',1,'new through import_export',25,1),(639,'2022-11-28 19:29:10.007774','61','Sicher per E-Mail kommunizieren - Mitleser unerwünscht',1,'new through import_export',25,1),(640,'2022-11-28 19:29:10.011917','62','Sicherheit im Internet',1,'new through import_export',25,1),(641,'2022-11-28 19:29:10.016297','63','Security Awareness Trainings',1,'new through import_export',25,1),(642,'2022-11-28 19:29:10.021603','64','Cyber Aces Online Courses',1,'new through import_export',25,1),(643,'2022-11-28 19:29:10.026295','65','Security Awareness Kampange',1,'new through import_export',25,1),(644,'2022-11-28 19:29:10.029603','66','The Internet Security Guide',1,'new through import_export',25,1),(645,'2022-11-28 19:29:10.032260','67','Staying Safe Online_ Cyber Security ',1,'new through import_export',25,1),(646,'2022-11-28 19:29:10.035826','68','Protecting yourself online',1,'new through import_export',25,1),(647,'2022-11-28 19:29:10.039516','69','Computer Virus - Definition, Types, Spread and Prevention',1,'new through import_export',25,1),(648,'2022-11-28 19:29:10.043107','70','SSL/TLS Protocol and Handshake Process',1,'new through import_export',25,1),(649,'2022-11-28 19:29:10.046329','71','Security Awareness Campaigns (Lite)',1,'new through import_export',25,1),(650,'2022-11-28 19:29:10.050104','72','Cybersicherheit Cyber Security Course for Beginners - Level 01',1,'new through import_export',25,1),(651,'2022-11-28 19:29:10.053350','73','Cyber Security Threat Intelligen',1,'new through import_export',25,1),(652,'2022-11-28 19:29:10.056663','74','Cyber Security Training for Absolute Beginners ',1,'new through import_export',25,1),(653,'2022-11-28 19:29:10.060310','75','Cyber Security Stories_ Because of You!',1,'new through import_export',25,1),(654,'2022-11-28 19:29:10.063993','76','Cyber Security Advanced Persistent Threat Defender Preview',1,'new through import_export',25,1),(655,'2022-11-28 19:29:10.068716','77','Cyber Criminals Want Your Information: Stop Them Cold!',1,'new through import_export',25,1),(656,'2022-11-28 19:29:10.071842','78','Cyber Crimes and it\'s preventive measures- Mr. Rupesh Mittal',1,'new through import_export',25,1),(657,'2022-11-28 19:29:10.075973','79','(Security Operation Centre) SOC Essentials by SOC Experts',1,'new through import_export',25,1),(658,'2022-11-28 19:29:10.079484','80','Anti-Hacker Security | Step By Step Guide',1,'new through import_export',25,1),(659,'2022-11-28 19:29:10.083403','81','Security Awareness Trainings­plattform',1,'new through import_export',25,1),(660,'2022-11-28 19:29:10.086586','82','Wie können IT-Sicherheitsvorfälle vermieden werden? - Praxistipps',1,'new through import_export',25,1),(661,'2022-11-28 19:29:10.090553','83','Webinar Grundlagen der IT-Sicherheit (Teil 1)',1,'new through import_export',25,1),(662,'2022-11-28 19:29:10.094766','84','Introduction to Cyber Security',1,'new through import_export',25,1),(663,'2022-11-28 19:29:10.098602','85','Ethical Hacking for Beginners',1,'new through import_export',25,1),(664,'2022-11-28 19:29:10.102365','86','Introduction to Cyber Security',1,'new through import_export',25,1),(665,'2022-11-28 19:29:10.106340','87','Datenschutz & IT-Security am Arbeitsplatz (Teil 7 - 10)',1,'new through import_export',25,1),(666,'2022-11-28 19:29:10.109934','88','Datenschutz Online Video Schulung',1,'new through import_export',25,1),(667,'2022-11-28 19:29:10.115782','89','Datenschutzschulung für Mitarbeiter Basic',1,'new through import_export',25,1),(668,'2022-11-28 19:29:10.119399','90','COMPUTER SYSTEMS SECURITY',1,'new through import_export',25,1),(669,'2022-11-28 19:29:10.122607','91','Information security',1,'new through import_export',25,1),(670,'2022-11-28 19:29:10.126545','92','Network Security',1,'new through import_export',25,1),(671,'2022-11-29 08:31:40.121959','1','Sachbearbeiter*in im Innendienst',2,'[{\"changed\": {\"fields\": [\"Anzeigen\"]}}]',7,1),(672,'2022-11-29 08:32:04.814802','1','Sachbearbeiter*in im Innendienst',2,'[{\"changed\": {\"fields\": [\"Anzeigen\"]}}]',7,1),(673,'2022-11-29 08:33:11.652192','3','Geschäftsführer*in',1,'[{\"added\": {}}]',7,1),(674,'2022-11-29 08:44:00.621444','4','Führungskraft',1,'[{\"added\": {}}]',7,1),(675,'2022-11-29 08:45:08.972229','5','Allgemein',1,'[{\"added\": {}}]',7,1),(676,'2022-11-29 08:45:21.446064','6','IT-Admin',1,'[{\"added\": {}}]',7,1),(677,'2022-11-29 08:46:11.854694','7','Sachbearbeiter*in im Außendienst',1,'[{\"added\": {}}]',7,1),(678,'2022-11-29 20:20:02.049321','6','Einschleusen von Malware/Mailsystem/Sachbearbeiter*in im Außendienst',1,'[{\"added\": {}}]',11,1),(679,'2022-11-29 20:24:19.178048','7','SA/Malware/Mailsystem/Impuls1',1,'[{\"added\": {}}]',14,1),(680,'2022-11-29 20:25:22.074950','8','SA/Malware/Mailsystem/Impuls2',1,'[{\"added\": {}}]',14,1),(681,'2022-11-29 20:26:15.731117','9','SA/Malware/Mailsystem/Impuls3',1,'[{\"added\": {}}]',14,1),(682,'2022-11-29 20:27:02.227499','6','SA/Malware/Mailsystem/Impuls',1,'[{\"added\": {}}]',22,1),(683,'2022-11-29 20:27:14.243096','6','SA/Malware/Mailsystem/Impuls',2,'[{\"changed\": {\"fields\": [\"Text zum Impuls\"]}}]',22,1),(684,'2022-11-29 20:28:35.609718','36','Threat Awareness/Sachbearbeiter*in Außendienst/Malware/Mailsystem',1,'[{\"added\": {}}]',17,1),(685,'2022-11-29 20:29:15.278439','37','Threat Identification/Sachbearbeiter*in Außendienst/Malware/Mailsystem',1,'[{\"added\": {}}]',17,1),(686,'2022-11-29 20:29:40.731262','38','Threat Impact Assessment/Sachbearbeiter*in Außendienst/Malware/Mailsystem',1,'[{\"added\": {}}]',17,1),(687,'2022-11-29 20:30:03.236424','39','Tactic Control/Sachbearbeiter*in Außendienst/Malware/Mailsystem',1,'[{\"added\": {}}]',17,1),(688,'2022-11-29 20:30:30.484984','40','Tactic JustificationSachbearbeiter*in Außendienst/Malware/Mailsystem',1,'[{\"added\": {}}]',17,1),(689,'2022-11-29 20:30:55.348817','41','Tactic Mastery/Sachbearbeiter*in Außendienst/Malware/Mailsystem',1,'[{\"added\": {}}]',17,1),(690,'2022-11-29 20:31:19.759092','42','Tactic Check&Follow Up/Sachbearbeiter*in Außendienst/Malware/Mailsystem',1,'[{\"added\": {}}]',17,1),(691,'2022-11-29 20:32:09.897551','131','Threat Awareness/Sachbearbeiter*in Außendienst/Malware/Mailsystem',1,'[{\"added\": {}}]',20,1),(692,'2022-11-29 20:32:24.755066','132','Threat Awareness/Sachbearbeiter*in Außendienst/Malware/Mailsystem',1,'[{\"added\": {}}]',20,1),(693,'2022-11-29 20:32:39.905736','133','Threat Awareness/Sachbearbeiter*in Außendienst/Malware/Mailsystem',1,'[{\"added\": {}}]',20,1),(694,'2022-11-29 20:33:25.605324','134','Threat Identification/Sachbearbeiter*in Außendienst/Malware/Mailsystem',1,'[{\"added\": {}}]',20,1),(695,'2022-11-29 20:33:47.613798','135','Threat Identification/Sachbearbeiter*in Außendienst/Malware/Mailsystem',1,'[{\"added\": {}}]',20,1),(696,'2022-11-29 20:34:11.214775','136','Threat Identification/Sachbearbeiter*in Außendienst/Malware/Mailsystem',1,'[{\"added\": {}}]',20,1),(697,'2022-11-29 20:34:46.160882','137','Threat Identification/Sachbearbeiter*in Außendienst/Malware/Mailsystem',1,'[{\"added\": {}}]',20,1),(698,'2022-11-29 20:35:10.476750','138','Threat Identification/Sachbearbeiter*in Außendienst/Malware/Mailsystem',1,'[{\"added\": {}}]',20,1),(699,'2022-11-29 20:35:42.857002','139','Threat Impact Assessment/Sachbearbeiter*in Außendienst/Malware/Mailsystem',1,'[{\"added\": {}}]',20,1),(700,'2022-11-29 20:36:02.414742','140','Threat Impact Assessment/Sachbearbeiter*in Außendienst/Malware/Mailsystem',1,'[{\"added\": {}}]',20,1),(701,'2022-11-29 20:36:23.126721','141','Threat Impact Assessment/Sachbearbeiter*in Außendienst/Malware/Mailsystem',1,'[{\"added\": {}}]',20,1),(702,'2022-11-29 20:36:43.370943','142','Threat Impact Assessment/Sachbearbeiter*in Außendienst/Malware/Mailsystem',1,'[{\"added\": {}}]',20,1),(703,'2022-11-29 20:37:09.822469','143','Tactic Control/Sachbearbeiter*in Außendienst/Malware/Mailsystem',1,'[{\"added\": {}}]',20,1),(704,'2022-11-29 20:37:37.399570','144','Tactic Control/Sachbearbeiter*in Außendienst/Malware/Mailsystem',1,'[{\"added\": {}}]',20,1),(705,'2022-11-29 20:37:54.267563','145','Tactic Control/Sachbearbeiter*in Außendienst/Malware/Mailsystem',1,'[{\"added\": {}}]',20,1),(706,'2022-11-29 20:38:09.669674','146','Tactic Control/Sachbearbeiter*in Außendienst/Malware/Mailsystem',1,'[{\"added\": {}}]',20,1),(707,'2022-11-29 20:38:27.558149','147','Tactic JustificationSachbearbeiter*in Außendienst/Malware/Mailsystem',1,'[{\"added\": {}}]',20,1),(708,'2022-11-29 20:38:44.350134','148','Tactic JustificationSachbearbeiter*in Außendienst/Malware/Mailsystem',1,'[{\"added\": {}}]',20,1),(709,'2022-11-29 20:39:00.245950','149','Tactic JustificationSachbearbeiter*in Außendienst/Malware/Mailsystem',1,'[{\"added\": {}}]',20,1),(710,'2022-11-29 20:39:17.759696','150','Tactic Mastery/Sachbearbeiter*in Außendienst/Malware/Mailsystem',1,'[{\"added\": {}}]',20,1),(711,'2022-11-29 20:39:34.048670','151','Tactic Mastery/Sachbearbeiter*in Außendienst/Malware/Mailsystem',1,'[{\"added\": {}}]',20,1),(712,'2022-11-29 20:39:50.289287','152','Tactic Mastery/Sachbearbeiter*in Außendienst/Malware/Mailsystem',1,'[{\"added\": {}}]',20,1),(713,'2022-11-29 20:40:08.639124','153','Tactic Check&Follow Up/Sachbearbeiter*in Außendienst/Malware/Mailsystem',1,'[{\"added\": {}}]',20,1),(714,'2022-11-29 20:40:26.800118','154','Tactic Check&Follow Up/Sachbearbeiter*in Außendienst/Malware/Mailsystem',1,'[{\"added\": {}}]',20,1),(715,'2022-11-29 20:40:49.478861','155','Tactic Check&Follow Up/Sachbearbeiter*in Außendienst/Malware/Mailsystem',1,'[{\"added\": {}}]',20,1),(716,'2022-11-29 20:41:08.370300','156','Tactic Check&Follow Up/Sachbearbeiter*in Außendienst/Malware/Mailsystem',1,'[{\"added\": {}}]',20,1),(717,'2022-11-29 20:41:41.246394','37','Einschleusen von Malware/Mailsystem/Threat Awareness/Sachbearbeiter*in im Außendienst',1,'[{\"added\": {}}]',18,1),(718,'2022-11-29 20:42:00.946905','38','Einschleusen von Malware/Mailsystem/Threat Identification/Sachbearbeiter*in im Außendienst',1,'[{\"added\": {}}]',18,1),(719,'2022-11-29 20:42:13.620122','39','Einschleusen von Malware/Mailsystem/Threat Identification/Sachbearbeiter*in im Außendienst',1,'[{\"added\": {}}]',18,1),(720,'2022-11-29 20:42:29.187540','40','Einschleusen von Malware/Mailsystem/Threat Impact Assessment/Sachbearbeiter*in im Außendienst',1,'[{\"added\": {}}]',18,1),(721,'2022-11-29 20:42:42.195277','41','Einschleusen von Malware/Mailsystem/Tactic Choice/Sachbearbeiter*in im Außendienst',1,'[{\"added\": {}}]',18,1),(722,'2022-11-29 20:43:13.552417','42','Einschleusen von Malware/Mailsystem/Tactic Justification/Sachbearbeiter*in im Außendienst',1,'[{\"added\": {}}]',18,1),(723,'2022-11-29 20:43:59.826843','38','Einschleusen von Malware/Mailsystem/Threat Identification/Sachbearbeiter*in im Außendienst',3,'',18,1),(724,'2022-11-29 20:44:15.215417','43','Einschleusen von Malware/Mailsystem/Tactic Mastery/Sachbearbeiter*in im Außendienst',1,'[{\"added\": {}}]',18,1),(725,'2022-11-29 20:44:26.232005','44','Einschleusen von Malware/Mailsystem/Tactic Check & Follow-Up/Sachbearbeiter*in im Außendienst',1,'[{\"added\": {}}]',18,1),(726,'2022-11-29 20:44:40.133148','2','Sachbearbeiter*in im Außendienst',1,'[{\"added\": {}}]',19,1),(727,'2022-11-29 20:53:04.036696','2','Sachbearbeiter*in im Außendienst',2,'[]',19,1),(728,'2022-11-29 21:53:03.310626','2','Sachbearbeiter*in im Außendienst',2,'[]',19,1),(729,'2022-11-29 22:08:27.805722','5','USB-Stick',1,'[{\"added\": {}}]',8,1),(730,'2022-11-29 22:10:28.960624','6','Einschleusen von Malware/USB-Stick',1,'[{\"added\": {}}]',10,1),(731,'2022-11-29 22:10:56.729699','7','Einschleusen von Malware/USB-Stick/Sachbearbeiter*in im Außendienst',1,'[{\"added\": {}}]',11,1),(732,'2022-11-29 22:26:11.615271','11','Test',1,'[{\"added\": {}}]',15,1),(733,'2022-11-29 22:27:04.355218','11','SA/USB-Stick/Malware1',2,'[{\"changed\": {\"fields\": [\"Kennung des Bildes\", \"Text zur Bild-Datei\"]}}]',15,1),(734,'2022-11-29 22:27:32.460932','12','SA/USB-Stick/Malware2',1,'[{\"added\": {}}]',15,1),(735,'2022-11-29 22:27:52.253382','13','SA/USB-Stick/Malware3',1,'[{\"added\": {}}]',15,1),(736,'2022-11-29 22:29:05.451245','7','Malware/USB-Stick/Sachbearbeiter*in Außendienst/Bild Impuls 1',1,'[{\"added\": {}}]',21,1),(737,'2022-11-29 22:29:22.347858','7','Malware/USB-Stick/Sachbearbeiter*in Außendienst/Bild Impuls 1',2,'[{\"changed\": {\"fields\": [\"Text zum Impuls\"]}}]',21,1),(738,'2022-11-29 22:31:16.638743','43','Threat Awareness/Sachbearbeiter*in Außendienst/Malware/USB-Stick',1,'[{\"added\": {}}]',17,1),(739,'2022-11-29 22:32:12.345324','44','Threat Identification/Sachbearbeiter*in Außendienst/Malware/USB-Stick',1,'[{\"added\": {}}]',17,1),(740,'2022-11-29 22:32:39.668569','45','Threat Impact Assessment/Sachbearbeiter*in Außendienst/Malware/USB-Stick',1,'[{\"added\": {}}]',17,1),(741,'2022-11-29 22:33:05.273374','46','Tactic Choice/Sachbearbeiter*in Außendienst/Malware/USB-Stick',1,'[{\"added\": {}}]',17,1),(742,'2022-11-29 22:33:29.700322','47','Tactic Justification/Sachbearbeiter*in Außendienst/Malware/USB-Stick',1,'[{\"added\": {}}]',17,1),(743,'2022-11-29 22:34:04.881927','48','Tactic Mastery/Sachbearbeiter*in Außendienst/Malware/USB-Stick',1,'[{\"added\": {}}]',17,1),(744,'2022-11-29 22:34:39.847231','49','Tactic Check & Follow-Up/Sachbearbeiter*in Außendienst/Malware/USB-Stick',1,'[{\"added\": {}}]',17,1),(745,'2022-11-29 22:35:31.381973','2','Sachbearbeiter*in im Außendienst',2,'[{\"changed\": {\"fields\": [\"Zugeordnete Bedrohungsvektoren\"]}}]',19,1),(746,'2022-11-29 22:36:22.309417','45','Einschleusen von Malware/USB-Stick/Threat Awareness/Sachbearbeiter*in im Außendienst',1,'[{\"added\": {}}]',18,1),(747,'2022-11-29 22:47:34.058066','46','Einschleusen von Malware/USB-Stick/Threat Identification/Sachbearbeiter*in im Außendienst',1,'[{\"added\": {}}]',18,1),(748,'2022-11-29 22:47:49.853211','47','Einschleusen von Malware/USB-Stick/Threat Impact Assessment/Sachbearbeiter*in im Außendienst',1,'[{\"added\": {}}]',18,1),(749,'2022-11-29 22:48:02.526947','48','Einschleusen von Malware/USB-Stick/Tactic Choice/Sachbearbeiter*in im Außendienst',1,'[{\"added\": {}}]',18,1),(750,'2022-11-29 22:48:11.393648','49','Einschleusen von Malware/USB-Stick/Tactic Justification/Sachbearbeiter*in im Außendienst',1,'[{\"added\": {}}]',18,1),(751,'2022-11-29 22:48:21.531990','50','Einschleusen von Malware/USB-Stick/Tactic Mastery/Sachbearbeiter*in im Außendienst',1,'[{\"added\": {}}]',18,1),(752,'2022-11-29 22:48:30.181721','51','Einschleusen von Malware/USB-Stick/Tactic Check & Follow-Up/Sachbearbeiter*in im Außendienst',1,'[{\"added\": {}}]',18,1),(753,'2022-11-29 22:49:20.760063','157','Threat Awareness/Sachbearbeiter*in Außendienst/Malware/USB-Stick',1,'[{\"added\": {}}]',20,1),(754,'2022-11-29 22:49:44.850899','158','Threat Awareness/Sachbearbeiter*in Außendienst/Malware/USB-Stick',1,'[{\"added\": {}}]',20,1),(755,'2022-11-29 22:50:17.005605','159','Threat Awareness/Sachbearbeiter*in Außendienst/Malware/USB-Stick',1,'[{\"added\": {}}]',20,1),(756,'2022-11-29 22:51:22.918360','160','Threat Identification/Sachbearbeiter*in Außendienst/Malware/USB-Stick',1,'[{\"added\": {}}]',20,1),(757,'2022-11-29 22:51:45.312540','161','Threat Identification/Sachbearbeiter*in Außendienst/Malware/USB-Stick',1,'[{\"added\": {}}]',20,1),(758,'2022-11-29 22:52:14.173228','162','Threat Identification/Sachbearbeiter*in Außendienst/Malware/USB-Stick',1,'[{\"added\": {}}]',20,1),(759,'2022-11-29 22:52:37.468753','163','Threat Identification/Sachbearbeiter*in Außendienst/Malware/USB-Stick',1,'[{\"added\": {}}]',20,1),(760,'2022-11-29 22:52:58.542273','164','Threat Impact Assessment/Sachbearbeiter*in Außendienst/Malware/USB-Stick',1,'[{\"added\": {}}]',20,1),(761,'2022-11-29 22:53:27.805734','165','Threat Impact Assessment/Sachbearbeiter*in Außendienst/Malware/USB-Stick',1,'[{\"added\": {}}]',20,1),(762,'2022-11-29 22:53:45.044705','166','Threat Impact Assessment/Sachbearbeiter*in Außendienst/Malware/USB-Stick',1,'[{\"added\": {}}]',20,1),(763,'2022-11-29 22:54:02.178077','167','Tactic Choice/Sachbearbeiter*in Außendienst/Malware/USB-Stick',1,'[{\"added\": {}}]',20,1),(764,'2022-11-29 22:54:20.789290','168','Tactic Choice/Sachbearbeiter*in Außendienst/Malware/USB-Stick',1,'[{\"added\": {}}]',20,1),(765,'2022-11-29 22:54:38.873732','169','Tactic Choice/Sachbearbeiter*in Außendienst/Malware/USB-Stick',1,'[{\"added\": {}}]',20,1),(766,'2022-11-29 22:54:55.507817','170','Tactic Choice/Sachbearbeiter*in Außendienst/Malware/USB-Stick',1,'[{\"added\": {}}]',20,1),(767,'2022-11-29 22:55:12.144693','171','Tactic Justification/Sachbearbeiter*in Außendienst/Malware/USB-Stick',1,'[{\"added\": {}}]',20,1),(768,'2022-11-29 22:55:33.984325','172','Tactic Justification/Sachbearbeiter*in Außendienst/Malware/USB-Stick',1,'[{\"added\": {}}]',20,1),(769,'2022-11-29 22:55:48.458471','173','Tactic Justification/Sachbearbeiter*in Außendienst/Malware/USB-Stick',1,'[{\"added\": {}}]',20,1),(770,'2022-11-29 22:56:10.470016','174','Tactic Justification/Sachbearbeiter*in Außendienst/Malware/USB-Stick',1,'[{\"added\": {}}]',20,1),(771,'2022-11-29 22:56:29.202004','175','Tactic Mastery/Sachbearbeiter*in Außendienst/Malware/USB-Stick',1,'[{\"added\": {}}]',20,1),(772,'2022-11-29 22:56:46.262194','176','Tactic Mastery/Sachbearbeiter*in Außendienst/Malware/USB-Stick',1,'[{\"added\": {}}]',20,1),(773,'2022-11-29 22:57:03.356817','177','Tactic Mastery/Sachbearbeiter*in Außendienst/Malware/USB-Stick',1,'[{\"added\": {}}]',20,1),(774,'2022-11-29 22:57:18.726420','178','Tactic Check & Follow-Up/Sachbearbeiter*in Außendienst/Malware/USB-Stick',1,'[{\"added\": {}}]',20,1),(775,'2022-11-29 22:57:33.398507','179','Tactic Check & Follow-Up/Sachbearbeiter*in Außendienst/Malware/USB-Stick',1,'[{\"added\": {}}]',20,1),(776,'2022-11-29 22:57:51.224661','180','Tactic Check & Follow-Up/Sachbearbeiter*in Außendienst/Malware/USB-Stick',1,'[{\"added\": {}}]',20,1),(777,'2022-11-29 22:58:55.319656','181','Tactic Check & Follow-Up/Sachbearbeiter*in Außendienst/Malware/USB-Stick',1,'[{\"added\": {}}]',20,1),(778,'2022-11-29 23:06:33.798845','4','Kompromittierung von Informationssystemen',1,'[{\"added\": {}}]',9,1),(779,'2022-11-29 23:06:44.000108','6','Laptop',1,'[{\"added\": {}}]',8,1),(780,'2022-11-29 23:07:02.118384','7','Kompromittierung von Informationssystemen/Laptop',1,'[{\"added\": {}}]',10,1),(781,'2022-11-29 23:10:24.536606','14','SA/KI/Laptop1',1,'[{\"added\": {}}]',15,1),(782,'2022-11-29 23:10:50.508407','15','SA/KI/Laptop2',1,'[{\"added\": {}}]',15,1),(783,'2022-11-29 23:11:07.423762','16','SA/KI/Laptop3',1,'[{\"added\": {}}]',15,1),(784,'2022-11-29 23:11:50.482759','8','Kompromittierung Informationssysteme/Laptop/Sachbearbeiter*in Außendienst/Bild Impuls 1',1,'[{\"added\": {}}]',21,1),(785,'2022-11-29 23:11:59.591834','8','Kompromittierung Informationssysteme/Laptop/Sachbearbeiter*in Außendienst/Bild Impuls 1',2,'[{\"changed\": {\"fields\": [\"Text zum Impuls\"]}}]',21,1),(786,'2022-11-29 23:13:22.972862','50','Threat Awareness/Sachbearbeiter*in Außendienst/Kompromittierung Informationssystem/Laptop',1,'[{\"added\": {}}]',17,1),(787,'2022-11-29 23:14:32.207688','51','Threat Identification/Sachbearbeiter*in Außendienst/Kompromittierung Informationssystem/Laptop',1,'[{\"added\": {}}]',17,1),(788,'2022-11-29 23:14:55.767985','52','Threat Impact Assessment/Sachbearbeiter*in Außendienst/Kompromittierung Informationssystem/Laptop',1,'[{\"added\": {}}]',17,1),(789,'2022-11-29 23:15:14.584414','53','Tactic Choice/Sachbearbeiter*in Außendienst/Kompromittierung Informationssystem/Laptop',1,'[{\"added\": {}}]',17,1),(790,'2022-11-29 23:16:02.153551','54','Tactic Justification/Sachbearbeiter*in Außendienst/Kompromittierung Informationssystem/Laptop',1,'[{\"added\": {}}]',17,1),(791,'2022-11-29 23:16:23.512639','55','Tactic Mastery/Sachbearbeiter*in Außendienst/Kompromittierung Informationssystem/Laptop',1,'[{\"added\": {}}]',17,1),(792,'2022-11-29 23:16:56.679871','56','Tactic Check & Follow-Up/Sachbearbeiter*in Außendienst/Kompromittierung Informationssystem/Laptop',1,'[{\"added\": {}}]',17,1),(793,'2022-11-29 23:17:35.959487','182','Threat Awareness/Sachbearbeiter*in Außendienst/Kompromittierung Informationssystem/Laptop',1,'[{\"added\": {}}]',20,1),(794,'2022-11-29 23:17:55.201384','183','Threat Awareness/Sachbearbeiter*in Außendienst/Kompromittierung Informationssystem/Laptop',1,'[{\"added\": {}}]',20,1),(795,'2022-11-29 23:18:11.433894','184','Threat Awareness/Sachbearbeiter*in Außendienst/Kompromittierung Informationssystem/Laptop',1,'[{\"added\": {}}]',20,1),(796,'2022-11-29 23:18:43.460845','185','Threat Identification/Sachbearbeiter*in Außendienst/Kompromittierung Informationssystem/Laptop',1,'[{\"added\": {}}]',20,1),(797,'2022-11-29 23:19:01.246067','186','Threat Identification/Sachbearbeiter*in Außendienst/Kompromittierung Informationssystem/Laptop',1,'[{\"added\": {}}]',20,1),(798,'2022-11-29 23:19:20.130927','187','Threat Identification/Sachbearbeiter*in Außendienst/Kompromittierung Informationssystem/Laptop',1,'[{\"added\": {}}]',20,1),(799,'2022-11-29 23:19:37.848199','188','Threat Identification/Sachbearbeiter*in Außendienst/Kompromittierung Informationssystem/Laptop',1,'[{\"added\": {}}]',20,1),(800,'2022-11-29 23:19:57.782193','189','Threat Impact Assessment/Sachbearbeiter*in Außendienst/Kompromittierung Informationssystem/Laptop',1,'[{\"added\": {}}]',20,1),(801,'2022-11-29 23:20:17.804341','190','Threat Impact Assessment/Sachbearbeiter*in Außendienst/Kompromittierung Informationssystem/Laptop',1,'[{\"added\": {}}]',20,1),(802,'2022-11-29 23:20:33.354908','191','Threat Impact Assessment/Sachbearbeiter*in Außendienst/Kompromittierung Informationssystem/Laptop',1,'[{\"added\": {}}]',20,1),(803,'2022-11-29 23:20:50.506444','192','Tactic Choice/Sachbearbeiter*in Außendienst/Kompromittierung Informationssystem/Laptop',1,'[{\"added\": {}}]',20,1),(804,'2022-11-29 23:21:10.976593','193','Tactic Choice/Sachbearbeiter*in Außendienst/Kompromittierung Informationssystem/Laptop',1,'[{\"added\": {}}]',20,1),(805,'2022-11-29 23:21:35.016406','192','Tactic Choice/Sachbearbeiter*in Außendienst/Kompromittierung Informationssystem/Laptop',2,'[{\"changed\": {\"fields\": [\"Antwortoption\"]}}]',20,1),(806,'2022-11-29 23:21:54.659999','194','Tactic Choice/Sachbearbeiter*in Außendienst/Kompromittierung Informationssystem/Laptop',1,'[{\"added\": {}}]',20,1),(807,'2022-11-29 23:22:11.995866','195','Tactic Justification/Sachbearbeiter*in Außendienst/Kompromittierung Informationssystem/Laptop',1,'[{\"added\": {}}]',20,1),(808,'2022-11-29 23:22:29.674707','196','Tactic Justification/Sachbearbeiter*in Außendienst/Kompromittierung Informationssystem/Laptop',1,'[{\"added\": {}}]',20,1),(809,'2022-11-29 23:22:51.045699','197','Tactic Justification/Sachbearbeiter*in Außendienst/Kompromittierung Informationssystem/Laptop',1,'[{\"added\": {}}]',20,1),(810,'2022-11-29 23:23:09.417552','198','Tactic Justification/Sachbearbeiter*in Außendienst/Kompromittierung Informationssystem/Laptop',1,'[{\"added\": {}}]',20,1),(811,'2022-11-29 23:23:28.935157','199','Tactic Mastery/Sachbearbeiter*in Außendienst/Kompromittierung Informationssystem/Laptop',1,'[{\"added\": {}}]',20,1),(812,'2022-11-29 23:23:45.254010','200','Tactic Mastery/Sachbearbeiter*in Außendienst/Kompromittierung Informationssystem/Laptop',1,'[{\"added\": {}}]',20,1),(813,'2022-11-29 23:24:03.887617','201','Tactic Mastery/Sachbearbeiter*in Außendienst/Kompromittierung Informationssystem/Laptop',1,'[{\"added\": {}}]',20,1),(814,'2022-11-29 23:24:17.836281','202','Tactic Mastery/Sachbearbeiter*in Außendienst/Kompromittierung Informationssystem/Laptop',1,'[{\"added\": {}}]',20,1),(815,'2022-11-29 23:24:41.936737','203','Tactic Check & Follow-Up/Sachbearbeiter*in Außendienst/Kompromittierung Informationssystem/Laptop',1,'[{\"added\": {}}]',20,1),(816,'2022-11-29 23:24:58.133046','204','Tactic Check & Follow-Up/Sachbearbeiter*in Außendienst/Kompromittierung Informationssystem/Laptop',1,'[{\"added\": {}}]',20,1),(817,'2022-11-29 23:25:22.173620','205','Tactic Check & Follow-Up/Sachbearbeiter*in Außendienst/Kompromittierung Informationssystem/Laptop',1,'[{\"added\": {}}]',20,1),(818,'2022-11-29 23:25:38.058540','206','Tactic Check & Follow-Up/Sachbearbeiter*in Außendienst/Kompromittierung Informationssystem/Laptop',1,'[{\"added\": {}}]',20,1),(819,'2022-11-29 23:25:52.155711','207','Tactic Check & Follow-Up/Sachbearbeiter*in Außendienst/Kompromittierung Informationssystem/Laptop',1,'[{\"added\": {}}]',20,1),(820,'2022-11-29 23:27:01.399333','8','Kompromittierung von Informationssystemen/Laptop/Sachbearbeiter*in im Außendienst',1,'[{\"added\": {}}]',11,1),(821,'2022-11-29 23:27:22.303708','52','Kompromittierung von Informationssystemen/Laptop/Threat Awareness/Sachbearbeiter*in im Außendienst',1,'[{\"added\": {}}]',18,1),(822,'2022-11-29 23:27:34.911736','53','Kompromittierung von Informationssystemen/Laptop/Threat Identification/Sachbearbeiter*in im Außendienst',1,'[{\"added\": {}}]',18,1),(823,'2022-11-29 23:27:48.154490','54','Kompromittierung von Informationssystemen/Laptop/Threat Impact Assessment/Sachbearbeiter*in im Außendienst',1,'[{\"added\": {}}]',18,1),(824,'2022-11-29 23:27:57.645595','55','Kompromittierung von Informationssystemen/Laptop/Tactic Choice/Sachbearbeiter*in im Außendienst',1,'[{\"added\": {}}]',18,1),(825,'2022-11-29 23:28:07.697815','56','Kompromittierung von Informationssystemen/Laptop/Tactic Justification/Sachbearbeiter*in im Außendienst',1,'[{\"added\": {}}]',18,1),(826,'2022-11-29 23:28:20.532745','57','Kompromittierung von Informationssystemen/Laptop/Tactic Mastery/Sachbearbeiter*in im Außendienst',1,'[{\"added\": {}}]',18,1),(827,'2022-11-29 23:28:28.893086','58','Kompromittierung von Informationssystemen/Laptop/Tactic Check & Follow-Up/Sachbearbeiter*in im Außendienst',1,'[{\"added\": {}}]',18,1),(828,'2022-11-29 23:28:41.101389','2','Sachbearbeiter*in im Außendienst',2,'[{\"changed\": {\"fields\": [\"Zugeordnete Bedrohungsvektoren\"]}}]',19,1),(829,'2022-11-29 23:29:18.742443','2','Sachbearbeiter*in im Außendienst',2,'[{\"changed\": {\"fields\": [\"Zugeordnete Bedrohungsvektoren\"]}}]',19,1),(830,'2022-11-29 23:29:56.280480','2','Sachbearbeiter*in im Außendienst',2,'[{\"changed\": {\"fields\": [\"Zugeordnete Bedrohungsvektoren\"]}}]',19,1),(831,'2022-11-30 10:36:08.033481','9','Social Engineering/Social Media Systeme/Sachbearbeiter*in im Außendienst',1,'[{\"added\": {}}]',11,1),(832,'2022-11-30 10:36:47.529409','9','Social Engineering/Social Media Systeme/Sachbearbeiter*in im Außendienst',3,'',11,1),(833,'2022-11-30 12:39:49.878254','10','Social Engineering/Social Media Systeme/Sachbearbeiter*in im Außendienst',1,'[{\"added\": {}}]',11,1),(834,'2022-11-30 12:43:19.319340','1','Sachbearbeiter*in im Innendienst',2,'[{\"changed\": {\"fields\": [\"Zugeordnete Bedrohungsvektoren\"]}}]',19,1),(835,'2022-11-30 12:43:44.392272','1','Sachbearbeiter*in im Innendienst',2,'[{\"changed\": {\"fields\": [\"Zugeordnete Bedrohungsvektoren\"]}}]',19,1),(836,'2022-11-30 12:45:12.290929','17','SA/SE/SM1',1,'[{\"added\": {}}]',15,1),(837,'2022-11-30 12:46:02.746741','18','SA/SE/SM2',1,'[{\"added\": {}}]',15,1),(838,'2022-11-30 12:46:14.095673','19','SA/SE/SM3',1,'[{\"added\": {}}]',15,1),(839,'2022-11-30 12:47:10.961338','9','Social Engineering/Social Media System/Sachbearbeiter*in Außendienst/Bild Impuls 1',1,'[{\"added\": {}}]',21,1),(840,'2022-11-30 12:47:22.732832','9','Social Engineering/Social Media System/Sachbearbeiter*in Außendienst/Bild Impuls 1',2,'[{\"changed\": {\"fields\": [\"Text zum Impuls\"]}}]',21,1),(841,'2022-11-30 12:48:40.663897','57','Threat Awareness/Sachbearbeiter*in Außendienst/Social Engineering/Social Media System',1,'[{\"added\": {}}]',17,1),(842,'2022-11-30 12:50:11.456682','58','Threat Identification/Sachbearbeiter*in Außendienst/Social Engineering/Social Media System',1,'[{\"added\": {}}]',17,1),(843,'2022-11-30 12:50:39.749825','59','Threat Impact Assessment/Sachbearbeiter*in Außendienst/Social Engineering/Social Media System',1,'[{\"added\": {}}]',17,1),(844,'2022-11-30 12:51:05.745227','60','Tactic Choice/Sachbearbeiter*in Außendienst/Social Engineering/Social Media System',1,'[{\"added\": {}}]',17,1),(845,'2022-11-30 12:51:27.629466','61','Tactic Justification/Sachbearbeiter*in Außendienst/Social Engineering/Social Media System',1,'[{\"added\": {}}]',17,1),(846,'2022-11-30 12:51:46.392962','62','Tactic Mastery/Sachbearbeiter*in Außendienst/Social Engineering/Social Media System',1,'[{\"added\": {}}]',17,1),(847,'2022-11-30 12:52:10.417657','63','Tactic Check & Follow-Up/Sachbearbeiter*in Außendienst/Social Engineering/Social Media System',1,'[{\"added\": {}}]',17,1),(848,'2022-11-30 12:52:46.553842','208','Threat Awareness/Sachbearbeiter*in Außendienst/Social Engineering/Social Media System',1,'[{\"added\": {}}]',20,1),(849,'2022-11-30 12:53:02.271200','209','Threat Awareness/Sachbearbeiter*in Außendienst/Social Engineering/Social Media System',1,'[{\"added\": {}}]',20,1),(850,'2022-11-30 12:53:19.759120','210','Threat Awareness/Sachbearbeiter*in Außendienst/Social Engineering/Social Media System',1,'[{\"added\": {}}]',20,1),(851,'2022-11-30 12:53:39.288188','211','Threat Identification/Sachbearbeiter*in Außendienst/Social Engineering/Social Media System',1,'[{\"added\": {}}]',20,1),(852,'2022-11-30 12:53:54.183418','212','Threat Identification/Sachbearbeiter*in Außendienst/Social Engineering/Social Media System',1,'[{\"added\": {}}]',20,1),(853,'2022-11-30 12:54:13.273002','213','Threat Identification/Sachbearbeiter*in Außendienst/Social Engineering/Social Media System',1,'[{\"added\": {}}]',20,1),(854,'2022-11-30 12:54:37.826720','214','Threat Identification/Sachbearbeiter*in Außendienst/Social Engineering/Social Media System',1,'[{\"added\": {}}]',20,1),(855,'2022-11-30 12:54:54.593999','215','Threat Impact Assessment/Sachbearbeiter*in Außendienst/Social Engineering/Social Media System',1,'[{\"added\": {}}]',20,1),(856,'2022-11-30 12:55:10.163212','216','Threat Impact Assessment/Sachbearbeiter*in Außendienst/Social Engineering/Social Media System',1,'[{\"added\": {}}]',20,1),(857,'2022-11-30 12:55:29.254693','217','Threat Impact Assessment/Sachbearbeiter*in Außendienst/Social Engineering/Social Media System',1,'[{\"added\": {}}]',20,1),(858,'2022-11-30 12:55:42.821793','218','Threat Impact Assessment/Sachbearbeiter*in Außendienst/Social Engineering/Social Media System',1,'[{\"added\": {}}]',20,1),(859,'2022-11-30 12:56:24.551840','219','Tactic Choice/Sachbearbeiter*in Außendienst/Social Engineering/Social Media System',1,'[{\"added\": {}}]',20,1),(860,'2022-11-30 12:56:39.902710','220','Tactic Choice/Sachbearbeiter*in Außendienst/Social Engineering/Social Media System',1,'[{\"added\": {}}]',20,1),(861,'2022-11-30 12:56:52.785510','221','Tactic Choice/Sachbearbeiter*in Außendienst/Social Engineering/Social Media System',1,'[{\"added\": {}}]',20,1),(862,'2022-11-30 12:57:10.425677','222','Tactic Choice/Sachbearbeiter*in Außendienst/Social Engineering/Social Media System',1,'[{\"added\": {}}]',20,1),(863,'2022-11-30 12:57:22.161281','223','Tactic Choice/Sachbearbeiter*in Außendienst/Social Engineering/Social Media System',1,'[{\"added\": {}}]',20,1),(864,'2022-11-30 12:57:33.979681','224','Tactic Justification/Sachbearbeiter*in Außendienst/Social Engineering/Social Media System',1,'[{\"added\": {}}]',20,1),(865,'2022-11-30 12:57:48.152764','225','Tactic Justification/Sachbearbeiter*in Außendienst/Social Engineering/Social Media System',1,'[{\"added\": {}}]',20,1),(866,'2022-11-30 12:58:00.832911','226','Tactic Justification/Sachbearbeiter*in Außendienst/Social Engineering/Social Media System',1,'[{\"added\": {}}]',20,1),(867,'2022-11-30 12:58:17.993671','227','Tactic Mastery/Sachbearbeiter*in Außendienst/Social Engineering/Social Media System',1,'[{\"added\": {}}]',20,1),(868,'2022-11-30 12:58:30.957411','228','Tactic Mastery/Sachbearbeiter*in Außendienst/Social Engineering/Social Media System',1,'[{\"added\": {}}]',20,1),(869,'2022-11-30 12:58:42.391940','229','Tactic Mastery/Sachbearbeiter*in Außendienst/Social Engineering/Social Media System',1,'[{\"added\": {}}]',20,1),(870,'2022-11-30 12:58:53.797211','230','Tactic Mastery/Sachbearbeiter*in Außendienst/Social Engineering/Social Media System',1,'[{\"added\": {}}]',20,1),(871,'2022-11-30 12:59:08.251227','231','Tactic Check & Follow-Up/Sachbearbeiter*in Außendienst/Social Engineering/Social Media System',1,'[{\"added\": {}}]',20,1),(872,'2022-11-30 12:59:22.940540','232','Tactic Check & Follow-Up/Sachbearbeiter*in Außendienst/Social Engineering/Social Media System',1,'[{\"added\": {}}]',20,1),(873,'2022-11-30 12:59:38.186755','233','Tactic Check & Follow-Up/Sachbearbeiter*in Außendienst/Social Engineering/Social Media System',1,'[{\"added\": {}}]',20,1),(874,'2022-11-30 12:59:48.784858','234','Tactic Check & Follow-Up/Sachbearbeiter*in Außendienst/Social Engineering/Social Media System',1,'[{\"added\": {}}]',20,1),(875,'2022-11-30 13:00:18.344162','59','Social Engineering/Social Media Systeme/Threat Awareness/Sachbearbeiter*in im Außendienst',1,'[{\"added\": {}}]',18,1),(876,'2022-11-30 13:00:29.491303','60','Social Engineering/Social Media Systeme/Threat Identification/Sachbearbeiter*in im Außendienst',1,'[{\"added\": {}}]',18,1),(877,'2022-11-30 13:00:40.907019','61','Social Engineering/Social Media Systeme/Threat Impact Assessment/Sachbearbeiter*in im Außendienst',1,'[{\"added\": {}}]',18,1),(878,'2022-11-30 13:00:52.024138','62','Social Engineering/Social Media Systeme/Tactic Choice/Sachbearbeiter*in im Außendienst',1,'[{\"added\": {}}]',18,1),(879,'2022-11-30 13:01:00.689003','63','Social Engineering/Social Media Systeme/Tactic Justification/Sachbearbeiter*in im Außendienst',1,'[{\"added\": {}}]',18,1),(880,'2022-11-30 13:01:20.214459','64','Social Engineering/Social Media Systeme/Tactic Mastery/Sachbearbeiter*in im Außendienst',1,'[{\"added\": {}}]',18,1),(881,'2022-11-30 13:01:32.661699','65','Social Engineering/Social Media Systeme/Tactic Check & Follow-Up/Sachbearbeiter*in im Außendienst',1,'[{\"added\": {}}]',18,1),(882,'2022-11-30 13:01:47.704678','2','Sachbearbeiter*in im Außendienst',2,'[{\"changed\": {\"fields\": [\"Zugeordnete Bedrohungsvektoren\"]}}]',19,1),(883,'2022-11-30 13:05:23.927297','17','SA/SE/SM1',2,'[{\"changed\": {\"fields\": [\"Bild-Datei\"]}}]',15,1),(884,'2022-11-30 13:13:55.804228','18','SA/SE/SM2',2,'[{\"changed\": {\"fields\": [\"Bild-Datei\"]}}]',15,1),(885,'2022-11-30 13:14:03.111418','19','SA/SE/SM3',2,'[{\"changed\": {\"fields\": [\"Bild-Datei\"]}}]',15,1),(886,'2022-11-30 13:14:44.382921','11','Social Engineering/Instantmessenger/Sachbearbeiter*in im Außendienst',1,'[{\"added\": {}}]',11,1),(887,'2022-11-30 13:17:57.402777','4','ChatInterface object (4)',1,'[{\"added\": {}}]',12,1),(888,'2022-11-30 13:19:10.661219','5','ChatInterface object (5)',1,'[{\"added\": {}}]',12,1),(889,'2022-11-30 13:20:30.017004','6','ChatInterface object (6)',1,'[{\"added\": {}}]',12,1),(890,'2022-11-30 13:20:51.050604','10','Chat Impuls/Social Engineering/Instantmessenger2',1,'[{\"added\": {}}]',23,1),(891,'2022-11-30 13:21:00.339614','10','Chat Impuls/Social Engineering/Instantmessenger2',2,'[{\"changed\": {\"fields\": [\"Text zum Impuls\"]}}]',23,1),(892,'2022-11-30 13:23:09.129541','64','Threat Awareness/Sachbearbeiter*in Außendienst/Social Engineering/Instant Messenger',1,'[{\"added\": {}}]',17,1),(893,'2022-11-30 13:44:22.412439','65','Threat Identification/Sachbearbeiter*in Außendienst/Social Engineering/Instant Messenger',1,'[{\"added\": {}}]',17,1),(894,'2022-11-30 13:44:49.719982','66','Threat Impact Assessment/Sachbearbeiter*in Außendienst/Social Engineering/Instant Messenger',1,'[{\"added\": {}}]',17,1),(895,'2022-11-30 13:45:10.998199','67','Tactic Choice/Sachbearbeiter*in Außendienst/Social Engineering/Instant Messenger',1,'[{\"added\": {}}]',17,1),(896,'2022-11-30 13:49:53.387395','68','Tactic Justification/Sachbearbeiter*in Außendienst/Social Engineering/Instant Messenger',1,'[{\"added\": {}}]',17,1),(897,'2022-11-30 13:50:09.525741','69','Tactic Mastery/Sachbearbeiter*in Außendienst/Social Engineering/Instant Messenger',1,'[{\"added\": {}}]',17,1),(898,'2022-11-30 13:50:32.633598','70','Tactic Check & Follow-Up/Sachbearbeiter*in Außendienst/Social Engineering/Instant Messenger',1,'[{\"added\": {}}]',17,1),(899,'2022-11-30 13:51:21.524653','66','Social Engineering/Instantmessenger/Threat Awareness/Sachbearbeiter*in im Außendienst',1,'[{\"added\": {}}]',18,1),(900,'2022-11-30 13:51:35.457924','67','Social Engineering/Instantmessenger/Threat Identification/Sachbearbeiter*in im Außendienst',1,'[{\"added\": {}}]',18,1),(901,'2022-11-30 13:51:47.138022','68','Social Engineering/Instantmessenger/Threat Impact Assessment/Sachbearbeiter*in im Außendienst',1,'[{\"added\": {}}]',18,1),(902,'2022-11-30 13:51:56.754856','69','Social Engineering/Instantmessenger/Tactic Choice/Sachbearbeiter*in im Außendienst',1,'[{\"added\": {}}]',18,1),(903,'2022-11-30 13:52:11.180699','70','Social Engineering/Instantmessenger/Tactic Justification/Sachbearbeiter*in im Außendienst',1,'[{\"added\": {}}]',18,1),(904,'2022-11-30 13:52:20.206160','71','Social Engineering/Instantmessenger/Tactic Mastery/Sachbearbeiter*in im Außendienst',1,'[{\"added\": {}}]',18,1),(905,'2022-11-30 13:52:30.856563','72','Social Engineering/Instantmessenger/Tactic Check & Follow-Up/Sachbearbeiter*in im Außendienst',1,'[{\"added\": {}}]',18,1),(906,'2022-11-30 13:54:55.924771','235','Threat Awareness/Sachbearbeiter*in Außendienst/Social Engineering/Instant Messenger',1,'[{\"added\": {}}]',20,1),(907,'2022-11-30 13:55:14.316364','236','Threat Awareness/Sachbearbeiter*in Außendienst/Social Engineering/Instant Messenger',1,'[{\"added\": {}}]',20,1),(908,'2022-11-30 13:55:26.354010','237','Threat Awareness/Sachbearbeiter*in Außendienst/Social Engineering/Instant Messenger',1,'[{\"added\": {}}]',20,1),(909,'2022-11-30 13:55:50.726534','235','Threat Awareness/Sachbearbeiter*in Außendienst/Social Engineering/Instant Messenger',2,'[{\"changed\": {\"fields\": [\"Antwortoption\"]}}]',20,1),(910,'2022-11-30 13:56:12.765800','238','Threat Identification/Sachbearbeiter*in Außendienst/Social Engineering/Instant Messenger',1,'[{\"added\": {}}]',20,1),(911,'2022-11-30 13:56:27.501121','239','Threat Identification/Sachbearbeiter*in Außendienst/Social Engineering/Instant Messenger',1,'[{\"added\": {}}]',20,1),(912,'2022-11-30 13:56:43.716362','240','Threat Identification/Sachbearbeiter*in Außendienst/Social Engineering/Instant Messenger',1,'[{\"added\": {}}]',20,1),(913,'2022-11-30 13:57:00.060302','241','Threat Identification/Sachbearbeiter*in Außendienst/Social Engineering/Instant Messenger',1,'[{\"added\": {}}]',20,1),(914,'2022-11-30 13:57:14.593420','242','Threat Identification/Sachbearbeiter*in Außendienst/Social Engineering/Instant Messenger',1,'[{\"added\": {}}]',20,1),(915,'2022-11-30 14:00:49.418027','243','Threat Impact Assessment/Sachbearbeiter*in Außendienst/Social Engineering/Instant Messenger',1,'[{\"added\": {}}]',20,1),(916,'2022-11-30 14:01:02.719760','244','Threat Impact Assessment/Sachbearbeiter*in Außendienst/Social Engineering/Instant Messenger',1,'[{\"added\": {}}]',20,1),(917,'2022-11-30 14:01:13.915900','245','Threat Impact Assessment/Sachbearbeiter*in Außendienst/Social Engineering/Instant Messenger',1,'[{\"added\": {}}]',20,1),(918,'2022-11-30 14:01:26.274803','246','Threat Impact Assessment/Sachbearbeiter*in Außendienst/Social Engineering/Instant Messenger',1,'[{\"added\": {}}]',20,1),(919,'2022-11-30 14:01:47.281907','247','Tactic Choice/Sachbearbeiter*in Außendienst/Social Engineering/Instant Messenger',1,'[{\"added\": {}}]',20,1),(920,'2022-11-30 14:01:59.403602','248','Tactic Choice/Sachbearbeiter*in Außendienst/Social Engineering/Instant Messenger',1,'[{\"added\": {}}]',20,1),(921,'2022-11-30 14:02:14.156040','249','Tactic Choice/Sachbearbeiter*in Außendienst/Social Engineering/Instant Messenger',1,'[{\"added\": {}}]',20,1),(922,'2022-11-30 14:02:27.014663','250','Tactic Choice/Sachbearbeiter*in Außendienst/Social Engineering/Instant Messenger',1,'[{\"added\": {}}]',20,1),(923,'2022-11-30 14:03:29.602468','251','Tactic Justification/Sachbearbeiter*in Außendienst/Social Engineering/Instant Messenger',1,'[{\"added\": {}}]',20,1),(924,'2022-11-30 14:03:52.053311','252','Tactic Justification/Sachbearbeiter*in Außendienst/Social Engineering/Instant Messenger',1,'[{\"added\": {}}]',20,1),(925,'2022-11-30 14:04:06.951950','253','Tactic Justification/Sachbearbeiter*in Außendienst/Social Engineering/Instant Messenger',1,'[{\"added\": {}}]',20,1),(926,'2022-11-30 14:04:20.177485','254','Tactic Justification/Sachbearbeiter*in Außendienst/Social Engineering/Instant Messenger',1,'[{\"added\": {}}]',20,1),(927,'2022-11-30 14:04:40.483894','255','Tactic Mastery/Sachbearbeiter*in Außendienst/Social Engineering/Instant Messenger',1,'[{\"added\": {}}]',20,1),(928,'2022-11-30 14:04:54.609945','256','Tactic Mastery/Sachbearbeiter*in Außendienst/Social Engineering/Instant Messenger',1,'[{\"added\": {}}]',20,1),(929,'2022-11-30 14:05:11.984612','257','Tactic Mastery/Sachbearbeiter*in Außendienst/Social Engineering/Instant Messenger',1,'[{\"added\": {}}]',20,1),(930,'2022-11-30 14:05:23.780687','258','Tactic Mastery/Sachbearbeiter*in Außendienst/Social Engineering/Instant Messenger',1,'[{\"added\": {}}]',20,1),(931,'2022-11-30 14:05:39.990430','259','Tactic Check & Follow-Up/Sachbearbeiter*in Außendienst/Social Engineering/Instant Messenger',1,'[{\"added\": {}}]',20,1),(932,'2022-11-30 14:05:52.655195','260','Tactic Check & Follow-Up/Sachbearbeiter*in Außendienst/Social Engineering/Instant Messenger',1,'[{\"added\": {}}]',20,1),(933,'2022-11-30 14:06:02.850074','261','Tactic Check & Follow-Up/Sachbearbeiter*in Außendienst/Social Engineering/Instant Messenger',1,'[{\"added\": {}}]',20,1),(934,'2022-11-30 14:06:15.379010','262','Tactic Check & Follow-Up/Sachbearbeiter*in Außendienst/Social Engineering/Instant Messenger',1,'[{\"added\": {}}]',20,1),(935,'2022-11-30 14:06:35.144647','2','Sachbearbeiter*in im Außendienst',2,'[{\"changed\": {\"fields\": [\"Zugeordnete Bedrohungsvektoren\"]}}]',19,1),(936,'2022-11-30 14:26:03.620941','2','Sachbearbeiter*in im Außendienst',2,'[{\"changed\": {\"fields\": [\"Zugeordnete Bedrohungsvektoren\"]}}]',19,1),(937,'2022-11-30 14:47:54.934010','2','Sachbearbeiter*in im Außendienst',2,'[{\"changed\": {\"fields\": [\"Zugeordnete Bedrohungsvektoren\"]}}]',19,1),(938,'2022-11-30 15:23:46.325003','2','Sachbearbeiter*in im Außendienst',2,'[{\"changed\": {\"fields\": [\"Zugeordnete Bedrohungsvektoren\"]}}]',19,1),(939,'2022-11-30 15:43:25.200680','2','Sachbearbeiter*in im Außendienst',2,'[{\"changed\": {\"fields\": [\"Zugeordnete Bedrohungsvektoren\"]}}]',19,1),(940,'2022-11-30 17:51:32.588979','5','ChatInterface object (5)',2,'[{\"changed\": {\"fields\": [\"Bild des Senders\"]}}]',12,1),(941,'2022-11-30 17:51:40.098067','6','ChatInterface object (6)',2,'[{\"changed\": {\"fields\": [\"Bild des Senders\"]}}]',12,1),(942,'2022-11-30 18:45:57.246682','2','Sachbearbeiter*in im Außendienst',2,'[{\"changed\": {\"fields\": [\"Zugeordnete Bedrohungsvektoren\"]}}]',19,1),(943,'2022-11-30 20:26:05.954147','2','Sachbearbeiter*in im Außendienst',2,'[{\"changed\": {\"fields\": [\"Zugeordnete Bedrohungsvektoren\"]}}]',19,1),(944,'2022-11-30 20:31:29.180925','11','SA/USB-Stick/Malware1',2,'[{\"changed\": {\"fields\": [\"Bild-Datei\"]}}]',15,1),(945,'2022-11-30 20:31:39.881571','12','SA/USB-Stick/Malware2',2,'[{\"changed\": {\"fields\": [\"Bild-Datei\"]}}]',15,1),(946,'2022-11-30 20:31:50.526139','13','SA/USB-Stick/Malware3',2,'[{\"changed\": {\"fields\": [\"Bild-Datei\"]}}]',15,1),(947,'2022-11-30 21:21:01.839146','2','Sachbearbeiter*in im Außendienst',2,'[{\"changed\": {\"fields\": [\"Zugeordnete Bedrohungsvektoren\"]}}]',19,1),(948,'2022-11-30 21:22:15.939167','1','Sachbearbeiter*in im Innendienst',2,'[]',19,1),(949,'2023-04-03 13:24:02.157734','2','hugenberg',1,'[{\"added\": {}}]',4,1),(950,'2023-04-03 13:26:05.823421','2','hugenberg',2,'[{\"changed\": {\"fields\": [\"Staff status\", \"User permissions\"]}}]',4,1),(1225,'2023-04-04 14:30:32.573464','3','hullik',1,'[{\"added\": {}}]',4,1),(1226,'2023-04-04 14:31:16.151004','3','hullik',2,'[{\"changed\": {\"fields\": [\"User permissions\"]}}]',4,1),(1227,'2023-04-04 14:31:28.191536','3','hullik',2,'[{\"changed\": {\"fields\": [\"Staff status\"]}}]',4,1),(1522,'2023-04-13 21:48:09.087542','1','Sachbearbeiter*in im Innendienst',2,'[{\"changed\": {\"fields\": [\"Zugeordnete Bedrohungsvektoren\"]}}]',19,1),(1523,'2023-04-13 21:49:03.714463','2','Sachbearbeiter*in im Außendienst',2,'[{\"changed\": {\"fields\": [\"Zugeordnete Bedrohungsvektoren\"]}}]',19,1),(1524,'2023-04-13 21:49:36.704580','3','Privatperson',2,'[{\"changed\": {\"fields\": [\"Zugeordnete Bedrohungsvektoren\"]}}]',19,1),(1525,'2023-04-13 21:53:47.625855','4','Führungskraft',2,'[{\"changed\": {\"fields\": [\"Anzeigen\"]}}]',7,1),(1526,'2023-04-13 21:58:48.351460','8','Internes Informationssystem',2,'[{\"changed\": {\"fields\": [\"Bezeichnung\"]}}]',8,1),(1631,'2023-04-15 01:41:29.552730','4','Führungskraft',2,'[{\"changed\": {\"fields\": [\"Zugeordnete Bedrohungsvektoren\"]}}]',19,1),(1632,'2023-04-15 01:41:32.571450','3','Privatperson',2,'[]',19,1),(1633,'2023-04-15 01:41:36.694429','2','Sachbearbeiter*in im Außendienst',2,'[]',19,1),(1634,'2023-04-15 01:41:40.680245','1','Sachbearbeiter*in im Innendienst',2,'[]',19,1),(1635,'2023-04-15 01:41:45.220500','5','IT-Admin',2,'[]',19,1),(1636,'2023-04-15 13:31:04.858015','2','Sachbearbeiter*in im Außendienst',2,'[{\"changed\": {\"fields\": [\"Zugeordnete Bedrohungsvektoren\"]}}]',19,1),(1637,'2023-04-15 13:31:39.601035','1','Sachbearbeiter*in im Innendienst',2,'[{\"changed\": {\"fields\": [\"Zugeordnete Bedrohungsvektoren\"]}}]',19,1),(1638,'2023-04-15 13:58:30.637192','4','Malware/Mailsystem/Impuls1',2,'[{\"changed\": {\"fields\": [\"Empf\\u00e4nger der E-Mail\"]}}]',14,1),(1639,'2023-04-15 13:58:37.167945','5','Malware/Mailsystem/Impuls2',2,'[{\"changed\": {\"fields\": [\"Empf\\u00e4nger der E-Mail\"]}}]',14,1),(1640,'2023-04-15 13:58:57.918856','6','Malware/Mailsystem/Impuls3',2,'[{\"changed\": {\"fields\": [\"Empf\\u00e4nger der E-Mail\", \"Inhalt\"]}}]',14,1),(1641,'2023-04-15 13:59:17.058382','4','Malware/Mailsystem/Impuls1',2,'[{\"changed\": {\"fields\": [\"Inhalt\"]}}]',14,1),(1642,'2023-04-16 16:37:36.426194','4','Führungskraft',2,'[{\"changed\": {\"fields\": [\"Beschreibung\"]}}]',7,1),(1643,'2023-04-16 16:38:33.401136','6','IT-Admin',2,'[{\"changed\": {\"fields\": [\"Beschreibung\"]}}]',7,1),(1644,'2023-04-16 16:38:42.109453','4','Führungskraft',2,'[{\"changed\": {\"fields\": [\"Beschreibung\"]}}]',7,1),(1645,'2023-04-16 16:38:52.502558','3','Geschäftsführer*in',2,'[{\"changed\": {\"fields\": [\"Beschreibung\"]}}]',7,1),(1646,'2023-04-16 16:39:39.416272','5','Privatperson',2,'[{\"changed\": {\"fields\": [\"Beschreibung\"]}}]',7,1),(1647,'2023-04-16 16:39:52.578674','7','Sachbearbeiter*in im Außendienst',2,'[{\"changed\": {\"fields\": [\"Beschreibung\"]}}]',7,1),(1648,'2023-04-16 16:40:00.899137','1','Sachbearbeiter*in im Innendienst',2,'[{\"changed\": {\"fields\": [\"Beschreibung\"]}}]',7,1),(1649,'2023-04-16 19:16:42.248356','34','FK/Kompromittierung von Informationssystemen/Internes Informationssystem (Buchhaltungssystem)/Impuls 3',2,'[{\"changed\": {\"fields\": [\"Text zur Bild-Datei\"]}}]',15,1),(1701,'2023-04-17 10:51:13.962894','358','Threat Identification/Führungskraft/Kompromittierung von Informationssystemen/Internes Informationssystem (Buchhaltungssystem)',3,'',20,1),(1702,'2023-04-17 10:51:22.885938','357','Threat Identification/Führungskraft/Kompromittierung von Informationssystemen/Internes Informationssystem (Buchhaltungssystem)',3,'',20,1),(1703,'2023-04-17 10:51:29.808778','356','Threat Identification/Führungskraft/Kompromittierung von Informationssystemen/Internes Informationssystem (Buchhaltungssystem)',3,'',20,1),(1704,'2023-04-17 12:35:50.865253','11','Computer',1,'[{\"added\": {}}]',8,1),(1705,'2023-04-17 12:36:00.311361','11','PC',2,'[{\"changed\": {\"fields\": [\"Bezeichnung\"]}}]',8,1),(1706,'2023-04-17 12:39:45.456652','15','Kompromittierung von Informationssystemen/PC',1,'[{\"added\": {}}]',10,1),(1707,'2023-04-17 12:40:14.667890','15','Kompromittierung von Informationssystemen/PC',2,'[{\"changed\": {\"fields\": [\"Beschreibung\"]}}]',10,1),(1708,'2023-04-17 12:42:02.400917','127','Threat Awareness/Geschäftsführung/Kompromittierung/Computer',1,'[{\"added\": {}}]',17,1),(1709,'2023-04-17 12:42:56.766491','128','Threat Identification/Geschäftsführung/Kompromittierung/Computer',1,'[{\"added\": {}}]',17,1),(1710,'2023-04-17 12:43:30.662535','129','Threat Impact Assessment/Geschäftsführung/Kompromittierung/Computer',1,'[{\"added\": {}}]',17,1),(1711,'2023-04-17 12:44:21.888823','130','Tactic Choice/Geschäftsführung/Kompromittierung/Computer',1,'[{\"added\": {}}]',17,1),(1712,'2023-04-17 12:44:58.673557','131','Tactic Justification/Geschäftsführung/Kompromittierung/Computer',1,'[{\"added\": {}}]',17,1),(1713,'2023-04-17 12:45:28.548682','132','Tactic Mastery/Geschäftsführung/Kompromittierung/Computer',1,'[{\"added\": {}}]',17,1),(1714,'2023-04-17 12:45:53.907888','133','Tactic Check & Follow-Up/Geschäftsführung/Kompromittierung/Computer',1,'[{\"added\": {}}]',17,1),(1715,'2023-04-17 12:46:49.279004','537','Threat Awareness/Geschäftsführung/Kompromittierung/Computer',1,'[{\"added\": {}}]',20,1),(1716,'2023-04-17 12:47:04.818503','538','Threat Awareness/Geschäftsführung/Kompromittierung/Computer',1,'[{\"added\": {}}]',20,1),(1717,'2023-04-17 12:47:21.099120','539','Threat Awareness/Geschäftsführung/Kompromittierung/Computer',1,'[{\"added\": {}}]',20,1),(1718,'2023-04-17 12:47:48.911229','540','Threat Identification/Geschäftsführung/Kompromittierung/Computer',1,'[{\"added\": {}}]',20,1),(1719,'2023-04-17 12:48:16.132023','541','Threat Identification/Geschäftsführung/Kompromittierung/Computer',1,'[{\"added\": {}}]',20,1),(1720,'2023-04-17 12:48:42.741182','542','Threat Identification/Geschäftsführung/Kompromittierung/Computer',1,'[{\"added\": {}}]',20,1),(1721,'2023-04-17 12:49:09.557830','543','Threat Identification/Geschäftsführung/Kompromittierung/Computer',1,'[{\"added\": {}}]',20,1),(1722,'2023-04-17 12:49:36.064361','544','Threat Impact Assessment/Geschäftsführung/Kompromittierung/Computer',1,'[{\"added\": {}}]',20,1),(1723,'2023-04-17 12:49:56.190257','545','Threat Impact Assessment/Geschäftsführung/Kompromittierung/Computer',1,'[{\"added\": {}}]',20,1),(1724,'2023-04-17 12:50:57.362757','546','Threat Impact Assessment/Geschäftsführung/Kompromittierung/Computer',1,'[{\"added\": {}}]',20,1),(1725,'2023-04-17 12:51:17.303732','547','Tactic Choice/Geschäftsführung/Kompromittierung/Computer',1,'[{\"added\": {}}]',20,1),(1726,'2023-04-17 12:51:39.901932','548','Tactic Choice/Geschäftsführung/Kompromittierung/Computer',1,'[{\"added\": {}}]',20,1),(1727,'2023-04-17 12:51:56.301448','549','Tactic Choice/Geschäftsführung/Kompromittierung/Computer',1,'[{\"added\": {}}]',20,1),(1728,'2023-04-17 12:52:14.710073','550','Tactic Choice/Geschäftsführung/Kompromittierung/Computer',1,'[{\"added\": {}}]',20,1),(1729,'2023-04-17 12:52:37.774784','551','Tactic Justification/Geschäftsführung/Kompromittierung/Computer',1,'[{\"added\": {}}]',20,1),(1730,'2023-04-17 12:52:55.604796','552','Tactic Justification/Geschäftsführung/Kompromittierung/Computer',1,'[{\"added\": {}}]',20,1),(1731,'2023-04-17 12:53:09.365823','553','Tactic Justification/Geschäftsführung/Kompromittierung/Computer',1,'[{\"added\": {}}]',20,1),(1732,'2023-04-17 12:53:29.605947','554','Tactic Mastery/Geschäftsführung/Kompromittierung/Computer',1,'[{\"added\": {}}]',20,1),(1733,'2023-04-17 12:53:56.595395','555','Tactic Mastery/Geschäftsführung/Kompromittierung/Computer',1,'[{\"added\": {}}]',20,1),(1734,'2023-04-17 12:54:17.760184','556','Tactic Mastery/Geschäftsführung/Kompromittierung/Computer',1,'[{\"added\": {}}]',20,1),(1735,'2023-04-17 12:54:45.499766','557','Tactic Check & Follow-Up/Geschäftsführung/Kompromittierung/Computer',1,'[{\"added\": {}}]',20,1),(1736,'2023-04-17 12:55:01.315421','558','Tactic Check & Follow-Up/Geschäftsführung/Kompromittierung/Computer',1,'[{\"added\": {}}]',20,1),(1737,'2023-04-17 12:55:19.226520','559','Tactic Check & Follow-Up/Geschäftsführung/Kompromittierung/Computer',1,'[{\"added\": {}}]',20,1),(1738,'2023-04-17 12:55:38.050184','560','Tactic Check & Follow-Up/Geschäftsführung/Kompromittierung/Computer',1,'[{\"added\": {}}]',20,1),(1739,'2023-04-17 12:59:11.958873','41','Geschäftsführung/Kompromittierung/PC/Impuls1',1,'[{\"added\": {}}]',15,1),(1740,'2023-04-17 12:59:22.091205','42','Geschäftsführung/Kompromittierung/PC/Impuls2',1,'[{\"added\": {}}]',15,1),(1741,'2023-04-17 12:59:33.966734','43','Geschäftsführung/Kompromittierung/PC/Impuls3',1,'[{\"added\": {}}]',15,1),(1742,'2023-04-17 13:00:08.599924','19','Geschäftsführung/Kompromittierung/PC/Impulse',1,'[{\"added\": {}}]',21,1),(1743,'2023-04-17 13:00:26.914333','19','Geschäftsführung/Kompromittierung/PC/Impulse',2,'[{\"changed\": {\"fields\": [\"Text zum Impuls\"]}}]',21,1),(1744,'2023-04-17 13:01:21.115162','20','Kompromittierung von Informationssystemen/PC/Geschäftsführer*in',1,'[{\"added\": {}}]',11,1),(1745,'2023-04-17 13:01:47.701791','130','Kompromittierung von Informationssystemen/PC/Threat Awareness/Geschäftsführer*in',1,'[{\"added\": {}}]',18,1),(1746,'2023-04-17 13:01:59.292953','131','Kompromittierung von Informationssystemen/PC/Threat Identification/Geschäftsführer*in',1,'[{\"added\": {}}]',18,1),(1747,'2023-04-17 13:02:11.748323','132','Kompromittierung von Informationssystemen/PC/Threat Impact Assessment/Geschäftsführer*in',1,'[{\"added\": {}}]',18,1),(1748,'2023-04-17 13:02:24.063350','133','Kompromittierung von Informationssystemen/PC/Tactic Choice/Geschäftsführer*in',1,'[{\"added\": {}}]',18,1),(1749,'2023-04-17 13:02:36.120095','134','Kompromittierung von Informationssystemen/PC/Tactic Justification/Geschäftsführer*in',1,'[{\"added\": {}}]',18,1),(1750,'2023-04-17 13:02:46.150202','135','Kompromittierung von Informationssystemen/PC/Tactic Mastery/Geschäftsführer*in',1,'[{\"added\": {}}]',18,1),(1751,'2023-04-17 13:03:02.686467','136','Kompromittierung von Informationssystemen/PC/Tactic Check & Follow-Up/Geschäftsführer*in',1,'[{\"added\": {}}]',18,1),(1752,'2023-04-17 13:04:09.583093','3','Geschäftsführer*in',2,'[{\"changed\": {\"fields\": [\"Beschreibung\"]}}]',7,1),(1753,'2023-04-17 13:04:26.451996','7','Geschäftsführer*in',1,'[{\"added\": {}}]',19,1),(1754,'2023-04-17 13:04:42.166112','3','Geschäftsführer*in',2,'[{\"changed\": {\"fields\": [\"Anzeigen\"]}}]',7,1),(1755,'2023-04-17 20:14:28.716009','3','Geschäftsführung',2,'[{\"changed\": {\"fields\": [\"Bezeichnung\"]}}]',7,1),(1756,'2023-04-17 20:17:26.776122','3','Geschäftsführer*in',2,'[{\"changed\": {\"fields\": [\"Bezeichnung\"]}}]',7,1),(1757,'2023-04-18 13:45:42.762589','110','Threat Identification/Sachbearbeiter*in Innendienst/Malware/Mailsystem',3,'',20,1),(1758,'2023-05-30 08:18:41.824286','1','Sachbearbeiter*in im Innendienst',2,'[{\"changed\": {\"fields\": [\"Zugeordnete Bedrohungsvektoren\"]}}]',19,1),(1759,'2023-05-30 08:19:17.914252','1','Sachbearbeiter*in im Innendienst',2,'[{\"changed\": {\"fields\": [\"Zugeordnete Bedrohungsvektoren\"]}}]',19,1),(1760,'2023-05-30 12:20:54.658478','2','Sachbearbeiter*in im Außendienst',2,'[{\"changed\": {\"fields\": [\"Zugeordnete Bedrohungsvektoren\"]}}]',19,1),(1761,'2023-05-30 12:21:27.594864','2','Sachbearbeiter*in im Außendienst',2,'[{\"changed\": {\"fields\": [\"Zugeordnete Bedrohungsvektoren\"]}}]',19,1),(1762,'2023-05-30 13:51:32.450020','1','Sachbearbeiter*in im Innendienst',2,'[{\"changed\": {\"fields\": [\"Zugeordnete Bedrohungsvektoren\"]}}]',19,1),(1763,'2023-05-31 06:32:24.333328','8','Consumer',2,'[{\"changed\": {\"fields\": [\"Anzeigen\"]}}]',7,1),(1764,'2023-05-31 06:42:58.552656','1','Sachbearbeiter*in im Innendienst',2,'[{\"changed\": {\"fields\": [\"Zugeordnete Bedrohungsvektoren\"]}}]',19,1),(1765,'2023-05-31 06:43:29.063379','1','Sachbearbeiter*in im Innendienst',2,'[{\"changed\": {\"fields\": [\"Zugeordnete Bedrohungsvektoren\"]}}]',19,1),(1766,'2023-05-31 08:11:08.144662','1','Sachbearbeiter*in im Innendienst',2,'[{\"changed\": {\"fields\": [\"Zugeordnete Bedrohungsvektoren\"]}}]',19,1),(1829,'2023-07-03 13:39:25.058654','3','Privatperson',2,'[]',19,1),(1830,'2023-07-03 13:46:21.153288','3','Privatperson',2,'[{\"changed\": {\"fields\": [\"Zugeordnete Bedrohungsvektoren\"]}}]',19,1),(2035,'2023-07-17 07:28:13.880079','1','Sachbearbeiter*in im Innendienst',2,'[{\"changed\": {\"fields\": [\"Zugeordnete Bedrohungsvektoren\"]}}]',19,1),(2036,'2023-07-17 07:28:52.741021','1','Sachbearbeiter*in im Innendienst',2,'[{\"changed\": {\"fields\": [\"Zugeordnete Bedrohungsvektoren\"]}}]',19,1),(2037,'2023-07-17 07:29:30.341450','1','Sachbearbeiter*in im Innendienst',2,'[{\"changed\": {\"fields\": [\"Zugeordnete Bedrohungsvektoren\"]}}]',19,1),(2038,'2023-07-17 07:30:04.203720','1','Sachbearbeiter*in im Innendienst',2,'[{\"changed\": {\"fields\": [\"Zugeordnete Bedrohungsvektoren\"]}}]',19,1),(2039,'2023-07-18 06:11:05.531916','5','Privatperson',2,'[{\"changed\": {\"fields\": [\"Anzeigen\"]}}]',7,1),(2040,'2023-07-18 10:55:37.864885','15','Falscher Umgang mit kritischen und/oder sensiblen Informationen',1,'[{\"added\": {}}]',9,1),(2041,'2023-07-18 10:55:56.379593','16','Mitarbeiter',1,'[{\"added\": {}}]',8,1),(2042,'2023-07-18 10:56:15.247619','20','Falscher Umgang mit kritischen und/oder sensiblen Informationen/Mitarbeiter',1,'[{\"added\": {}}]',10,1),(2043,'2023-07-18 10:59:29.833160','57','Falscher Umgang mit kritischen und/oder sensiblen Informationen/Mitarbeiter/Sachbearbeiter*in Innendienst/Bild Impuls 1',1,'[{\"added\": {}}]',15,1),(2044,'2023-07-18 10:59:46.403895','58','Falscher Umgang mit kritischen und/oder sensiblen Informationen/Mitarbeiter/Sachbearbeiter*in Innendienst/Bild Impuls 2',1,'[{\"added\": {}}]',15,1),(2045,'2023-07-18 10:59:55.970852','59','Falscher Umgang mit kritischen und/oder sensiblen Informationen/Mitarbeiter/Sachbearbeiter*in Innendienst/Bild Impuls 3',1,'[{\"added\": {}}]',15,1),(2046,'2023-07-18 11:00:17.848904','26','Falscher Umgang mit kritischen und/oder sensiblen Informationen/Mitarbeiter/Sachbearbeiter*in Innendienst/Bild Impuls',1,'[{\"added\": {}}]',21,1),(2047,'2023-07-18 11:02:21.637899','169','Threat Awareness/Sachbearbeiter*in Innendienst/Falscher Umgang mit kritischen und/oder sensiblen Informationen/Mitarbeiter',1,'[{\"added\": {}}]',17,1),(2048,'2023-07-18 11:03:04.957868','170','Threat Identification/Sachbearbeiter*in Innendienst/Falscher Umgang mit kritischen und/oder sensiblen Informationen/Mitarbeiter',1,'[{\"added\": {}}]',17,1),(2049,'2023-07-18 11:03:25.315869','171','Threat Impact Assessment/Sachbearbeiter*in Innendienst/Falscher Umgang mit kritischen und/oder sensiblen Informationen/Mitarbeiter',1,'[{\"added\": {}}]',17,1),(2050,'2023-07-18 11:03:48.745593','172','Tactic Choice/Sachbearbeiter*in Innendienst/Falscher Umgang mit kritischen und/oder sensiblen Informationen/Mitarbeiter',1,'[{\"added\": {}}]',17,1),(2051,'2023-07-18 11:04:09.328732','173','Tactic Justification/Sachbearbeiter*in Innendienst/Falscher Umgang mit kritischen und/oder sensiblen Informationen/Mitarbeiter',1,'[{\"added\": {}}]',17,1),(2052,'2023-07-18 11:04:25.537514','174','Tactic Mastery/Sachbearbeiter*in Innendienst/Falscher Umgang mit kritischen und/oder sensiblen Informationen/Mitarbeiter',1,'[{\"added\": {}}]',17,1),(2053,'2023-07-18 11:04:49.345560','175','Tactic Check & Follow-up/Sachbearbeiter*in Innendienst/Falscher Umgang mit kritischen und/oder sensiblen Informationen/Mitarbeiter',1,'[{\"added\": {}}]',17,1),(2054,'2023-07-18 11:05:19.598242','26','Falscher Umgang mit kritischen und/oder sensiblen Informationen/Mitarbeiter/Sachbearbeiter*in im Innendienst',1,'[{\"added\": {}}]',11,1),(2055,'2023-07-18 11:05:48.012575','172','Falscher Umgang mit kritischen und/oder sensiblen Informationen/Mitarbeiter/Threat Awareness/Sachbearbeiter*in im Innendienst',1,'[{\"added\": {}}]',18,1),(2056,'2023-07-18 11:06:26.715977','1','Sachbearbeiter*in im Innendienst',2,'[{\"changed\": {\"fields\": [\"Zugeordnete Bedrohungsvektoren\"]}}]',19,1),(2057,'2023-07-18 11:07:41.842718','677','Threat Awareness/Sachbearbeiter*in Innendienst/Falscher Umgang mit kritischen und/oder sensiblen Informationen/Mitarbeiter',1,'[{\"added\": {}}]',20,1),(2058,'2023-07-18 11:08:21.243696','678','Threat Awareness/Sachbearbeiter*in Innendienst/Falscher Umgang mit kritischen und/oder sensiblen Informationen/Mitarbeiter',1,'[{\"added\": {}}]',20,1),(2059,'2023-07-18 11:08:43.787622','677','Threat Awareness/Sachbearbeiter*in Innendienst/Falscher Umgang mit kritischen und/oder sensiblen Informationen/Mitarbeiter',2,'[{\"changed\": {\"fields\": [\"Antwortoption\", \"Bewertung der Antwortoption\"]}}]',20,1),(2060,'2023-07-18 11:09:00.334914','679','Threat Awareness/Sachbearbeiter*in Innendienst/Falscher Umgang mit kritischen und/oder sensiblen Informationen/Mitarbeiter',1,'[{\"added\": {}}]',20,1),(2061,'2023-07-18 11:09:29.158861','680','Threat Identification/Sachbearbeiter*in Innendienst/Falscher Umgang mit kritischen und/oder sensiblen Informationen/Mitarbeiter',1,'[{\"added\": {}}]',20,1),(2062,'2023-07-18 11:09:59.691319','681','Threat Identification/Sachbearbeiter*in Innendienst/Falscher Umgang mit kritischen und/oder sensiblen Informationen/Mitarbeiter',1,'[{\"added\": {}}]',20,1),(2063,'2023-07-18 11:10:17.950470','682','Threat Identification/Sachbearbeiter*in Innendienst/Falscher Umgang mit kritischen und/oder sensiblen Informationen/Mitarbeiter',1,'[{\"added\": {}}]',20,1),(2064,'2023-07-18 11:10:41.690698','683','Threat Identification/Sachbearbeiter*in Innendienst/Falscher Umgang mit kritischen und/oder sensiblen Informationen/Mitarbeiter',1,'[{\"added\": {}}]',20,1),(2065,'2023-07-18 11:11:02.465718','684','Threat Impact Assessment/Sachbearbeiter*in Innendienst/Falscher Umgang mit kritischen und/oder sensiblen Informationen/Mitarbeiter',1,'[{\"added\": {}}]',20,1),(2066,'2023-07-18 11:11:22.461580','685','Threat Impact Assessment/Sachbearbeiter*in Innendienst/Falscher Umgang mit kritischen und/oder sensiblen Informationen/Mitarbeiter',1,'[{\"added\": {}}]',20,1),(2067,'2023-07-18 11:11:45.645553','686','Threat Impact Assessment/Sachbearbeiter*in Innendienst/Falscher Umgang mit kritischen und/oder sensiblen Informationen/Mitarbeiter',1,'[{\"added\": {}}]',20,1),(2068,'2023-07-18 11:12:05.431590','687','Threat Impact Assessment/Sachbearbeiter*in Innendienst/Falscher Umgang mit kritischen und/oder sensiblen Informationen/Mitarbeiter',1,'[{\"added\": {}}]',20,1),(2069,'2023-07-18 11:12:24.980246','688','Tactic Choice/Sachbearbeiter*in Innendienst/Falscher Umgang mit kritischen und/oder sensiblen Informationen/Mitarbeiter',1,'[{\"added\": {}}]',20,1),(2070,'2023-07-18 11:12:41.960991','689','Tactic Choice/Sachbearbeiter*in Innendienst/Falscher Umgang mit kritischen und/oder sensiblen Informationen/Mitarbeiter',1,'[{\"added\": {}}]',20,1),(2071,'2023-07-18 11:12:57.210088','690','Tactic Choice/Sachbearbeiter*in Innendienst/Falscher Umgang mit kritischen und/oder sensiblen Informationen/Mitarbeiter',1,'[{\"added\": {}}]',20,1),(2072,'2023-07-18 11:14:17.735787','691','Tactic Justification/Sachbearbeiter*in Innendienst/Falscher Umgang mit kritischen und/oder sensiblen Informationen/Mitarbeiter',1,'[{\"added\": {}}]',20,1),(2073,'2023-07-18 11:14:44.491640','692','Tactic Justification/Sachbearbeiter*in Innendienst/Falscher Umgang mit kritischen und/oder sensiblen Informationen/Mitarbeiter',1,'[{\"added\": {}}]',20,1),(2074,'2023-07-18 11:15:06.403890','693','Tactic Justification/Sachbearbeiter*in Innendienst/Falscher Umgang mit kritischen und/oder sensiblen Informationen/Mitarbeiter',1,'[{\"added\": {}}]',20,1),(2075,'2023-07-18 11:15:41.678571','694','Tactic Mastery/Sachbearbeiter*in Innendienst/Falscher Umgang mit kritischen und/oder sensiblen Informationen/Mitarbeiter',1,'[{\"added\": {}}]',20,1),(2076,'2023-07-18 11:16:10.271940','695','Tactic Mastery/Sachbearbeiter*in Innendienst/Falscher Umgang mit kritischen und/oder sensiblen Informationen/Mitarbeiter',1,'[{\"added\": {}}]',20,1),(2077,'2023-07-18 11:16:54.506857','696','Tactic Mastery/Sachbearbeiter*in Innendienst/Falscher Umgang mit kritischen und/oder sensiblen Informationen/Mitarbeiter',1,'[{\"added\": {}}]',20,1),(2078,'2023-07-18 11:17:29.353149','697','Tactic Mastery/Sachbearbeiter*in Innendienst/Falscher Umgang mit kritischen und/oder sensiblen Informationen/Mitarbeiter',1,'[{\"added\": {}}]',20,1),(2079,'2023-07-18 11:18:33.806687','698','Tactic Check & Follow-up/Sachbearbeiter*in Innendienst/Falscher Umgang mit kritischen und/oder sensiblen Informationen/Mitarbeiter',1,'[{\"added\": {}}]',20,1),(2080,'2023-07-18 11:18:57.503222','699','Tactic Check & Follow-up/Sachbearbeiter*in Innendienst/Falscher Umgang mit kritischen und/oder sensiblen Informationen/Mitarbeiter',1,'[{\"added\": {}}]',20,1),(2081,'2023-07-18 11:19:18.480309','700','Tactic Check & Follow-up/Sachbearbeiter*in Innendienst/Falscher Umgang mit kritischen und/oder sensiblen Informationen/Mitarbeiter',1,'[{\"added\": {}}]',20,1),(2082,'2023-07-18 11:19:41.733933','701','Tactic Check & Follow-up/Sachbearbeiter*in Innendienst/Falscher Umgang mit kritischen und/oder sensiblen Informationen/Mitarbeiter',1,'[{\"added\": {}}]',20,1),(2083,'2023-07-18 11:20:17.353862','173','Falscher Umgang mit kritischen und/oder sensiblen Informationen/Mitarbeiter/Threat Identification/Sachbearbeiter*in im Innendienst',1,'[{\"added\": {}}]',18,1),(2084,'2023-07-18 11:20:32.991183','174','Falscher Umgang mit kritischen und/oder sensiblen Informationen/Mitarbeiter/Threat Impact Assessment/Sachbearbeiter*in im Innendienst',1,'[{\"added\": {}}]',18,1),(2085,'2023-07-18 11:20:46.931292','173','Falscher Umgang mit kritischen und/oder sensiblen Informationen/Mitarbeiter/Threat Identification/Sachbearbeiter*in im Innendienst',2,'[{\"changed\": {\"fields\": [\"Zugeordneter Impuls\"]}}]',18,1),(2086,'2023-07-18 11:21:01.111324','175','Falscher Umgang mit kritischen und/oder sensiblen Informationen/Mitarbeiter/Tactic Choice/Sachbearbeiter*in im Innendienst',1,'[{\"added\": {}}]',18,1),(2087,'2023-07-18 11:21:13.902077','176','Falscher Umgang mit kritischen und/oder sensiblen Informationen/Mitarbeiter/Tactic Justification/Sachbearbeiter*in im Innendienst',1,'[{\"added\": {}}]',18,1),(2088,'2023-07-18 11:21:29.795071','177','Falscher Umgang mit kritischen und/oder sensiblen Informationen/Mitarbeiter/Tactic Mastery/Sachbearbeiter*in im Innendienst',1,'[{\"added\": {}}]',18,1),(2089,'2023-07-18 11:21:39.832196','178','Falscher Umgang mit kritischen und/oder sensiblen Informationen/Mitarbeiter/Tactic Check & Follow-Up/Sachbearbeiter*in im Innendienst',1,'[{\"added\": {}}]',18,1),(2090,'2023-07-18 11:22:26.443054','1','Sachbearbeiter*in im Innendienst',2,'[{\"changed\": {\"fields\": [\"Zugeordnete Bedrohungsvektoren\"]}}]',19,1),(2091,'2023-07-18 11:30:14.190788','5','Malware/Mailsystem/Impuls2',2,'[{\"changed\": {\"fields\": [\"Inhalt\"]}}]',14,1),(2092,'2023-07-18 11:30:27.603925','4','Malware/Mailsystem/Impuls1',2,'[]',14,1),(2093,'2023-07-18 11:30:43.351736','6','Malware/Mailsystem/Impuls3',2,'[]',14,1),(2094,'2023-07-18 11:31:30.630048','1','Sachbearbeiter*in im Innendienst',2,'[{\"changed\": {\"fields\": [\"Zugeordnete Bedrohungsvektoren\"]}}]',19,1),(2095,'2023-07-18 11:33:17.659925','8','SA/Malware/Mailsystem/Impuls2',2,'[{\"changed\": {\"fields\": [\"Inhalt\"]}}]',14,1),(2096,'2023-07-18 11:33:39.170619','9','SA/Malware/Mailsystem/Impuls3',2,'[{\"changed\": {\"fields\": [\"Inhalt\"]}}]',14,1),(2097,'2023-07-18 11:36:07.681752','164','Threat Impact Assessment/Sachbearbeiter*in Außendienst/Malware/USB-Stick',2,'[{\"changed\": {\"fields\": [\"Antwortoption\"]}}]',20,1),(2098,'2023-07-18 14:16:06.864372','20','Falscher Umgang mit kritischen und/oder sensiblen Informationen/Mitarbeiter',2,'[{\"changed\": {\"fields\": [\"Beschreibung\"]}}]',10,1),(2099,'2023-07-18 16:32:20.066915','9','Sachbearbeiter*in im Außendienst',1,'[{\"added\": {}}]',7,1),(2100,'2023-07-18 16:33:10.211620','8','Sachbearbeiter*in im Außendienst',1,'[{\"added\": {}}]',19,1),(2101,'2023-07-18 16:34:15.766324','8','Sachbearbeiter*in im Außendienst',2,'[{\"changed\": {\"fields\": [\"Zugeordnete Bedrohungsvektoren\"]}}]',19,1),(2102,'2023-07-18 16:35:15.845101','8','Sachbearbeiter*in im Außendienst',2,'[{\"changed\": {\"fields\": [\"Zugeordnete Bedrohungsvektoren\"]}}]',19,1),(2103,'2023-07-18 16:40:03.263510','9','Sachbearbeiter*in im Außendienst',3,'',7,1),(2104,'2023-07-18 17:12:41.175079','1','Sachbearbeiter*in im Innendienst',2,'[]',19,1),(2105,'2023-07-18 17:18:52.618950','2','Sachbearbeiter*in im Außendienst',2,'[]',19,1),(2106,'2023-07-18 17:22:05.788573','1','Sachbearbeiter*in im Innendienst',2,'[]',19,1),(2107,'2023-07-18 17:34:17.990677','1','Sachbearbeiter*in im Innendienst',2,'[{\"changed\": {\"fields\": [\"Zugeordnete Bedrohungsvektoren\"]}}]',19,1),(2108,'2023-07-18 17:39:25.651053','2','Sachbearbeiter*in im Außendienst',2,'[{\"changed\": {\"fields\": [\"Zugeordnete Bedrohungsvektoren\"]}}]',19,1),(2109,'2023-07-18 17:39:35.677216','1','Sachbearbeiter*in im Innendienst',2,'[{\"changed\": {\"fields\": [\"Zugeordnete Bedrohungsvektoren\"]}}]',19,1),(2110,'2023-07-19 09:12:36.711739','2','Sachbearbeiter*in im Außendienst',2,'[{\"changed\": {\"fields\": [\"Zugeordnete Bedrohungsvektoren\"]}}]',19,1),(2463,'2023-09-05 08:34:00.706253','1','Sachbearbeiter*in im Innendienst',2,'[{\"changed\": {\"fields\": [\"Zugeordnete Bedrohungsvektoren\"]}}]',19,1),(2464,'2023-09-05 08:34:46.571074','1','Sachbearbeiter*in im Innendienst',2,'[{\"changed\": {\"fields\": [\"Zugeordnete Bedrohungsvektoren\"]}}]',19,1),(2465,'2023-10-05 15:21:59.731831','92','Network Security',3,'',25,1),(2466,'2023-10-05 15:21:59.737222','91','Information security',3,'',25,1),(2467,'2023-10-05 15:21:59.741270','90','COMPUTER SYSTEMS SECURITY',3,'',25,1),(2468,'2023-10-05 15:21:59.745008','89','Datenschutzschulung für Mitarbeiter Basic',3,'',25,1),(2469,'2023-10-05 15:21:59.749250','88','Datenschutz Online Video Schulung',3,'',25,1),(2470,'2023-10-05 15:21:59.752560','87','Datenschutz & IT-Security am Arbeitsplatz (Teil 7 - 10)',3,'',25,1),(2471,'2023-10-05 15:21:59.755776','86','Introduction to Cyber Security',3,'',25,1),(2472,'2023-10-05 15:21:59.757859','85','Ethical Hacking for Beginners',3,'',25,1),(2473,'2023-10-05 15:21:59.761707','84','Introduction to Cyber Security',3,'',25,1),(2474,'2023-10-05 15:21:59.765611','83','Webinar Grundlagen der IT-Sicherheit (Teil 1)',3,'',25,1),(2475,'2023-10-05 15:21:59.770294','82','Wie können IT-Sicherheitsvorfälle vermieden werden? - Praxistipps',3,'',25,1),(2476,'2023-10-05 15:21:59.775185','81','Security Awareness Trainings­plattform',3,'',25,1),(2477,'2023-10-05 15:21:59.812731','80','Anti-Hacker Security | Step By Step Guide',3,'',25,1),(2478,'2023-10-05 15:21:59.816060','79','(Security Operation Centre) SOC Essentials by SOC Experts',3,'',25,1),(2479,'2023-10-05 15:21:59.818488','78','Cyber Crimes and it\'s preventive measures- Mr. Rupesh Mittal',3,'',25,1),(2480,'2023-10-05 15:21:59.822198','77','Cyber Criminals Want Your Information: Stop Them Cold!',3,'',25,1),(2481,'2023-10-05 15:21:59.827810','76','Cyber Security Advanced Persistent Threat Defender Preview',3,'',25,1),(2482,'2023-10-05 15:21:59.832756','75','Cyber Security Stories_ Because of You!',3,'',25,1),(2483,'2023-10-05 15:21:59.836814','74','Cyber Security Training for Absolute Beginners ',3,'',25,1),(2484,'2023-10-05 15:21:59.840451','73','Cyber Security Threat Intelligen',3,'',25,1),(2485,'2023-10-05 15:21:59.844120','72','Cybersicherheit Cyber Security Course for Beginners - Level 01',3,'',25,1),(2486,'2023-10-05 15:21:59.847130','71','Security Awareness Campaigns (Lite)',3,'',25,1),(2487,'2023-10-05 15:21:59.851083','70','SSL/TLS Protocol and Handshake Process',3,'',25,1),(2488,'2023-10-05 15:21:59.854529','69','Computer Virus - Definition, Types, Spread and Prevention',3,'',25,1),(2489,'2023-10-05 15:21:59.858948','68','Protecting yourself online',3,'',25,1),(2490,'2023-10-05 15:21:59.863079','67','Staying Safe Online_ Cyber Security ',3,'',25,1),(2491,'2023-10-05 15:21:59.868778','66','The Internet Security Guide',3,'',25,1),(2492,'2023-10-05 15:21:59.873285','65','Security Awareness Kampange',3,'',25,1),(2493,'2023-10-05 15:21:59.877944','64','Cyber Aces Online Courses',3,'',25,1),(2494,'2023-10-05 15:21:59.882089','63','Security Awareness Trainings',3,'',25,1),(2495,'2023-10-05 15:21:59.886752','62','Sicherheit im Internet',3,'',25,1),(2496,'2023-10-05 15:21:59.893554','61','Sicher per E-Mail kommunizieren - Mitleser unerwünscht',3,'',25,1),(2497,'2023-10-05 15:21:59.898311','60','Internet Security for Beginners',3,'',25,1),(2498,'2023-10-05 15:21:59.902980','59','Cyberthreats by Malware',3,'',25,1),(2499,'2023-10-05 15:21:59.907286','58','OpenSecurityTraining2',3,'',25,1),(2500,'2023-10-05 15:21:59.911423','57','Secuso Research - Results - S&P Awarness',3,'',25,1),(2501,'2023-10-05 15:21:59.915113','56','[Dis]connected',3,'',25,1),(2502,'2023-10-05 15:21:59.919120','55','Wunder Punkt Microsoft 365',3,'',25,1),(2503,'2023-10-05 15:21:59.923493','54','Free Training',3,'',25,1),(2504,'2023-10-05 15:21:59.927540','53','Security Awareness Training',3,'',25,1),(2505,'2023-10-05 15:21:59.930815','52','Security Update - Aktuelle Cyberangriffe & mehrschichtoge Abwehrstrategien',3,'',25,1),(2506,'2023-10-05 15:21:59.934476','51','Die Spione in der Hosentasche - Smartphones',3,'',25,1),(2507,'2023-10-05 15:21:59.938100','50','Home-Office',3,'',25,1),(2508,'2023-10-05 15:21:59.942272','49','Social Engineering',3,'',25,1),(2509,'2023-10-05 15:21:59.945616','48','Network Security',3,'',25,1),(2510,'2023-10-05 15:21:59.950591','47','Cybersecurity Risk Management',3,'',25,1),(2511,'2023-10-05 15:21:59.955310','46','Information Security - Introduction to Information Security',3,'',25,1),(2512,'2023-10-05 15:21:59.959156','45','Introduction to Cybersecurity',3,'',25,1),(2513,'2023-10-05 15:21:59.967744','44','Jump Start_ Network Security',3,'',25,1),(2514,'2023-10-05 15:21:59.971438','43','Cybersecurity Fundamentals',3,'',25,1),(2515,'2023-10-05 15:21:59.975224','42','Security Awareness Training',3,'',25,1),(2516,'2023-10-05 15:21:59.978389','41','Introduction to IT & Cybersecurity',3,'',25,1),(2517,'2023-10-05 15:21:59.982192','40','MITRE ATT&CK Defender (MAD) ATT&CK SOC ',3,'',25,1),(2518,'2023-10-05 15:21:59.985905','39','MITRE ATT&CK Defender (MAD) ATT&CK ',3,'',25,1),(2519,'2023-10-05 15:22:00.023736','38','Check Point Jump Start',3,'',25,1),(2520,'2023-10-05 15:22:00.030464','37','Basic Evimetry Deadboot Forensic Acquisition',3,'',25,1),(2521,'2023-10-05 15:22:00.037477','36','Introduction to Evimetry_ the Controller',3,'',25,1),(2522,'2023-10-05 15:22:00.042543','35','Malware Threats',3,'',25,1),(2523,'2023-10-05 15:22:00.047488','34','Security Awareness Training',3,'',25,1),(2524,'2023-10-05 15:22:00.051703','33','Learning Management System - Online Training Software',3,'',25,1),(2525,'2023-10-05 15:22:00.054982','32','Pricing Free',3,'',25,1),(2526,'2023-10-05 15:22:00.058742','31','Pricing Enterprice',3,'',25,1),(2527,'2023-10-05 15:22:00.063459','30','Security Awareness Training',3,'',25,1),(2528,'2023-10-05 15:22:00.067853','29','Spezialisierung Cybersecurity Kurs 4: The Business of Cybersecurity Capstone',3,'',25,1),(2529,'2023-10-05 15:22:00.071968','28','Spezialisierung Cybersecurity Kurs 3: Cybersecurity and the X-Factor',3,'',25,1),(2530,'2023-10-05 15:22:00.076179','27','Spezialisierung Cybersecurity Kurs 2: Cybersecurity and the Internet of Things',3,'',25,1),(2531,'2023-10-05 15:22:00.080233','26','Spezialisierung Cybersecurity Kurs 1: Cybersecurity and Mobility',3,'',25,1),(2532,'2023-10-05 15:22:00.085339','25','Spezialisierung Cybersecurity: Developing a Program for Your Business',3,'',25,1),(2533,'2023-10-05 15:22:00.089521','24','CISA VLP - RFE2115 ICS Cybersecurity Landscape for Managers',3,'',25,1),(2534,'2023-10-05 15:22:00.094386','23','CISA VLP - 210W-11 Mapping IT Defense-In_Depth Security Solutions to ICS - Part II\nID: E-6023WV',3,'',25,1),(2535,'2023-10-05 15:22:00.098889','22','CISA VLP - 210W-10 Mapping IT Defense-In-Depth Security Solutions to ICS - Part I',3,'',25,1),(2536,'2023-10-05 15:22:00.103227','21','CISA VLP - 210W-09 Attack Methodologies in IT & ICS',3,'',25,1),(2537,'2023-10-05 15:22:00.108174','20','CISA VLP - 210W-08 ICS Cybersecurity Consequences',3,'',25,1),(2538,'2023-10-05 15:22:00.111868','19','CISA VLP - 210W-07 ICS Cybersecurity Vulnerabilities',3,'',25,1),(2539,'2023-10-05 15:22:00.118509','18','CISA VLP - 210W-06 ICS Cybersecurity Threats',3,'',25,1),(2540,'2023-10-05 15:22:00.123033','17','CISA VLP - 210W-05 ICS Cybersecurity Risk',3,'',25,1),(2541,'2023-10-05 15:22:00.127248','16','CISA VLP - 210W-04 Cybersecurity Within IT and ICS Domains (FY21)',3,'',25,1),(2542,'2023-10-05 15:22:00.131669','15','CISA VLP - 210W-03 Common ICS Components',3,'',25,1),(2543,'2023-10-05 15:22:00.136126','14','CISA VLP - 210W-02 Influence of IT Components on Industrial Control Systems',3,'',25,1),(2544,'2023-10-05 15:22:00.142352','13','CISA VLP - 210W-01 Differences in Deployments of Industrial Control Systems (FY22) ',3,'',25,1),(2545,'2023-10-05 15:22:00.147382','12','CISA VLP - 100W Cybersecurity Practices for Industrial Control Systems',3,'',25,1),(2546,'2023-10-05 15:22:00.151127','11','BEHÖRDEN-IT-SICHERHEITSTRAINING',3,'',25,1),(2547,'2023-10-05 15:22:00.157315','10','Security Awareness Videos',3,'',25,1),(2548,'2023-10-05 15:22:00.161334','9','Security Awareness Training',3,'',25,1),(2549,'2023-10-05 15:22:00.166939','8','Human Risk Assessment',3,'',25,1),(2550,'2023-10-05 15:22:00.171743','7','Security-Awareness-Platform-and-Offerings',3,'',25,1),(2551,'2023-10-05 15:22:00.176657','6','TISiM-App',3,'',25,1),(2552,'2023-10-05 15:22:00.183332','5','Netzwerksicherheit',3,'',25,1),(2553,'2023-10-05 15:22:00.186689','4','IT-Grundlagen im Büroalltag',3,'',25,1),(2554,'2023-10-05 15:22:00.191819','3','Online-Kurs IT-Grundschutz',3,'',25,1),(2555,'2023-10-05 15:22:00.195349','2','Cybersecurity Awareness training',3,'',25,1),(2556,'2023-10-05 15:22:00.199741','1','Cyber Security Awareness Course',3,'',25,1),(2557,'2023-10-05 15:23:27.524596','363','IT-Grundlagen im Büroalltag',1,'new through import_export',25,1),(2558,'2023-10-05 15:23:27.529483','364','BEHÖRDEN-IT-SICHERHEITSTRAINING',1,'new through import_export',25,1),(2559,'2023-10-05 15:23:27.534965','365','Spezialisierung Cybersecurity Kurs 1: Cybersecurity and Mobility',1,'new through import_export',25,1),(2560,'2023-10-05 15:23:27.540029','366','Spezialisierung Cybersecurity Kurs 2: Cybersecurity and the Internet of Things',1,'new through import_export',25,1),(2561,'2023-10-05 15:23:27.544247','367','Spezialisierung Cybersecurity Kurs 3: Cybersecurity and the X-Factor',1,'new through import_export',25,1),(2562,'2023-10-05 15:23:27.549296','368','Security Awareness Training',1,'new through import_export',25,1),(2563,'2023-10-05 15:23:27.557123','369','Social Engineering',1,'new through import_export',25,1),(2564,'2023-10-05 15:23:27.561415','370','Home-Office',1,'new through import_export',25,1),(2565,'2023-10-05 15:23:27.565463','371','Security Awareness Training',1,'new through import_export',25,1),(2566,'2023-10-05 15:23:27.569066','372','Secuso Research - Results - S&P Awarness',1,'new through import_export',25,1),(2567,'2023-10-05 15:23:27.572890','373','Sicherheit im Internet',1,'new through import_export',25,1),(2568,'2023-10-05 15:23:27.579940','374','Security Awareness Trainings­plattform',1,'new through import_export',25,1),(2569,'2023-10-05 15:23:27.695005','375','Datenschutz & IT-Security am Arbeitsplatz (Teil 7 - 10)',1,'new through import_export',25,1),(2570,'2023-10-05 15:23:27.699908','376','E-Mail-Spiel \'Vorsicht, Phishing\'',1,'new through import_export',25,1),(2571,'2023-10-05 15:23:27.704052','377','KMU. Einfach Sicher. Weiterbildungsplattform',1,'new through import_export',25,1),(2572,'2023-10-05 15:23:27.707749','378','Spiele',1,'new through import_export',25,1),(2573,'2023-10-05 15:23:27.711869','379','Digitale Serious Games',1,'new through import_export',25,1),(2574,'2023-10-05 15:23:27.716576','380','Sicherheitskonzepte',1,'new through import_export',25,1),(2575,'2023-10-05 15:23:27.720793','381','IT-Sicherheit',1,'new through import_export',25,1),(2576,'2023-10-05 15:23:27.725037','382','Schulung für Informationssicherheits-Bewusstsein im Unternehmen',1,'new through import_export',25,1),(2577,'2023-10-05 15:23:27.728921','383','Zertifizierte IT-Security Schulung',1,'new through import_export',25,1),(2578,'2023-10-05 15:23:27.732225','384','IT-Sicherheit: Informationssicherheit und Security Awareness',1,'new through import_export',25,1),(2579,'2023-10-05 15:23:27.734596','385','Basisschutz-Tipps',1,'new through import_export',25,1),(2580,'2023-10-05 15:23:27.738094','386','Sicherheitskompass',1,'new through import_export',25,1),(2581,'2023-10-05 15:23:27.741539','387','Checkliste für Mitarbeiter - IT-Sicherheit im Home-Office',1,'new through import_export',25,1),(2582,'2023-10-05 15:23:27.744899','388','Leichter Einstieg - Hilfestellungen und Videos zur Sensibilisierung für die Cyber-Sicherheit',1,'new through import_export',25,1),(2583,'2023-10-05 15:23:27.748431','389','Schulung für Informationssicherheits-Bewusstsein im Unternehmen',1,'new through import_export',25,1),(2584,'2023-10-05 15:23:27.752102','390','In wenigen Schritten zum sicheren Passwort',1,'new through import_export',25,1),(2585,'2023-10-05 15:23:27.755840','391','Ransomware',1,'new through import_export',25,1),(2586,'2023-10-05 15:23:27.806715','392','Cybersecurityy-Training',1,'new through import_export',25,1),(2587,'2023-10-05 15:23:27.812076','393','Awareness-Kampagne Cybersecurity',1,'new through import_export',25,1),(2588,'2023-10-06 08:10:01.044474','394','Sicher per E-Mail kommunizieren - Mitlesen unerwünscht',1,'[{\"added\": {}}]',25,1),(2589,'2023-10-06 09:21:36.922271','394','Sicher per E-Mail kommunizieren - Mitlesen unerwünscht',3,'',25,1),(2590,'2023-10-06 09:21:36.933464','393','Awareness-Kampagne Cybersecurity',3,'',25,1),(2591,'2023-10-06 09:21:36.939890','392','Cybersecurityy-Training',3,'',25,1),(2592,'2023-10-06 09:21:36.948749','391','Ransomware',3,'',25,1),(2593,'2023-10-06 09:21:36.965576','390','In wenigen Schritten zum sicheren Passwort',3,'',25,1),(2594,'2023-10-06 09:21:36.976995','389','Schulung für Informationssicherheits-Bewusstsein im Unternehmen',3,'',25,1),(2595,'2023-10-06 09:21:36.989063','388','Leichter Einstieg - Hilfestellungen und Videos zur Sensibilisierung für die Cyber-Sicherheit',3,'',25,1),(2596,'2023-10-06 09:21:36.999274','387','Checkliste für Mitarbeiter - IT-Sicherheit im Home-Office',3,'',25,1),(2597,'2023-10-06 09:21:37.005037','386','Sicherheitskompass',3,'',25,1),(2598,'2023-10-06 09:21:37.016144','385','Basisschutz-Tipps',3,'',25,1),(2599,'2023-10-06 09:21:37.022263','384','IT-Sicherheit: Informationssicherheit und Security Awareness',3,'',25,1),(2600,'2023-10-06 09:21:37.027168','383','Zertifizierte IT-Security Schulung',3,'',25,1),(2601,'2023-10-06 09:21:37.033444','382','Schulung für Informationssicherheits-Bewusstsein im Unternehmen',3,'',25,1),(2602,'2023-10-06 09:21:37.038287','381','IT-Sicherheit',3,'',25,1),(2603,'2023-10-06 09:21:37.044444','380','Sicherheitskonzepte',3,'',25,1),(2604,'2023-10-06 09:21:37.050150','379','Digitale Serious Games',3,'',25,1),(2605,'2023-10-06 09:21:37.056308','378','Spiele',3,'',25,1),(2606,'2023-10-06 09:21:37.062900','377','KMU. Einfach Sicher. Weiterbildungsplattform',3,'',25,1),(2607,'2023-10-06 09:21:37.071371','376','E-Mail-Spiel \'Vorsicht, Phishing\'',3,'',25,1),(2608,'2023-10-06 09:21:37.078319','375','Datenschutz & IT-Security am Arbeitsplatz (Teil 7 - 10)',3,'',25,1),(2609,'2023-10-06 09:21:37.083460','374','Security Awareness Trainings­plattform',3,'',25,1),(2610,'2023-10-06 09:21:37.088852','373','Sicherheit im Internet',3,'',25,1),(2611,'2023-10-06 09:21:37.094092','372','Secuso Research - Results - S&P Awarness',3,'',25,1),(2612,'2023-10-06 09:21:37.099820','371','Security Awareness Training',3,'',25,1),(2613,'2023-10-06 09:21:37.108631','370','Home-Office',3,'',25,1),(2614,'2023-10-06 09:21:37.116373','369','Social Engineering',3,'',25,1),(2615,'2023-10-06 09:21:37.123357','368','Security Awareness Training',3,'',25,1),(2616,'2023-10-06 09:21:37.131562','367','Spezialisierung Cybersecurity Kurs 3: Cybersecurity and the X-Factor',3,'',25,1),(2617,'2023-10-06 09:21:37.137525','366','Spezialisierung Cybersecurity Kurs 2: Cybersecurity and the Internet of Things',3,'',25,1),(2618,'2023-10-06 09:21:37.145013','365','Spezialisierung Cybersecurity Kurs 1: Cybersecurity and Mobility',3,'',25,1),(2619,'2023-10-06 09:21:37.152683','364','BEHÖRDEN-IT-SICHERHEITSTRAINING',3,'',25,1),(2620,'2023-10-06 09:21:37.162348','363','IT-Grundlagen im Büroalltag',3,'',25,1),(2621,'2023-10-06 09:26:50.024022','1','Generisch',1,'[{\"added\": {}}]',28,1),(2622,'2023-10-06 09:26:56.113752','2','Spezfisch',1,'[{\"added\": {}}]',28,1),(2623,'2023-10-06 09:27:03.031827','3','KMUs',1,'[{\"added\": {}}]',28,1),(2624,'2023-10-06 09:27:08.807913','4','Kliniken',1,'[{\"added\": {}}]',28,1),(2625,'2023-10-06 09:27:13.279591','5','Konsument',1,'[{\"added\": {}}]',28,1),(2626,'2023-10-06 09:27:52.579551','426','IT-Grundlagen im Büroalltag',1,'new through import_export',25,1),(2627,'2023-10-06 09:27:52.583282','427','BEHÖRDEN-IT-SICHERHEITSTRAINING',1,'new through import_export',25,1),(2628,'2023-10-06 09:27:52.586644','428','Spezialisierung Cybersecurity Kurs 1: Cybersecurity and Mobility',1,'new through import_export',25,1),(2629,'2023-10-06 09:27:52.589275','429','Spezialisierung Cybersecurity Kurs 2: Cybersecurity and the Internet of Things',1,'new through import_export',25,1),(2630,'2023-10-06 09:27:52.592819','430','Spezialisierung Cybersecurity Kurs 3: Cybersecurity and the X-Factor',1,'new through import_export',25,1),(2631,'2023-10-06 09:27:52.597381','431','Security Awareness Training',1,'new through import_export',25,1),(2632,'2023-10-06 09:27:52.600844','432','Social Engineering',1,'new through import_export',25,1),(2633,'2023-10-06 09:27:52.604868','433','Home-Office',1,'new through import_export',25,1),(2634,'2023-10-06 09:27:52.609871','434','Security Awareness Training',1,'new through import_export',25,1),(2635,'2023-10-06 09:27:52.613826','435','Secuso Research - Results - S&P Awarness',1,'new through import_export',25,1),(2636,'2023-10-06 09:27:52.616103','436','Sicherheit im Internet',1,'new through import_export',25,1),(2637,'2023-10-06 09:27:52.619105','437','Security Awareness Trainings­plattform',1,'new through import_export',25,1),(2638,'2023-10-06 09:27:52.622317','438','Datenschutz & IT-Security am Arbeitsplatz (Teil 7 - 10)',1,'new through import_export',25,1),(2639,'2023-10-06 09:27:52.626984','439','E-Mail-Spiel \'Vorsicht, Phishing\'',1,'new through import_export',25,1),(2640,'2023-10-06 09:27:52.630008','440','KMU. Einfach Sicher. Weiterbildungsplattform',1,'new through import_export',25,1),(2641,'2023-10-06 09:27:52.633095','441','Spiele',1,'new through import_export',25,1),(2642,'2023-10-06 09:27:52.636063','442','Digitale Serious Games',1,'new through import_export',25,1),(2643,'2023-10-06 09:27:52.638286','443','Sicherheitskonzepte',1,'new through import_export',25,1),(2644,'2023-10-06 09:27:52.641687','444','IT-Sicherheit',1,'new through import_export',25,1),(2645,'2023-10-06 09:27:52.645173','445','Schulung für Informationssicherheits-Bewusstsein im Unternehmen',1,'new through import_export',25,1),(2646,'2023-10-06 09:27:52.648600','446','Zertifizierte IT-Security Schulung',1,'new through import_export',25,1),(2647,'2023-10-06 09:27:52.651962','447','IT-Sicherheit: Informationssicherheit und Security Awareness',1,'new through import_export',25,1),(2648,'2023-10-06 09:27:52.657958','448','Basisschutz-Tipps',1,'new through import_export',25,1),(2649,'2023-10-06 09:27:52.661569','449','Sicherheitskompass',1,'new through import_export',25,1),(2650,'2023-10-06 09:27:52.665038','450','Checkliste für Mitarbeiter - IT-Sicherheit im Home-Office',1,'new through import_export',25,1),(2651,'2023-10-06 09:27:52.668685','451','Leichter Einstieg - Hilfestellungen und Videos zur Sensibilisierung für die Cyber-Sicherheit',1,'new through import_export',25,1),(2652,'2023-10-06 09:27:52.672045','452','Schulung für Informationssicherheits-Bewusstsein im Unternehmen',1,'new through import_export',25,1),(2653,'2023-10-06 09:27:52.674945','453','In wenigen Schritten zum sicheren Passwort',1,'new through import_export',25,1),(2654,'2023-10-06 09:27:52.678725','454','Ransomware',1,'new through import_export',25,1),(2655,'2023-10-06 09:27:52.681948','455','Cybersecurityy-Training',1,'new through import_export',25,1),(2656,'2023-10-06 09:27:52.685341','456','Awareness-Kampagne Cybersecurity',1,'new through import_export',25,1),(2657,'2023-10-06 09:29:23.562387','456','Awareness-Kampagne Cybersecurity',3,'',25,1),(2658,'2023-10-06 09:29:23.567215','455','Cybersecurityy-Training',3,'',25,1),(2659,'2023-10-06 09:29:23.571410','454','Ransomware',3,'',25,1),(2660,'2023-10-06 09:29:23.577759','453','In wenigen Schritten zum sicheren Passwort',3,'',25,1),(2661,'2023-10-06 09:29:23.582328','452','Schulung für Informationssicherheits-Bewusstsein im Unternehmen',3,'',25,1),(2662,'2023-10-06 09:29:23.587079','451','Leichter Einstieg - Hilfestellungen und Videos zur Sensibilisierung für die Cyber-Sicherheit',3,'',25,1),(2663,'2023-10-06 09:29:23.591640','450','Checkliste für Mitarbeiter - IT-Sicherheit im Home-Office',3,'',25,1),(2664,'2023-10-06 09:29:23.595494','449','Sicherheitskompass',3,'',25,1),(2665,'2023-10-06 09:29:23.599618','448','Basisschutz-Tipps',3,'',25,1),(2666,'2023-10-06 09:29:23.603855','447','IT-Sicherheit: Informationssicherheit und Security Awareness',3,'',25,1),(2667,'2023-10-06 09:29:23.608167','446','Zertifizierte IT-Security Schulung',3,'',25,1),(2668,'2023-10-06 09:29:23.611865','445','Schulung für Informationssicherheits-Bewusstsein im Unternehmen',3,'',25,1),(2669,'2023-10-06 09:29:23.616106','444','IT-Sicherheit',3,'',25,1),(2670,'2023-10-06 09:29:23.620700','443','Sicherheitskonzepte',3,'',25,1),(2671,'2023-10-06 09:29:23.626407','442','Digitale Serious Games',3,'',25,1),(2672,'2023-10-06 09:29:23.629624','441','Spiele',3,'',25,1),(2673,'2023-10-06 09:29:23.633572','440','KMU. Einfach Sicher. Weiterbildungsplattform',3,'',25,1),(2674,'2023-10-06 09:29:23.639107','439','E-Mail-Spiel \'Vorsicht, Phishing\'',3,'',25,1),(2675,'2023-10-06 09:29:23.643357','438','Datenschutz & IT-Security am Arbeitsplatz (Teil 7 - 10)',3,'',25,1),(2676,'2023-10-06 09:29:23.647406','437','Security Awareness Trainings­plattform',3,'',25,1),(2677,'2023-10-06 09:29:23.651867','436','Sicherheit im Internet',3,'',25,1),(2678,'2023-10-06 09:29:23.657688','435','Secuso Research - Results - S&P Awarness',3,'',25,1),(2679,'2023-10-06 09:29:23.663780','434','Security Awareness Training',3,'',25,1),(2680,'2023-10-06 09:29:23.668027','433','Home-Office',3,'',25,1),(2681,'2023-10-06 09:29:23.673528','432','Social Engineering',3,'',25,1),(2682,'2023-10-06 09:29:23.678216','431','Security Awareness Training',3,'',25,1),(2683,'2023-10-06 09:29:23.683015','430','Spezialisierung Cybersecurity Kurs 3: Cybersecurity and the X-Factor',3,'',25,1),(2684,'2023-10-06 09:29:23.689025','429','Spezialisierung Cybersecurity Kurs 2: Cybersecurity and the Internet of Things',3,'',25,1),(2685,'2023-10-06 09:29:23.693408','428','Spezialisierung Cybersecurity Kurs 1: Cybersecurity and Mobility',3,'',25,1),(2686,'2023-10-06 09:29:23.697232','427','BEHÖRDEN-IT-SICHERHEITSTRAINING',3,'',25,1),(2687,'2023-10-06 09:29:23.701289','426','IT-Grundlagen im Büroalltag',3,'',25,1),(2688,'2023-10-06 09:32:54.675869','488','IT-Grundlagen im Büroalltag',1,'new through import_export',25,1),(2689,'2023-10-06 09:32:54.681368','489','BEHÖRDEN-IT-SICHERHEITSTRAINING',1,'new through import_export',25,1),(2690,'2023-10-06 09:32:54.686185','490','Spezialisierung Cybersecurity Kurs 1: Cybersecurity and Mobility',1,'new through import_export',25,1),(2691,'2023-10-06 09:32:54.690043','491','Spezialisierung Cybersecurity Kurs 2: Cybersecurity and the Internet of Things',1,'new through import_export',25,1),(2692,'2023-10-06 09:32:54.695767','492','Spezialisierung Cybersecurity Kurs 3: Cybersecurity and the X-Factor',1,'new through import_export',25,1),(2693,'2023-10-06 09:32:54.699637','493','Security Awareness Training',1,'new through import_export',25,1),(2694,'2023-10-06 09:32:54.703552','494','Social Engineering',1,'new through import_export',25,1),(2695,'2023-10-06 09:32:54.707086','495','Home-Office',1,'new through import_export',25,1),(2696,'2023-10-06 09:32:54.711111','496','Security Awareness Training',1,'new through import_export',25,1),(2697,'2023-10-06 09:32:54.717083','497','Secuso Research - Results - S&P Awarness',1,'new through import_export',25,1),(2698,'2023-10-06 09:32:54.722451','498','Sicherheit im Internet',1,'new through import_export',25,1),(2699,'2023-10-06 09:32:54.727515','499','Security Awareness Trainings­plattform',1,'new through import_export',25,1),(2700,'2023-10-06 09:32:54.732115','500','Datenschutz & IT-Security am Arbeitsplatz (Teil 7 - 10)',1,'new through import_export',25,1),(2701,'2023-10-06 09:32:54.734840','501','E-Mail-Spiel \'Vorsicht, Phishing\'',1,'new through import_export',25,1),(2702,'2023-10-06 09:32:54.741798','502','KMU. Einfach Sicher. Weiterbildungsplattform',1,'new through import_export',25,1),(2703,'2023-10-06 09:32:54.747907','503','Spiele',1,'new through import_export',25,1),(2704,'2023-10-06 09:32:54.754555','504','Digitale Serious Games',1,'new through import_export',25,1),(2705,'2023-10-06 09:32:54.836714','505','Sicherheitskonzepte',1,'new through import_export',25,1),(2706,'2023-10-06 09:32:54.840839','506','IT-Sicherheit',1,'new through import_export',25,1),(2707,'2023-10-06 09:32:54.845865','507','Schulung für Informationssicherheits-Bewusstsein im Unternehmen',1,'new through import_export',25,1),(2708,'2023-10-06 09:32:54.849687','508','Zertifizierte IT-Security Schulung',1,'new through import_export',25,1),(2709,'2023-10-06 09:32:54.854484','509','IT-Sicherheit: Informationssicherheit und Security Awareness',1,'new through import_export',25,1),(2710,'2023-10-06 09:32:54.858942','510','Basisschutz-Tipps',1,'new through import_export',25,1),(2711,'2023-10-06 09:32:54.863395','511','Sicherheitskompass',1,'new through import_export',25,1),(2712,'2023-10-06 09:32:54.867299','512','Checkliste für Mitarbeiter - IT-Sicherheit im Home-Office',1,'new through import_export',25,1),(2713,'2023-10-06 09:32:54.870873','513','Leichter Einstieg - Hilfestellungen und Videos zur Sensibilisierung für die Cyber-Sicherheit',1,'new through import_export',25,1),(2714,'2023-10-06 09:32:54.877695','514','Schulung für Informationssicherheits-Bewusstsein im Unternehmen',1,'new through import_export',25,1),(2715,'2023-10-06 09:32:54.881656','515','In wenigen Schritten zum sicheren Passwort',1,'new through import_export',25,1),(2716,'2023-10-06 09:32:54.886633','516','Ransomware',1,'new through import_export',25,1),(2717,'2023-10-06 09:32:54.890608','517','Cybersecurityy-Training',1,'new through import_export',25,1),(2718,'2023-10-06 09:32:54.894797','518','Awareness-Kampagne Cybersecurity',1,'new through import_export',25,1),(2719,'2023-10-09 16:35:21.335500','519','Sicher per E-Mail kommunizieren - Mitleser unerwünscht',1,'[{\"added\": {}}]',25,1),(2720,'2023-10-09 16:40:30.858081','520','Wie können IT-Sicherheitsvorfälle vermieden werden? - Praxistipps',1,'[{\"added\": {}}]',25,1),(2721,'2023-10-09 16:42:18.739354','521','Webinar Grundlagen der IT-Sicherheit (Teil 1)',1,'[{\"added\": {}}]',25,1),(2722,'2023-10-09 16:44:49.308723','522','Datenschutzschulung für Mitarbeiter Basic',1,'[{\"added\": {}}]',25,1),(2723,'2023-10-09 16:46:18.314486','523','DsiN-Digitalführerschein (DiFü)',1,'[{\"added\": {}}]',25,1),(2724,'2023-10-09 16:48:45.771788','524','Einführung in die Cybersicherheit',1,'[{\"added\": {}}]',25,1),(2725,'2023-10-09 22:06:19.935607','15','Falscher Umgang mit kritischen und/oder sensiblen Informationen',2,'[{\"changed\": {\"fields\": [\"Beschreibung\"]}}]',9,1),(2726,'2023-10-10 07:38:39.324499','5','IT-Admin',2,'[{\"changed\": {\"fields\": [\"Zugeordnete Bedrohungsvektoren\"]}}]',19,1),(2727,'2023-10-10 07:51:18.539143','4','Führungskraft',2,'[{\"changed\": {\"fields\": [\"Zugeordnete Bedrohungsvektoren\"]}}]',19,1),(2728,'2023-10-10 07:51:54.611503','2','Sachbearbeiter*in im Außendienst',2,'[{\"changed\": {\"fields\": [\"Zugeordnete Bedrohungsvektoren\"]}}]',19,1),(2729,'2023-10-11 13:27:13.684538','8','Consumer',2,'[{\"changed\": {\"fields\": [\"Anzeigen\"]}}]',7,1),(2730,'2023-10-11 13:27:18.823005','4','Führungskraft',2,'[{\"changed\": {\"fields\": [\"Anzeigen\"]}}]',7,1),(2731,'2023-10-11 14:04:17.022321','4','Führungskraft',2,'[{\"changed\": {\"fields\": [\"Zugeordnete Bedrohungsvektoren\"]}}]',19,1),(2732,'2024-02-17 10:55:24.458457','524','Einführung in die Cybersicherheit',3,'',25,1),(2733,'2024-02-17 10:55:24.471002','523','DsiN-Digitalführerschein (DiFü)',3,'',25,1),(2734,'2024-02-17 10:55:24.477584','522','Datenschutzschulung für Mitarbeiter Basic',3,'',25,1),(2735,'2024-02-17 10:55:24.481924','521','Webinar Grundlagen der IT-Sicherheit (Teil 1)',3,'',25,1),(2736,'2024-02-17 10:55:24.486757','520','Wie können IT-Sicherheitsvorfälle vermieden werden? - Praxistipps',3,'',25,1),(2737,'2024-02-17 10:55:24.491853','519','Sicher per E-Mail kommunizieren - Mitleser unerwünscht',3,'',25,1),(2738,'2024-02-17 10:55:24.497025','518','Awareness-Kampagne Cybersecurity',3,'',25,1),(2739,'2024-02-17 10:55:24.502860','517','Cybersecurityy-Training',3,'',25,1),(2740,'2024-02-17 10:55:24.507837','516','Ransomware',3,'',25,1),(2741,'2024-02-17 10:55:24.513694','515','In wenigen Schritten zum sicheren Passwort',3,'',25,1),(2742,'2024-02-17 10:55:24.658406','514','Schulung für Informationssicherheits-Bewusstsein im Unternehmen',3,'',25,1),(2743,'2024-02-17 10:55:24.663895','513','Leichter Einstieg - Hilfestellungen und Videos zur Sensibilisierung für die Cyber-Sicherheit',3,'',25,1),(2744,'2024-02-17 10:55:24.670407','512','Checkliste für Mitarbeiter - IT-Sicherheit im Home-Office',3,'',25,1),(2745,'2024-02-17 10:55:24.675233','511','Sicherheitskompass',3,'',25,1),(2746,'2024-02-17 10:55:24.681808','510','Basisschutz-Tipps',3,'',25,1),(2747,'2024-02-17 10:55:24.731414','509','IT-Sicherheit: Informationssicherheit und Security Awareness',3,'',25,1),(2748,'2024-02-17 10:55:24.736114','508','Zertifizierte IT-Security Schulung',3,'',25,1),(2749,'2024-02-17 10:55:24.741125','507','Schulung für Informationssicherheits-Bewusstsein im Unternehmen',3,'',25,1),(2750,'2024-02-17 10:55:24.746292','506','IT-Sicherheit',3,'',25,1),(2751,'2024-02-17 10:55:24.755730','505','Sicherheitskonzepte',3,'',25,1),(2752,'2024-02-17 10:55:24.762051','504','Digitale Serious Games',3,'',25,1),(2753,'2024-02-17 10:55:24.767498','503','Spiele',3,'',25,1),(2754,'2024-02-17 10:55:24.773509','502','KMU. Einfach Sicher. Weiterbildungsplattform',3,'',25,1),(2755,'2024-02-17 10:55:24.778502','501','E-Mail-Spiel \'Vorsicht, Phishing\'',3,'',25,1),(2756,'2024-02-17 10:55:24.783418','500','Datenschutz & IT-Security am Arbeitsplatz (Teil 7 - 10)',3,'',25,1),(2757,'2024-02-17 10:55:24.787799','499','Security Awareness Trainings­plattform',3,'',25,1),(2758,'2024-02-17 10:55:24.793674','498','Sicherheit im Internet',3,'',25,1),(2759,'2024-02-17 10:55:24.798370','497','Secuso Research - Results - S&P Awarness',3,'',25,1),(2760,'2024-02-17 10:55:24.803650','496','Security Awareness Training',3,'',25,1),(2761,'2024-02-17 10:55:24.809458','495','Home-Office',3,'',25,1),(2762,'2024-02-17 10:55:24.814465','494','Social Engineering',3,'',25,1),(2763,'2024-02-17 10:55:24.861415','493','Security Awareness Training',3,'',25,1),(2764,'2024-02-17 10:55:24.866941','492','Spezialisierung Cybersecurity Kurs 3: Cybersecurity and the X-Factor',3,'',25,1),(2765,'2024-02-17 10:55:24.946722','491','Spezialisierung Cybersecurity Kurs 2: Cybersecurity and the Internet of Things',3,'',25,1),(2766,'2024-02-17 10:55:24.952252','490','Spezialisierung Cybersecurity Kurs 1: Cybersecurity and Mobility',3,'',25,1),(2767,'2024-02-17 10:55:24.957355','489','BEHÖRDEN-IT-SICHERHEITSTRAINING',3,'',25,1),(2768,'2024-02-17 10:55:24.961934','488','IT-Grundlagen im Büroalltag',3,'',25,1),(2769,'2024-02-17 11:33:36.940781','1','TG 1',1,'[{\"added\": {}}]',35,1),(2770,'2024-02-17 11:33:41.695358','2','TG 2',1,'[{\"added\": {}}]',35,1),(2771,'2024-02-17 11:33:46.136586','3','TG 3',1,'[{\"added\": {}}]',35,1),(2772,'2024-02-17 11:33:50.527582','4','TG 4',1,'[{\"added\": {}}]',35,1),(2773,'2024-02-17 11:33:54.269701','5','TG 5',1,'[{\"added\": {}}]',35,1),(2774,'2024-02-17 11:33:58.163689','6','TG 6',1,'[{\"added\": {}}]',35,1),(2775,'2024-02-17 11:34:02.357977','7','TG 7',1,'[{\"added\": {}}]',35,1),(2776,'2024-02-17 11:34:06.307657','8','TG 8',1,'[{\"added\": {}}]',35,1),(2777,'2024-02-17 11:34:10.810678','9','TG 9',1,'[{\"added\": {}}]',35,1),(2778,'2024-02-17 11:34:15.074893','10','TG 10',1,'[{\"added\": {}}]',35,1),(2779,'2024-02-17 11:34:31.452078','562','IT-Grundlagen im Büroalltag',1,'new through import_export',25,1),(2780,'2024-02-17 11:34:31.458224','563','BEHÖRDEN-IT-SICHERHEITSTRAINING',1,'new through import_export',25,1),(2781,'2024-02-17 11:34:31.462761','564','Spezialisierung Cybersecurity Kurs 1: Cybersecurity and Mobility',1,'new through import_export',25,1),(2782,'2024-02-17 11:34:31.468042','565','Spezialisierung Cybersecurity Kurs 2: Cybersecurity and the Internet of Things',1,'new through import_export',25,1),(2783,'2024-02-17 11:34:31.473702','566','Spezialisierung Cybersecurity Kurs 3: Cybersecurity and the X-Factor',1,'new through import_export',25,1),(2784,'2024-02-17 11:34:31.479590','567','Security Awareness Training',1,'new through import_export',25,1),(2785,'2024-02-17 11:34:31.484755','568','Social Engineering',1,'new through import_export',25,1),(2786,'2024-02-17 11:34:31.491454','569','Home-Office',1,'new through import_export',25,1),(2787,'2024-02-17 11:34:31.497151','570','Security Awareness Training',1,'new through import_export',25,1),(2788,'2024-02-17 11:34:31.503115','571','Secuso Research - Results - S&P Awarness',1,'new through import_export',25,1),(2789,'2024-02-17 11:34:31.508122','572','Sicher per E-Mail kommunizieren - Mitleser unerwünscht',1,'new through import_export',25,1),(2790,'2024-02-17 11:34:31.512358','573','Sicherheit im Internet',1,'new through import_export',25,1),(2791,'2024-02-17 11:34:31.518351','574','Security Awareness Trainings­plattform',1,'new through import_export',25,1),(2792,'2024-02-17 11:34:31.524692','575','Wie können IT-Sicherheitsvorfälle vermieden werden? - Praxistipps',1,'new through import_export',25,1),(2793,'2024-02-17 11:34:31.530768','576','Webinar Grundlagen der IT-Sicherheit (Teil 1)',1,'new through import_export',25,1),(2794,'2024-02-17 11:34:31.538327','577','Datenschutz & IT-Security am Arbeitsplatz (Teil 7 - 10)',1,'new through import_export',25,1),(2795,'2024-02-17 11:34:31.543541','578','Datenschutzschulung für Mitarbeiter Basic',1,'new through import_export',25,1),(2796,'2024-02-17 11:34:31.548680','579','DsiN-Digitalführerschein (DiFü)',1,'new through import_export',25,1),(2797,'2024-02-17 11:34:31.555435','580','E-Mail-Spiel \'Vorsicht, Phishing\'',1,'new through import_export',25,1),(2798,'2024-02-17 11:34:31.559731','581','Einführung in die Cybersicherheit',1,'new through import_export',25,1),(2799,'2024-02-17 11:34:31.566003','582','KMU. Einfach Sicher. Weiterbildungsplattform',1,'new through import_export',25,1),(2800,'2024-02-17 11:34:31.570597','583','Spiele',1,'new through import_export',25,1),(2801,'2024-02-17 11:34:31.575783','584','Digitale Serious Games',1,'new through import_export',25,1),(2802,'2024-02-17 11:34:31.580688','585','Sicherheitskonzepte',1,'new through import_export',25,1),(2803,'2024-02-17 11:34:31.584905','586','IT-Sicherheit',1,'new through import_export',25,1),(2804,'2024-02-17 11:34:31.590917','587','Schulung für Informationssicherheits-Bewusstsein im Unternehmen',1,'new through import_export',25,1),(2805,'2024-02-17 11:34:31.595335','588','Zertifizierte IT-Security Schulung',1,'new through import_export',25,1),(2806,'2024-02-17 11:34:31.600917','589','IT-Sicherheit: Informationssicherheit und Security Awareness',1,'new through import_export',25,1),(2807,'2024-02-17 11:34:31.606622','590','Basisschutz-Tipps',1,'new through import_export',25,1),(2808,'2024-02-17 11:34:31.611564','591','Sicherheitskompass',1,'new through import_export',25,1),(2809,'2024-02-17 11:34:31.618567','592','Checkliste für Mitarbeiter - IT-Sicherheit im Home-Office',1,'new through import_export',25,1),(2810,'2024-02-17 11:34:31.624067','593','Leichter Einstieg - Hilfestellungen und Videos zur Sensibilisierung für die Cyber-Sicherheit',1,'new through import_export',25,1),(2811,'2024-02-17 11:34:31.632638','594','Schulung für Informationssicherheits-Bewusstsein im Unternehmen',1,'new through import_export',25,1),(2812,'2024-02-17 11:34:31.638313','595','In wenigen Schritten zum sicheren Passwort',1,'new through import_export',25,1),(2813,'2024-02-17 11:34:31.649964','596','Ransomware',1,'new through import_export',25,1),(2814,'2024-02-17 11:34:31.663736','597','Cybersecurityy-Training',1,'new through import_export',25,1),(2815,'2024-02-17 11:34:31.669464','598','Awareness-Kampagne Cybersecurity',1,'new through import_export',25,1),(2816,'2024-02-19 10:34:00.334549','5','IT-Admin',2,'[{\"changed\": {\"fields\": [\"Zugeordnete Bedrohungsvektoren\"]}}]',19,1),(2817,'2024-02-19 10:34:29.735848','5','IT-Admin',2,'[{\"changed\": {\"fields\": [\"Zugeordnete Bedrohungsvektoren\"]}}]',19,1),(2818,'2024-02-19 13:05:17.487339','8','Consumer',2,'[{\"changed\": {\"fields\": [\"Anzeigen\"]}}]',7,1),(2819,'2024-02-26 14:58:50.981339','5','d_mann',1,'[{\"added\": {}}]',4,1),(2820,'2024-02-26 14:58:58.099109','5','d_mann',2,'[{\"changed\": {\"fields\": [\"Staff status\"]}}]',4,1),(2821,'2024-02-26 15:28:52.930696','5','d_mann',2,'[{\"changed\": {\"fields\": [\"Superuser status\"]}}]',4,1),(2822,'2024-02-27 08:31:21.912951','3','hullik',2,'[{\"changed\": {\"fields\": [\"Active\", \"Staff status\"]}}]',4,1),(2823,'2024-02-27 08:31:29.753628','2','hugenberg',2,'[{\"changed\": {\"fields\": [\"Active\", \"Staff status\"]}}]',4,1),(2824,'2024-03-15 15:22:07.959791','4','Arneo',2,'[{\"changed\": {\"name\": \"Kampagnen-Berechtigung\", \"object\": \"Arneo\", \"fields\": [\"Kampagnen Manager Status\"]}}]',4,1),(2825,'2024-03-15 16:23:03.072767','4','Arneo',2,'[{\"changed\": {\"fields\": [\"Email address\"]}}]',4,1),(2826,'2024-03-16 15:15:26.929983','6','flo_ramp',1,'[{\"added\": {}}]',4,1),(4209,'2024-04-08 16:30:44.038188','1','Innendienst',2,'[{\"changed\": {\"fields\": [\"Bezeichnung\"]}}]',7,1),(4210,'2024-04-08 16:30:53.858794','7','Außendienst',2,'[{\"changed\": {\"fields\": [\"Bezeichnung\"]}}]',7,1),(4211,'2024-04-18 12:03:57.953301','6','flo_ramp',2,'[{\"changed\": {\"name\": \"Kampagnen-Berechtigung\", \"object\": \"flo_ramp\", \"fields\": [\"Kampagnen Manager Status\"]}}]',4,1),(4212,'2024-04-22 17:47:10.017995','50','Durchführung von Brute-Force-Anmeldeversuchen/Passworterratungsangriffen/PC',1,'[{\"added\": {}}]',10,1),(4213,'2024-04-22 17:49:20.395211','62','Durchführung von Brute-Force-Anmeldeversuchen/Passworterratungsangriffen/PC/Geschäftsführer*in',1,'[{\"added\": {}}]',11,1),(4214,'2024-04-22 17:53:21.423736','159','GF/Durchführung von Brute-Force-Anmeldeversuchen/PC/Impuls 1',1,'[{\"added\": {}}]',15,1),(4215,'2024-04-22 17:53:57.203562','160','GF/Durchführung von Brute-Force-Anmeldeversuchen/PC/Impuls 2',1,'[{\"added\": {}}]',15,1),(4216,'2024-04-22 17:54:21.545103','161','GF/Durchführung von Brute-Force-Anmeldeversuchen/PC/Impuls 3',1,'[{\"added\": {}}]',15,1),(4217,'2024-04-22 17:55:22.020473','60','GF/Durchführung von Brute-Force-Anmeldeversuchen/PC/Impulse',1,'[{\"added\": {}}]',21,1),(4218,'2024-04-22 17:57:05.223930','60','GF/Durchführung von Brute-Force-Anmeldeversuchen/PC/Impulse',2,'[{\"changed\": {\"fields\": [\"Text zum Impuls\"]}}]',21,1),(4219,'2024-04-22 17:59:27.606208','415','Threat Awareness/GF/Durchführung von Brute-Force-Anmeldeversuchen/PC',1,'[{\"added\": {}}]',17,1),(4220,'2024-04-22 18:00:19.437931','416','Threat Identification/GF/Durchführung von Brute-Force-Anmeldeversuchen/PC',1,'[{\"added\": {}}]',17,1),(4221,'2024-04-22 18:00:58.618085','417','Threat Impact Assessment/GF/Durchführung von Brute-Force-Anmeldeversuchen/PC',1,'[{\"added\": {}}]',17,1),(4222,'2024-04-22 18:01:21.439007','418','Tactic Choice/GF/Durchführung von Brute-Force-Anmeldeversuchen/PC',1,'[{\"added\": {}}]',17,1),(4223,'2024-04-22 18:01:42.243148','419','Tactic Justification/GF/Durchführung von Brute-Force-Anmeldeversuchen/PC',1,'[{\"added\": {}}]',17,1),(4224,'2024-04-22 18:02:00.686086','420','Tactic Mastery/GF/Durchführung von Brute-Force-Anmeldeversuchen/PC',1,'[{\"added\": {}}]',17,1),(4225,'2024-04-22 18:02:54.953412','420','Tactic Mastery/GF/Durchführung von Brute-Force-Anmeldeversuchen/PC',2,'[{\"changed\": {\"fields\": [\"Text zur Frage\"]}}]',17,1),(4226,'2024-04-22 18:03:33.382697','421','Tactic Check & Follow Up/GF/Durchführung von Brute-Force-Anmeldeversuchen/PC',1,'[{\"added\": {}}]',17,1),(4227,'2024-04-22 18:07:19.833063','1587','Threat Awareness/GF/Durchführung von Brute-Force-Anmeldeversuchen/PC',1,'[{\"added\": {}}]',20,1),(4228,'2024-04-22 18:07:48.479590','1588','Threat Awareness/GF/Durchführung von Brute-Force-Anmeldeversuchen/PC',1,'[{\"added\": {}}]',20,1),(4229,'2024-04-22 18:08:19.976728','1589','Threat Awareness/GF/Durchführung von Brute-Force-Anmeldeversuchen/PC',1,'[{\"added\": {}}]',20,1),(4230,'2024-04-22 18:09:19.220052','1590','Threat Identification/GF/Durchführung von Brute-Force-Anmeldeversuchen/PC',1,'[{\"added\": {}}]',20,1),(4231,'2024-04-22 18:09:39.336616','1591','Threat Identification/GF/Durchführung von Brute-Force-Anmeldeversuchen/PC',1,'[{\"added\": {}}]',20,1),(4232,'2024-04-22 18:09:59.871771','1592','Threat Identification/GF/Durchführung von Brute-Force-Anmeldeversuchen/PC',1,'[{\"added\": {}}]',20,1),(4233,'2024-04-22 18:10:17.543543','1593','Threat Impact Assessment/GF/Durchführung von Brute-Force-Anmeldeversuchen/PC',1,'[{\"added\": {}}]',20,1),(4234,'2024-04-22 18:10:41.384080','1594','Threat Impact Assessment/GF/Durchführung von Brute-Force-Anmeldeversuchen/PC',1,'[{\"added\": {}}]',20,1),(4235,'2024-04-22 18:10:59.528473','1595','Threat Impact Assessment/GF/Durchführung von Brute-Force-Anmeldeversuchen/PC',1,'[{\"added\": {}}]',20,1),(4236,'2024-04-22 18:20:31.594961','1596','Tactic Choice/GF/Durchführung von Brute-Force-Anmeldeversuchen/PC',1,'[{\"added\": {}}]',20,1),(4237,'2024-04-22 18:20:48.283643','1597','Tactic Choice/GF/Durchführung von Brute-Force-Anmeldeversuchen/PC',1,'[{\"added\": {}}]',20,1),(4238,'2024-04-22 18:21:06.331904','1598','Tactic Choice/GF/Durchführung von Brute-Force-Anmeldeversuchen/PC',1,'[{\"added\": {}}]',20,1),(4239,'2024-04-22 18:21:28.918617','1599','Tactic Choice/GF/Durchführung von Brute-Force-Anmeldeversuchen/PC',1,'[{\"added\": {}}]',20,1),(4240,'2024-04-22 18:21:51.123923','1600','Tactic Justification/GF/Durchführung von Brute-Force-Anmeldeversuchen/PC',1,'[{\"added\": {}}]',20,1),(4241,'2024-04-22 18:22:07.733492','1601','Tactic Justification/GF/Durchführung von Brute-Force-Anmeldeversuchen/PC',1,'[{\"added\": {}}]',20,1),(4242,'2024-04-22 18:22:27.966664','1602','Tactic Justification/GF/Durchführung von Brute-Force-Anmeldeversuchen/PC',1,'[{\"added\": {}}]',20,1),(4243,'2024-04-22 18:22:45.329235','1603','Tactic Mastery/GF/Durchführung von Brute-Force-Anmeldeversuchen/PC',1,'[{\"added\": {}}]',20,1),(4244,'2024-04-22 18:23:02.433815','1604','Tactic Mastery/GF/Durchführung von Brute-Force-Anmeldeversuchen/PC',1,'[{\"added\": {}}]',20,1),(4245,'2024-04-22 18:23:22.371939','1605','Tactic Mastery/GF/Durchführung von Brute-Force-Anmeldeversuchen/PC',1,'[{\"added\": {}}]',20,1),(4246,'2024-04-22 18:23:45.668093','1606','Tactic Mastery/GF/Durchführung von Brute-Force-Anmeldeversuchen/PC',1,'[{\"added\": {}}]',20,1),(4247,'2024-04-22 18:24:02.115213','1607','Tactic Check & Follow Up/GF/Durchführung von Brute-Force-Anmeldeversuchen/PC',1,'[{\"added\": {}}]',20,1),(4248,'2024-04-22 18:24:19.837950','1608','Tactic Check & Follow Up/GF/Durchführung von Brute-Force-Anmeldeversuchen/PC',1,'[{\"added\": {}}]',20,1),(4249,'2024-04-22 18:24:36.766926','1609','Tactic Check & Follow Up/GF/Durchführung von Brute-Force-Anmeldeversuchen/PC',1,'[{\"added\": {}}]',20,1),(4250,'2024-04-22 18:24:53.068919','1610','Tactic Check & Follow Up/GF/Durchführung von Brute-Force-Anmeldeversuchen/PC',1,'[{\"added\": {}}]',20,1),(4251,'2024-04-22 18:25:10.239001','1611','Tactic Check & Follow Up/GF/Durchführung von Brute-Force-Anmeldeversuchen/PC',1,'[{\"added\": {}}]',20,1),(4252,'2024-04-22 18:25:39.792192','396','Durchführung von Brute-Force-Anmeldeversuchen/Passworterratungsangriffen/PC/Threat Awareness/Geschäftsführer*in',1,'[{\"added\": {}}]',18,1),(4253,'2024-04-22 18:25:56.677039','397','Durchführung von Brute-Force-Anmeldeversuchen/Passworterratungsangriffen/PC/Threat Identification/Geschäftsführer*in',1,'[{\"added\": {}}]',18,1),(4254,'2024-04-22 18:26:12.036077','398','Durchführung von Brute-Force-Anmeldeversuchen/Passworterratungsangriffen/PC/Threat Impact Assessment/Geschäftsführer*in',1,'[{\"added\": {}}]',18,1),(4255,'2024-04-22 18:26:25.968410','399','Durchführung von Brute-Force-Anmeldeversuchen/Passworterratungsangriffen/PC/Tactic Choice/Geschäftsführer*in',1,'[{\"added\": {}}]',18,1),(4256,'2024-04-22 18:26:43.337860','400','Durchführung von Brute-Force-Anmeldeversuchen/Passworterratungsangriffen/PC/Tactic Justification/Geschäftsführer*in',1,'[{\"added\": {}}]',18,1),(4257,'2024-04-22 18:26:56.239797','401','Durchführung von Brute-Force-Anmeldeversuchen/Passworterratungsangriffen/PC/Tactic Mastery/Geschäftsführer*in',1,'[{\"added\": {}}]',18,1),(4258,'2024-04-22 18:27:09.669462','402','Durchführung von Brute-Force-Anmeldeversuchen/Passworterratungsangriffen/PC/Tactic Check & Follow-Up/Geschäftsführer*in',1,'[{\"added\": {}}]',18,1),(4259,'2024-04-22 18:27:30.515258','7','Geschäftsführer*in',2,'[{\"changed\": {\"fields\": [\"Zugeordnete Bedrohungsvektoren\"]}}]',19,1),(4260,'2024-04-22 18:30:07.609568','1587','Threat Awareness/GF/Durchführung von Brute-Force-Anmeldeversuchen/PC',2,'[{\"changed\": {\"fields\": [\"Antwortoption\"]}}]',20,1),(4261,'2024-04-22 18:30:18.628689','1588','Threat Awareness/GF/Durchführung von Brute-Force-Anmeldeversuchen/PC',2,'[{\"changed\": {\"fields\": [\"Antwortoption\"]}}]',20,1),(4262,'2024-04-22 18:30:27.846656','1589','Threat Awareness/GF/Durchführung von Brute-Force-Anmeldeversuchen/PC',2,'[{\"changed\": {\"fields\": [\"Antwortoption\"]}}]',20,1),(4263,'2024-04-22 18:30:47.156716','159','GF/Durchführung von Brute-Force-Anmeldeversuchen/PC/Impuls 1',2,'[{\"changed\": {\"fields\": [\"Text zur Bild-Datei\"]}}]',15,1),(4264,'2024-04-22 18:30:57.603076','160','GF/Durchführung von Brute-Force-Anmeldeversuchen/PC/Impuls 2',2,'[{\"changed\": {\"fields\": [\"Text zur Bild-Datei\"]}}]',15,1),(4265,'2024-04-22 18:31:08.691931','161','GF/Durchführung von Brute-Force-Anmeldeversuchen/PC/Impuls 3',2,'[{\"changed\": {\"fields\": [\"Text zur Bild-Datei\"]}}]',15,1),(4266,'2024-04-22 18:45:25.329484','6','flo_ramp',2,'[{\"changed\": {\"name\": \"Kampagnen-Berechtigung\", \"object\": \"flo_ramp\", \"fields\": [\"Kampagnen Manager Status\"]}}]',4,1),(4267,'2024-04-22 18:57:21.315884','51','Kompromittierung von Informationssystemen/USB-Stick',1,'[{\"added\": {}}]',10,1),(4268,'2024-04-22 18:58:44.186236','51','Kompromittierung von Informationssystemen/Telefon',2,'[{\"changed\": {\"fields\": [\"Zugeordneter Bedrohungsbereich\"]}}]',10,1),(4269,'2024-04-22 18:59:19.960964','63','Kompromittierung von Informationssystemen/Telefon/Geschäftsführer*in',1,'[{\"added\": {}}]',11,1),(4270,'2024-04-22 19:00:37.987125','162','GF/Kompromittierung von Informationssystemen oder Geräten/Telefon/Impuls 1',1,'[{\"added\": {}}]',15,1),(4271,'2024-04-22 19:01:13.246739','163','GF/Kompromittierung von Informationssystemen oder Geräten/Telefon/Impuls 2',1,'[{\"added\": {}}]',15,1),(4272,'2024-04-22 19:01:37.294921','164','GF/Kompromittierung von Informationssystemen oder Geräten/Telefon/Impuls 3',1,'[{\"added\": {}}]',15,1),(4273,'2024-04-22 19:02:13.937717','61','GF/Kompromittierung von Informationssystemen oder Geräten/Telefon/Impulse',1,'[{\"added\": {}}]',21,1),(4274,'2024-04-22 19:02:27.194329','61','GF/Kompromittierung von Informationssystemen oder Geräten/Telefon/Impulse',2,'[{\"changed\": {\"fields\": [\"Text zum Impuls\"]}}]',21,1),(4275,'2024-04-22 19:03:37.815344','422','Threat Awareness/GF/Kompromittierung von Informationssystemen oder Geräten/Telefon',1,'[{\"added\": {}}]',17,1),(4276,'2024-04-22 19:04:19.089868','423','Threat Identification/GF/Kompromittierung von Informationssystemen oder Geräten/Telefon',1,'[{\"added\": {}}]',17,1),(4277,'2024-04-22 19:04:51.573094','424','Threat Impact Assessment/GF/Kompromittierung von Informationssystemen oder Geräten/Telefon',1,'[{\"added\": {}}]',17,1),(4278,'2024-04-22 19:05:17.461535','425','Tactic Choice/GF/Kompromittierung von Informationssystemen oder Geräten/Telefon',1,'[{\"added\": {}}]',17,1),(4279,'2024-04-22 19:05:37.543906','426','Tactic Justification/GF/Kompromittierung von Informationssystemen oder Geräten/Telefon',1,'[{\"added\": {}}]',17,1),(4280,'2024-04-22 19:05:59.976076','427','Tactic Mastery/GF/Kompromittierung von Informationssystemen oder Geräten/Telefon',1,'[{\"added\": {}}]',17,1),(4281,'2024-04-22 19:06:21.704573','428','Tactic Check & Follow Up/GF/Kompromittierung von Informationssystemen oder Geräten/Telefon',1,'[{\"added\": {}}]',17,1),(4282,'2024-04-22 19:06:55.977846','1612','Threat Awareness/GF/Kompromittierung von Informationssystemen oder Geräten/Telefon',1,'[{\"added\": {}}]',20,1),(4283,'2024-04-22 19:07:14.231530','1613','Threat Awareness/GF/Kompromittierung von Informationssystemen oder Geräten/Telefon',1,'[{\"added\": {}}]',20,1),(4284,'2024-04-22 19:07:28.327662','1614','Threat Awareness/GF/Kompromittierung von Informationssystemen oder Geräten/Telefon',1,'[{\"added\": {}}]',20,1),(4285,'2024-04-22 19:07:53.496136','1615','Threat Identification/GF/Kompromittierung von Informationssystemen oder Geräten/Telefon',1,'[{\"added\": {}}]',20,1),(4286,'2024-04-22 19:08:13.513618','1616','Threat Identification/GF/Kompromittierung von Informationssystemen oder Geräten/Telefon',1,'[{\"added\": {}}]',20,1),(4287,'2024-04-22 19:08:31.955121','1617','Threat Identification/GF/Kompromittierung von Informationssystemen oder Geräten/Telefon',1,'[{\"added\": {}}]',20,1),(4288,'2024-04-22 19:08:52.708602','1618','Threat Identification/GF/Kompromittierung von Informationssystemen oder Geräten/Telefon',1,'[{\"added\": {}}]',20,1),(4289,'2024-04-22 19:09:11.314132','1619','Threat Impact Assessment/GF/Kompromittierung von Informationssystemen oder Geräten/Telefon',1,'[{\"added\": {}}]',20,1),(4290,'2024-04-22 19:09:28.857510','1620','Threat Impact Assessment/GF/Kompromittierung von Informationssystemen oder Geräten/Telefon',1,'[{\"added\": {}}]',20,1),(4291,'2024-04-22 19:09:47.599022','1621','Threat Impact Assessment/GF/Kompromittierung von Informationssystemen oder Geräten/Telefon',1,'[{\"added\": {}}]',20,1),(4292,'2024-04-22 19:10:52.496519','1622','Threat Impact Assessment/GF/Kompromittierung von Informationssystemen oder Geräten/Telefon',1,'[{\"added\": {}}]',20,1),(4293,'2024-04-22 19:11:26.866472','1623','Tactic Choice/GF/Kompromittierung von Informationssystemen oder Geräten/Telefon',1,'[{\"added\": {}}]',20,1),(4294,'2024-04-22 19:11:57.962455','1624','Tactic Choice/GF/Kompromittierung von Informationssystemen oder Geräten/Telefon',1,'[{\"added\": {}}]',20,1),(4295,'2024-04-22 19:12:19.336485','1625','Tactic Choice/GF/Kompromittierung von Informationssystemen oder Geräten/Telefon',1,'[{\"added\": {}}]',20,1),(4296,'2024-04-22 19:12:35.686191','1626','Tactic Choice/GF/Kompromittierung von Informationssystemen oder Geräten/Telefon',1,'[{\"added\": {}}]',20,1),(4297,'2024-04-22 19:12:54.025653','1627','Tactic Choice/GF/Kompromittierung von Informationssystemen oder Geräten/Telefon',1,'[{\"added\": {}}]',20,1),(4298,'2024-04-22 19:13:14.035844','1628','Tactic Justification/GF/Kompromittierung von Informationssystemen oder Geräten/Telefon',1,'[{\"added\": {}}]',20,1),(4299,'2024-04-22 19:13:35.657724','1629','Tactic Justification/GF/Kompromittierung von Informationssystemen oder Geräten/Telefon',1,'[{\"added\": {}}]',20,1),(4300,'2024-04-22 19:13:50.683213','1630','Tactic Justification/GF/Kompromittierung von Informationssystemen oder Geräten/Telefon',1,'[{\"added\": {}}]',20,1),(4301,'2024-04-22 19:14:08.808419','1631','Tactic Mastery/GF/Kompromittierung von Informationssystemen oder Geräten/Telefon',1,'[{\"added\": {}}]',20,1),(4302,'2024-04-22 19:14:26.546579','1632','Tactic Mastery/GF/Kompromittierung von Informationssystemen oder Geräten/Telefon',1,'[{\"added\": {}}]',20,1),(4303,'2024-04-22 19:14:41.011886','1633','Tactic Mastery/GF/Kompromittierung von Informationssystemen oder Geräten/Telefon',1,'[{\"added\": {}}]',20,1),(4304,'2024-04-22 19:14:55.151375','1634','Tactic Mastery/GF/Kompromittierung von Informationssystemen oder Geräten/Telefon',1,'[{\"added\": {}}]',20,1),(4305,'2024-04-22 19:15:11.294842','1635','Tactic Mastery/GF/Kompromittierung von Informationssystemen oder Geräten/Telefon',1,'[{\"added\": {}}]',20,1),(4306,'2024-04-22 19:15:26.708534','1636','Tactic Check & Follow Up/GF/Kompromittierung von Informationssystemen oder Geräten/Telefon',1,'[{\"added\": {}}]',20,1),(4307,'2024-04-22 19:15:58.000294','1637','Tactic Check & Follow Up/GF/Kompromittierung von Informationssystemen oder Geräten/Telefon',1,'[{\"added\": {}}]',20,1),(4308,'2024-04-22 19:16:16.260523','1638','Tactic Check & Follow Up/GF/Kompromittierung von Informationssystemen oder Geräten/Telefon',1,'[{\"added\": {}}]',20,1),(4309,'2024-04-22 19:16:30.392558','1639','Tactic Check & Follow Up/GF/Kompromittierung von Informationssystemen oder Geräten/Telefon',1,'[{\"added\": {}}]',20,1),(4310,'2024-04-22 19:16:55.677641','403','Kompromittierung von Informationssystemen/Telefon/Threat Awareness/Geschäftsführer*in',1,'[{\"added\": {}}]',18,1),(4311,'2024-04-22 19:17:13.368012','404','Kompromittierung von Informationssystemen/Telefon/Threat Identification/Geschäftsführer*in',1,'[{\"added\": {}}]',18,1),(4312,'2024-04-22 19:17:28.913646','405','Kompromittierung von Informationssystemen/Telefon/Threat Impact Assessment/Geschäftsführer*in',1,'[{\"added\": {}}]',18,1),(4313,'2024-04-22 19:17:50.058620','406','Kompromittierung von Informationssystemen/Telefon/Tactic Choice/Geschäftsführer*in',1,'[{\"added\": {}}]',18,1),(4314,'2024-04-22 19:18:05.601116','407','Kompromittierung von Informationssystemen/Telefon/Tactic Justification/Geschäftsführer*in',1,'[{\"added\": {}}]',18,1),(4315,'2024-04-22 19:18:20.276377','408','Kompromittierung von Informationssystemen/Telefon/Tactic Mastery/Geschäftsführer*in',1,'[{\"added\": {}}]',18,1),(4316,'2024-04-22 19:18:33.312777','409','Kompromittierung von Informationssystemen/Telefon/Tactic Check & Follow-Up/Geschäftsführer*in',1,'[{\"added\": {}}]',18,1),(4317,'2024-04-22 19:18:47.861310','7','Geschäftsführer*in',2,'[{\"changed\": {\"fields\": [\"Zugeordnete Bedrohungsvektoren\"]}}]',19,1),(4318,'2024-04-22 19:20:09.326942','408','Kompromittierung von Informationssystemen/Telefon/Tactic Mastery/Geschäftsführer*in',2,'[{\"changed\": {\"fields\": [\"Zugeordneter Impuls\"]}}]',18,1),(4319,'2024-04-22 19:20:19.552519','409','Kompromittierung von Informationssystemen/Telefon/Tactic Check & Follow-Up/Geschäftsführer*in',2,'[{\"changed\": {\"fields\": [\"Zugeordneter Impuls\"]}}]',18,1),(4320,'2024-04-22 19:32:11.543064','40','Spear Phishing',1,'[{\"added\": {}}]',9,1),(4321,'2024-04-22 19:32:45.849467','52','Spear Phishing/Instantmessenger',1,'[{\"added\": {}}]',10,1),(4322,'2024-04-22 19:33:25.240761','64','Spear Phishing/Instantmessenger/Geschäftsführer*in',1,'[{\"added\": {}}]',11,1),(4323,'2024-04-22 19:35:23.561150','10','ChatInterface object (10)',1,'[{\"added\": {}}]',12,1),(4324,'2024-04-22 19:38:45.637521','11','ChatInterface object (11)',1,'[{\"added\": {}}]',12,1),(4325,'2024-04-22 19:47:27.955665','1','Innendienst',2,'[{\"changed\": {\"fields\": [\"Zugeordnete Bedrohungsvektoren\"]}}]',19,1),(4326,'2024-04-22 20:40:07.011620','16','GF/Einschleusen von Malware/Mailsystem/Email 1',1,'[{\"added\": {}}]',14,1),(4327,'2024-04-22 20:41:06.854650','17','GF/Einschleusen von Malware/Mailsystem/Email 2',1,'[{\"added\": {}}]',14,1),(4328,'2024-04-22 20:42:01.330038','18','GF/Einschleusen von Malware/Mailsystem/Email 3',1,'[{\"added\": {}}]',14,1),(4329,'2024-04-22 20:42:29.726514','62','GF/Einschleusen von Malware/Mailsystem/Email Impulse',1,'[{\"added\": {}}]',22,1),(4330,'2024-04-22 20:44:33.867241','65','Einschleusen modifizierter Malware in interne Informationssysteme der Organisation/Mailsystem/Geschäftsführer*in',1,'[{\"added\": {}}]',11,1),(4331,'2024-04-22 20:45:04.830087','429','Threat Awareness/GF/Einschleusen von Malware/Mailsystem',1,'[{\"added\": {}}]',17,1),(4332,'2024-04-22 20:46:29.515259','410','Einschleusen modifizierter Malware in interne Informationssysteme der Organisation/Mailsystem/Threat Awareness/Geschäftsführer*in',1,'[{\"added\": {}}]',18,1),(4333,'2024-04-22 20:47:09.243927','7','Geschäftsführer*in',2,'[{\"changed\": {\"fields\": [\"Zugeordnete Bedrohungsvektoren\"]}}]',19,1),(4334,'2024-04-22 20:47:34.492670','65','Einschleusen bekannter Malware in interne Informationssysteme der Organisation/Mailsystem/Geschäftsführer*in',2,'[{\"changed\": {\"fields\": [\"Zugeordneter Bedrohungsvektor\"]}}]',11,1),(4335,'2024-04-23 07:47:26.633205','18','GF/Einschleusen von Malware/Mailsystem/Email 3',2,'[]',14,1),(4336,'2024-04-23 07:48:03.710627','18','GF/Einschleusen von Malware/Mailsystem/Email 3',2,'[{\"changed\": {\"fields\": [\"Inhalt\"]}}]',14,1),(4337,'2024-04-23 07:48:28.829905','16','GF/Einschleusen von Malware/Mailsystem/Email 1',2,'[{\"changed\": {\"fields\": [\"Inhalt\"]}}]',14,1),(4338,'2024-04-23 07:49:15.541964','430','Threat Identification/GF/Einschleusen von Malware/Mailsystem',1,'[{\"added\": {}}]',17,1),(4339,'2024-04-23 07:49:40.345942','431','Threat Impact Asessment/GF/Einschleusen von Malware/Mailsystem',1,'[{\"added\": {}}]',17,1),(4340,'2024-04-23 07:50:07.354190','432','Tactic Choice/GF/Einschleusen von Malware/Mailsystem',1,'[{\"added\": {}}]',17,1),(4341,'2024-04-23 07:50:29.379938','433','Tactic Justification/GF/Einschleusen von Malware/Mailsystem',1,'[{\"added\": {}}]',17,1),(4342,'2024-04-23 07:50:50.670036','434','Tactic Mastery/GF/Einschleusen von Malware/Mailsystem',1,'[{\"added\": {}}]',17,1),(4343,'2024-04-23 07:51:15.971411','435','Tactic Check & Follow Up/GF/Einschleusen von Malware/Mailsystem',1,'[{\"added\": {}}]',17,1),(4344,'2024-04-23 08:02:36.189785','1640','Threat Identification/GF/Einschleusen von Malware/Mailsystem',1,'[{\"added\": {}}]',20,1),(4345,'2024-04-23 08:03:05.820962','1641','Threat Identification/GF/Einschleusen von Malware/Mailsystem',1,'[{\"added\": {}}]',20,1),(4346,'2024-04-23 08:03:27.405931','1642','Threat Identification/GF/Einschleusen von Malware/Mailsystem',1,'[{\"added\": {}}]',20,1),(4347,'2024-04-23 08:03:43.761344','1643','Threat Identification/GF/Einschleusen von Malware/Mailsystem',1,'[{\"added\": {}}]',20,1),(4348,'2024-04-23 08:04:01.420922','1644','Threat Identification/GF/Einschleusen von Malware/Mailsystem',1,'[{\"added\": {}}]',20,1),(4349,'2024-04-23 08:05:23.120858','1645','Threat Impact Asessment/GF/Einschleusen von Malware/Mailsystem',1,'[{\"added\": {}}]',20,1),(4350,'2024-04-23 08:06:48.014842','1646','Threat Impact Asessment/GF/Einschleusen von Malware/Mailsystem',1,'[{\"added\": {}}]',20,1),(4351,'2024-04-23 08:07:19.491642','1647','Threat Impact Asessment/GF/Einschleusen von Malware/Mailsystem',1,'[{\"added\": {}}]',20,1),(4352,'2024-04-23 08:07:40.880078','1648','Threat Impact Asessment/GF/Einschleusen von Malware/Mailsystem',1,'[{\"added\": {}}]',20,1),(4353,'2024-04-23 08:08:08.852271','1649','Threat Impact Asessment/GF/Einschleusen von Malware/Mailsystem',1,'[{\"added\": {}}]',20,1),(4354,'2024-04-23 08:11:01.034463','1645','Threat Impact Asessment/GF/Einschleusen von Malware/Mailsystem',2,'[{\"changed\": {\"fields\": [\"Bewertung der Antwortoption\"]}}]',20,1),(4355,'2024-04-23 08:11:36.048199','1650','Tactic Choice/GF/Einschleusen von Malware/Mailsystem',1,'[{\"added\": {}}]',20,1),(4356,'2024-04-23 08:12:07.249208','1651','Tactic Choice/GF/Einschleusen von Malware/Mailsystem',1,'[{\"added\": {}}]',20,1),(4357,'2024-04-23 08:12:30.892552','1652','Tactic Choice/GF/Einschleusen von Malware/Mailsystem',1,'[{\"added\": {}}]',20,1),(4358,'2024-04-23 08:12:49.593968','1653','Tactic Choice/GF/Einschleusen von Malware/Mailsystem',1,'[{\"added\": {}}]',20,1),(4359,'2024-04-23 08:13:20.522038','1654','Tactic Justification/GF/Einschleusen von Malware/Mailsystem',1,'[{\"added\": {}}]',20,1),(4360,'2024-04-23 08:13:41.065354','1655','Tactic Justification/GF/Einschleusen von Malware/Mailsystem',1,'[{\"added\": {}}]',20,1),(4361,'2024-04-23 08:14:02.457705','1656','Tactic Justification/GF/Einschleusen von Malware/Mailsystem',1,'[{\"added\": {}}]',20,1),(4362,'2024-04-23 08:14:18.930908','1657','Tactic Mastery/GF/Einschleusen von Malware/Mailsystem',1,'[{\"added\": {}}]',20,1),(4363,'2024-04-23 08:14:35.873619','1658','Tactic Mastery/GF/Einschleusen von Malware/Mailsystem',1,'[{\"added\": {}}]',20,1),(4364,'2024-04-23 08:14:58.984032','1659','Tactic Mastery/GF/Einschleusen von Malware/Mailsystem',1,'[{\"added\": {}}]',20,1),(4365,'2024-04-23 08:15:18.180593','1660','Tactic Mastery/GF/Einschleusen von Malware/Mailsystem',1,'[{\"added\": {}}]',20,1),(4366,'2024-04-23 08:15:34.303150','1661','Tactic Check & Follow Up/GF/Einschleusen von Malware/Mailsystem',1,'[{\"added\": {}}]',20,1),(4367,'2024-04-23 08:15:51.628596','1662','Tactic Check & Follow Up/GF/Einschleusen von Malware/Mailsystem',1,'[{\"added\": {}}]',20,1),(4368,'2024-04-23 08:16:19.688130','411','Einschleusen bekannter Malware in interne Informationssysteme der Organisation/Mailsystem/Threat Awareness/Geschäftsführer*in',1,'[{\"added\": {}}]',18,1),(4369,'2024-04-23 08:16:39.667019','411','Einschleusen bekannter Malware in interne Informationssysteme der Organisation/Mailsystem/Threat Awareness/Geschäftsführer*in',3,'',18,1),(4370,'2024-04-23 08:16:53.264881','412','Einschleusen bekannter Malware in interne Informationssysteme der Organisation/Mailsystem/Threat Identification/Geschäftsführer*in',1,'[{\"added\": {}}]',18,1),(4371,'2024-04-23 08:17:06.058407','413','Einschleusen bekannter Malware in interne Informationssysteme der Organisation/Mailsystem/Threat Impact Assessment/Geschäftsführer*in',1,'[{\"added\": {}}]',18,1),(4372,'2024-04-23 08:17:18.025549','414','Einschleusen bekannter Malware in interne Informationssysteme der Organisation/Mailsystem/Tactic Choice/Geschäftsführer*in',1,'[{\"added\": {}}]',18,1),(4373,'2024-04-23 08:17:28.799015','415','Einschleusen bekannter Malware in interne Informationssysteme der Organisation/Mailsystem/Tactic Justification/Geschäftsführer*in',1,'[{\"added\": {}}]',18,1),(4374,'2024-04-23 08:17:44.678045','416','Einschleusen bekannter Malware in interne Informationssysteme der Organisation/Mailsystem/Tactic Mastery/Geschäftsführer*in',1,'[{\"added\": {}}]',18,1),(4375,'2024-04-23 08:17:58.996087','417','Einschleusen bekannter Malware in interne Informationssysteme der Organisation/Mailsystem/Tactic Check & Follow-Up/Geschäftsführer*in',1,'[{\"added\": {}}]',18,1),(4376,'2024-04-23 08:20:28.506485','1663','Threat Awareness/GF/Einschleusen von Malware/Mailsystem',1,'[{\"added\": {}}]',20,1),(4377,'2024-04-23 08:20:42.106086','1664','Threat Awareness/GF/Einschleusen von Malware/Mailsystem',1,'[{\"added\": {}}]',20,1),(4378,'2024-04-23 08:20:58.814783','1665','Threat Awareness/GF/Einschleusen von Malware/Mailsystem',1,'[{\"added\": {}}]',20,1),(4379,'2024-04-23 10:03:50.357512','7','Geschäftsführer*in',2,'[{\"changed\": {\"fields\": [\"Zugeordnete Bedrohungssituationen\"]}}]',19,1),(4380,'2024-04-23 10:08:39.990221','4','Führungskraft',2,'[{\"changed\": {\"fields\": [\"Zugeordnete Bedrohungssituationen\"]}}]',19,1),(4381,'2024-04-23 10:12:34.166753','165','GF/Ausnutzen bekannter Schwachstellen/Samrtphone/Impuls 1',1,'[{\"added\": {}}]',15,1),(4382,'2024-04-23 10:12:55.891496','166','GF/Ausnutzen bekannter Schwachstellen/Smartphone/Impuls 2',1,'[{\"added\": {}}]',15,1),(4383,'2024-04-23 10:13:08.534201','167','GF/Ausnutzen bekannter Schwachstellen/Smartphone/Impuls 3',1,'[{\"added\": {}}]',15,1),(4384,'2024-04-23 10:13:17.448642','165','GF/Ausnutzen bekannter Schwachstellen/Smartphone/Impuls 1',2,'[{\"changed\": {\"fields\": [\"Kennung des Bildes\"]}}]',15,1),(4385,'2024-04-23 10:13:39.897866','63','GF/Ausnutzen bekannter Schwachstellen/Smartphone/Impulse',1,'[{\"added\": {}}]',21,1),(4386,'2024-04-23 10:14:42.291330','436','Threat Awareness/GF/Ausnutzen bekannter Schwachstellen/Smartphone',1,'[{\"added\": {}}]',17,1),(4387,'2024-04-23 10:15:15.515177','1666','Threat Awareness/GF/Ausnutzen bekannter Schwachstellen/Smartphone',1,'[{\"added\": {}}]',20,1),(4388,'2024-04-23 10:15:27.167052','1667','Threat Awareness/GF/Ausnutzen bekannter Schwachstellen/Smartphone',1,'[{\"added\": {}}]',20,1),(4389,'2024-04-23 10:15:40.564756','1668','Threat Awareness/GF/Ausnutzen bekannter Schwachstellen/Smartphone',1,'[{\"added\": {}}]',20,1),(4390,'2024-04-23 10:16:51.676086','22','Smartphone',1,'[{\"added\": {}}]',8,1),(4391,'2024-04-23 10:17:05.592215','53','Ausnutzen bekannter Schwachstellen in mobilen Systemen (z. B. Laptops, PDAs, Smartphones)/Smartphone',1,'[{\"added\": {}}]',10,1),(4392,'2024-04-23 10:17:28.647418','66','Ausnutzen bekannter Schwachstellen in mobilen Systemen (z. B. Laptops, PDAs, Smartphones)/Smartphone/Geschäftsführer*in',1,'[{\"added\": {}}]',11,1),(4393,'2024-04-23 10:17:48.167506','418','Ausnutzen bekannter Schwachstellen in mobilen Systemen (z. B. Laptops, PDAs, Smartphones)/Smartphone/Threat Awareness/Geschäftsführer*in',1,'[{\"added\": {}}]',18,1),(4394,'2024-04-23 10:17:57.429343','7','Geschäftsführer*in',2,'[{\"changed\": {\"fields\": [\"Zugeordnete Bedrohungssituationen\"]}}]',19,1),(4395,'2024-04-23 12:24:58.839679','7','Geschäftsführer*in',2,'[]',19,1),(4396,'2024-04-23 12:28:06.875496','7','khang',1,'[{\"added\": {}}]',4,1),(4397,'2024-04-23 12:34:57.512590','7','khang',2,'[{\"changed\": {\"fields\": [\"password\"]}}]',4,1),(4398,'2024-04-23 12:48:43.421431','6','flo_ramp',3,'',4,1),(4399,'2024-04-23 12:48:59.101060','8','flo_ramp',1,'[{\"added\": {}}]',4,1),(4400,'2024-04-23 13:31:25.247685','437','Threat Identification/GF/Ausnutzen bekannter Schwachstellen/Smartphone',1,'[{\"added\": {}}]',17,1),(4401,'2024-04-23 13:31:56.707647','438','Threat Impact Assessment/GF/Ausnutzen bekannter Schwachstellen/Smartphone',1,'[{\"added\": {}}]',17,1),(4402,'2024-04-23 13:32:35.752361','439','Tactic Choice/GF/Ausnutzen bekannter Schwachstellen/Smartphone',1,'[{\"added\": {}}]',17,1),(4403,'2024-04-23 13:33:11.098031','440','Tactic Justification/GF/Ausnutzen bekannter Schwachstellen/Smartphone',1,'[{\"added\": {}}]',17,1),(4404,'2024-04-23 13:33:27.434633','441','Tactic Mastery/GF/Ausnutzen bekannter Schwachstellen/Smartphone',1,'[{\"added\": {}}]',17,1),(4405,'2024-04-23 13:33:52.243874','442','Tactic Check & Follow Up/GF/Ausnutzen bekannter Schwachstellen/Smartphone',1,'[{\"added\": {}}]',17,1),(4406,'2024-04-23 13:34:21.494951','1669','Threat Identification/GF/Ausnutzen bekannter Schwachstellen/Smartphone',1,'[{\"added\": {}}]',20,1),(4407,'2024-04-23 13:34:47.563960','1670','Threat Identification/GF/Ausnutzen bekannter Schwachstellen/Smartphone',1,'[{\"added\": {}}]',20,1),(4408,'2024-04-23 13:35:15.983320','1671','Threat Identification/GF/Ausnutzen bekannter Schwachstellen/Smartphone',1,'[{\"added\": {}}]',20,1),(4409,'2024-04-23 13:35:50.676089','1672','Threat Impact Assessment/GF/Ausnutzen bekannter Schwachstellen/Smartphone',1,'[{\"added\": {}}]',20,1),(4410,'2024-04-23 13:36:09.516926','1673','Threat Impact Assessment/GF/Ausnutzen bekannter Schwachstellen/Smartphone',1,'[{\"added\": {}}]',20,1),(4411,'2024-04-23 13:36:30.896968','1674','Threat Impact Assessment/GF/Ausnutzen bekannter Schwachstellen/Smartphone',1,'[{\"added\": {}}]',20,1),(4412,'2024-04-23 13:36:49.964181','1675','Threat Impact Assessment/GF/Ausnutzen bekannter Schwachstellen/Smartphone',1,'[{\"added\": {}}]',20,1),(4413,'2024-04-23 13:37:09.461502','1676','Tactic Choice/GF/Ausnutzen bekannter Schwachstellen/Smartphone',1,'[{\"added\": {}}]',20,1),(4414,'2024-04-23 13:37:30.030078','1677','Tactic Choice/GF/Ausnutzen bekannter Schwachstellen/Smartphone',1,'[{\"added\": {}}]',20,1),(4415,'2024-04-23 13:37:47.369921','1678','Tactic Choice/GF/Ausnutzen bekannter Schwachstellen/Smartphone',1,'[{\"added\": {}}]',20,1),(4416,'2024-04-23 13:38:05.278438','1679','Tactic Choice/GF/Ausnutzen bekannter Schwachstellen/Smartphone',1,'[{\"added\": {}}]',20,1),(4417,'2024-04-23 13:38:40.561758','1680','Tactic Justification/GF/Ausnutzen bekannter Schwachstellen/Smartphone',1,'[{\"added\": {}}]',20,1),(4418,'2024-04-23 13:38:56.233238','1681','Tactic Justification/GF/Ausnutzen bekannter Schwachstellen/Smartphone',1,'[{\"added\": {}}]',20,1),(4419,'2024-04-23 13:39:09.704207','1682','Tactic Justification/GF/Ausnutzen bekannter Schwachstellen/Smartphone',1,'[{\"added\": {}}]',20,1),(4420,'2024-04-23 13:39:30.602257','1683','Tactic Mastery/GF/Ausnutzen bekannter Schwachstellen/Smartphone',1,'[{\"added\": {}}]',20,1),(4421,'2024-04-23 13:39:49.678789','1684','Tactic Mastery/GF/Ausnutzen bekannter Schwachstellen/Smartphone',1,'[{\"added\": {}}]',20,1),(4422,'2024-04-23 13:40:07.009417','1685','Tactic Mastery/GF/Ausnutzen bekannter Schwachstellen/Smartphone',1,'[{\"added\": {}}]',20,1),(4423,'2024-04-23 13:40:25.481349','1686','Tactic Mastery/GF/Ausnutzen bekannter Schwachstellen/Smartphone',1,'[{\"added\": {}}]',20,1),(4424,'2024-04-23 13:40:44.285663','1687','Tactic Check & Follow Up/GF/Ausnutzen bekannter Schwachstellen/Smartphone',1,'[{\"added\": {}}]',20,1),(4425,'2024-04-23 13:41:00.572448','1688','Tactic Check & Follow Up/GF/Ausnutzen bekannter Schwachstellen/Smartphone',1,'[{\"added\": {}}]',20,1),(4426,'2024-04-23 13:41:14.895173','1689','Tactic Check & Follow Up/GF/Ausnutzen bekannter Schwachstellen/Smartphone',1,'[{\"added\": {}}]',20,1),(4427,'2024-04-23 13:41:33.925165','419','Ausnutzen bekannter Schwachstellen in mobilen Systemen (z. B. Laptops, PDAs, Smartphones)/Smartphone/Threat Identification/Geschäftsführer*in',1,'[{\"added\": {}}]',18,1),(4428,'2024-04-23 13:41:51.665500','420','Ausnutzen bekannter Schwachstellen in mobilen Systemen (z. B. Laptops, PDAs, Smartphones)/Smartphone/Threat Impact Assessment/Geschäftsführer*in',1,'[{\"added\": {}}]',18,1),(4429,'2024-04-23 13:42:06.138383','421','Ausnutzen bekannter Schwachstellen in mobilen Systemen (z. B. Laptops, PDAs, Smartphones)/Smartphone/Tactic Choice/Geschäftsführer*in',1,'[{\"added\": {}}]',18,1),(4430,'2024-04-23 13:42:18.256276','422','Ausnutzen bekannter Schwachstellen in mobilen Systemen (z. B. Laptops, PDAs, Smartphones)/Smartphone/Tactic Justification/Geschäftsführer*in',1,'[{\"added\": {}}]',18,1),(4431,'2024-04-23 13:42:35.293528','423','Ausnutzen bekannter Schwachstellen in mobilen Systemen (z. B. Laptops, PDAs, Smartphones)/Smartphone/Tactic Mastery/Geschäftsführer*in',1,'[{\"added\": {}}]',18,1),(4432,'2024-04-23 13:42:54.869763','424','Ausnutzen bekannter Schwachstellen in mobilen Systemen (z. B. Laptops, PDAs, Smartphones)/Smartphone/Tactic Check & Follow-Up/Geschäftsführer*in',1,'[{\"added\": {}}]',18,1),(4433,'2024-04-23 13:46:43.698380','54','Spear Phishing/Instantmessenger',1,'[{\"added\": {}}]',10,1),(4434,'2024-04-23 13:47:03.980196','54','Spear Phishing/Instantmessenger',3,'',10,1),(4435,'2024-04-23 13:48:54.509162','2','(Speer)-Phishing',2,'[{\"changed\": {\"fields\": [\"Bezeichnung\"]}}]',9,1),(4436,'2024-04-23 13:49:40.345396','40','Spear Phishing',3,'',9,1),(4438,'2024-04-23 13:50:27.324132','67','(Speer)-Phishing/Instantmessenger/Geschäftsführer*in',1,'[{\"added\": {}}]',11,1),(4439,'2024-04-23 13:51:30.165744','168','GF/Phishing/Instantmessenger/Impuls 1',1,'[{\"added\": {}}]',15,1),(4440,'2024-04-23 13:51:44.472164','169','GF/Phishing/Instantmessenger/Impuls 2',1,'[{\"added\": {}}]',15,1),(4441,'2024-04-23 13:51:55.537753','170','GF/Phishing/Instantmessenger/Impuls 3',1,'[{\"added\": {}}]',15,1),(4442,'2024-04-23 13:52:11.428052','64','GF/Phishing/Instantmessenger/Impulse',1,'[{\"added\": {}}]',21,1),(4443,'2024-04-23 13:52:22.409911','63','GF/Ausnutzen bekannter Schwachstellen/Smartphone/Impulse',2,'[{\"changed\": {\"fields\": [\"Text zum Impuls\"]}}]',21,1),(4444,'2024-04-23 13:52:27.986111','64','GF/Phishing/Instantmessenger/Impulse',2,'[{\"changed\": {\"fields\": [\"Text zum Impuls\"]}}]',21,1),(4445,'2024-04-23 13:53:31.883897','443','Threat Awareness/GF/(Speer)-Phishing/Instantmessenger',1,'[{\"added\": {}}]',17,1),(4446,'2024-04-23 13:54:00.663562','444','Threat Identification/GF/(Speer)-Phishing/Instantmessenger',1,'[{\"added\": {}}]',17,1),(4447,'2024-04-23 13:54:29.299329','445','Threat Impact Assessment/GF/(Speer)-Phishing/Instantmessenger',1,'[{\"added\": {}}]',17,1),(4448,'2024-04-23 13:54:54.830813','446','Tactic Choice/GF/(Speer)-Phishing/Instantmessenger',1,'[{\"added\": {}}]',17,1),(4449,'2024-04-23 13:56:01.278231','447','Tactic Justification/GF/(Speer)-Phishing/Instantmessenger',1,'[{\"added\": {}}]',17,1),(4450,'2024-04-23 13:56:38.966125','448','Tactic Mastery/GF/(Speer)-Phishing/Instantmessenger',1,'[{\"added\": {}}]',17,1),(4451,'2024-04-23 13:56:50.402184','447','Tactic Justification/GF/(Speer)-Phishing/Instantmessenger',2,'[{\"changed\": {\"fields\": [\"Text zur Frage\"]}}]',17,1),(4452,'2024-04-23 13:57:13.465618','449','Tactic Check & Follow UpGF/(Speer)-Phishing/Instantmessenger',1,'[{\"added\": {}}]',17,1),(4453,'2024-04-23 13:58:20.268717','1690','Threat Awareness/GF/(Speer)-Phishing/Instantmessenger',1,'[{\"added\": {}}]',20,1),(4454,'2024-04-23 13:58:46.481419','1691','Threat Awareness/GF/(Speer)-Phishing/Instantmessenger',1,'[{\"added\": {}}]',20,1),(4455,'2024-04-23 13:59:01.363209','1692','Threat Awareness/GF/(Speer)-Phishing/Instantmessenger',1,'[{\"added\": {}}]',20,1),(4456,'2024-04-23 13:59:24.711433','1693','Threat Identification/GF/(Speer)-Phishing/Instantmessenger',1,'[{\"added\": {}}]',20,1),(4457,'2024-04-23 13:59:42.559723','1694','Threat Identification/GF/(Speer)-Phishing/Instantmessenger',1,'[{\"added\": {}}]',20,1),(4458,'2024-04-23 14:00:00.091532','1695','Threat Identification/GF/(Speer)-Phishing/Instantmessenger',1,'[{\"added\": {}}]',20,1),(4459,'2024-04-23 14:00:16.218205','1696','Threat Identification/GF/(Speer)-Phishing/Instantmessenger',1,'[{\"added\": {}}]',20,1),(4460,'2024-04-23 14:00:35.512899','1697','Threat Identification/GF/(Speer)-Phishing/Instantmessenger',1,'[{\"added\": {}}]',20,1),(4461,'2024-04-23 14:00:52.810641','1698','Threat Impact Assessment/GF/(Speer)-Phishing/Instantmessenger',1,'[{\"added\": {}}]',20,1),(4462,'2024-04-23 14:01:09.527807','1699','Threat Impact Assessment/GF/(Speer)-Phishing/Instantmessenger',1,'[{\"added\": {}}]',20,1),(4463,'2024-04-23 14:01:35.378076','1700','Threat Impact Assessment/GF/(Speer)-Phishing/Instantmessenger',1,'[{\"added\": {}}]',20,1),(4464,'2024-04-23 14:01:55.227268','1701','Tactic Choice/GF/(Speer)-Phishing/Instantmessenger',1,'[{\"added\": {}}]',20,1),(4466,'2024-04-23 14:02:13.053348','1702','Tactic Choice/GF/(Speer)-Phishing/Instantmessenger',1,'[{\"added\": {}}]',20,1),(4467,'2024-04-23 14:02:29.918684','1703','Tactic Choice/GF/(Speer)-Phishing/Instantmessenger',1,'[{\"added\": {}}]',20,1),(4468,'2024-04-23 14:02:46.479240','1704','Tactic Choice/GF/(Speer)-Phishing/Instantmessenger',1,'[{\"added\": {}}]',20,1),(4469,'2024-04-23 14:03:03.276925','1705','Tactic Choice/GF/(Speer)-Phishing/Instantmessenger',1,'[{\"added\": {}}]',20,1),(4470,'2024-04-23 14:03:21.842780','1706','Tactic Justification/GF/(Speer)-Phishing/Instantmessenger',1,'[{\"added\": {}}]',20,1),(4471,'2024-04-23 14:03:35.231368','1707','Tactic Justification/GF/(Speer)-Phishing/Instantmessenger',1,'[{\"added\": {}}]',20,1),(4472,'2024-04-23 14:03:53.360611','1708','Tactic Justification/GF/(Speer)-Phishing/Instantmessenger',1,'[{\"added\": {}}]',20,1),(4473,'2024-04-23 14:04:12.492562','1709','Tactic Mastery/GF/(Speer)-Phishing/Instantmessenger',1,'[{\"added\": {}}]',20,1),(4474,'2024-04-23 14:04:29.476377','1710','Tactic Mastery/GF/(Speer)-Phishing/Instantmessenger',1,'[{\"added\": {}}]',20,1),(4475,'2024-04-23 14:05:01.573592','1711','Tactic Mastery/GF/(Speer)-Phishing/Instantmessenger',1,'[{\"added\": {}}]',20,1),(4476,'2024-04-23 14:05:17.373302','1712','Tactic Check & Follow UpGF/(Speer)-Phishing/Instantmessenger',1,'[{\"added\": {}}]',20,1),(4477,'2024-04-23 14:05:32.951831','1713','Tactic Check & Follow UpGF/(Speer)-Phishing/Instantmessenger',1,'[{\"added\": {}}]',20,1),(4478,'2024-04-23 14:05:47.595468','1714','Tactic Check & Follow UpGF/(Speer)-Phishing/Instantmessenger',1,'[{\"added\": {}}]',20,1),(4479,'2024-04-23 14:06:11.225315','1715','Tactic Check & Follow UpGF/(Speer)-Phishing/Instantmessenger',1,'[{\"added\": {}}]',20,1),(4480,'2024-04-23 14:06:44.881853','425','(Speer)-Phishing/Instantmessenger/Threat Awareness/Geschäftsführer*in',1,'[{\"added\": {}}]',18,1),(4481,'2024-04-23 14:07:15.424836','426','(Speer)-Phishing/Instantmessenger/Threat Identification/Geschäftsführer*in',1,'[{\"added\": {}}]',18,1),(4482,'2024-04-23 14:07:24.058669','427','(Speer)-Phishing/Instantmessenger/Threat Impact Assessment/Geschäftsführer*in',1,'[{\"added\": {}}]',18,1),(4483,'2024-04-23 14:08:00.481567','428','(Speer)-Phishing/Instantmessenger/Tactic Choice/Geschäftsführer*in',1,'[{\"added\": {}}]',18,1),(4484,'2024-04-23 14:08:12.985059','429','(Speer)-Phishing/Instantmessenger/Tactic Justification/Geschäftsführer*in',1,'[{\"added\": {}}]',18,1),(4485,'2024-04-23 14:08:25.293268','430','(Speer)-Phishing/Instantmessenger/Tactic Mastery/Geschäftsführer*in',1,'[{\"added\": {}}]',18,1),(4486,'2024-04-23 14:08:37.802274','431','(Speer)-Phishing/Instantmessenger/Tactic Check & Follow-Up/Geschäftsführer*in',1,'[{\"added\": {}}]',18,1),(4487,'2024-04-23 14:09:04.764592','7','Geschäftsführer*in',2,'[{\"changed\": {\"fields\": [\"Zugeordnete Bedrohungssituationen\"]}}]',19,1),(4488,'2024-04-23 14:11:51.109867','65','Einschleusen bekannter Malware in interne Informationssysteme der Organisation/Mailsystem/Geschäftsführer*in',2,'[{\"changed\": {\"fields\": [\"Kennung\"]}}]',11,1),(4489,'2024-04-23 14:12:03.717392','63','Kompromittierung von Informationssystemen/Telefon/Geschäftsführer*in',2,'[{\"changed\": {\"fields\": [\"Kennung\"]}}]',11,1),(4490,'2024-04-23 14:12:13.905840','62','Durchführung von Brute-Force-Anmeldeversuchen/Passworterratungsangriffen/PC/Geschäftsführer*in',2,'[{\"changed\": {\"fields\": [\"Kennung\"]}}]',11,1),(4491,'2024-04-23 14:12:32.287340','20','Kompromittierung von Informationssystemen/PC/Geschäftsführer*in',2,'[{\"changed\": {\"fields\": [\"Kennung\"]}}]',11,1),(4493,'2024-04-23 14:31:31.111675','69','(Speer)-Phishing/Mailsystem/Geschäftsführer*in',1,'[{\"added\": {}}]',11,1),(4494,'2024-04-23 14:32:44.965159','450','Threat Awareness/GF/(Speer)-Phishing/Mailsystem',1,'[{\"added\": {}}]',17,1),(4495,'2024-04-23 14:33:16.502549','451','Threat Identification/GF/(Speer)-Phishing/Mailsystem',1,'[{\"added\": {}}]',17,1),(4496,'2024-04-23 14:33:48.746607','452','Threat Impact Assessment/GF/(Speer)-Phishing/Mailsystem',1,'[{\"added\": {}}]',17,1),(4497,'2024-04-23 14:34:14.547938','453','Tactic Choice/GF/(Speer)-Phishing/Mailsystem',1,'[{\"added\": {}}]',17,1),(4498,'2024-04-23 14:35:05.023429','454','Tactic Justification/GF/(Speer)-Phishing/Mailsystem',1,'[{\"added\": {}}]',17,1),(4499,'2024-04-23 14:35:51.811263','455','Tactic Mastery/GF/(Speer)-Phishing/Mailsystem',1,'[{\"added\": {}}]',17,1),(4500,'2024-04-23 14:36:20.541183','456','Tactic Check & Follow Up/GF/(Speer)-Phishing/Mailsystem',1,'[{\"added\": {}}]',17,1),(4502,'2024-04-23 14:37:27.449695','456','Tactic Check & Follow Up/GF/(Speer)-Phishing/Mailsystem',2,'[{\"changed\": {\"fields\": [\"Text zur Frage\"]}}]',17,1),(4504,'2024-04-23 14:38:23.693910','1716','Threat Awareness/GF/(Speer)-Phishing/Mailsystem',1,'[{\"added\": {}}]',20,1),(4506,'2024-04-23 14:38:47.724285','1717','Threat Awareness/GF/(Speer)-Phishing/Mailsystem',1,'[{\"added\": {}}]',20,1),(4507,'2024-04-23 14:39:10.776273','1718','Threat Awareness/GF/(Speer)-Phishing/Mailsystem',1,'[{\"added\": {}}]',20,1),(4508,'2024-04-23 14:39:36.945155','1719','Threat Identification/GF/(Speer)-Phishing/Mailsystem',1,'[{\"added\": {}}]',20,1),(4509,'2024-04-23 14:39:54.306135','1720','Threat Identification/GF/(Speer)-Phishing/Mailsystem',1,'[{\"added\": {}}]',20,1),(4510,'2024-04-23 14:40:13.954195','1721','Threat Identification/GF/(Speer)-Phishing/Mailsystem',1,'[{\"added\": {}}]',20,1),(4511,'2024-04-23 14:40:49.419098','1722','Threat Identification/GF/(Speer)-Phishing/Mailsystem',1,'[{\"added\": {}}]',20,1),(4512,'2024-04-23 14:41:05.951570','1723','Threat Identification/GF/(Speer)-Phishing/Mailsystem',1,'[{\"added\": {}}]',20,1),(4639,'2024-04-24 08:48:31.556663','1774','Threat Impact Assessment/GF/(Speer)-Phishing/Mailsystem',1,'[{\"added\": {}}]',20,1),(4640,'2024-04-24 08:48:52.136534','1775','Threat Impact Assessment/GF/(Speer)-Phishing/Mailsystem',1,'[{\"added\": {}}]',20,1),(4641,'2024-04-24 08:49:12.981650','1776','Threat Impact Assessment/GF/(Speer)-Phishing/Mailsystem',1,'[{\"added\": {}}]',20,1),(4642,'2024-04-24 08:49:33.830228','1777','Tactic Choice/GF/(Speer)-Phishing/Mailsystem',1,'[{\"added\": {}}]',20,1),(4643,'2024-04-24 08:49:55.230501','1778','Tactic Choice/GF/(Speer)-Phishing/Mailsystem',1,'[{\"added\": {}}]',20,1),(4644,'2024-04-24 08:50:16.792263','1779','Tactic Choice/GF/(Speer)-Phishing/Mailsystem',1,'[{\"added\": {}}]',20,1),(4645,'2024-04-24 08:50:33.686530','1780','Tactic Choice/GF/(Speer)-Phishing/Mailsystem',1,'[{\"added\": {}}]',20,1),(4646,'2024-04-24 08:50:58.997856','1781','Tactic Justification/GF/(Speer)-Phishing/Instantmessenger',1,'[{\"added\": {}}]',20,1),(4647,'2024-04-24 08:51:24.951192','1782','Tactic Justification/GF/(Speer)-Phishing/Mailsystem',1,'[{\"added\": {}}]',20,1),(4648,'2024-04-24 08:51:50.528690','1783','Tactic Justification/GF/(Speer)-Phishing/Mailsystem',1,'[{\"added\": {}}]',20,1),(4649,'2024-04-24 08:52:11.194533','1784','Tactic Mastery/GF/(Speer)-Phishing/Mailsystem',1,'[{\"added\": {}}]',20,1),(4650,'2024-04-24 08:52:30.715521','1785','Tactic Mastery/GF/(Speer)-Phishing/Mailsystem',1,'[{\"added\": {}}]',20,1),(4651,'2024-04-24 08:52:55.132277','1786','Tactic Mastery/GF/(Speer)-Phishing/Mailsystem',1,'[{\"added\": {}}]',20,1),(4652,'2024-04-24 08:53:25.827816','1787','Tactic Check & Follow Up/GF/(Speer)-Phishing/Mailsystem',1,'[{\"added\": {}}]',20,1),(4653,'2024-04-24 08:53:39.641155','1788','Tactic Check & Follow Up/GF/(Speer)-Phishing/Mailsystem',1,'[{\"added\": {}}]',20,1),(4654,'2024-04-24 08:54:25.227579','1789','Tactic Check & Follow Up/GF/(Speer)-Phishing/Mailsystem',1,'[{\"added\": {}}]',20,1),(4655,'2024-04-24 08:55:01.242486','1790','Tactic Check & Follow Up/GF/(Speer)-Phishing/Mailsystem',1,'[{\"added\": {}}]',20,1),(4656,'2024-04-24 09:02:27.679836','19','GF/(Speer)-Phishing/Mailsystem/Email 1',1,'[{\"added\": {}}]',14,1),(4657,'2024-04-24 09:16:21.538883','1','api.itskompetent.uni-goettingen.de',2,'[{\"changed\": {\"fields\": [\"Domain name\", \"Display name\"]}}]',39,1),(4658,'2024-04-24 09:16:52.776165','8','flo_ramp',3,'',4,1),(4659,'2024-04-24 09:17:06.986822','9','flo',1,'[{\"added\": {}}]',4,1),(4660,'2024-04-24 09:18:58.028946','19','GF/(Speer)-Phishing/Mailsystem/Email 1',2,'[{\"changed\": {\"fields\": [\"Inhalt\"]}}]',14,1),(4661,'2024-04-24 09:21:29.627759','20','GF/(Speer)-Phishing/Mailsystem/Email 2',1,'[{\"added\": {}}]',14,1),(4662,'2024-04-24 09:21:57.436213','20','GF/(Speer)-Phishing/Mailsystem/Email 2',2,'[{\"changed\": {\"fields\": [\"Inhalt\"]}}]',14,1),(4663,'2024-04-24 09:23:55.351150','21','GF/(Speer)-Phishing/Mailsystem/Email 3',1,'[{\"added\": {}}]',14,1),(4664,'2024-04-24 09:24:11.329641','21','GF/(Speer)-Phishing/Mailsystem/Email 3',2,'[{\"changed\": {\"fields\": [\"Inhalt\"]}}]',14,1),(4665,'2024-04-24 09:24:49.707725','69','GF/(Speer)-Phishing/Mailsystem/Emails',1,'[{\"added\": {}}]',22,1),(4666,'2024-04-24 09:25:10.784426','69','GF/(Speer)-Phishing/Mailsystem/Emails',2,'[{\"changed\": {\"fields\": [\"Text zum Impuls\"]}}]',22,1),(4667,'2024-04-24 09:25:47.010598','446','(Speer)-Phishing/Mailsystem/Threat Awareness/Geschäftsführer*in',1,'[{\"added\": {}}]',18,1),(4668,'2024-04-24 09:26:07.740948','447','(Speer)-Phishing/Mailsystem/Threat Identification/Geschäftsführer*in',1,'[{\"added\": {}}]',18,1),(4669,'2024-04-24 09:26:31.272930','448','(Speer)-Phishing/Mailsystem/Threat Impact Assessment/Geschäftsführer*in',1,'[{\"added\": {}}]',18,1),(4670,'2024-04-24 09:26:53.528666','449','(Speer)-Phishing/Mailsystem/Tactic Choice/Geschäftsführer*in',1,'[{\"added\": {}}]',18,1),(4671,'2024-04-24 09:27:13.302489','450','(Speer)-Phishing/Mailsystem/Tactic Justification/Geschäftsführer*in',1,'[{\"added\": {}}]',18,1),(4672,'2024-04-24 09:27:40.599479','451','(Speer)-Phishing/Mailsystem/Tactic Mastery/Geschäftsführer*in',1,'[{\"added\": {}}]',18,1),(4673,'2024-04-24 09:28:03.737205','452','(Speer)-Phishing/Mailsystem/Tactic Check & Follow-Up/Geschäftsführer*in',1,'[{\"added\": {}}]',18,1),(4674,'2024-04-24 09:28:20.223269','7','Geschäftsführer*in',2,'[{\"changed\": {\"fields\": [\"Zugeordnete Bedrohungssituationen\"]}}]',19,1),(4675,'2024-04-24 09:39:32.035842','42','Einschleusen modifizierter Malware in interne Informationssysteme der Organisation/Internet Browser/IT-Admin',2,'[{\"changed\": {\"fields\": [\"Kennung\"]}}]',11,1),(4676,'2024-04-24 09:39:43.312041','41','Durchführung von Brute-Force-Anmeldeversuchen/Passworterratungsangriffen/Laptop/IT-Admin',2,'[{\"changed\": {\"fields\": [\"Kennung\"]}}]',11,1),(4677,'2024-04-24 09:40:04.113634','40','Durchführung einfacher/verteilter/gezielter Denial-of-Service-Angriffe (DoS)/Server/IT-Admin',2,'[{\"changed\": {\"fields\": [\"Kennung\"]}}]',11,1),(4678,'2024-04-24 09:40:12.952400','39','Umfassende Laufwerksfehler/Server/IT-Admin',2,'[{\"changed\": {\"fields\": [\"Kennung\"]}}]',11,1),(4679,'2024-04-24 09:40:29.589969','38','Durchführung von nicht zielgerichteten Zero-Day-Angriffen/Netzwerk/IT-Admin',2,'[{\"changed\": {\"fields\": [\"Kennung\"]}}]',11,1),(4680,'2024-04-24 09:40:44.023364','37','Bereitstellung gezielter Schadsoftware zur Kontrolle interner Systeme und zur Exfiltration von Daten/Mailsystem/IT-Admin',2,'[{\"changed\": {\"fields\": [\"Kennung\"]}}]',11,1),(4681,'2024-04-24 09:41:10.314732','36','Einschleusen modifizierter Malware in interne Informationssysteme der Organisation/Mailsystem/IT-Admin',2,'[{\"changed\": {\"fields\": [\"Kennung\"]}}]',11,1),(4682,'2024-04-24 09:41:25.890940','35','Durchführung von nicht zielgerichteten Zero-Day-Angriffen/Server/IT-Admin',2,'[{\"changed\": {\"fields\": [\"Kennung\"]}}]',11,1),(4683,'2024-04-24 09:41:39.895549','34','Durchführung von Brute-Force-Anmeldeversuchen/Passworterratungsangriffen/Server/IT-Admin',2,'[{\"changed\": {\"fields\": [\"Kennung\"]}}]',11,1),(4684,'2024-04-24 09:43:25.378957','18','Durchführung von nicht zielgerichteten Zero-Day-Angriffen/Server/IT-Admin',2,'[{\"changed\": {\"fields\": [\"Kennung\"]}}]',11,1),(4685,'2024-04-24 09:44:02.165808','52','Kompromittierung von Informationssystemen oder Geräten, die extern verwendet und wieder in das Unternehmen eingeschleust werden/Telefon/Außendienst',2,'[{\"changed\": {\"fields\": [\"Kennung\"]}}]',11,1),(4686,'2024-04-24 09:45:20.669082','51','Bereitstellung gezielter Schadsoftware zur Kontrolle interner Systeme und zur Exfiltration von Daten/Instantmessenger/Außendienst',2,'[{\"changed\": {\"fields\": [\"Kennung\"]}}]',11,1),(4687,'2024-04-24 09:45:42.408168','50','Einschleusen modifizierter Malware in interne Informationssysteme der Organisation/Instantmessenger/Außendienst',2,'[{\"changed\": {\"fields\": [\"Kennung\"]}}]',11,1),(4688,'2024-04-24 09:46:07.762717','49','Einschleusen bekannter Malware in interne Informationssysteme der Organisation/Instantmessenger/Außendienst',2,'[{\"changed\": {\"fields\": [\"Kennung\"]}}]',11,1),(4689,'2024-04-24 09:46:20.645067','48','(Weit verbreiteter) Festplattenfehler/USB-Stick/Außendienst',2,'[{\"changed\": {\"fields\": [\"Kennung\"]}}]',11,1),(4690,'2024-04-24 09:49:46.780319','46','(Speer)-Phishing/Social Media Systeme/Außendienst',2,'[{\"changed\": {\"fields\": [\"Kennung\"]}}]',11,1),(4691,'2024-04-24 09:50:02.618524','45','Kompromittierung von Informationssystemen/Laptop/Außendienst',2,'[{\"changed\": {\"fields\": [\"Kennung\"]}}]',11,1),(4692,'2024-04-24 09:50:20.713147','44','Verbreitung von Malware durch Bereitstellung von Wechselmedien/USB-Stick/Außendienst',2,'[{\"changed\": {\"fields\": [\"Kennung\"]}}]',11,1),(4693,'2024-04-24 10:09:35.375539','7','Geschäftsführer*in',2,'[{\"changed\": {\"fields\": [\"Zugeordnete Bedrohungssituationen\"]}}]',19,1),(4694,'2024-04-24 12:27:20.968854','43','Einschleusen bekannter Malware in interne Informationssysteme der Organisation/Mailsystem/Außendienst',2,'[{\"changed\": {\"fields\": [\"Kennung\"]}}]',11,1),(4695,'2024-04-24 12:34:46.764057','11','Social Engineering/Instantmessenger/Außendienst',2,'[{\"changed\": {\"fields\": [\"Kennung\"]}}]',11,1),(4696,'2024-04-24 12:35:17.328597','8','Kompromittierung von Informationssystemen/Laptop/Außendienst',2,'[{\"changed\": {\"fields\": [\"Kennung\"]}}]',11,1),(4697,'2024-04-24 12:35:51.991152','6','Einschleusen bekannter Malware in interne Informationssysteme der Organisation/Mailsystem/Außendienst',2,'[{\"changed\": {\"fields\": [\"Kennung\"]}}]',11,1),(4698,'2024-04-24 12:36:09.019691','11','Social Engineering/Instantmessenger/Außendienst',2,'[{\"changed\": {\"fields\": [\"Kennung\"]}}]',11,1),(4699,'2024-04-24 12:43:10.928649','60','(Weit verbreiteter) Festplattenfehler/USB-Stick/Führungskraft',2,'[{\"changed\": {\"fields\": [\"Kennung\"]}}]',11,1),(4700,'2024-04-24 12:44:28.409886','59','(Speer)-Phishing/Mailsystem/Führungskraft',2,'[{\"changed\": {\"fields\": [\"Kennung\"]}}]',11,1),(4701,'2024-04-24 12:44:50.961542','58','Social Engineering/Instantmessenger/Führungskraft',2,'[{\"changed\": {\"fields\": [\"Kennung\"]}}]',11,1),(4702,'2024-04-24 12:45:00.876114','57','(Speer)-Phishing/Instantmessenger/Führungskraft',2,'[{\"changed\": {\"fields\": [\"Kennung\"]}}]',11,1),(4703,'2024-04-24 12:45:57.608742','32','Social Engineering/Kollaborationssysteme/Führungskraft',2,'[{\"changed\": {\"fields\": [\"Kennung\"]}}]',11,1),(4704,'2024-04-24 12:46:41.615773','31','Social Engineering/Mitarbeiter/Führungskraft',2,'[{\"changed\": {\"fields\": [\"Kennung\"]}}]',11,1),(4705,'2024-04-24 12:47:06.056315','27','Schwachstellen in internen Informationssystemen (Buchhaltungssystem)/Internes Informationssystem/Führungskraft',2,'[{\"changed\": {\"fields\": [\"Kennung\"]}}]',11,1),(4706,'2024-04-24 12:47:18.926264','17','(Speer)-Phishing/Mailsystem/Führungskraft',2,'[{\"changed\": {\"fields\": [\"Kennung\"]}}]',11,1),(4707,'2024-04-24 12:54:30.008620','29','(Speer)-Phishing/Mailsystem/Innendienst',3,'',11,1),(4708,'2024-04-24 12:55:18.226923','55','Social Engineering/Social Media Systeme/Innendienst',3,'',11,1),(4709,'2024-04-24 12:55:41.770184','4','Social Engineering/Instantmessenger/Innendienst',3,'',11,1),(4710,'2024-04-24 13:00:37.465459','54','Social Engineering/Mailsystem/Innendienst',2,'[{\"changed\": {\"fields\": [\"Kennung\"]}}]',11,1),(4711,'2024-04-24 13:00:50.369859','53','Social Engineering/Instantmessenger/Innendienst',2,'[{\"changed\": {\"fields\": [\"Kennung\"]}}]',11,1),(4712,'2024-04-24 13:01:41.172377','30','Social Engineering/Mitarbeiter/Innendienst',2,'[{\"changed\": {\"fields\": [\"Kennung\"]}}]',11,1),(4713,'2024-04-24 13:01:49.748252','28','Weitergabe sensibler Informationen/Mitarbeiter/Innendienst',2,'[{\"changed\": {\"fields\": [\"Kennung\"]}}]',11,1),(4714,'2024-04-24 13:02:03.213439','26','Falscher Umgang mit kritischen und/oder sensiblen Informationen/Mitarbeiter/Innendienst',2,'[{\"changed\": {\"fields\": [\"Kennung\"]}}]',11,1),(4715,'2024-04-24 13:02:22.445261','5','Einschleusen bekannter Malware in interne Informationssysteme der Organisation/Mailsystem/Innendienst',2,'[{\"changed\": {\"fields\": [\"Kennung\"]}}]',11,1),(4716,'2024-04-24 13:02:34.181674','3','(Speer)-Phishing/Mailsystem/Innendienst',2,'[{\"changed\": {\"fields\": [\"Kennung\"]}}]',11,1),(4717,'2024-04-24 13:02:52.844376','2','Social Engineering/Social Media Systeme/Innendienst',2,'[{\"changed\": {\"fields\": [\"Kennung\"]}}]',11,1),(4718,'2024-04-24 13:03:05.973193','1','Social Engineering/Kollaborationssysteme/Innendienst',2,'[{\"changed\": {\"fields\": [\"Kennung\"]}}]',11,1),(4719,'2024-04-24 13:05:39.496276','8','Kompromittierung von Informationssystemen/Laptop/Außendienst',3,'',11,1),(4720,'2024-04-24 13:07:19.801306','7','Einschleusen bekannter Malware in interne Informationssysteme der Organisation/USB-Stick/Außendienst',3,'',11,1),(4721,'2024-04-24 13:09:31.379619','10','Social Engineering/Social Media Systeme/Außendienst',3,'',11,1),(4722,'2024-04-24 13:11:30.846764','6','Einschleusen bekannter Malware in interne Informationssysteme der Organisation/Mailsystem/Außendienst',3,'',11,1),(4723,'2024-04-24 13:12:24.880468','47','(Speer)-Phishing/Instantmessenger/Außendienst',3,'',11,1),(4724,'2024-04-24 13:12:56.580257','11','Einschleusen bekannter Malware in interne Informationssysteme der Organisation/Instantmessenger/Außendienst',2,'[{\"changed\": {\"fields\": [\"Zugeordneter Bedrohungsvektor\"]}}]',11,1),(4725,'2024-04-24 13:43:38.427660','61','Durchführung von nicht zielgerichteten Zero-Day-Angriffen/Buchhaltungssystem/Führungskraft',2,'[{\"changed\": {\"fields\": [\"Kennung\"]}}]',11,1),(4726,'2024-04-24 13:46:59.740021','59','(Speer)-Phishing/Mailsystem/Führungskraft',2,'[{\"changed\": {\"fields\": [\"Kennung\"]}}]',11,1),(4727,'2024-04-24 13:52:33.486414','16','Schwachstellen in internen Informationssystemen (Buchhaltungssystem)/Internes Informationssystem/Führungskraft',2,'[{\"changed\": {\"fields\": [\"Zugeordneter Bedrohungsvektor\"]}}]',11,1),(4728,'2024-04-24 13:53:09.928472','4','Führungskraft',2,'[]',19,1),(4729,'2024-04-24 13:54:32.428553','27','Schwachstellen in internen Informationssystemen (Buchhaltungssystem)/Internes Informationssystem/Führungskraft',3,'',11,1),(4730,'2024-04-24 13:54:39.902210','16','Schwachstellen in internen Informationssystemen (Buchhaltungssystem)/Internes Informationssystem/Führungskraft',2,'[{\"changed\": {\"fields\": [\"Kennung\"]}}]',11,1),(4731,'2024-04-24 13:59:26.889379','56','Unzureichende Zugangskontrolle/Mitarbeiter/Innendienst',2,'[{\"changed\": {\"fields\": [\"Kennung\"]}}]',11,1),(4732,'2024-04-24 14:00:37.950330','430','Threat Identification/GF/Einschleusen von Malware/Mailsystem',2,'[{\"changed\": {\"fields\": [\"Text zur Frage\"]}}]',17,1),(4733,'2024-04-24 14:03:13.204682','1645','Threat Impact Asessment/GF/Einschleusen von Malware/Mailsystem',2,'[{\"changed\": {\"fields\": [\"Bewertung der Antwortoption\"]}}]',20,1),(4734,'2024-04-24 14:03:31.149452','1646','Threat Impact Asessment/GF/Einschleusen von Malware/Mailsystem',2,'[{\"changed\": {\"fields\": [\"Bewertung der Antwortoption\"]}}]',20,1),(4735,'2024-04-24 14:03:53.670263','1648','Threat Impact Asessment/GF/Einschleusen von Malware/Mailsystem',2,'[{\"changed\": {\"fields\": [\"Bewertung der Antwortoption\"]}}]',20,1),(4736,'2024-04-24 14:06:34.938169','22','Smartphone',2,'[{\"changed\": {\"fields\": [\"Beschreibung\"]}}]',8,1),(4737,'2024-04-24 14:08:09.175245','35','Bereitstellung von Malware',2,'[{\"changed\": {\"fields\": [\"Beschreibung\"]}}]',9,1),(4738,'2024-04-24 14:13:21.205325','1','Innendienst',2,'[{\"changed\": {\"fields\": [\"Zugeordnete Bedrohungssituationen\"]}}]',19,1),(4739,'2024-04-24 14:17:26.236308','1','Phishing/Mailsystem/Impuls1',2,'[{\"changed\": {\"fields\": [\"Inhalt\"]}}]',14,1),(4740,'2024-04-24 14:18:41.994772','4','Malware/Mailsystem/Impuls1',2,'[{\"changed\": {\"fields\": [\"Inhalt\"]}}]',14,1),(4741,'2024-04-24 14:18:53.661009','5','Malware/Mailsystem/Impuls2',2,'[{\"changed\": {\"fields\": [\"Inhalt\"]}}]',14,1),(4742,'2024-04-24 14:19:22.113630','6','Malware/Mailsystem/Impuls3',2,'[{\"changed\": {\"fields\": [\"Inhalt\"]}}]',14,1),(4743,'2024-04-24 14:19:35.846261','7','SA/Malware/Mailsystem/Impuls1',2,'[{\"changed\": {\"fields\": [\"Inhalt\"]}}]',14,1),(4744,'2024-04-24 14:19:47.613553','8','SA/Malware/Mailsystem/Impuls2',2,'[{\"changed\": {\"fields\": [\"Inhalt\"]}}]',14,1),(4745,'2024-04-24 14:20:06.459748','9','SA/Malware/Mailsystem/Impuls3',2,'[{\"changed\": {\"fields\": [\"Inhalt\"]}}]',14,1),(4746,'2024-04-24 14:20:26.103774','10','FK/Phishing/Mailsystem/Impuls 2',2,'[{\"changed\": {\"fields\": [\"Inhalt\"]}}]',14,1),(4747,'2024-04-24 14:20:44.153114','12','FK/Phishing/Mailsystem/Impuls 1',2,'[{\"changed\": {\"fields\": [\"Inhalt\"]}}]',14,1),(4748,'2024-04-24 14:26:31.746496','192','Threat Identification/Sachbearbeiter*in Innendienst/Social Engineering/Mitarbeiter',2,'[{\"changed\": {\"fields\": [\"Text zur Frage\"]}}]',17,1),(4749,'2024-04-24 14:26:40.545036','177','Threat Identification/Sachbearbeiter*in Innendienst/Weitergabe sensibler Informationen/Mitarbeiter',2,'[{\"changed\": {\"fields\": [\"Text zur Frage\"]}}]',17,1),(4750,'2024-04-24 14:26:48.801099','37','Threat Identification/Sachbearbeiter*in Außendienst/Malware/Mailsystem',2,'[{\"changed\": {\"fields\": [\"Text zur Frage\"]}}]',17,1),(4751,'2024-04-24 14:36:29.200533','66','Sachbearbeiter innen/social engineering/Mitarbeiter/Impuls 1',2,'[{\"changed\": {\"fields\": [\"Bild-Datei\"]}}]',15,1),(4752,'2024-04-24 14:57:54.233577','2','Außendienst',2,'[{\"changed\": {\"fields\": [\"Zugeordnete Bedrohungssituationen\"]}}]',19,1),(4753,'2024-04-24 14:58:35.188045','2','Außendienst',2,'[{\"changed\": {\"fields\": [\"Zugeordnete Bedrohungssituationen\"]}}]',19,1),(4754,'2024-04-24 15:20:49.296366','5','IT-Admin',2,'[{\"changed\": {\"fields\": [\"Zugeordnete Bedrohungssituationen\"]}}]',19,1),(4755,'2024-04-24 15:29:59.586639','937','Threat Awareness/IT Admin/Bereitstellung gezielter Schadsoftware zur Kontrolle interner Systeme und zur Exfiltration von Daten/Mailsystem',2,'[{\"changed\": {\"fields\": [\"Antwortoption\"]}}]',20,1),(4756,'2024-04-24 15:34:31.369209','84','IT Admin/Bereitstellung gezielter Schadsoftware zur Kontrolle interner Systeme und zur Exfiltration von Daten/Mailsystem/Impuls 1',2,'[{\"changed\": {\"fields\": [\"Text zur Bild-Datei\"]}}]',15,1),(4757,'2024-04-24 15:37:28.996276','82','IT Admin/Bereitstellung (modifizierter) Malware für interne Informationssysteme der Organisation/Mailsystem/Impuls 2',2,'[{\"changed\": {\"fields\": [\"Text zur Bild-Datei\"]}}]',15,1),(4758,'2024-04-24 15:37:49.637786','83','IT Admin/Bereitstellung (modifizierter) Malware für interne Informationssysteme der Organisation/Mailsystem/Impuls 3',2,'[{\"changed\": {\"fields\": [\"Text zur Bild-Datei\"]}}]',15,1),(4759,'2024-04-24 15:38:04.844605','82','IT Admin/Bereitstellung (modifizierter) Malware für interne Informationssysteme der Organisation/Mailsystem/Impuls 2',2,'[{\"changed\": {\"fields\": [\"Text zur Bild-Datei\"]}}]',15,1),(4760,'2024-04-24 15:39:00.622994','905','Threat Awareness/IT Admin/Bereitstellung (modifizierter) Malware für interne Informationssysteme der Organisation/Mailsystem',2,'[{\"changed\": {\"fields\": [\"Antwortoption\"]}}]',20,1),(4761,'2024-04-24 15:39:32.123767','939','Threat Awareness/IT Admin/Bereitstellung gezielter Schadsoftware zur Kontrolle interner Systeme und zur Exfiltration von Daten/Mailsystem',2,'[{\"changed\": {\"fields\": [\"Antwortoption\"]}}]',20,1),(4762,'2024-04-24 15:39:42.619501','938','Threat Awareness/IT Admin/Bereitstellung gezielter Schadsoftware zur Kontrolle interner Systeme und zur Exfiltration von Daten/Mailsystem',2,'[{\"changed\": {\"fields\": [\"Antwortoption\"]}}]',20,1),(4763,'2024-04-25 07:13:02.721025','3','Threat Awareness/Sachbearbeiter*in Innendienst/Social Engineering/Kollaborationssystem',2,'[{\"changed\": {\"fields\": [\"Antwortoption\"]}}]',20,1),(4764,'2024-04-25 07:13:08.091718','2','Threat Awareness/Sachbearbeiter*in Innendienst/Social Engineering/Kollaborationssystem',2,'[{\"changed\": {\"fields\": [\"Antwortoption\"]}}]',20,1),(4765,'2024-04-25 07:13:14.324738','1','Threat Awareness/Sachbearbeiter*in Innendienst/Social Engineering/Kollaborationssystem',2,'[{\"changed\": {\"fields\": [\"Antwortoption\"]}}]',20,1),(4766,'2024-04-25 07:13:21.081154','29','Threat Awareness/Sachbearbeiter*in Innendienst/Social Engineering/Social Media System',2,'[{\"changed\": {\"fields\": [\"Antwortoption\"]}}]',20,1),(4767,'2024-04-25 07:13:27.930672','28','Threat Awareness/Sachbearbeiter*in Innendienst/Social Engineering/Social Media System',2,'[{\"changed\": {\"fields\": [\"Antwortoption\"]}}]',20,1),(4768,'2024-04-25 12:07:09.779366','10','jadr',1,'[{\"added\": {}}, {\"added\": {\"name\": \"Kampagnen-Berechtigung\", \"object\": \"jadr\"}}]',4,1),(4769,'2024-04-25 12:08:22.996395','9','flo',3,'',4,1),(4770,'2024-04-25 12:08:59.184041','11','flo_ramp',1,'[{\"added\": {}}, {\"added\": {\"name\": \"Kampagnen-Berechtigung\", \"object\": \"flo_ramp\"}}]',4,1),(4771,'2024-04-25 12:10:47.518589','10','jadr',3,'',4,1),(4772,'2024-04-25 12:11:12.741889','12','jadr',1,'[{\"added\": {}}, {\"added\": {\"name\": \"Kampagnen-Berechtigung\", \"object\": \"jadr\"}}]',4,1),(4773,'2024-04-25 12:15:04.561830','12','jadr',3,'',4,1),(4774,'2024-04-25 12:15:26.428134','13','jadr',1,'[{\"added\": {}}, {\"added\": {\"name\": \"Kampagnen-Berechtigung\", \"object\": \"jadr\"}}]',4,1),(4775,'2024-04-25 15:11:50.355520','1','Innendienst',2,'[{\"changed\": {\"fields\": [\"Zugeordnete Bedrohungssituationen\"]}}]',19,1),(4831,'2024-04-30 06:57:00.462016','1','Innendienst',2,'[{\"changed\": {\"fields\": [\"Zugeordnete Bedrohungssituationen\"]}}]',19,1),(4832,'2024-04-30 17:32:24.683223','11','Einschleusen bekannter Malware in interne Informationssysteme der Organisation/Instantmessenger/Außendienst',2,'[{\"changed\": {\"fields\": [\"Beschreibung\"]}}]',11,1),(4833,'2024-04-30 18:32:48.892781','14','Test',1,'[{\"added\": {}}]',4,1),(4834,'2024-04-30 18:33:08.484295','14','Test',2,'[{\"added\": {\"name\": \"Kampagnen-Berechtigung\", \"object\": \"Test\"}}]',4,1),(4835,'2024-04-30 18:33:51.536770','7','khang',2,'[{\"added\": {\"name\": \"Kampagnen-Berechtigung\", \"object\": \"khang\"}}]',4,1),(4836,'2024-04-30 18:34:41.617811','15','Test2',1,'[{\"added\": {}}, {\"added\": {\"name\": \"Kampagnen-Berechtigung\", \"object\": \"Test2\"}}]',4,1),(4837,'2024-04-30 18:35:17.272806','14','Test',2,'[{\"changed\": {\"fields\": [\"Staff status\", \"Superuser status\"]}}]',4,1),(4838,'2024-04-30 18:38:35.673356','14','Test',2,'[]',4,1),(4839,'2024-05-01 09:55:29.028782','1','Innendienst',2,'[{\"changed\": {\"fields\": [\"Zugeordnete Bedrohungssituationen\"]}}]',19,1),(4840,'2024-05-01 10:16:30.160410','4','Führungskraft',2,'[{\"changed\": {\"fields\": [\"Zugeordnete Bedrohungssituationen\"]}}]',19,1),(4841,'2024-05-01 10:41:44.278655','4','Führungskraft',2,'[{\"changed\": {\"fields\": [\"Zugeordnete Bedrohungssituationen\"]}}]',19,1),(4842,'2024-05-01 10:54:48.418239','7','Geschäftsführer*in',2,'[{\"changed\": {\"fields\": [\"Zugeordnete Bedrohungssituationen\"]}}]',19,1),(4843,'2024-05-01 10:56:31.423551','7','Geschäftsführer*in',2,'[{\"changed\": {\"fields\": [\"Zugeordnete Bedrohungssituationen\"]}}]',19,1),(4844,'2024-05-01 10:57:31.540490','7','Geschäftsführer*in',2,'[{\"changed\": {\"fields\": [\"Zugeordnete Bedrohungssituationen\"]}}]',19,1),(4845,'2024-05-01 11:18:37.463225','5','IT-Admin',2,'[{\"changed\": {\"fields\": [\"Zugeordnete Bedrohungssituationen\"]}}]',19,1),(4846,'2024-05-01 11:24:13.714646','5','IT-Admin',2,'[{\"changed\": {\"fields\": [\"Zugeordnete Bedrohungssituationen\"]}}]',19,1),(4847,'2024-05-01 11:48:53.990242','38','1.12/Durchführung von nicht zielgerichteten Zero-Day-Angriffen/Netzwerk/IT-Admin',2,'[{\"changed\": {\"fields\": [\"Kennung\"]}}]',11,1),(4848,'2024-05-01 11:49:11.683345','5','IT-Admin',2,'[{\"changed\": {\"fields\": [\"Zugeordnete Bedrohungssituationen\"]}}]',19,1),(4849,'2024-05-01 15:53:29.355418','1','Innendienst',2,'[{\"changed\": {\"fields\": [\"Zugeordnete Bedrohungssituationen\"]}}]',19,1),(4850,'2024-05-01 15:54:14.165708','4','Führungskraft',2,'[{\"changed\": {\"fields\": [\"Zugeordnete Bedrohungssituationen\"]}}]',19,1),(4851,'2024-05-01 15:55:21.687382','2','Außendienst',2,'[{\"changed\": {\"fields\": [\"Zugeordnete Bedrohungssituationen\"]}}]',19,1),(4852,'2024-05-01 15:56:05.235867','7','Geschäftsführer*in',2,'[{\"changed\": {\"fields\": [\"Zugeordnete Bedrohungssituationen\"]}}]',19,1),(4853,'2024-05-01 15:56:45.409740','5','IT-Admin',2,'[{\"changed\": {\"fields\": [\"Zugeordnete Bedrohungssituationen\"]}}]',19,1),(4854,'2024-05-01 15:57:07.746470','8','Consumer',3,'',7,1),(4855,'2024-05-01 15:57:07.751155','5','Privatperson',3,'',7,1),(4856,'2024-05-10 12:06:54.139162','52','Threat Awareness/Sachbearbeiter*in Innendienst/Phishing/Mailsystem',2,'[{\"changed\": {\"fields\": [\"Antwortoption\"]}}]',20,1),(4857,'2024-05-10 12:06:59.597173','53','Threat Awareness/Sachbearbeiter*in Innendienst/Phishing/Mailsystem',2,'[{\"changed\": {\"fields\": [\"Antwortoption\"]}}]',20,1),(4858,'2024-05-10 12:07:04.419744','54','Threat Awareness/Sachbearbeiter*in Innendienst/Phishing/Mailsystem',2,'[{\"changed\": {\"fields\": [\"Antwortoption\"]}}]',20,1),(4859,'2024-05-10 12:13:49.100477','26','2.8/Falscher Umgang mit kritischen und/oder sensiblen Informationen/Mitarbeiter/Innendienst',2,'[{\"changed\": {\"fields\": [\"Beschreibung\"]}}]',11,1),(4860,'2024-05-10 12:14:16.501113','677','Threat Awareness/Sachbearbeiter*in Innendienst/Falscher Umgang mit kritischen und/oder sensiblen Informationen/Mitarbeiter',2,'[{\"changed\": {\"fields\": [\"Antwortoption\"]}}]',20,1),(4861,'2024-05-10 12:14:21.519816','678','Threat Awareness/Sachbearbeiter*in Innendienst/Falscher Umgang mit kritischen und/oder sensiblen Informationen/Mitarbeiter',2,'[{\"changed\": {\"fields\": [\"Antwortoption\"]}}]',20,1),(4862,'2024-05-10 12:14:26.084708','679','Threat Awareness/Sachbearbeiter*in Innendienst/Falscher Umgang mit kritischen und/oder sensiblen Informationen/Mitarbeiter',2,'[{\"changed\": {\"fields\": [\"Antwortoption\"]}}]',20,1),(4863,'2024-05-10 12:17:40.794988','702','Threat Awareness/Sachbearbeiter*in Innendienst/Weitergabe sensibler Informationen/Mitarbeiter',2,'[{\"changed\": {\"fields\": [\"Antwortoption\"]}}]',20,1),(4864,'2024-05-10 12:17:46.835362','703','Threat Awareness/Sachbearbeiter*in Innendienst/Weitergabe sensibler Informationen/Mitarbeiter',2,'[{\"changed\": {\"fields\": [\"Antwortoption\"]}}]',20,1),(4865,'2024-05-10 12:17:52.905491','704','Threat Awareness/Sachbearbeiter*in Innendienst/Weitergabe sensibler Informationen/Mitarbeiter',2,'[{\"changed\": {\"fields\": [\"Antwortoption\"]}}]',20,1),(4866,'2024-05-10 12:24:44.140145','235','Threat Awareness/Sachbearbeiter*in Außendienst/Social Engineering/Instant Messenger',2,'[{\"changed\": {\"fields\": [\"Antwortoption\"]}}]',20,1),(4867,'2024-05-10 12:24:53.127640','236','Threat Awareness/Sachbearbeiter*in Außendienst/Social Engineering/Instant Messenger',2,'[{\"changed\": {\"fields\": [\"Antwortoption\"]}}]',20,1),(4868,'2024-05-10 12:24:59.513524','237','Threat Awareness/Sachbearbeiter*in Außendienst/Social Engineering/Instant Messenger',2,'[{\"changed\": {\"fields\": [\"Antwortoption\"]}}]',20,1),(4869,'2024-05-10 12:26:35.563097','182','Threat Awareness/Sachbearbeiter*in Außendienst/Kompromittierung Informationssystem/Laptop',2,'[{\"changed\": {\"fields\": [\"Antwortoption\"]}}]',20,1),(4870,'2024-05-10 12:26:40.602484','183','Threat Awareness/Sachbearbeiter*in Außendienst/Kompromittierung Informationssystem/Laptop',2,'[{\"changed\": {\"fields\": [\"Antwortoption\"]}}]',20,1),(4871,'2024-05-10 12:26:48.538679','184','Threat Awareness/Sachbearbeiter*in Außendienst/Kompromittierung Informationssystem/Laptop',2,'[{\"changed\": {\"fields\": [\"Antwortoption\"]}}]',20,1),(4872,'2024-05-10 12:54:32.765896','353','Threat Awareness/Führungskraft/Kompromittierung von Informationssystemen/Internes Informationssystem (Buchhaltungssystem)',2,'[{\"changed\": {\"fields\": [\"Antwortoption\"]}}]',20,1),(4873,'2024-05-10 12:54:37.647935','354','Threat Awareness/Führungskraft/Kompromittierung von Informationssystemen/Internes Informationssystem (Buchhaltungssystem)',2,'[{\"changed\": {\"fields\": [\"Antwortoption\"]}}]',20,1),(4874,'2024-05-10 12:54:42.104138','355','Threat Awareness/Führungskraft/Kompromittierung von Informationssystemen/Internes Informationssystem (Buchhaltungssystem)',2,'[{\"changed\": {\"fields\": [\"Antwortoption\"]}}]',20,1),(4875,'2024-05-10 12:56:43.330692','380','Threat Awareness/Führungskraft/Phishing/Mailsystem',3,'',20,1),(4876,'2024-05-10 12:56:43.338484','379','Threat Awareness/Führungskraft/Phishing/Mailsystem',3,'',20,1),(4877,'2024-05-10 12:56:43.341564','378','Threat Awareness/Führungskraft/Phishing/Mailsystem',3,'',20,1),(4878,'2024-05-10 12:57:31.428393','1814','Threat Awareness/FK/Phishing/Mailsystem',1,'[{\"added\": {}}]',20,1),(4879,'2024-05-10 12:57:47.646247','1815','Threat Awareness/FK/Phishing/Mailsystem',1,'[{\"added\": {}}]',20,1),(4880,'2024-05-10 12:58:08.473760','1816','Threat Awareness/FK/Phishing/Mailsystem',1,'[{\"added\": {}}]',20,1),(4881,'2024-05-10 12:58:11.799327','53','Threat Awareness/Sachbearbeiter*in Innendienst/Phishing/Mailsystem',2,'[]',20,1),(4882,'2024-05-10 13:09:30.879223','1663','Threat Awareness/GF/Einschleusen von Malware/Mailsystem',2,'[{\"changed\": {\"fields\": [\"Antwortoption\"]}}]',20,1),(4883,'2024-05-10 13:09:41.975903','1664','Threat Awareness/GF/Einschleusen von Malware/Mailsystem',2,'[{\"changed\": {\"fields\": [\"Antwortoption\"]}}]',20,1),(4884,'2024-05-10 13:09:50.661290','1665','Threat Awareness/GF/Einschleusen von Malware/Mailsystem',2,'[{\"changed\": {\"fields\": [\"Antwortoption\"]}}]',20,1),(4885,'2024-05-10 13:12:40.325615','1817','Tactic Check & Follow Up/GF/Einschleusen von Malware/Mailsystem',1,'[{\"added\": {}}]',20,1),(4886,'2024-05-10 13:15:36.306868','1716','Threat Awareness/GF/(Speer)-Phishing/Mailsystem',2,'[{\"changed\": {\"fields\": [\"Antwortoption\"]}}]',20,1),(4887,'2024-05-10 13:15:48.315248','1717','Threat Awareness/GF/(Speer)-Phishing/Mailsystem',2,'[{\"changed\": {\"fields\": [\"Antwortoption\"]}}]',20,1),(4888,'2024-05-10 13:15:55.259004','1718','Threat Awareness/GF/(Speer)-Phishing/Mailsystem',2,'[{\"changed\": {\"fields\": [\"Antwortoption\"]}}]',20,1),(4889,'2024-05-10 13:17:46.408445','1787','Tactic Check & Follow Up/GF/(Speer)-Phishing/Mailsystem',2,'[{\"changed\": {\"fields\": [\"Antwortoption\"]}}]',20,1),(4890,'2024-05-10 13:19:11.225937','1726','Threat Awareness/GF/Falsche Berechtigungseinstellungen/Mitarbeiter',2,'[{\"changed\": {\"fields\": [\"Antwortoption\"]}}]',20,1),(4891,'2024-05-10 13:19:16.748540','1725','Threat Awareness/GF/Falsche Berechtigungseinstellungen/Mitarbeiter',2,'[{\"changed\": {\"fields\": [\"Antwortoption\"]}}]',20,1),(4892,'2024-05-10 13:19:22.395663','1724','Threat Awareness/GF/Falsche Berechtigungseinstellungen/Mitarbeiter',2,'[{\"changed\": {\"fields\": [\"Antwortoption\"]}}]',20,1),(4893,'2024-05-10 14:02:01.618117','78','IT Admin/Durchführung von nicht zielgerichteten Zero-Day-Angriffen/Server/Impuls 1',2,'[{\"changed\": {\"fields\": [\"Bild-Datei\"]}}]',15,1),(4894,'2024-05-10 14:02:57.142436','80','IT Admin/Durchführung von nicht zielgerichteten Zero-Day-Angriffen/Server/Impuls 3',2,'[{\"changed\": {\"fields\": [\"Bild-Datei\"]}}]',15,1),(4895,'2024-05-10 14:04:22.595516','75','IT Admin/Durchführung von Brute-Force-Anmeldeversuchen/Passworterratungsangriffen/Sever/Impuls 1',2,'[{\"changed\": {\"fields\": [\"Bild-Datei\"]}}]',15,1),(4896,'2024-05-10 14:06:15.775954','77','IT Admin/Durchführung von Brute-Force-Anmeldeversuchen/Passworterratungsangriffen/Sever/Impuls 3',2,'[{\"changed\": {\"fields\": [\"Bild-Datei\"]}}]',15,1),(4897,'2024-05-10 14:07:55.325521','76','IT Admin/Durchführung von Brute-Force-Anmeldeversuchen/Passworterratungsangriffen/Sever/Impuls 2',2,'[{\"changed\": {\"fields\": [\"Bild-Datei\"]}}]',15,1),(4898,'2024-05-10 14:09:39.799409','834','Threat Awareness/IT Admin/Durchführung von Brute-Force-Anmeldeversuchen/Passworterratungsangriffen/Server',2,'[{\"changed\": {\"fields\": [\"Antwortoption\"]}}]',20,1),(4899,'2024-05-10 14:09:44.997679','835','Threat Awareness/IT Admin/Durchführung von Brute-Force-Anmeldeversuchen/Passworterratungsangriffen/Server',2,'[{\"changed\": {\"fields\": [\"Antwortoption\"]}}]',20,1),(4900,'2024-05-10 14:09:50.012605','836','Threat Awareness/IT Admin/Durchführung von Brute-Force-Anmeldeversuchen/Passworterratungsangriffen/Server',2,'[{\"changed\": {\"fields\": [\"Antwortoption\"]}}]',20,1),(4901,'2024-05-11 12:33:08.476656','5','d_mann',3,'',4,1),(4902,'2024-05-11 12:33:08.482124','11','flo_ramp',3,'',4,1),(4903,'2024-05-11 12:33:08.483556','2','hugenberg',3,'',4,1),(4904,'2024-05-11 12:33:08.484394','3','hullik',3,'',4,1),(4905,'2024-05-11 12:33:08.485094','13','jadr',3,'',4,1),(4906,'2024-05-11 12:33:08.485737','7','khang',3,'',4,1),(4907,'2024-05-11 12:33:08.486409','14','Test',3,'',4,1),(4908,'2024-05-11 12:33:08.487061','15','Test2',3,'',4,1),(4909,'2024-05-11 13:07:30.675705','69','Führungskraft/Social Engineering/Kollaborationssystem/Impuls 1',2,'[{\"changed\": {\"fields\": [\"Bild-Datei\"]}}]',15,1),(4910,'2024-05-11 13:07:55.522090','70','Führungskraft/Social Engineering/Kollaborationssystem/Impuls 2',2,'[{\"changed\": {\"fields\": [\"Bild-Datei\"]}}]',15,1),(4911,'2024-05-11 13:08:01.570957','71','Führungskraft/Social Engineering/Kollaborationssystem/Impuls 3',2,'[{\"changed\": {\"fields\": [\"Bild-Datei\"]}}]',15,1),(4912,'2024-05-11 13:18:16.406371','4','Führungskraft',2,'[{\"changed\": {\"fields\": [\"Zugeordnete Bedrohungssituationen\"]}}]',19,1),(4913,'2024-05-13 19:01:11.724290','5','ChatInterface object (5)',2,'[{\"changed\": {\"fields\": [\"Bild des Senders\"]}}]',12,1),(4914,'2024-05-13 19:01:19.892839','6','ChatInterface object (6)',2,'[{\"changed\": {\"fields\": [\"Bild des Senders\"]}}]',12,1),(4915,'2024-05-13 19:17:46.795824','249','Tactic Choice/Sachbearbeiter*in Außendienst/Social Engineering/Instant Messenger',2,'[{\"changed\": {\"fields\": [\"Antwortoption\"]}}]',20,1),(4916,'2024-05-13 19:41:57.956470','1164','Threat Awareness/SBA/Kompromittierung von Informationssystemen/Laptop',2,'[{\"changed\": {\"fields\": [\"Antwortoption\"]}}]',20,1),(4917,'2024-05-13 19:42:12.698617','1165','Threat Awareness/SBA/Kompromittierung von Informationssystemen/Laptop',2,'[{\"changed\": {\"fields\": [\"Antwortoption\"]}}]',20,1),(4918,'2024-05-13 19:42:19.083891','1166','Threat Awareness/SBA/Kompromittierung von Informationssystemen/Laptop',2,'[{\"changed\": {\"fields\": [\"Antwortoption\"]}}]',20,1),(4919,'2024-05-13 19:47:59.565924','285','Kompromittierung von Informationssystemen/Laptop/Threat Identification/Außendienst',2,'[{\"changed\": {\"fields\": [\"Zugeordnete Frage\"]}}]',18,1),(4920,'2024-05-13 19:48:18.177024','286','Kompromittierung von Informationssystemen/Laptop/Threat Impact Assessment/Außendienst',2,'[{\"changed\": {\"fields\": [\"Zugeordnete Frage\"]}}]',18,1),(4921,'2024-05-13 19:48:44.400900','287','Kompromittierung von Informationssystemen/Laptop/Tactic Choice/Außendienst',2,'[{\"changed\": {\"fields\": [\"Zugeordnete Frage\"]}}]',18,1),(4922,'2024-05-13 19:49:02.198398','288','Kompromittierung von Informationssystemen/Laptop/Tactic Justification/Außendienst',2,'[{\"changed\": {\"fields\": [\"Zugeordnete Frage\"]}}]',18,1),(4923,'2024-05-13 19:49:31.210746','289','Kompromittierung von Informationssystemen/Laptop/Tactic Mastery/Außendienst',2,'[{\"changed\": {\"fields\": [\"Zugeordnete Frage\"]}}]',18,1),(4924,'2024-05-13 19:49:48.395361','290','Kompromittierung von Informationssystemen/Laptop/Tactic Check & Follow-Up/Außendienst',2,'[{\"changed\": {\"fields\": [\"Zugeordnete Frage\"]}}]',18,1),(4925,'2024-05-13 20:05:07.833907','193','Tactic Choice/Sachbearbeiter*in Außendienst/Kompromittierung Informationssystem/Laptop',2,'[{\"changed\": {\"fields\": [\"Bewertung der Antwortoption\"]}}]',20,1),(4926,'2024-05-13 20:53:22.542440','2','Außendienst',2,'[{\"changed\": {\"fields\": [\"Zugeordnete Bedrohungssituationen\"]}}]',19,1),(4927,'2024-05-13 21:01:22.016283','111','SBA/Phishing/Social Media Systeme/Impuls 1',2,'[{\"changed\": {\"fields\": [\"Bild-Datei\"]}}]',15,1),(4928,'2024-05-13 21:01:46.370469','112','SBA/Phishing/Social Media Systeme/Impuls 2',2,'[{\"changed\": {\"fields\": [\"Bild-Datei\"]}}]',15,1),(4929,'2024-05-13 21:01:59.384218','113','SBA/Phishing/Social Media Systeme/Impuls 3',2,'[{\"changed\": {\"fields\": [\"Bild-Datei\"]}}]',15,1),(4930,'2024-05-13 21:03:45.938142','46','4.13/(Speer)-Phishing/Social Media Systeme/Außendienst',2,'[{\"changed\": {\"fields\": [\"Beschreibung\"]}}]',11,1),(4931,'2024-05-13 21:07:34.182923','1205','Tactic Choice/SBA/Phishing/Social Media Systeme',2,'[{\"changed\": {\"fields\": [\"Antwortoption\"]}}]',20,1),(4932,'2024-05-13 21:08:03.108710','39','Tactic Choice/Sachbearbeiter*in Innendienst/Social Engineering/Social Media System',2,'[{\"changed\": {\"fields\": [\"Antwortoption\"]}}]',20,1),(4933,'2024-05-13 21:11:42.181704','1818','Tactic Choice/SBA/Phishing/Social Media Systeme',1,'[{\"added\": {}}]',20,1),(4934,'2024-05-13 21:12:48.860535','223','Tactic Choice/Sachbearbeiter*in Außendienst/Social Engineering/Social Media System',2,'[{\"changed\": {\"fields\": [\"Antwortoption\"]}}]',20,1),(4935,'2024-05-13 21:13:29.694465','1202','Tactic Choice/SBA/Phishing/Social Media Systeme',2,'[{\"changed\": {\"fields\": [\"Antwortoption\"]}}]',20,1),(4936,'2024-05-13 21:14:44.699175','1818','Tactic Choice/SBA/Phishing/Social Media Systeme',3,'',20,1),(4937,'2024-05-13 21:18:09.004070','1212','Tactic Mastery/SBA/Phishing/Social Media Systeme',2,'[{\"changed\": {\"fields\": [\"Antwortoption\"]}}]',20,1),(4938,'2024-05-13 21:19:37.530255','1214','Tactic Check&Follow Up/SBA/Phishing/Social Media Systeme',2,'[{\"changed\": {\"fields\": [\"Antwortoption\"]}}]',20,1),(4939,'2024-05-13 21:33:01.948772','210','Threat Awareness/Sachbearbeiter*in Außendienst/Social Engineering/Social Media System',3,'',20,1),(4940,'2024-05-13 21:33:01.955607','209','Threat Awareness/Sachbearbeiter*in Außendienst/Social Engineering/Social Media System',3,'',20,1),(4941,'2024-05-13 21:33:01.957620','208','Threat Awareness/Sachbearbeiter*in Außendienst/Social Engineering/Social Media System',3,'',20,1),(4942,'2024-05-13 21:33:01.959119','214','Threat Identification/Sachbearbeiter*in Außendienst/Social Engineering/Social Media System',3,'',20,1),(4943,'2024-05-13 21:33:01.960243','213','Threat Identification/Sachbearbeiter*in Außendienst/Social Engineering/Social Media System',3,'',20,1),(4944,'2024-05-13 21:33:01.961464','211','Threat Identification/Sachbearbeiter*in Außendienst/Social Engineering/Social Media System',3,'',20,1),(4945,'2024-05-13 21:33:01.962459','218','Threat Impact Assessment/Sachbearbeiter*in Außendienst/Social Engineering/Social Media System',3,'',20,1),(4946,'2024-05-13 21:33:01.963679','217','Threat Impact Assessment/Sachbearbeiter*in Außendienst/Social Engineering/Social Media System',3,'',20,1),(4947,'2024-05-13 21:33:01.964832','216','Threat Impact Assessment/Sachbearbeiter*in Außendienst/Social Engineering/Social Media System',3,'',20,1),(4948,'2024-05-13 21:33:01.965763','215','Threat Impact Assessment/Sachbearbeiter*in Außendienst/Social Engineering/Social Media System',3,'',20,1),(4949,'2024-05-13 21:33:01.966625','223','Tactic Choice/Sachbearbeiter*in Außendienst/Social Engineering/Social Media System',3,'',20,1),(4950,'2024-05-13 21:33:01.967499','222','Tactic Choice/Sachbearbeiter*in Außendienst/Social Engineering/Social Media System',3,'',20,1),(4951,'2024-05-13 21:33:01.968271','221','Tactic Choice/Sachbearbeiter*in Außendienst/Social Engineering/Social Media System',3,'',20,1),(4952,'2024-05-13 21:33:01.969120','220','Tactic Choice/Sachbearbeiter*in Außendienst/Social Engineering/Social Media System',3,'',20,1),(4953,'2024-05-13 21:33:01.970007','219','Tactic Choice/Sachbearbeiter*in Außendienst/Social Engineering/Social Media System',3,'',20,1),(4954,'2024-05-13 21:33:01.970812','226','Tactic Justification/Sachbearbeiter*in Außendienst/Social Engineering/Social Media System',3,'',20,1),(4955,'2024-05-13 21:33:01.971662','225','Tactic Justification/Sachbearbeiter*in Außendienst/Social Engineering/Social Media System',3,'',20,1),(4956,'2024-05-13 21:33:01.972606','224','Tactic Justification/Sachbearbeiter*in Außendienst/Social Engineering/Social Media System',3,'',20,1),(4957,'2024-05-13 21:33:01.973418','230','Tactic Mastery/Sachbearbeiter*in Außendienst/Social Engineering/Social Media System',3,'',20,1),(4958,'2024-05-13 21:33:01.974225','229','Tactic Mastery/Sachbearbeiter*in Außendienst/Social Engineering/Social Media System',3,'',20,1),(4959,'2024-05-13 21:33:01.974981','228','Tactic Mastery/Sachbearbeiter*in Außendienst/Social Engineering/Social Media System',3,'',20,1),(4960,'2024-05-13 21:33:01.975704','227','Tactic Mastery/Sachbearbeiter*in Außendienst/Social Engineering/Social Media System',3,'',20,1),(4961,'2024-05-13 21:33:01.976436','234','Tactic Check & Follow-Up/Sachbearbeiter*in Außendienst/Social Engineering/Social Media System',3,'',20,1),(4962,'2024-05-13 21:33:01.977473','233','Tactic Check & Follow-Up/Sachbearbeiter*in Außendienst/Social Engineering/Social Media System',3,'',20,1),(4963,'2024-05-13 21:33:01.978224','232','Tactic Check & Follow-Up/Sachbearbeiter*in Außendienst/Social Engineering/Social Media System',3,'',20,1),(4964,'2024-05-13 21:33:01.978943','231','Tactic Check & Follow-Up/Sachbearbeiter*in Außendienst/Social Engineering/Social Media System',3,'',20,1),(4965,'2024-05-13 21:33:01.979617','265','Threat Awareness/Privatperson/Web Defacement/Social Media System',3,'',20,1),(4966,'2024-05-13 21:33:01.980300','264','Threat Awareness/Privatperson/Web Defacement/Social Media System',3,'',20,1),(4967,'2024-05-13 21:33:01.980975','263','Threat Awareness/Privatperson/Web Defacement/Social Media System',3,'',20,1),(4968,'2024-05-13 21:33:01.981656','409','Threat Identification/Privatperson/Web Defacement/Social Media System',3,'',20,1),(4969,'2024-05-13 21:33:01.982345','408','Threat Identification/Privatperson/Web Defacement/Social Media System',3,'',20,1),(4970,'2024-05-13 21:33:01.983020','407','Threat Identification/Privatperson/Web Defacement/Social Media System',3,'',20,1),(4971,'2024-05-13 21:33:01.983872','406','Threat Identification/Privatperson/Web Defacement/Social Media System',3,'',20,1),(4972,'2024-05-13 21:33:01.984645','412','Threat Impact Assessment/Privatperson/Web Defacement/Social Media System',3,'',20,1),(4973,'2024-05-13 21:33:01.985317','411','Threat Impact Assessment/Privatperson/Web Defacement/Social Media System',3,'',20,1),(4974,'2024-05-13 21:33:01.986005','410','Threat Impact Assessment/Privatperson/Web Defacement/Social Media System',3,'',20,1),(4975,'2024-05-13 21:33:01.986643','415','Tactic Choice/Privatperson/Web Defacement/Social Media System',3,'',20,1),(4976,'2024-05-13 21:33:01.987271','414','Tactic Choice/Privatperson/Web Defacement/Social Media System',3,'',20,1),(4977,'2024-05-13 21:33:01.987895','413','Tactic Choice/Privatperson/Web Defacement/Social Media System',3,'',20,1),(4978,'2024-05-13 21:33:01.988532','418','Tactic Justification/Privatperson/Web Defacement/Social Media System',3,'',20,1),(4979,'2024-05-13 21:33:01.989143','417','Tactic Justification/Privatperson/Web Defacement/Social Media System',3,'',20,1),(4980,'2024-05-13 21:33:01.989750','416','Tactic Justification/Privatperson/Web Defacement/Social Media System',3,'',20,1),(4981,'2024-05-13 21:33:01.990558','421','Tactic Mastery/Privatperson/Web Defacement/Social Media System',3,'',20,1),(4982,'2024-05-13 21:33:01.991172','420','Tactic Mastery/Privatperson/Web Defacement/Social Media System',3,'',20,1),(4983,'2024-05-13 21:33:01.991786','419','Tactic Mastery/Privatperson/Web Defacement/Social Media System',3,'',20,1),(4984,'2024-05-13 21:33:35.260773','424','Tactic Check & Follow-Up/Privatperson/Web Defacement/Social Media System',3,'',20,1),(4985,'2024-05-13 21:33:35.265554','423','Tactic Check & Follow-Up/Privatperson/Web Defacement/Social Media System',3,'',20,1),(4986,'2024-05-13 21:33:35.267828','422','Tactic Check & Follow-Up/Privatperson/Web Defacement/Social Media System',3,'',20,1),(4987,'2024-05-13 21:33:35.269965','287','Threat Awareness/Privatperson/Social Engineering/Instantmessenger',3,'',20,1),(4988,'2024-05-13 21:33:35.271524','286','Threat Awareness/Privatperson/Social Engineering/Instantmessenger',3,'',20,1),(4989,'2024-05-13 21:33:35.272962','285','Threat Awareness/Privatperson/Social Engineering/Instantmessenger',3,'',20,1),(4990,'2024-05-13 21:33:35.275064','429','Threat Identification/Privatperson/Social Engineering/Instantmessenger',3,'',20,1),(4991,'2024-05-13 21:33:35.277099','428','Threat Identification/Privatperson/Social Engineering/Instantmessenger',3,'',20,1),(4992,'2024-05-13 21:33:35.278689','427','Threat Identification/Privatperson/Social Engineering/Instantmessenger',3,'',20,1),(4993,'2024-05-13 21:33:35.279980','426','Threat Identification/Privatperson/Social Engineering/Instantmessenger',3,'',20,1),(4994,'2024-05-13 21:33:35.281168','425','Threat Identification/Privatperson/Social Engineering/Instantmessenger',3,'',20,1),(4995,'2024-05-13 21:33:35.282347','432','Threat Impact Assessment/Privatperson/Social Engineering/Instantmessenger',3,'',20,1),(4996,'2024-05-13 21:33:35.283607','431','Threat Impact Assessment/Privatperson/Social Engineering/Instantmessenger',3,'',20,1),(4997,'2024-05-13 21:33:35.284984','430','Threat Impact Assessment/Privatperson/Social Engineering/Instantmessenger',3,'',20,1),(4998,'2024-05-13 21:33:35.286192','435','Tactic Choice/Privatperson/Social Engineering/Instantmessenger',3,'',20,1),(4999,'2024-05-13 21:33:35.287455','434','Tactic Choice/Privatperson/Social Engineering/Instantmessenger',3,'',20,1),(5000,'2024-05-13 21:33:35.288553','433','Tactic Choice/Privatperson/Social Engineering/Instantmessenger',3,'',20,1),(5001,'2024-05-13 21:33:35.289764','438','Tactic Justification/Privatperson/Social Engineering/Instantmessenger',3,'',20,1),(5002,'2024-05-13 21:33:35.290923','437','Tactic Justification/Privatperson/Social Engineering/Instantmessenger',3,'',20,1),(5003,'2024-05-13 21:33:35.293582','436','Tactic Justification/Privatperson/Social Engineering/Instantmessenger',3,'',20,1),(5004,'2024-05-13 21:33:35.294666','441','Tactic Mastery/Privatperson/Social Engineering/Instantmessenger',3,'',20,1),(5005,'2024-05-13 21:33:35.295624','440','Tactic Mastery/Privatperson/Social Engineering/Instantmessenger',3,'',20,1),(5006,'2024-05-13 21:33:35.296528','439','Tactic Mastery/Privatperson/Social Engineering/Instantmessenger',3,'',20,1),(5007,'2024-05-13 21:33:35.297505','444','Tactic Check & Control/Privatperson/Social Engineering/Instantmessenger',3,'',20,1),(5008,'2024-05-13 21:33:35.298451','443','Tactic Check & Control/Privatperson/Social Engineering/Instantmessenger',3,'',20,1),(5009,'2024-05-13 21:33:35.299455','442','Tactic Check & Control/Privatperson/Social Engineering/Instantmessenger',3,'',20,1),(5010,'2024-05-13 21:33:35.300362','310','Threat Awareness/Privatperson/Man-in-the-Middle-Angriff/Vernetztes Auto',3,'',20,1),(5011,'2024-05-13 21:33:35.301445','309','Threat Awareness/Privatperson/Man-in-the-Middle-Angriff/Vernetztes Auto',3,'',20,1),(5012,'2024-05-13 21:33:35.302295','308','Threat Awareness/Privatperson/Man-in-the-Middle-Angriff/Vernetztes Auto',3,'',20,1),(5013,'2024-05-13 21:33:35.303158','448','Threat Identification/Privatperson/Man-in-the-Middle-Angriff/Vernetztes Auto',3,'',20,1),(5014,'2024-05-13 21:33:35.303998','447','Threat Identification/Privatperson/Man-in-the-Middle-Angriff/Vernetztes Auto',3,'',20,1),(5015,'2024-05-13 21:33:35.304883','446','Threat Identification/Privatperson/Man-in-the-Middle-Angriff/Vernetztes Auto',3,'',20,1),(5016,'2024-05-13 21:33:35.305738','445','Threat Identification/Privatperson/Man-in-the-Middle-Angriff/Vernetztes Auto',3,'',20,1),(5017,'2024-05-13 21:33:35.306539','451','Threat Impact Assessment/Privatperson/Man-in-the-Middle-Angriff/Vernetztes Auto',3,'',20,1),(5018,'2024-05-13 21:33:35.307394','450','Threat Impact Assessment/Privatperson/Man-in-the-Middle-Angriff/Vernetztes Auto',3,'',20,1),(5019,'2024-05-13 21:33:35.308157','449','Threat Impact Assessment/Privatperson/Man-in-the-Middle-Angriff/Vernetztes Auto',3,'',20,1),(5020,'2024-05-13 21:33:35.308922','454','Tactic Choice/Privatperson/Man-in-the-Middle-Angriff/Vernetztes Auto',3,'',20,1),(5021,'2024-05-13 21:33:35.309694','453','Tactic Choice/Privatperson/Man-in-the-Middle-Angriff/Vernetztes Auto',3,'',20,1),(5022,'2024-05-13 21:33:35.310422','452','Tactic Choice/Privatperson/Man-in-the-Middle-Angriff/Vernetztes Auto',3,'',20,1),(5023,'2024-05-13 21:33:35.311143','457','Tactic Justification/Privatperson/Man-in-the-Middle-Angriff/Vernetztes Auto',3,'',20,1),(5024,'2024-05-13 21:33:35.311862','456','Tactic Justification/Privatperson/Man-in-the-Middle-Angriff/Vernetztes Auto',3,'',20,1),(5025,'2024-05-13 21:33:35.312542','455','Tactic Justification/Privatperson/Man-in-the-Middle-Angriff/Vernetztes Auto',3,'',20,1),(5026,'2024-05-13 21:33:35.313246','460','Tactic Mastery/Privatperson/Man-in-the-Middle-Angriff/Vernetztes Auto',3,'',20,1),(5027,'2024-05-13 21:33:35.313978','459','Tactic Mastery/Privatperson/Man-in-the-Middle-Angriff/Vernetztes Auto',3,'',20,1),(5028,'2024-05-13 21:33:35.314748','458','Tactic Mastery/Privatperson/Man-in-the-Middle-Angriff/Vernetztes Auto',3,'',20,1),(5029,'2024-05-13 21:33:35.315464','329','Tactic Check & Follow-Up/Privatperson/Man-in-the-Middle-Angriff/Vernetztes Auto',3,'',20,1),(5030,'2024-05-13 21:33:35.316185','328','Tactic Check & Follow-Up/Privatperson/Man-in-the-Middle-Angriff/Vernetztes Auto',3,'',20,1),(5031,'2024-05-13 21:33:35.316873','327','Tactic Check & Follow-Up/Privatperson/Man-in-the-Middle-Angriff/Vernetztes Auto',3,'',20,1),(5032,'2024-05-13 21:33:35.317606','332','Threat Awareness/Privatperson/Malware über Wechseldatenträger/USB-Stick',3,'',20,1),(5033,'2024-05-13 21:33:35.318266','331','Threat Awareness/Privatperson/Malware über Wechseldatenträger/USB-Stick',3,'',20,1),(5034,'2024-05-13 21:33:35.318916','330','Threat Awareness/Privatperson/Malware über Wechseldatenträger/USB-Stick',3,'',20,1),(5035,'2024-05-13 21:33:35.319588','465','Threat Identification/Privatperson/Malware über Wechseldatenträger/USB-Stick',3,'',20,1),(5036,'2024-05-13 21:33:35.320411','464','Threat Identification/Privatperson/Malware über Wechseldatenträger/USB-Stick',3,'',20,1),(5037,'2024-05-13 21:33:35.321136','463','Threat Identification/Privatperson/Malware über Wechseldatenträger/USB-Stick',3,'',20,1),(5038,'2024-05-13 21:33:35.321938','462','Threat Identification/Privatperson/Malware über Wechseldatenträger/USB-Stick',3,'',20,1),(5039,'2024-05-13 21:33:35.322573','461','Threat Identification/Privatperson/Malware über Wechseldatenträger/USB-Stick',3,'',20,1),(5040,'2024-05-13 21:33:35.323212','468','Threat Impact Assessment/Privatperson/Malware über Wechseldatenträger/USB-Stick',3,'',20,1),(5041,'2024-05-13 21:33:35.323887','467','Threat Impact Assessment/Privatperson/Malware über Wechseldatenträger/USB-Stick',3,'',20,1),(5042,'2024-05-13 21:33:35.324543','466','Threat Impact Assessment/Privatperson/Malware über Wechseldatenträger/USB-Stick',3,'',20,1),(5043,'2024-05-13 21:33:35.325192','471','Tactic Choice/Privatperson/Malware über Wechseldatenträger/USB-Stick',3,'',20,1),(5044,'2024-05-13 21:33:35.326001','470','Tactic Choice/Privatperson/Malware über Wechseldatenträger/USB-Stick',3,'',20,1),(5045,'2024-05-13 21:33:35.326659','469','Tactic Choice/Privatperson/Malware über Wechseldatenträger/USB-Stick',3,'',20,1),(5046,'2024-05-13 21:33:35.327523','474','Tactic Justification/Privatperson/Malware über Wechseldatenträger/USB-Stick',3,'',20,1),(5047,'2024-05-13 21:33:35.328316','473','Tactic Justification/Privatperson/Malware über Wechseldatenträger/USB-Stick',3,'',20,1),(5048,'2024-05-13 21:33:35.329177','472','Tactic Justification/Privatperson/Malware über Wechseldatenträger/USB-Stick',3,'',20,1),(5049,'2024-05-13 21:33:35.329863','477','Tactic Mastery/Privatperson/Malware über Wechseldatenträger/USB-Stick',3,'',20,1),(5050,'2024-05-13 21:33:35.330661','476','Tactic Mastery/Privatperson/Malware über Wechseldatenträger/USB-Stick',3,'',20,1),(5051,'2024-05-13 21:33:35.331304','475','Tactic Mastery/Privatperson/Malware über Wechseldatenträger/USB-Stick',3,'',20,1),(5052,'2024-05-13 21:33:35.331956','480','Tactic Check & Follow-Up/Privatperson/Malware über Wechseldatenträger/USB-Stick',3,'',20,1),(5053,'2024-05-13 21:33:35.332601','479','Tactic Check & Follow-Up/Privatperson/Malware über Wechseldatenträger/USB-Stick',3,'',20,1),(5054,'2024-05-13 21:33:35.333243','478','Tactic Check & Follow-Up/Privatperson/Malware über Wechseldatenträger/USB-Stick',3,'',20,1),(5055,'2024-05-13 21:33:35.333904','563','Threat Awareness/Privatperson/Phishing/Mailsystem',3,'',20,1),(5056,'2024-05-13 21:33:35.334598','562','Threat Awareness/Privatperson/Phishing/Mailsystem',3,'',20,1),(5057,'2024-05-13 21:33:35.335300','561','Threat Awareness/Privatperson/Phishing/Mailsystem',3,'',20,1),(5058,'2024-05-13 21:33:35.335994','569','Threat Identification/Privatperson/Phishing/Mailsystem',3,'',20,1),(5059,'2024-05-13 21:33:35.336621','568','Threat Identification/Privatperson/Phishing/Mailsystem',3,'',20,1),(5060,'2024-05-13 21:33:35.337242','567','Threat Identification/Privatperson/Phishing/Mailsystem',3,'',20,1),(5061,'2024-05-13 21:33:35.337803','566','Threat Identification/Privatperson/Phishing/Mailsystem',3,'',20,1),(5062,'2024-05-13 21:33:35.338619','565','Threat Identification/Privatperson/Phishing/Mailsystem',3,'',20,1),(5063,'2024-05-13 21:33:35.339265','564','Threat Identification/Privatperson/Phishing/Mailsystem',3,'',20,1),(5064,'2024-05-13 21:33:35.339874','572','Threat Impact Assessment/Privatperson/Phishing/Mailsystem',3,'',20,1),(5065,'2024-05-13 21:33:35.340488','571','Threat Impact Assessment/Privatperson/Phishing/Mailsystem',3,'',20,1),(5066,'2024-05-13 21:33:35.341207','570','Threat Impact Assessment/Privatperson/Phishing/Mailsystem',3,'',20,1),(5067,'2024-05-13 21:33:35.341855','575','Tactic Choice/Privatperson/Phishing/Mailsystem',3,'',20,1),(5068,'2024-05-13 21:33:35.342507','574','Tactic Choice/Privatperson/Phishing/Mailsystem',3,'',20,1),(5069,'2024-05-13 21:33:35.343314','573','Tactic Choice/Privatperson/Phishing/Mailsystem',3,'',20,1),(5070,'2024-05-13 21:33:35.343964','578','Tactic Justification/Privatperson/Phishing/Mailsystem',3,'',20,1),(5071,'2024-05-13 21:33:35.344769','577','Tactic Justification/Privatperson/Phishing/Mailsystem',3,'',20,1),(5072,'2024-05-13 21:33:35.345431','576','Tactic Justification/Privatperson/Phishing/Mailsystem',3,'',20,1),(5073,'2024-05-13 21:33:35.346115','581','Tactic Mastery/Privatperson/Phishing/Mailsystem',3,'',20,1),(5074,'2024-05-13 21:33:35.346775','580','Tactic Mastery/Privatperson/Phishing/Mailsystem',3,'',20,1),(5075,'2024-05-13 21:33:35.347461','579','Tactic Mastery/Privatperson/Phishing/Mailsystem',3,'',20,1),(5076,'2024-05-13 21:33:35.348145','584','Tactic Check & Follow-Up/Privatperson/Phishing/Mailsystem',3,'',20,1),(5077,'2024-05-13 21:33:35.348938','583','Tactic Check & Follow-Up/Privatperson/Phishing/Mailsystem',3,'',20,1),(5078,'2024-05-13 21:33:35.349679','582','Tactic Check & Follow-Up/Privatperson/Phishing/Mailsystem',3,'',20,1),(5079,'2024-05-13 21:33:35.350324','587','Threat Awareness/Privatperson/Malware Download/Wearable',3,'',20,1),(5080,'2024-05-13 21:33:35.351011','586','Threat Awareness/Privatperson/Malware Download/Wearable',3,'',20,1),(5081,'2024-05-13 21:33:35.351705','585','Threat Awareness/Privatperson/Malware Download/Wearable',3,'',20,1),(5082,'2024-05-13 21:33:35.352337','611','Threat Awareness/Privatperson/SchlechteKonfiguration/IoT',3,'',20,1),(5083,'2024-05-13 21:33:35.352972','610','Threat Awareness/Privatperson/SchlechteKonfiguration/IoT',3,'',20,1),(5084,'2024-05-13 21:33:43.297066','609','Threat Awareness/Privatperson/SchlechteKonfiguration/IoT',3,'',20,1),(5085,'2024-05-13 21:33:43.300887','634','Threat Awareness/Privatperson/Pharming/OnlineBanking',3,'',20,1),(5086,'2024-05-13 21:33:43.303569','633','Threat Awareness/Privatperson/Pharming/OnlineBanking',3,'',20,1),(5087,'2024-05-13 21:33:43.306251','632','Threat Awareness/Privatperson/Pharming/OnlineBanking',3,'',20,1),(5088,'2024-05-13 21:41:38.709334','1816','Threat Awareness/FK/Phishing/Mailsystem',3,'',20,1),(5089,'2024-05-13 21:41:38.717315','1815','Threat Awareness/FK/Phishing/Mailsystem',3,'',20,1),(5090,'2024-05-13 21:41:38.720446','1814','Threat Awareness/FK/Phishing/Mailsystem',3,'',20,1),(5091,'2024-05-13 21:43:47.132286','108','(Speer)-Phishing/Mailsystem/Threat Awareness/Führungskraft',2,'[{\"changed\": {\"fields\": [\"Zugeordnete Frage\"]}}]',18,1),(5092,'2024-05-13 21:47:15.013274','10','FK/Phishing/Mailsystem/Impuls 2',2,'[{\"changed\": {\"fields\": [\"Inhalt\"]}}]',14,1),(5093,'2024-05-13 21:52:39.119362','1528','Threat Impact Assessment/FK/Phishing/Mailsystem',2,'[{\"changed\": {\"fields\": [\"Antwortoption\", \"Bewertung der Antwortoption\"]}}]',20,1),(5094,'2024-05-13 21:53:20.431942','1521','Threat Identification/FK/Phishing/Mailsystem',2,'[{\"changed\": {\"fields\": [\"Antwortoption\", \"Bewertung der Antwortoption\"]}}]',20,1),(5095,'2024-05-13 21:53:51.779170','1527','Threat Impact Assessment/FK/Phishing/Mailsystem',2,'[{\"changed\": {\"fields\": [\"Antwortoption\"]}}]',20,1),(5096,'2024-05-13 21:54:07.563487','1526','Threat Impact Assessment/FK/Phishing/Mailsystem',2,'[{\"changed\": {\"fields\": [\"Antwortoption\"]}}]',20,1),(5097,'2024-05-13 21:57:05.983433','111','(Speer)-Phishing/Mailsystem/Tactic Choice/Führungskraft',2,'[{\"changed\": {\"fields\": [\"Zugeordnete Frage\"]}}]',18,1),(5098,'2024-05-13 21:58:10.887634','109','(Speer)-Phishing/Mailsystem/Threat Identification/Führungskraft',2,'[{\"changed\": {\"fields\": [\"Zugeordnete Frage\"]}}]',18,1),(5099,'2024-05-13 21:58:28.798823','110','(Speer)-Phishing/Mailsystem/Threat Impact Assessment/Führungskraft',2,'[{\"changed\": {\"fields\": [\"Zugeordnete Frage\"]}}]',18,1),(5100,'2024-05-13 21:59:10.949773','112','(Speer)-Phishing/Mailsystem/Tactic Justification/Führungskraft',2,'[{\"changed\": {\"fields\": [\"Zugeordnete Frage\"]}}]',18,1),(5101,'2024-05-13 21:59:30.444709','113','(Speer)-Phishing/Mailsystem/Tactic Mastery/Führungskraft',2,'[{\"changed\": {\"fields\": [\"Zugeordnete Frage\"]}}]',18,1),(5102,'2024-05-13 21:59:47.297792','114','(Speer)-Phishing/Mailsystem/Tactic Check & Follow-Up/Führungskraft',2,'[{\"changed\": {\"fields\": [\"Zugeordnete Frage\"]}}]',18,1),(5103,'2024-05-13 22:01:27.462001','1525','Threat Impact Assessment/FK/Phishing/Mailsystem',3,'',20,1),(5104,'2024-05-13 22:01:50.788598','385','Threat Identification/Führungskraft/Phishing/Mailsystem',3,'',20,1),(5105,'2024-05-13 22:01:50.793146','384','Threat Identification/Führungskraft/Phishing/Mailsystem',3,'',20,1),(5106,'2024-05-13 22:01:50.795867','383','Threat Identification/Führungskraft/Phishing/Mailsystem',3,'',20,1),(5107,'2024-05-13 22:01:50.797738','382','Threat Identification/Führungskraft/Phishing/Mailsystem',3,'',20,1),(5108,'2024-05-13 22:01:50.799553','381','Threat Identification/Führungskraft/Phishing/Mailsystem',3,'',20,1),(5109,'2024-05-13 22:01:50.801531','389','Threat Impact Assessment/Führungskraft/Phishing/Mailsystem',3,'',20,1),(5110,'2024-05-13 22:01:50.803261','388','Threat Impact Assessment/Führungskraft/Phishing/Mailsystem',3,'',20,1),(5111,'2024-05-13 22:01:50.804491','387','Threat Impact Assessment/Führungskraft/Phishing/Mailsystem',3,'',20,1),(5112,'2024-05-13 22:01:50.805706','386','Threat Impact Assessment/Führungskraft/Phishing/Mailsystem',3,'',20,1),(5113,'2024-05-13 22:01:50.807580','393','Tactic Choice/Führungskraft/Phishing/Mailsystem',3,'',20,1),(5114,'2024-05-13 22:01:50.809001','392','Tactic Choice/Führungskraft/Phishing/Mailsystem',3,'',20,1),(5115,'2024-05-13 22:01:50.810464','391','Tactic Choice/Führungskraft/Phishing/Mailsystem',3,'',20,1),(5116,'2024-05-13 22:01:50.811997','390','Tactic Choice/Führungskraft/Phishing/Mailsystem',3,'',20,1),(5117,'2024-05-13 22:01:50.813164','396','Tactic Justification/Führungskraft/Phishing/Mailsystem',3,'',20,1),(5118,'2024-05-13 22:01:50.814351','395','Tactic Justification/Führungskraft/Phishing/Mailsystem',3,'',20,1),(5119,'2024-05-13 22:01:50.815710','394','Tactic Justification/Führungskraft/Phishing/Mailsystem',3,'',20,1),(5120,'2024-05-13 22:01:50.817318','401','Tactic Mastery/Führungskraft/Phishing/Mailsystem',3,'',20,1),(5121,'2024-05-13 22:01:50.818566','400','Tactic Mastery/Führungskraft/Phishing/Mailsystem',3,'',20,1),(5122,'2024-05-13 22:01:50.819833','399','Tactic Mastery/Führungskraft/Phishing/Mailsystem',3,'',20,1),(5123,'2024-05-13 22:01:50.820951','398','Tactic Mastery/Führungskraft/Phishing/Mailsystem',3,'',20,1),(5124,'2024-05-13 22:01:50.821985','397','Tactic Mastery/Führungskraft/Phishing/Mailsystem',3,'',20,1),(5125,'2024-05-13 22:01:50.823006','405','Tactic Check & Follow Up/Führungskraft/Phishing/Mailsystem',3,'',20,1),(5126,'2024-05-13 22:01:50.823918','404','Tactic Check & Follow Up/Führungskraft/Phishing/Mailsystem',3,'',20,1),(5127,'2024-05-13 22:01:50.824950','403','Tactic Check & Follow Up/Führungskraft/Phishing/Mailsystem',3,'',20,1),(5128,'2024-05-13 22:01:50.825994','402','Tactic Check & Follow Up/Führungskraft/Phishing/Mailsystem',3,'',20,1),(5129,'2024-05-13 22:02:29.965937','112','Tactic Check & Follow Up/Führungskraft/Phishing/Mailsystem',3,'',17,1),(5130,'2024-05-13 22:02:29.977812','111','Tactic Mastery/Führungskraft/Phishing/Mailsystem',3,'',17,1),(5131,'2024-05-13 22:02:29.981020','110','Tactic Justification/Führungskraft/Phishing/Mailsystem',3,'',17,1),(5132,'2024-05-13 22:02:29.983032','109','Tactic Choice/Führungskraft/Phishing/Mailsystem',3,'',17,1),(5133,'2024-05-13 22:02:29.985445','108','Threat Impact Assessment/Führungskraft/Phishing/Mailsystem',3,'',17,1),(5134,'2024-05-13 22:02:29.987422','107','Threat Identification/Führungskraft/Phishing/Mailsystem',3,'',17,1),(5135,'2024-05-13 22:02:29.989144','106','Threat Awareness/Führungskraft/Phishing/Mailsystem',3,'',17,1),(5136,'2024-05-13 22:05:10.460727','1819','Threat Identification/FK/Phishing/Mailsystem',1,'[{\"added\": {}}]',20,1),(5137,'2024-05-13 22:05:46.524847','1820','Threat Identification/FK/Phishing/Mailsystem',1,'[{\"added\": {}}]',20,1),(5138,'2024-05-13 22:06:23.485194','1521','Threat Impact Assessment/FK/Phishing/Mailsystem',2,'[{\"changed\": {\"fields\": [\"Zugeordnete Frage\"]}}]',20,1),(5139,'2024-05-13 22:13:13.475972','59','3.10/Social Engineering/Mailsystem/Führungskraft',2,'[{\"changed\": {\"fields\": [\"Zugeordneter Bedrohungsvektor\"]}}]',11,1),(5140,'2024-05-13 22:24:17.712357','1538','Tactic Mastery/FK/Phishing/Mailsystem',2,'[{\"changed\": {\"fields\": [\"Antwortoption\"]}}]',20,1),(5141,'2024-05-13 22:44:15.633729','1537','Tactic Mastery/FK/Phishing/Mailsystem',2,'[{\"changed\": {\"fields\": [\"Antwortoption\"]}}]',20,1),(5142,'2024-05-13 22:44:36.596200','1536','Tactic Mastery/FK/Phishing/Mailsystem',2,'[{\"changed\": {\"fields\": [\"Antwortoption\"]}}]',20,1),(5143,'2024-05-13 22:45:29.768369','1821','Tactic Mastery/FK/Phishing/Mailsystem',1,'[{\"added\": {}}]',20,1),(5144,'2024-05-13 22:46:10.129339','1822','Tactic Mastery/FK/Phishing/Mailsystem',1,'[{\"added\": {}}]',20,1),(5145,'2024-05-13 22:47:18.819508','1542','Tactic Check&Follow Up/FK/Phishing/Mailsystem',2,'[{\"changed\": {\"fields\": [\"Antwortoption\"]}}]',20,1),(5146,'2024-05-13 22:58:17.597712','777','Threat Awareness/Führungskraft/Social Engineering/Kollaborationssyteme',3,'',20,1),(5147,'2024-05-13 22:58:17.606151','776','Threat Awareness/Führungskraft/Social Engineering/Kollaborationssyteme',3,'',20,1),(5148,'2024-05-13 22:58:17.609138','775','Threat Awareness/Führungskraft/Social Engineering/Kollaborationssyteme',3,'',20,1),(5149,'2024-05-13 22:59:06.395520','1823','Threat Awareness/Führungskraft/Social Engineering/Kollaborationssyteme',1,'[{\"added\": {}}]',20,1),(5150,'2024-05-13 22:59:26.582139','1824','Threat Awareness/Führungskraft/Social Engineering/Kollaborationssyteme',1,'[{\"added\": {}}]',20,1),(5151,'2024-05-13 23:00:00.635258','1825','Threat Awareness/Führungskraft/Social Engineering/Kollaborationssyteme',1,'[{\"added\": {}}]',20,1),(5152,'2024-05-13 23:06:35.311976','205','Social Engineering/Kollaborationssysteme/Tactic Check & Follow-Up/Führungskraft',3,'',18,1),(5153,'2024-05-13 23:06:35.319087','204','Social Engineering/Kollaborationssysteme/Tactic Mastery/Führungskraft',3,'',18,1),(5154,'2024-05-13 23:07:25.312497','460','Social Engineering/Kollaborationssysteme/Tactic Mastery/Führungskraft',1,'[{\"added\": {}}]',18,1),(5155,'2024-05-13 23:07:56.647043','461','Social Engineering/Kollaborationssysteme/Tactic Check & Follow-Up/Führungskraft',1,'[{\"added\": {}}]',18,1),(5156,'2024-05-14 07:08:54.863728','1791','Threat Awareness/FK/Falsche Berechtigungseinstellungen/Mitarbeiter',2,'[{\"changed\": {\"fields\": [\"Antwortoption\"]}}]',20,1),(5157,'2024-05-14 07:09:01.991370','1792','Threat Awareness/FK/Falsche Berechtigungseinstellungen/Mitarbeiter',2,'[{\"changed\": {\"fields\": [\"Antwortoption\"]}}]',20,1),(5158,'2024-05-14 07:09:09.870348','1793','Threat Awareness/FK/Falsche Berechtigungseinstellungen/Mitarbeiter',2,'[{\"changed\": {\"fields\": [\"Antwortoption\"]}}]',20,1),(5159,'2024-05-14 07:13:53.641729','21','Schwachstellen in internen Informationssystemen (Buchhaltungssystem)/Internes Informationssystem',2,'[{\"changed\": {\"fields\": [\"Beschreibung\"]}}]',10,1),(5160,'2024-05-14 07:16:12.662621','1612','Threat Awareness/GF/Kompromittierung von Informationssystemen oder Geräten/Telefon',2,'[{\"changed\": {\"fields\": [\"Antwortoption\"]}}]',20,1),(5161,'2024-05-14 07:16:21.067441','1613','Threat Awareness/GF/Kompromittierung von Informationssystemen oder Geräten/Telefon',2,'[{\"changed\": {\"fields\": [\"Antwortoption\"]}}]',20,1),(5162,'2024-05-14 07:16:26.902489','1614','Threat Awareness/GF/Kompromittierung von Informationssystemen oder Geräten/Telefon',2,'[{\"changed\": {\"fields\": [\"Antwortoption\"]}}]',20,1),(5163,'2024-05-14 07:23:53.409084','1664','Threat Awareness/GF/Einschleusen von Malware/Mailsystem',2,'[{\"changed\": {\"fields\": [\"Bewertung der Antwortoption\"]}}]',20,1),(5164,'2024-05-14 07:24:07.536434','1663','Threat Awareness/GF/Einschleusen von Malware/Mailsystem',2,'[{\"changed\": {\"fields\": [\"Bewertung der Antwortoption\"]}}]',20,1),(5165,'2024-05-14 07:24:15.551885','1665','Threat Awareness/GF/Einschleusen von Malware/Mailsystem',2,'[{\"changed\": {\"fields\": [\"Bewertung der Antwortoption\"]}}]',20,1),(5166,'2024-05-14 07:27:39.929984','1826','Tactic Choice/GF/Einschleusen von Malware/Mailsystem',1,'[{\"added\": {}}]',20,1),(5167,'2024-05-14 07:31:28.119822','7','Geschäftsführer*in',2,'[{\"changed\": {\"fields\": [\"Zugeordnete Bedrohungssituationen\"]}}]',19,1),(5168,'2024-05-14 07:33:04.678023','1587','Threat Awareness/GF/Durchführung von Brute-Force-Anmeldeversuchen/PC',2,'[{\"changed\": {\"fields\": [\"Antwortoption\"]}}]',20,1),(5169,'2024-05-14 07:33:09.944555','1588','Threat Awareness/GF/Durchführung von Brute-Force-Anmeldeversuchen/PC',2,'[{\"changed\": {\"fields\": [\"Antwortoption\"]}}]',20,1),(5170,'2024-05-14 07:33:14.022761','1589','Threat Awareness/GF/Durchführung von Brute-Force-Anmeldeversuchen/PC',2,'[{\"changed\": {\"fields\": [\"Antwortoption\"]}}]',20,1),(5171,'2024-05-14 07:36:04.673823','420','Tactic Mastery/GF/Durchführung von Brute-Force-Anmeldeversuchen/PC',2,'[{\"changed\": {\"fields\": [\"Fragen-Typ\"]}}]',17,1),(5172,'2024-05-14 07:41:03.578527','7','Geschäftsführer*in',2,'[{\"changed\": {\"fields\": [\"Zugeordnete Bedrohungssituationen\"]}}]',19,1),(5173,'2024-05-14 07:43:01.100694','7','Geschäftsführer*in',2,'[{\"changed\": {\"fields\": [\"Zugeordnete Bedrohungssituationen\"]}}]',19,1),(5174,'2024-05-14 07:47:31.079987','1827','Tactic Justification/GF/(Speer)-Phishing/Mailsystem',1,'[{\"added\": {}}]',20,1),(5175,'2024-05-14 08:01:59.766085','1726','Threat Awareness/GF/Falsche Berechtigungseinstellungen/Mitarbeiter',2,'[{\"changed\": {\"fields\": [\"Bewertung der Antwortoption\"]}}]',20,1),(5176,'2024-05-14 08:02:28.314655','1724','Threat Awareness/GF/Falsche Berechtigungseinstellungen/Mitarbeiter',2,'[{\"changed\": {\"fields\": [\"Bewertung der Antwortoption\"]}}]',20,1),(5177,'2024-05-14 08:15:52.253497','1','Innendienst',2,'[{\"changed\": {\"fields\": [\"Zugeordnete Bedrohungssituationen\"]}}]',19,1),(5178,'2024-05-14 08:17:53.382940','8','Teams_Impuls_SE_KO_1',2,'[{\"changed\": {\"fields\": [\"Bild-Datei\"]}}]',15,1),(5179,'2024-05-14 08:18:04.033864','9','Teams_Impuls_SE_KO_2',2,'[{\"changed\": {\"fields\": [\"Bild-Datei\"]}}]',15,1),(5180,'2024-05-14 08:18:10.885294','10','Teams_Impuls_SE_KO_3',2,'[{\"changed\": {\"fields\": [\"Bild-Datei\"]}}]',15,1),(5181,'2024-05-14 08:19:03.556689','1','2.11/Social Engineering/Kollaborationssysteme/Innendienst',2,'[{\"changed\": {\"fields\": [\"Beschreibung\"]}}]',11,1),(5182,'2024-05-14 08:20:53.772958','5','Threat Identification/Sachbearbeiter*in Innendienst/Social Engineering/Kollborationssystem',2,'[{\"changed\": {\"fields\": [\"Bewertung der Antwortoption\"]}}]',20,1),(5183,'2024-05-14 08:21:30.624301','488','Threat Identification/Sachbearbeiter*in Innendienst/Social Engineering/Kollborationssystem',3,'',20,1),(5184,'2024-05-14 08:21:30.628960','7','Threat Identification/Sachbearbeiter*in Innendienst/Social Engineering/Kollborationssystem',3,'',20,1),(5185,'2024-05-14 08:21:37.279115','8','Threat Identification/Sachbearbeiter*in Innendienst/Social Engineering/Kollborationssystem',2,'[{\"changed\": {\"fields\": [\"Antwortoption\"]}}]',20,1),(5186,'2024-05-14 08:23:28.872140','497','Tactic Choice/Sachbearbeiter Innendienst/Social Engineering/Kollaborationssystem',3,'',20,1),(5187,'2024-05-14 08:46:46.418443','682','Threat Identification/Sachbearbeiter*in Innendienst/Falscher Umgang mit kritischen und/oder sensiblen Informationen/Mitarbeiter',2,'[{\"changed\": {\"fields\": [\"Bewertung der Antwortoption\"]}}]',20,1),(5188,'2024-05-14 08:48:48.753389','693','Tactic Justification/Sachbearbeiter*in Innendienst/Falscher Umgang mit kritischen und/oder sensiblen Informationen/Mitarbeiter',2,'[{\"changed\": {\"fields\": [\"Antwortoption\"]}}]',20,1),(5189,'2024-05-14 08:50:27.091171','693','Tactic Justification/Sachbearbeiter*in Innendienst/Falscher Umgang mit kritischen und/oder sensiblen Informationen/Mitarbeiter',2,'[{\"changed\": {\"fields\": [\"Antwortoption\"]}}]',20,1),(5190,'2024-05-14 08:56:20.285672','708','Threat Identification/Sachbearbeiter*in Innendienst/Weitergabe sensibler Informationen/Mitarbeiter',2,'[{\"changed\": {\"fields\": [\"Antwortoption\", \"Bewertung der Antwortoption\"]}}]',20,1),(5191,'2024-05-14 08:56:35.995775','707','Threat Identification/Sachbearbeiter*in Innendienst/Weitergabe sensibler Informationen/Mitarbeiter',2,'[{\"changed\": {\"fields\": [\"Antwortoption\", \"Bewertung der Antwortoption\"]}}]',20,1),(5192,'2024-05-14 08:57:02.184129','706','Threat Identification/Sachbearbeiter*in Innendienst/Weitergabe sensibler Informationen/Mitarbeiter',2,'[{\"changed\": {\"fields\": [\"Antwortoption\", \"Bewertung der Antwortoption\"]}}]',20,1),(5193,'2024-05-14 08:57:11.364936','705','Threat Identification/Sachbearbeiter*in Innendienst/Weitergabe sensibler Informationen/Mitarbeiter',3,'',20,1),(5194,'2024-05-14 09:08:51.550453','5','LinkedIn-Impuls1_SE_SM',2,'[{\"changed\": {\"fields\": [\"Bild-Datei\"]}}]',15,1),(5195,'2024-05-14 09:08:58.234708','6','LinkedIn_Impuls2_SE_SM',2,'[{\"changed\": {\"fields\": [\"Bild-Datei\"]}}]',15,1),(5196,'2024-05-14 09:09:04.617244','7','LinkedIn_Impuls3_SE_SM',2,'[{\"changed\": {\"fields\": [\"Bild-Datei\"]}}]',15,1),(5197,'2024-05-14 09:09:26.198130','1','Innendienst',2,'[{\"changed\": {\"fields\": [\"Zugeordnete Bedrohungssituationen\"]}}]',19,1),(5198,'2024-05-14 09:10:33.944043','2','2.12/Social Engineering/Social Media Systeme/Innendienst',2,'[{\"changed\": {\"fields\": [\"Beschreibung\"]}}]',11,1),(5199,'2024-05-14 09:15:04.133855','27','Threat Awareness/Sachbearbeiter*in Innendienst/Social Engineering/Social Media System',2,'[{\"changed\": {\"fields\": [\"Antwortoption\"]}}]',20,1),(5200,'2024-05-14 09:18:03.040211','48','Tactic Mastery/Sachbearbeiter*in Innendienst/Social Engineering/Social Media System',2,'[{\"changed\": {\"fields\": [\"Antwortoption\"]}}]',20,1),(5201,'2024-05-14 09:18:54.813671','212','Threat Identification/Sachbearbeiter*in Außendienst/Social Engineering/Social Media System',3,'',20,1),(5202,'2024-05-14 09:19:14.096148','50','Tactic Check & Follow-Up/Sachbearbeiter*in Innendienst/Social Engineering/Social Media System',2,'[{\"changed\": {\"fields\": [\"Antwortoption\"]}}]',20,1),(5203,'2024-05-14 09:52:13.120175','75','IT Admin/Durchführung von Brute-Force-Anmeldeversuchen/Passworterratungsangriffen/Sever/Impuls 1',2,'[{\"changed\": {\"fields\": [\"Bild-Datei\"]}}]',15,1),(5204,'2024-05-14 09:57:34.309457','217','Durchführung von Brute-Force-Anmeldeversuchen/Passworterratungsangriffen/Server/Tactic Choice/IT-Admin',2,'[{\"changed\": {\"fields\": [\"Zugeordnete Frage\"]}}]',18,1),(5205,'2024-05-14 10:03:50.352541','87','IT Admin/Durchführung von nicht zielgerichteten Zero-Day-Angriffen/Netzwerk/Impuls 1',2,'[{\"changed\": {\"fields\": [\"Bild-Datei\"]}}]',15,1),(5206,'2024-05-14 10:04:24.203618','87','IT Admin/Durchführung von nicht zielgerichteten Zero-Day-Angriffen/Netzwerk/Impuls 1',2,'[{\"changed\": {\"fields\": [\"Bild-Datei\"]}}]',15,1),(5207,'2024-05-14 10:06:16.152022','80','IT Admin/Durchführung von nicht zielgerichteten Zero-Day-Angriffen/Server/Impuls 3',2,'[{\"changed\": {\"fields\": [\"Text zur Bild-Datei\"]}}]',15,1),(5208,'2024-05-14 10:06:33.174951','78','IT Admin/Durchführung von nicht zielgerichteten Zero-Day-Angriffen/Server/Impuls 1',2,'[{\"changed\": {\"fields\": [\"Text zur Bild-Datei\"]}}]',15,1),(5209,'2024-05-14 10:06:47.700984','79','IT Admin/Durchführung von nicht zielgerichteten Zero-Day-Angriffen/Server/Impuls 2',2,'[{\"changed\": {\"fields\": [\"Text zur Bild-Datei\"]}}]',15,1),(5210,'2024-05-14 10:07:13.934081','481','Threat Awareness/IT-Admin/Durchführung von nicht zielgerichteten Zero-Day-Angriffen/Server',2,'[{\"changed\": {\"fields\": [\"Antwortoption\"]}}]',20,1),(5211,'2024-05-14 10:07:19.198590','482','Threat Awareness/IT-Admin/Durchführung von nicht zielgerichteten Zero-Day-Angriffen/Server',2,'[{\"changed\": {\"fields\": [\"Antwortoption\"]}}]',20,1),(5212,'2024-05-14 10:07:24.560869','483','Threat Awareness/IT-Admin/Durchführung von nicht zielgerichteten Zero-Day-Angriffen/Server',2,'[{\"changed\": {\"fields\": [\"Antwortoption\"]}}]',20,1),(5213,'2024-05-14 10:16:35.571298','878','Threat Identification/IT Admin/Durchführung von nicht zielgerichteten Zero-Day-Angriffen/Server',3,'',20,1),(5214,'2024-05-14 10:16:35.584462','877','Threat Identification/IT Admin/Durchführung von nicht zielgerichteten Zero-Day-Angriffen/Server',3,'',20,1),(5215,'2024-05-14 10:16:35.585699','876','Threat Identification/IT Admin/Durchführung von nicht zielgerichteten Zero-Day-Angriffen/Server',3,'',20,1),(5216,'2024-05-14 10:16:35.586632','875','Threat Identification/IT Admin/Durchführung von nicht zielgerichteten Zero-Day-Angriffen/Server',3,'',20,1),(5217,'2024-05-14 10:16:35.587795','884','Threat Impact Assessment/IT Admin/Durchführung von nicht zielgerichteten Zero-Day-Angriffen/Server',3,'',20,1),(5218,'2024-05-14 10:16:35.588937','883','Threat Impact Assessment/IT Admin/Durchführung von nicht zielgerichteten Zero-Day-Angriffen/Server',3,'',20,1),(5219,'2024-05-14 10:16:35.590404','882','Threat Impact Assessment/IT Admin/Durchführung von nicht zielgerichteten Zero-Day-Angriffen/Server',3,'',20,1),(5220,'2024-05-14 10:16:35.591529','881','Threat Impact Assessment/IT Admin/Durchführung von nicht zielgerichteten Zero-Day-Angriffen/Server',3,'',20,1),(5221,'2024-05-14 10:16:35.592414','880','Threat Impact Assessment/IT Admin/Durchführung von nicht zielgerichteten Zero-Day-Angriffen/Server',3,'',20,1),(5222,'2024-05-14 10:16:35.593556','889','Tactic Choice/IT Admin/Durchführung von nicht zielgerichteten Zero-Day-Angriffen/Server',3,'',20,1),(5223,'2024-05-14 10:16:35.594395','888','Tactic Choice/IT Admin/Durchführung von nicht zielgerichteten Zero-Day-Angriffen/Server',3,'',20,1),(5224,'2024-05-14 10:16:35.595519','886','Tactic Choice/IT Admin/Durchführung von nicht zielgerichteten Zero-Day-Angriffen/Server',3,'',20,1),(5225,'2024-05-14 10:16:35.596462','885','Tactic Choice/IT Admin/Durchführung von nicht zielgerichteten Zero-Day-Angriffen/Server',3,'',20,1),(5226,'2024-05-14 10:16:35.599313','892','Tactic Justification/IT Admin/Durchführung von nicht zielgerichteten Zero-Day-Angriffen/Server',3,'',20,1),(5227,'2024-05-14 10:16:35.601064','891','Tactic Justification/IT Admin/Durchführung von nicht zielgerichteten Zero-Day-Angriffen/Server',3,'',20,1),(5228,'2024-05-14 10:16:35.602037','890','Tactic Justification/IT Admin/Durchführung von nicht zielgerichteten Zero-Day-Angriffen/Server',3,'',20,1),(5229,'2024-05-14 10:16:35.602823','897','Tactic Mastery/IT Admin/Durchführung von nicht zielgerichteten Zero-Day-Angriffen/Server',3,'',20,1),(5230,'2024-05-14 10:16:35.603561','896','Tactic Mastery/IT Admin/Durchführung von nicht zielgerichteten Zero-Day-Angriffen/Server',3,'',20,1),(5231,'2024-05-14 10:16:35.605812','895','Tactic Mastery/IT Admin/Durchführung von nicht zielgerichteten Zero-Day-Angriffen/Server',3,'',20,1),(5232,'2024-05-14 10:16:35.606867','894','Tactic Mastery/IT Admin/Durchführung von nicht zielgerichteten Zero-Day-Angriffen/Server',3,'',20,1),(5233,'2024-05-14 10:16:35.607641','893','Tactic Mastery/IT Admin/Durchführung von nicht zielgerichteten Zero-Day-Angriffen/Server',3,'',20,1),(5234,'2024-05-14 10:16:35.608381','904','Tactic Check&Follow Up/IT Admin/Durchführung von nicht zielgerichteten Zero-Day-Angriffen/Server',3,'',20,1),(5235,'2024-05-14 10:16:35.609139','903','Tactic Check&Follow Up/IT Admin/Durchführung von nicht zielgerichteten Zero-Day-Angriffen/Server',3,'',20,1),(5236,'2024-05-14 10:16:35.609885','902','Tactic Check&Follow Up/IT Admin/Durchführung von nicht zielgerichteten Zero-Day-Angriffen/Server',3,'',20,1),(5237,'2024-05-14 10:16:35.610615','901','Tactic Check&Follow Up/IT Admin/Durchführung von nicht zielgerichteten Zero-Day-Angriffen/Server',3,'',20,1),(5238,'2024-05-14 10:16:35.611320','900','Tactic Check&Follow Up/IT Admin/Durchführung von nicht zielgerichteten Zero-Day-Angriffen/Server',3,'',20,1),(5239,'2024-05-14 10:16:35.612406','899','Tactic Check&Follow Up/IT Admin/Durchführung von nicht zielgerichteten Zero-Day-Angriffen/Server',3,'',20,1),(5240,'2024-05-14 10:16:35.613169','898','Tactic Check&Follow Up/IT Admin/Durchführung von nicht zielgerichteten Zero-Day-Angriffen/Server',3,'',20,1),(5241,'2024-05-14 10:16:35.613860','874','Threat Awareness/IT Admin/Durchführung von nicht zielgerichteten Zero-Day-Angriffen/Server',3,'',20,1),(5242,'2024-05-14 10:16:35.614569','873','Threat Awareness/IT Admin/Durchführung von nicht zielgerichteten Zero-Day-Angriffen/Server',3,'',20,1),(5243,'2024-05-14 10:16:35.615265','872','Threat Awareness/IT Admin/Durchführung von nicht zielgerichteten Zero-Day-Angriffen/Server',3,'',20,1),(5244,'2024-05-14 10:20:33.516633','232','Threat Awareness/IT Admin/Durchführung von nicht zielgerichteten Zero-Day-Angriffen/Server',3,'',17,1),(5245,'2024-05-14 10:20:33.522989','231','Tactic Check&Follow Up/IT Admin/Durchführung von nicht zielgerichteten Zero-Day-Angriffen/Server',3,'',17,1),(5246,'2024-05-14 10:20:33.525501','230','Tactic Mastery/IT Admin/Durchführung von nicht zielgerichteten Zero-Day-Angriffen/Server',3,'',17,1),(5247,'2024-05-14 10:20:33.527347','229','Tactic Justification/IT Admin/Durchführung von nicht zielgerichteten Zero-Day-Angriffen/Server',3,'',17,1),(5248,'2024-05-14 10:20:33.529309','228','Tactic Choice/IT Admin/Durchführung von nicht zielgerichteten Zero-Day-Angriffen/Server',3,'',17,1),(5249,'2024-05-14 10:20:33.530821','227','Threat Impact Assessment/IT Admin/Durchführung von nicht zielgerichteten Zero-Day-Angriffen/Server',3,'',17,1),(5250,'2024-05-14 10:20:33.532217','226','Threat Identification/IT Admin/Durchführung von nicht zielgerichteten Zero-Day-Angriffen/Server',3,'',17,1),(5251,'2024-05-14 10:21:11.514799','221','Durchführung von nicht zielgerichteten Zero-Day-Angriffen/Server/Threat Awareness/IT-Admin',2,'[{\"changed\": {\"fields\": [\"Zugeordnete Frage\"]}}]',18,1),(5252,'2024-05-14 10:22:57.432742','116','Durchführung von nicht zielgerichteten Zero-Day-Angriffen/Server/Threat Identification/IT-Admin',2,'[]',18,1),(5253,'2024-05-14 10:23:18.253165','117','Durchführung von nicht zielgerichteten Zero-Day-Angriffen/Server/Threat Impact Assessment/IT-Admin',2,'[]',18,1),(5254,'2024-05-14 10:23:46.008351','118','Durchführung von nicht zielgerichteten Zero-Day-Angriffen/Server/Tactic Choice/IT-Admin',2,'[]',18,1),(5255,'2024-05-14 10:24:19.680404','119','Durchführung von nicht zielgerichteten Zero-Day-Angriffen/Server/Tactic Justification/IT-Admin',2,'[]',18,1),(5256,'2024-05-14 10:25:25.046664','121','Durchführung von nicht zielgerichteten Zero-Day-Angriffen/Server/Tactic Mastery/IT-Admin',2,'[]',18,1),(5257,'2024-05-14 10:25:55.760048','122','Durchführung von nicht zielgerichteten Zero-Day-Angriffen/Server/Tactic Check & Follow-Up/IT-Admin',2,'[]',18,1),(5258,'2024-05-14 10:27:43.915765','116','Durchführung von nicht zielgerichteten Zero-Day-Angriffen/Server/Threat Identification/IT-Admin',2,'[]',18,1),(5259,'2024-05-14 10:29:18.891940','116','Durchführung von nicht zielgerichteten Zero-Day-Angriffen/Server/Threat Identification/IT-Admin',2,'[]',18,1),(5260,'2024-05-14 10:37:03.314371','222','Durchführung von nicht zielgerichteten Zero-Day-Angriffen/Server/Threat Identification/IT-Admin',2,'[{\"changed\": {\"fields\": [\"Zugeordnete Frage\"]}}]',18,1),(5261,'2024-05-14 10:38:37.997590','117','Durchführung von nicht zielgerichteten Zero-Day-Angriffen/Server/Threat Impact Assessment/IT-Admin',2,'[]',18,1),(5262,'2024-05-14 10:38:57.599251','118','Durchführung von nicht zielgerichteten Zero-Day-Angriffen/Server/Tactic Choice/IT-Admin',2,'[]',18,1),(5263,'2024-05-14 10:39:12.326788','119','Durchführung von nicht zielgerichteten Zero-Day-Angriffen/Server/Tactic Justification/IT-Admin',2,'[]',18,1),(5264,'2024-05-14 10:39:38.609603','119','Durchführung von nicht zielgerichteten Zero-Day-Angriffen/Server/Tactic Justification/IT-Admin',2,'[]',18,1),(5265,'2024-05-14 10:39:52.553553','121','Durchführung von nicht zielgerichteten Zero-Day-Angriffen/Server/Tactic Mastery/IT-Admin',2,'[]',18,1),(5266,'2024-05-14 10:40:08.418443','122','Durchführung von nicht zielgerichteten Zero-Day-Angriffen/Server/Tactic Check & Follow-Up/IT-Admin',2,'[]',18,1),(5267,'2024-05-14 10:42:12.714298','117','Durchführung von nicht zielgerichteten Zero-Day-Angriffen/Server/Threat Impact Assessment/IT-Admin',2,'[]',18,1),(5268,'2024-05-14 10:44:22.857867','223','Durchführung von nicht zielgerichteten Zero-Day-Angriffen/Server/Threat Impact Assessment/IT-Admin',2,'[{\"changed\": {\"fields\": [\"Zugeordnete Frage\"]}}]',18,1),(5269,'2024-05-14 10:44:54.783564','224','Durchführung von nicht zielgerichteten Zero-Day-Angriffen/Server/Tactic Choice/IT-Admin',2,'[{\"changed\": {\"fields\": [\"Zugeordnete Frage\"]}}]',18,1),(5270,'2024-05-14 10:45:13.334791','225','Durchführung von nicht zielgerichteten Zero-Day-Angriffen/Server/Tactic Justification/IT-Admin',2,'[{\"changed\": {\"fields\": [\"Zugeordnete Frage\"]}}]',18,1),(5271,'2024-05-14 10:45:27.824850','226','Durchführung von nicht zielgerichteten Zero-Day-Angriffen/Server/Tactic Mastery/IT-Admin',2,'[{\"changed\": {\"fields\": [\"Zugeordnete Frage\"]}}]',18,1),(5272,'2024-05-14 10:45:42.302920','227','Durchführung von nicht zielgerichteten Zero-Day-Angriffen/Server/Tactic Check & Follow-Up/IT-Admin',2,'[{\"changed\": {\"fields\": [\"Zugeordnete Frage\"]}}]',18,1),(5273,'2024-05-14 10:47:44.069078','1000','Threat Awareness/IT Admin/Umfassende Laufwerksfehler/Server',2,'[{\"changed\": {\"fields\": [\"Antwortoption\"]}}]',20,1),(5274,'2024-05-14 10:47:49.003951','1001','Threat Awareness/IT Admin/Umfassende Laufwerksfehler/Server',2,'[{\"changed\": {\"fields\": [\"Antwortoption\"]}}]',20,1),(5275,'2024-05-14 10:47:53.187734','1002','Threat Awareness/IT Admin/Umfassende Laufwerksfehler/Server',2,'[{\"changed\": {\"fields\": [\"Antwortoption\"]}}]',20,1),(5276,'2024-05-14 11:09:41.697063','21','Schwachstellen in internen Informationssystemen (Buchhaltungssystem)/Internes Informationssystem',2,'[{\"changed\": {\"fields\": [\"Beschreibung\"]}}]',10,1),(5277,'2024-05-14 11:23:20.134522','50','Durchführung von Brute-Force-Anmeldeversuchen/Passworterratungsangriffen/PC',2,'[{\"changed\": {\"fields\": [\"Beschreibung\"]}}]',10,1),(5278,'2024-05-14 11:25:04.643294','51','Kompromittierung von Informationssystemen/Telefon',2,'[{\"changed\": {\"fields\": [\"Beschreibung\"]}}]',10,1),(5279,'2024-05-14 11:28:59.130186','22','Weitergabe sensibler Informationen/Mitarbeiter',2,'[{\"changed\": {\"fields\": [\"Beschreibung\"]}}]',10,1),(5280,'2024-05-14 12:03:28.904080','86','IT Admin/Bereitstellung gezielter Schadsoftware zur Kontrolle interner Systeme und zur Exfiltration von Daten/Mailsystem/Impuls 3',3,'',15,1),(5281,'2024-05-14 12:03:28.939897','85','IT Admin/Bereitstellung gezielter Schadsoftware zur Kontrolle interner Systeme und zur Exfiltration von Daten/Mailsystem/Impuls 2',3,'',15,1),(5282,'2024-05-14 12:03:28.942675','84','IT Admin/Bereitstellung gezielter Schadsoftware zur Kontrolle interner Systeme und zur Exfiltration von Daten/Mailsystem/Impuls 1',3,'',15,1),(5283,'2024-05-14 12:03:28.944072','83','IT Admin/Bereitstellung (modifizierter) Malware für interne Informationssysteme der Organisation/Mailsystem/Impuls 3',3,'',15,1),(5284,'2024-05-14 12:03:28.945397','82','IT Admin/Bereitstellung (modifizierter) Malware für interne Informationssysteme der Organisation/Mailsystem/Impuls 2',3,'',15,1),(5285,'2024-05-14 12:03:28.946567','81','IT Admin/Bereitstellung (modifizierter) Malware für interne Informationssysteme der Organisation/Mailsystem/Impuls 1',3,'',15,1),(5286,'2024-05-14 12:04:41.689029','95','IT Admin/Durchführung einfacher/verteilter/gezielter Denial-of-Service-Angriffe/Server/Impuls 3',3,'',15,1),(5287,'2024-05-14 12:04:41.694041','94','IT Admin/Durchführung einfacher/verteilter/gezielter Denial-of-Service-Angriffe/Server/Impuls 2',3,'',15,1),(5288,'2024-05-14 12:04:41.695617','93','IT Admin/Durchführung einfacher/verteilter/gezielter Denial-of-Service-Angriffe/Server/Impuls 1',3,'',15,1),(5289,'2024-05-14 12:04:41.697362','89','IT Admin/Durchführung von nicht zielgerichteten Zero-Day-Angriffen/Netzwerk/Impuls 3',3,'',15,1),(5290,'2024-05-14 12:04:41.699619','88','IT Admin/Durchführung von nicht zielgerichteten Zero-Day-Angriffen/Netzwerk/Impuls 2',3,'',15,1),(5291,'2024-05-14 12:04:41.701218','87','IT Admin/Durchführung von nicht zielgerichteten Zero-Day-Angriffen/Netzwerk/Impuls 1',3,'',15,1),(5292,'2024-05-14 12:05:07.391572','74','IT Admin/Bereitstellung von Malware/Internes Informationssystem/Impuls 3',3,'',15,1),(5293,'2024-05-14 12:05:07.398025','73','IT Admin/Bereitstellung von Malware/Internes Informationssystem/Impuls 2',3,'',15,1),(5294,'2024-05-14 12:05:07.400434','72','IT Admin/Bereitstellung von Malware/Internes Informationssystem/Impuls 1',3,'',15,1),(5295,'2024-05-14 12:10:50.655631','152','FK/Phishing/Mailsystem/Impuls 3',3,'',15,1),(5296,'2024-05-14 12:10:50.662637','151','FK/Phishing/Mailsystem/Impuls 2',3,'',15,1),(5297,'2024-05-14 12:10:50.664778','150','FK/Phishing/Mailsystem/Impuls 1',3,'',15,1),(5298,'2024-05-14 12:10:50.666300','149','FK/Social Engineering/Instantmessenger/Impuls 3',3,'',15,1),(5299,'2024-05-14 12:10:50.667919','148','FK/Social Engineering/Instantmessenger/Impuls 2',3,'',15,1),(5300,'2024-05-14 12:10:50.670429','147','FK/Social Engineering/Instantmessenger/Impuls 1',3,'',15,1),(5301,'2024-05-14 12:10:50.672714','146','FK/Phishing/Instantmessenger/Impuls 3',3,'',15,1),(5302,'2024-05-14 12:10:50.674150','145','FK/Phishing/Instantmessenger/Impuls 2',3,'',15,1),(5303,'2024-05-14 12:10:50.675069','144','FK/Phishing/Instantmessenger/Impuls 1',3,'',15,1),(5304,'2024-05-14 12:11:30.153742','155','FK/Festplattenfehler/USB-Stick/Impuls 3',3,'',15,1),(5305,'2024-05-14 12:11:30.162839','154','FK/Festplattenfehler/USB-Stick/Impuls 2',3,'',15,1),(5306,'2024-05-14 12:11:30.164581','153','FK/Festplattenfehler/USB-Stick/Impuls 1',3,'',15,1),(5307,'2024-05-14 12:13:43.732263','170','GF/Phishing/Instantmessenger/Impuls 3',3,'',15,1),(5308,'2024-05-14 12:13:43.740598','169','GF/Phishing/Instantmessenger/Impuls 2',3,'',15,1),(5309,'2024-05-14 12:13:43.743311','168','GF/Phishing/Instantmessenger/Impuls 1',3,'',15,1),(5310,'2024-05-14 12:13:59.827306','177','GF/Pharming-Angriff/Online-Banking/Impuls 3',3,'',15,1),(5311,'2024-05-14 12:13:59.831864','176','GF/Pharming-Angriff/Online-Banking/Impuls 2',3,'',15,1),(5312,'2024-05-14 12:13:59.834149','175','GF/Pharming-Angriff/Online-Banking/Impuls 1',3,'',15,1),(5313,'2024-05-14 12:14:39.733577','167','GF/Ausnutzen bekannter Schwachstellen/Smartphone/Impuls 3',3,'',15,1),(5314,'2024-05-14 12:14:39.738944','166','GF/Ausnutzen bekannter Schwachstellen/Smartphone/Impuls 2',3,'',15,1),(5315,'2024-05-14 12:14:39.741419','165','GF/Ausnutzen bekannter Schwachstellen/Smartphone/Impuls 1',3,'',15,1),(5316,'2024-05-14 12:16:30.021365','143','SBI/Unzureichende Zugangskontrolle/Mitarbeiter/Impuls 3',3,'',15,1),(5317,'2024-05-14 12:16:30.028680','142','SBI/Unzureichende Zugangskontrolle/Mitarbeiter/Impuls 2',3,'',15,1),(5318,'2024-05-14 12:16:30.031876','141','SBI/Unzureichende Zugangskontrolle/Mitarbeiter/Impuls 1',3,'',15,1),(5319,'2024-05-14 12:16:44.429359','140','SBI/Social Engineering/Social Media Systeme/Impuls 3',3,'',15,1),(5320,'2024-05-14 12:16:44.434010','139','SBI/Social Engineering/Social Media Systeme/Impuls 2',3,'',15,1),(5321,'2024-05-14 12:16:44.436572','138','SBI/Social Engineering/Social Media Systeme/Impuls 1',3,'',15,1),(5322,'2024-05-14 12:17:00.795333','137','SBI/Social Engineering/Mailsystem/Impuls 3',3,'',15,1),(5323,'2024-05-14 12:17:00.800303','136','SBI/Social Engineering/Mailsystem/Impuls 2',3,'',15,1),(5324,'2024-05-14 12:17:00.802754','135','SBI/Social Engineering/Mailsystem/Impuls 1',3,'',15,1),(5325,'2024-05-14 12:17:12.117529','134','SBI/Social Engineering/Instant Messenger/Impuls 3',3,'',15,1),(5326,'2024-05-14 12:17:12.122631','133','SBI/Social Engineering/Instant Messenger/Impuls 2',3,'',15,1),(5327,'2024-05-14 12:17:12.125289','132','SBI/Social Engineering/Instant Messenger/Impuls 1',3,'',15,1),(5328,'2024-05-14 12:18:03.719797','56','Privat/Shopping/Impuls3',3,'',15,1),(5329,'2024-05-14 12:18:03.724589','55','Privat/Shopping/Impuls2',3,'',15,1),(5330,'2024-05-14 12:18:03.729794','54','Privat/Shopping/Impuls1',3,'',15,1),(5331,'2024-05-14 12:18:03.731669','53','Privat/Pharming/Impuls3',3,'',15,1),(5332,'2024-05-14 12:18:03.733338','52','Privat/Pharming/Impuls2',3,'',15,1),(5333,'2024-05-14 12:18:03.734945','51','Privat/Pharming/Impuls1',3,'',15,1),(5334,'2024-05-14 12:18:03.736567','50','Privat/SchlechteKonfiguration/Impuls3',3,'',15,1),(5335,'2024-05-14 12:18:03.738040','49','Privat/SchlechteKonfiguration/Impuls2',3,'',15,1),(5336,'2024-05-14 12:18:03.740423','48','Privat/SchlechteKonfiguration/Impuls1',3,'',15,1),(5337,'2024-05-14 12:18:03.742254','47','Privat/MalwareDownload/Impuls3',3,'',15,1),(5338,'2024-05-14 12:18:03.743778','46','Privat/MalwareDownload/Impuls2',3,'',15,1),(5339,'2024-05-14 12:18:03.745168','45','Privat/MalwareDownload/Impuls1',3,'',15,1),(5340,'2024-05-14 12:18:03.746863','31','Privat/USBStick/MalwareDatentraeger3',3,'',15,1),(5341,'2024-05-14 12:18:03.748188','30','Privat/USBStick/MalwareDatentraeger2',3,'',15,1),(5342,'2024-05-14 12:18:03.749467','29','Privat/USBStick/MalwareDatentraeger1',3,'',15,1),(5343,'2024-05-14 12:18:03.750572','28','Privat/VernetztesAuto/MitM3',3,'',15,1),(5344,'2024-05-14 12:18:03.751559','27','Privat/VernetztesAuto/MitM2',3,'',15,1),(5345,'2024-05-14 12:18:03.752707','26','Privat/VernetztesAuto/MitM1',3,'',15,1),(5346,'2024-05-14 12:18:03.753902','25','Privat/Instantmessenger/SocialEngineering3',3,'',15,1),(5347,'2024-05-14 12:18:03.755546','24','Privat/Instantmessenger/SocialEngineering2',3,'',15,1),(5348,'2024-05-14 12:18:03.757059','23','Privat/Instantmessenger/SocialEngineering1',3,'',15,1),(5349,'2024-05-14 12:18:03.758390','22','Privat/SocialMedia/WebDefacement3',3,'',15,1),(5350,'2024-05-14 12:18:03.759343','21','Privat/SocialMedia/WebDefacement2',3,'',15,1),(5351,'2024-05-14 12:18:03.760307','20','Privat/SocialMedia/WebDefacement1',3,'',15,1),(5352,'2024-05-14 12:18:13.916654','40','Consumer/Connectedcar/Impuls 3',3,'',15,1),(5353,'2024-05-14 12:18:13.921009','39','Consumer/Connectedcar/Impuls 2',3,'',15,1),(5354,'2024-05-14 12:18:13.923432','38','Consumer/Connectedcar/Impuls 1',3,'',15,1),(5355,'2024-05-14 12:19:51.041830','128','SBA/Bereitstellung gezielter Schadsoftware zur Kontrolle interner Systeme und zur Exfiltration von Daten/Instantmessenger/Impuls 3',3,'',15,1),(5356,'2024-05-14 12:19:51.046730','127','SBA/Bereitstellung gezielter Schadsoftware zur Kontrolle interner Systeme und zur Exfiltration von Daten/Instantmessenger/Impuls 2',3,'',15,1),(5357,'2024-05-14 12:19:51.049272','126','SBA/Bereitstellung gezielter Schadsoftware zur Kontrolle interner Systeme und zur Exfiltration von Daten/Instantmessenger/Impuls 1',3,'',15,1),(5358,'2024-05-14 12:19:51.051742','125','SBA/Einschleusen modifizierter Malware in interne Informationssysteme der Organisation/Instantmessenger/Impuls 3',3,'',15,1),(5359,'2024-05-14 12:19:51.053669','124','SBA/Einschleusen modifizierter Malware in interne Informationssysteme der Organisation/Instantmessenger/Impuls 2',3,'',15,1),(5360,'2024-05-14 12:19:51.055836','123','SBA/Einschleusen modifizierter Malware in interne Informationssysteme der Organisation/Instantmessenger/Impuls 1',3,'',15,1),(5361,'2024-05-14 12:19:51.057768','122','SBA/Einschleusen bekannter Malware in interne Informationssysteme der Organisation/Instantmessenger/Impuls 3',3,'',15,1),(5362,'2024-05-14 12:19:51.059472','121','SBA/Einschleusen bekannter Malware in interne Informationssysteme der Organisation/Instantmessenger/Impuls 2',3,'',15,1),(5363,'2024-05-14 12:19:51.061030','120','SBA/Einschleusen bekannter Malware in interne Informationssysteme der Organisation/Instantmessenger/Impuls 1',3,'',15,1),(5364,'2024-05-14 12:20:14.621575','116','SBA/Phishing/Instantmessenger/Impuls 3',3,'',15,1),(5365,'2024-05-14 12:20:14.626554','115','SBA/Phishing/Instantmessenger/Impuls 2',3,'',15,1),(5366,'2024-05-14 12:20:14.629136','114','SBA/Phishing/Instantmessenger/Impuls 1',3,'',15,1),(5367,'2024-05-14 12:20:53.361851','104','SBA/Einschleusen bekannter Malware in interne Informationssysteme der Organisation/Mailsystem/Impuls 3',3,'',15,1),(5368,'2024-05-14 12:20:53.366840','103','SBA/Einschleusen bekannter Malware in interne Informationssysteme der Organisation/Mailsystem/Impuls 2',3,'',15,1),(5369,'2024-05-14 12:20:53.370466','102','SBA/Einschleusen bekannter Malware in interne Informationssysteme der Organisation/Mailsystem/Impuls 1',3,'',15,1),(5370,'2024-05-14 12:21:19.747157','19','SA/SE/SM3',3,'',15,1),(5371,'2024-05-14 12:21:19.753571','18','SA/SE/SM2',3,'',15,1),(5372,'2024-05-14 12:21:19.757020','17','SA/SE/SM1',3,'',15,1),(5373,'2024-05-14 12:21:56.269722','16','SA/KI/Laptop3',3,'',15,1),(5374,'2024-05-14 12:21:56.274708','15','SA/KI/Laptop2',3,'',15,1),(5375,'2024-05-14 12:21:56.277395','14','SA/KI/Laptop1',3,'',15,1),(5376,'2024-05-14 12:21:56.279798','13','SA/USB-Stick/Malware3',3,'',15,1),(5377,'2024-05-14 12:21:56.281523','12','SA/USB-Stick/Malware2',3,'',15,1),(5378,'2024-05-14 12:21:56.283108','11','SA/USB-Stick/Malware1',3,'',15,1),(5379,'2024-05-14 12:29:47.854681','64','GF/Phishing/Instantmessenger/Impulse',3,'',21,1),(5380,'2024-05-14 12:30:26.818959','71','FK/Falsche Berechtigungseinstellungen/Mitarbeiter/Impuls 3',3,'',21,1),(5381,'2024-05-14 12:32:09.142023','68','GF/Spoofing/Online-Banking/Impuls 2',3,'',21,1),(5382,'2024-05-14 12:32:15.350823','66','GF/Falsche Berechtigungseinstellungen/Mitarbeiter/Impuls 1',3,'',21,1),(5383,'2024-05-14 12:33:34.992201','58','FK/Festplattenfehler/USB-Stick/Impulse',3,'',21,1),(5384,'2024-05-14 12:35:07.088253','9','ChatInterface object (9)',3,'',12,1),(5385,'2024-05-14 12:35:07.093354','8','ChatInterface object (8)',3,'',12,1),(5386,'2024-05-14 12:35:07.097497','7','ChatInterface object (7)',3,'',12,1),(5387,'2024-05-14 12:40:09.830635','155','Threat Awareness/Privatperson/Pharming/OnlineBanking',3,'',17,1),(5388,'2024-05-14 12:40:09.840241','148','Threat Awareness/Privatperson/SchlechteKonfiguration/IoT',3,'',17,1),(5389,'2024-05-14 12:40:09.841818','141','Threat Awareness/Privatperson/Malware Download/Wearable',3,'',17,1),(5390,'2024-05-14 12:40:09.842712','140','Tactic Check & Follow-Up/Privatperson/Phishing/Mailsystem',3,'',17,1),(5391,'2024-05-14 12:40:09.843550','139','Tactic Mastery/Privatperson/Phishing/Mailsystem',3,'',17,1),(5392,'2024-05-14 12:40:09.844371','138','Tactic Justification/Privatperson/Phishing/Mailsystem',3,'',17,1),(5393,'2024-05-14 12:40:09.845344','137','Tactic Choice/Privatperson/Phishing/Mailsystem',3,'',17,1),(5394,'2024-05-14 12:40:09.846255','136','Threat Impact Assessment/Privatperson/Phishing/Mailsystem',3,'',17,1),(5395,'2024-05-14 12:40:09.847306','135','Threat Identification/Privatperson/Phishing/Mailsystem',3,'',17,1),(5396,'2024-05-14 12:40:09.848469','134','Threat Awareness/Privatperson/Phishing/Mailsystem',3,'',17,1),(5397,'2024-05-14 12:40:09.849637','98','Tactic Check & Follow-Up/Privatperson/Malware über Wechseldatenträger/USB-Stick',3,'',17,1),(5398,'2024-05-14 12:40:09.850732','97','Tactic Mastery/Privatperson/Malware über Wechseldatenträger/USB-Stick',3,'',17,1),(5399,'2024-05-14 12:40:09.851836','96','Tactic Justification/Privatperson/Malware über Wechseldatenträger/USB-Stick',3,'',17,1),(5400,'2024-05-14 12:40:09.852733','95','Tactic Choice/Privatperson/Malware über Wechseldatenträger/USB-Stick',3,'',17,1),(5401,'2024-05-14 12:40:09.853555','94','Threat Impact Assessment/Privatperson/Malware über Wechseldatenträger/USB-Stick',3,'',17,1),(5402,'2024-05-14 12:40:09.855887','93','Threat Identification/Privatperson/Malware über Wechseldatenträger/USB-Stick',3,'',17,1),(5403,'2024-05-14 12:40:09.857842','92','Threat Awareness/Privatperson/Malware über Wechseldatenträger/USB-Stick',3,'',17,1),(5404,'2024-05-14 12:40:09.859189','91','Tactic Check & Follow-Up/Privatperson/Man-in-the-Middle-Angriff/Vernetztes Auto',3,'',17,1),(5405,'2024-05-14 12:40:09.867418','90','Tactic Mastery/Privatperson/Man-in-the-Middle-Angriff/Vernetztes Auto',3,'',17,1),(5406,'2024-05-14 12:40:09.868376','89','Tactic Justification/Privatperson/Man-in-the-Middle-Angriff/Vernetztes Auto',3,'',17,1),(5407,'2024-05-14 12:40:09.869331','88','Tactic Choice/Privatperson/Man-in-the-Middle-Angriff/Vernetztes Auto',3,'',17,1),(5408,'2024-05-14 12:40:09.870070','87','Threat Impact Assessment/Privatperson/Man-in-the-Middle-Angriff/Vernetztes Auto',3,'',17,1),(5409,'2024-05-14 12:40:09.871094','86','Threat Identification/Privatperson/Man-in-the-Middle-Angriff/Vernetztes Auto',3,'',17,1),(5410,'2024-05-14 12:40:09.873485','85','Threat Awareness/Privatperson/Man-in-the-Middle-Angriff/Vernetztes Auto',3,'',17,1),(5411,'2024-05-14 12:40:09.874622','84','Tactic Check & Control/Privatperson/Social Engineering/Instantmessenger',3,'',17,1),(5412,'2024-05-14 12:40:09.875564','83','Tactic Mastery/Privatperson/Social Engineering/Instantmessenger',3,'',17,1),(5413,'2024-05-14 12:40:09.876428','82','Tactic Justification/Privatperson/Social Engineering/Instantmessenger',3,'',17,1),(5414,'2024-05-14 12:40:09.877221','81','Tactic Choice/Privatperson/Social Engineering/Instantmessenger',3,'',17,1),(5415,'2024-05-14 12:40:09.878253','80','Threat Impact Assessment/Privatperson/Social Engineering/Instantmessenger',3,'',17,1),(5416,'2024-05-14 12:40:09.879026','79','Threat Identification/Privatperson/Social Engineering/Instantmessenger',3,'',17,1),(5417,'2024-05-14 12:40:09.879731','78','Threat Awareness/Privatperson/Social Engineering/Instantmessenger',3,'',17,1),(5418,'2024-05-14 12:40:09.880360','77','Tactic Check & Follow-Up/Privatperson/Web Defacement/Social Media System',3,'',17,1),(5419,'2024-05-14 12:40:09.881141','76','Tactic Mastery/Privatperson/Web Defacement/Social Media System',3,'',17,1),(5420,'2024-05-14 12:40:09.881843','75','Tactic Justification/Privatperson/Web Defacement/Social Media System',3,'',17,1),(5421,'2024-05-14 12:40:09.882539','74','Tactic Choice/Privatperson/Web Defacement/Social Media System',3,'',17,1),(5422,'2024-05-14 12:40:09.883338','73','Threat Impact Assessment/Privatperson/Web Defacement/Social Media System',3,'',17,1),(5423,'2024-05-14 12:40:09.884065','72','Threat Identification/Privatperson/Web Defacement/Social Media System',3,'',17,1),(5424,'2024-05-14 12:40:09.884999','71','Threat Awareness/Privatperson/Web Defacement/Social Media System',3,'',17,1),(5425,'2024-05-14 12:42:01.713222','7','Geschäftsführer*in',2,'[{\"changed\": {\"fields\": [\"Zugeordnete Bedrohungssituationen\"]}}]',19,1),(5426,'2024-05-14 12:47:21.417772','7','Geschäftsführer*in',2,'[{\"changed\": {\"fields\": [\"Zugeordnete Bedrohungssituationen\"]}}]',19,1),(5427,'2024-05-14 13:25:05.605354','51','4.7/Bereitstellung gezielter Schadsoftware zur Kontrolle interner Systeme und zur Exfiltration von Daten/Instantmessenger/Außendienst',3,'',11,1),(5428,'2024-05-14 13:25:05.612128','50','4.6/Einschleusen modifizierter Malware in interne Informationssysteme der Organisation/Instantmessenger/Außendienst',3,'',11,1),(5429,'2024-05-14 13:25:05.613505','49','4.5/Einschleusen bekannter Malware in interne Informationssysteme der Organisation/Instantmessenger/Außendienst',3,'',11,1),(5430,'2024-05-14 13:25:05.614240','43','4.4/Einschleusen bekannter Malware in interne Informationssysteme der Organisation/Mailsystem/Außendienst',3,'',11,1),(5431,'2024-05-14 13:25:05.614953','11','4.14/Einschleusen bekannter Malware in interne Informationssysteme der Organisation/Instantmessenger/Außendienst',3,'',11,1),(5432,'2024-05-14 13:28:15.082353','74','4.14/(Speer)-Phishing/Instantmessenger/Außendienst',1,'[{\"added\": {}}]',11,1),(5433,'2024-05-14 13:29:53.598779','462','(Speer)-Phishing/Instantmessenger/Threat Awareness/Außendienst',1,'[{\"added\": {}}]',18,1),(5434,'2024-05-14 13:31:15.661351','462','(Speer)-Phishing/Instantmessenger/Threat Awareness/Außendienst',2,'[{\"changed\": {\"fields\": [\"Zugeordneter Impuls\"]}}]',18,1),(5435,'2024-05-14 13:31:53.132841','463','(Speer)-Phishing/Instantmessenger/Threat Identification/Außendienst',1,'[{\"added\": {}}]',18,1),(5436,'2024-05-14 13:32:04.005153','464','(Speer)-Phishing/Instantmessenger/Threat Impact Assessment/Außendienst',1,'[{\"added\": {}}]',18,1),(5437,'2024-05-14 13:32:16.509799','465','(Speer)-Phishing/Instantmessenger/Tactic Choice/Außendienst',1,'[{\"added\": {}}]',18,1),(5438,'2024-05-14 13:32:27.940076','466','(Speer)-Phishing/Instantmessenger/Tactic Justification/Außendienst',1,'[{\"added\": {}}]',18,1),(5439,'2024-05-14 13:32:40.072289','467','(Speer)-Phishing/Instantmessenger/Tactic Mastery/Außendienst',1,'[{\"added\": {}}]',18,1),(5440,'2024-05-14 13:33:29.008258','468','(Speer)-Phishing/Instantmessenger/Tactic Check & Follow-Up/Außendienst',1,'[{\"added\": {}}]',18,1),(5441,'2024-05-14 13:33:45.022743','463','(Speer)-Phishing/Instantmessenger/Threat Identification/Außendienst',2,'[{\"changed\": {\"fields\": [\"Zugeordnete Frage\"]}}]',18,1),(5442,'2024-05-14 13:33:56.428138','464','(Speer)-Phishing/Instantmessenger/Threat Impact Assessment/Außendienst',2,'[{\"changed\": {\"fields\": [\"Zugeordnete Frage\"]}}]',18,1),(5443,'2024-05-14 13:34:05.512320','465','(Speer)-Phishing/Instantmessenger/Tactic Choice/Außendienst',2,'[{\"changed\": {\"fields\": [\"Zugeordnete Frage\"]}}]',18,1),(5444,'2024-05-14 13:34:15.694905','466','(Speer)-Phishing/Instantmessenger/Tactic Justification/Außendienst',2,'[{\"changed\": {\"fields\": [\"Zugeordnete Frage\"]}}]',18,1),(5445,'2024-05-14 13:34:24.289435','467','(Speer)-Phishing/Instantmessenger/Tactic Mastery/Außendienst',2,'[{\"changed\": {\"fields\": [\"Zugeordnete Frage\"]}}]',18,1),(5446,'2024-05-14 13:34:27.666994','468','(Speer)-Phishing/Instantmessenger/Tactic Check & Follow-Up/Außendienst',2,'[]',18,1),(5447,'2024-05-14 13:34:54.010683','2','Außendienst',2,'[{\"changed\": {\"fields\": [\"Zugeordnete Bedrohungssituationen\"]}}]',19,1),(5448,'2024-05-14 13:38:16.364164','60','3.13/(Weit verbreiteter) Festplattenfehler/USB-Stick/Führungskraft',3,'',11,1),(5449,'2024-05-14 13:38:16.367693','59','3.10/Social Engineering/Mailsystem/Führungskraft',3,'',11,1),(5450,'2024-05-14 13:38:16.368522','58','3.9/Social Engineering/Instantmessenger/Führungskraft',3,'',11,1),(5451,'2024-05-14 13:38:16.369227','57','3.6/(Speer)-Phishing/Instantmessenger/Führungskraft',3,'',11,1),(5452,'2024-05-14 13:38:16.369912','31','3.8/Social Engineering/Mitarbeiter/Führungskraft',3,'',11,1),(5453,'2024-05-14 13:39:12.497066','72','5.23/Spoofing/Online-Banking/Geschäftsführer*in',3,'',11,1),(5454,'2024-05-14 13:39:12.500858','67','5.20/(Speer)-Phishing/Instantmessenger/Geschäftsführer*in',3,'',11,1),(5455,'2024-05-14 13:39:12.501958','20','5.1/Kompromittierung von Informationssystemen/PC/Geschäftsführer*in',3,'',11,1),(5456,'2024-05-14 13:39:42.693925','66','5.4/Ausnutzen bekannter Schwachstellen in mobilen Systemen (z. B. Laptops, PDAs, Smartphones)/Smartphone/Geschäftsführer*in',3,'',11,1),(5457,'2024-05-14 13:40:18.100229','54','2.10/Social Engineering/Mailsystem/Innendienst',3,'',11,1),(5458,'2024-05-14 13:40:18.103733','53','2.9/Social Engineering/Instantmessenger/Innendienst',3,'',11,1),(5459,'2024-05-14 13:40:18.104706','30','2.7/Social Engineering/Mitarbeiter/Innendienst',3,'',11,1),(5460,'2024-05-14 13:40:51.102005','74','4.14/(Speer)-Phishing/Instantmessenger/Außendienst',2,'[{\"changed\": {\"fields\": [\"Beschreibung\"]}}]',11,1),(5461,'2024-05-14 13:42:02.869785','40','1.2/Durchführung einfacher/verteilter/gezielter Denial-of-Service-Angriffe (DoS)/Server/IT-Admin',3,'',11,1),(5462,'2024-05-14 13:42:02.873007','38','1.12/Durchführung von nicht zielgerichteten Zero-Day-Angriffen/Netzwerk/IT-Admin',3,'',11,1),(5463,'2024-05-14 13:42:02.873774','37','1.8/Bereitstellung gezielter Schadsoftware zur Kontrolle interner Systeme und zur Exfiltration von Daten/Mailsystem/IT-Admin',3,'',11,1),(5464,'2024-05-14 13:42:35.673548','18','1.4/Durchführung von nicht zielgerichteten Zero-Day-Angriffen/Server/IT-Admin',3,'',11,1),(5465,'2024-05-14 13:45:19.311586','36','1.7/Einschleusen modifizierter Malware in interne Informationssysteme der Organisation/Mailsystem/IT-Admin',3,'',11,1),(5466,'2024-05-14 13:45:19.314111','33','None/Bereitstellung von Malware/Internes Informationssystem/IT-Admin',3,'',11,1),(5467,'2024-05-14 15:02:06.103730','1','itskompetent_adm',2,'[{\"changed\": {\"fields\": [\"password\"]}}]',4,1),(5468,'2024-05-14 16:36:47.635930','1','localhost',2,'[{\"changed\": {\"fields\": [\"Domain name\"]}}]',39,1),(5469,'2024-05-14 16:37:56.437260','13','IoT-Gerät',3,'',8,1),(5470,'2024-05-14 16:37:56.448613','12','Wearable',3,'',8,1),(5471,'2024-05-14 16:37:56.456512','10','Connected Car',3,'',8,1),(5472,'2024-05-14 16:37:56.457806','7','Vernetztes Auto',3,'',8,1),(5473,'2024-05-14 16:56:47.506355','4','Arneo',3,'',4,1),(5474,'2024-05-14 17:00:54.712242','16','Testit',1,'[{\"added\": {}}, {\"added\": {\"name\": \"Kampagnen-Berechtigung\", \"object\": \"Testit\"}}]',4,1),(5475,'2024-05-17 11:13:29.365937','1','Innendienst',2,'[{\"changed\": {\"fields\": [\"T\\u00e4tigkeiten\"]}}]',7,1),(5476,'2024-05-17 11:13:54.800394','7','Außendienst',2,'[{\"changed\": {\"fields\": [\"T\\u00e4tigkeiten\"]}}]',7,1),(5477,'2024-05-17 11:14:16.988620','7','Außendienst',2,'[{\"changed\": {\"fields\": [\"T\\u00e4tigkeiten\"]}}]',7,1),(5478,'2024-05-17 11:31:36.726881','3','Geschäftsführer*in',2,'[{\"changed\": {\"fields\": [\"T\\u00e4tigkeiten\"]}}]',7,1),(5479,'2024-06-12 09:09:10.548218','16','Testit',2,'[{\"changed\": {\"fields\": [\"password\"]}}]',4,1),(5480,'2024-06-12 09:09:54.695767','17','ramp',1,'[{\"added\": {}}]',4,1),(5481,'2024-06-12 11:19:48.146185','4','Führungskraft',2,'[{\"changed\": {\"fields\": [\"Zugeordnete Bedrohungssituationen\"]}}]',19,1),(5482,'2024-06-12 11:34:52.650640','4','Führungskraft',2,'[{\"changed\": {\"fields\": [\"Zugeordnete Bedrohungssituationen\"]}}]',19,1),(5483,'2024-06-12 11:39:16.261264','4','Führungskraft',2,'[{\"changed\": {\"fields\": [\"Zugeordnete Bedrohungssituationen\"]}}]',19,1),(5484,'2024-06-12 11:47:01.839119','469','Falsche Berechtigungseinstellungen/Mitarbeiter/Threat Identification/Führungskraft',1,'[{\"added\": {}}]',18,1),(5485,'2024-06-12 12:40:18.166918','4','Führungskraft',2,'[{\"changed\": {\"fields\": [\"Zugeordnete Bedrohungssituationen\"]}}]',19,1),(5486,'2024-06-12 12:55:04.602619','4','Führungskraft',2,'[{\"changed\": {\"fields\": [\"Zugeordnete Bedrohungssituationen\"]}}]',19,1),(5487,'2024-06-12 13:01:31.504188','4','Führungskraft',2,'[{\"changed\": {\"fields\": [\"Zugeordnete Bedrohungssituationen\"]}}]',19,1),(5488,'2024-06-12 13:36:43.309026','470','Falsche Berechtigungseinstellungen/Mitarbeiter/Threat Identification/Geschäftsführer*in',1,'[{\"added\": {}}]',18,1),(5489,'2024-06-12 14:03:12.993514','17','ramp',3,'',4,1),(5490,'2024-06-12 14:03:12.996114','16','Testit',3,'',4,1),(5491,'2024-06-12 14:03:39.341415','126','Tactic Control/consumer/man-in-the-middle attack/connectedcar',3,'',17,1),(5492,'2024-06-12 14:03:39.345353','125','Tactic Mastery/consumer/man-in-the-middle attack/connectedcar',3,'',17,1),(5493,'2024-06-12 14:03:39.346289','124','Tactic Justification/consumer/man-in-the-middle attack/connectedcar',3,'',17,1),(5494,'2024-06-12 14:03:39.347129','123','Tactic Choice/consumer/man-in-the-middle attack/connectedcar',3,'',17,1),(5495,'2024-06-12 14:03:39.347905','122','Threat Impact Assessment/consumer/man-in-the-middle attack/connectedcar',3,'',17,1),(5496,'2024-06-12 14:03:39.348683','121','Threat Identification/consumer/man-in-the-middle attack/connectedcar',3,'',17,1),(5497,'2024-06-12 14:03:39.349438','120','Threatawarness/consumer/man-in-the-middle attack/connectedcar',3,'',17,1);
/*!40000 ALTER TABLE `django_admin_log` ENABLE KEYS */;
UNLOCK TABLES;

--
-- Table structure for table `django_content_type`
--

DROP TABLE IF EXISTS `django_content_type`;
/*!40101 SET @saved_cs_client     = @@character_set_client */;
/*!50503 SET character_set_client = utf8mb4 */;
CREATE TABLE `django_content_type` (
  `id` int NOT NULL AUTO_INCREMENT,
  `app_label` varchar(100) NOT NULL,
  `model` varchar(100) NOT NULL,
  PRIMARY KEY (`id`),
  UNIQUE KEY `django_content_type_app_label_model_76bd3d3b_uniq` (`app_label`,`model`)
) ENGINE=InnoDB AUTO_INCREMENT=40 DEFAULT CHARSET=utf8mb4 COLLATE=utf8mb4_0900_ai_ci;
/*!40101 SET character_set_client = @saved_cs_client */;

--
-- Dumping data for table `django_content_type`
--

LOCK TABLES `django_content_type` WRITE;
/*!40000 ALTER TABLE `django_content_type` DISABLE KEYS */;
INSERT INTO `django_content_type` VALUES (1,'admin','logentry'),(3,'auth','group'),(2,'auth','permission'),(4,'auth','user'),(33,'campagne','campagne'),(29,'campagne','competencedimensionscore'),(34,'campagne','competencedimensionscoreperthreat'),(32,'campagne','competencetestresult'),(31,'campagne','invitation'),(30,'campagne','threatsituationscore'),(23,'competence_tests','chatimpulse'),(12,'competence_tests','chatinterface'),(20,'competence_tests','choiceitem'),(13,'competence_tests','competencedimension'),(19,'competence_tests','competencetest'),(18,'competence_tests','competencetestitem'),(22,'competence_tests','emailimpulse'),(14,'competence_tests','emailitem'),(21,'competence_tests','imageimpulse'),(15,'competence_tests','imageitem'),(16,'competence_tests','impulse'),(17,'competence_tests','questionitem'),(5,'contenttypes','contenttype'),(7,'job_profiles','jobprofile'),(6,'sessions','session'),(39,'sites','site'),(8,'threats','threatarea'),(9,'threats','threatevent'),(11,'threats','threatsituation'),(10,'threats','threatvector'),(37,'token_blacklist','blacklistedtoken'),(38,'token_blacklist','outstandingtoken'),(26,'trainings','deliverymethod'),(27,'trainings','language'),(28,'trainings','targetaudience'),(25,'trainings','training'),(35,'trainings','traininggroup'),(24,'trainings','trainingscontent'),(36,'users','userprofile');
/*!40000 ALTER TABLE `django_content_type` ENABLE KEYS */;
UNLOCK TABLES;

--
-- Table structure for table `django_migrations`
--

DROP TABLE IF EXISTS `django_migrations`;
/*!40101 SET @saved_cs_client     = @@character_set_client */;
/*!50503 SET character_set_client = utf8mb4 */;
CREATE TABLE `django_migrations` (
  `id` bigint NOT NULL AUTO_INCREMENT,
  `app` varchar(255) NOT NULL,
  `name` varchar(255) NOT NULL,
  `applied` datetime(6) NOT NULL,
  PRIMARY KEY (`id`)
) ENGINE=InnoDB AUTO_INCREMENT=112 DEFAULT CHARSET=utf8mb4 COLLATE=utf8mb4_0900_ai_ci;
/*!40101 SET character_set_client = @saved_cs_client */;

--
-- Dumping data for table `django_migrations`
--

LOCK TABLES `django_migrations` WRITE;
/*!40000 ALTER TABLE `django_migrations` DISABLE KEYS */;
INSERT INTO `django_migrations` VALUES (1,'contenttypes','0001_initial','2022-09-22 18:08:57.963482'),(2,'auth','0001_initial','2022-09-22 18:08:58.667432'),(3,'admin','0001_initial','2022-09-22 18:08:58.817825'),(4,'admin','0002_logentry_remove_auto_add','2022-09-22 18:08:58.826530'),(5,'admin','0003_logentry_add_action_flag_choices','2022-09-22 18:08:58.835978'),(6,'contenttypes','0002_remove_content_type_name','2022-09-22 18:08:58.911055'),(7,'auth','0002_alter_permission_name_max_length','2022-09-22 18:08:58.978028'),(8,'auth','0003_alter_user_email_max_length','2022-09-22 18:08:59.010897'),(9,'auth','0004_alter_user_username_opts','2022-09-22 18:08:59.021764'),(10,'auth','0005_alter_user_last_login_null','2022-09-22 18:08:59.076627'),(11,'auth','0006_require_contenttypes_0002','2022-09-22 18:08:59.083169'),(12,'auth','0007_alter_validators_add_error_messages','2022-09-22 18:08:59.091487'),(13,'auth','0008_alter_user_username_max_length','2022-09-22 18:08:59.153823'),(14,'auth','0009_alter_user_last_name_max_length','2022-09-22 18:08:59.222035'),(15,'auth','0010_alter_group_name_max_length','2022-09-22 18:08:59.245225'),(16,'auth','0011_update_proxy_permissions','2022-09-22 18:08:59.256340'),(17,'auth','0012_alter_user_first_name_max_length','2022-09-22 18:08:59.324115'),(18,'job_profiles','0001_initial','2022-09-22 18:08:59.355489'),(19,'threats','0001_initial','2022-09-22 18:08:59.725423'),(20,'job_profiles','0002_alter_jobprofile_options_and_more','2022-09-22 18:08:59.760564'),(21,'job_profiles','0003_jobprofile_job_category','2022-09-22 18:08:59.801240'),(22,'job_profiles','0004_remove_jobprofile_job_category','2022-09-22 18:08:59.827440'),(23,'competence_tests','0001_initial','2022-09-22 18:09:01.278708'),(24,'competence_tests','0002_alter_chatimpulse_options_and_more','2022-09-22 18:09:01.334224'),(25,'competence_tests','0003_alter_chatinterface_chat_message_incoming_date_2','2022-09-22 18:09:01.380396'),(26,'competence_tests','0004_remove_chatimpulse_chat_interface_and_more','2022-09-22 18:09:01.631312'),(27,'competence_tests','0005_alter_chatinterface_options_alter_choiceitem_options_and_more','2022-09-22 18:09:02.250234'),(28,'competence_tests','0006_alter_chatinterface_chat_message_incoming','2022-09-22 18:09:02.340479'),(29,'competence_tests','0007_alter_choiceitem_options_and_more','2022-09-22 18:09:02.413910'),(30,'competence_tests','0008_alter_chatinterface_chat_message_outgoing_date_and_more','2022-09-22 18:09:02.551739'),(31,'competence_tests','0009_alter_emailitem_email_content','2022-09-22 18:09:02.621151'),(32,'competence_tests','0010_emailitem_email_teaser','2022-09-22 18:09:02.646236'),(33,'job_profiles','0005_alter_jobprofile_job_description','2022-09-22 18:09:02.710494'),(34,'sessions','0001_initial','2022-09-22 18:09:02.752969'),(35,'threats','0002_alter_threatarea_options_alter_threatevent_options_and_more','2022-09-22 18:09:02.833759'),(36,'threats','0003_alter_threatsituation_threat_vector','2022-09-22 18:09:02.958740'),(37,'threats','0004_remove_threatvector_job_profile_and_more','2022-09-22 18:09:03.061648'),(38,'threats','0005_alter_threatsituation_job_profile','2022-09-22 18:09:03.199951'),(39,'trainings','0001_initial','2022-09-22 18:09:03.945006'),(40,'trainings','0002_alter_training_competence_dimension_and_more','2022-09-22 18:09:04.008010'),(41,'competence_tests','0011_alter_competencedimension_options_and_more','2022-11-05 15:15:59.005313'),(42,'threats','0006_alter_threatarea_area_description_and_more','2022-11-05 15:15:59.383321'),(43,'trainings','0003_alter_training_training_description_and_more','2022-11-05 15:15:59.493719'),(44,'competence_tests','0012_chatinterface_chat_sender_known','2022-11-23 12:16:51.416222'),(45,'trainings','0004_remove_training_training_description','2022-11-23 12:16:51.463282'),(46,'trainings','0005_training_training_url','2022-11-23 12:16:51.517239'),(47,'job_profiles','0006_jobprofile_job_tasks','2022-11-28 16:22:54.040802'),(48,'threats','0007_threatvector_threat_vector_description','2022-11-28 16:22:54.083926'),(49,'trainings','0006_deliverymethod_language_targetaudience_and_more','2022-11-28 16:22:55.099717'),(50,'trainings','0007_remove_training_trainings_topic','2022-11-28 16:22:55.145615'),(51,'trainings','0008_alter_training_training_provider','2022-11-28 16:22:55.197197'),(52,'trainings','0009_alter_training_certification_and_more','2022-11-28 16:22:55.235272'),(53,'job_profiles','0007_jobprofile_show_job_profile','2022-11-28 19:21:47.319983'),(54,'trainings','0010_remove_training_target_audience_training_job_profile_and_more','2022-11-28 19:21:47.643127'),(55,'trainings','0011_remove_training_job_profile','2022-11-28 19:21:47.688010'),(56,'threats','0008_alter_threatsituation_threat_vector','2022-11-29 20:19:03.642784'),(57,'trainings','0012_remove_training_competence_dimension','2022-11-30 20:43:15.891504'),(58,'trainings','0013_training_competence_dimension_training_difficulty_and_more','2023-10-04 15:07:52.945204'),(59,'trainings','0014_remove_training_trainings_topic_and_more','2023-10-05 15:19:05.270576'),(60,'trainings','0015_training_target_group_alter_training_threat_event_and_more','2023-10-05 15:19:05.446444'),(61,'trainings','0016_targetaudience_alter_training_certification_and_more','2023-10-06 09:20:08.259690'),(62,'campagne','0001_initial','2024-02-11 14:37:47.989206'),(63,'campagne','0002_remove_competencetestresult_participant_and_more','2024-02-11 14:37:48.562327'),(64,'campagne','0003_invitation_one_token_mode','2024-02-11 14:37:48.652730'),(65,'campagne','0004_remove_invitation_one_token_mode_campagne','2024-02-11 14:37:49.074752'),(66,'campagne','0005_invitation_reusable_invitation_tokencounter','2024-02-11 14:37:49.330166'),(67,'campagne','0006_alter_invitation_tokencounter','2024-02-11 14:37:49.609790'),(68,'campagne','0007_invitation_email_encrypted','2024-02-11 14:37:49.720431'),(69,'campagne','0008_invitation_invited','2024-02-11 14:37:49.914667'),(70,'campagne','0009_invitation_reminded','2024-02-11 14:37:50.041623'),(71,'campagne','0010_threatsituationscore_competence_dimension_score','2024-02-11 14:37:50.320212'),(72,'campagne','0011_remove_threatsituationscore_competence_dimension_score_and_more','2024-02-11 14:37:51.258015'),(73,'campagne','0012_competencedimensionscoreperthreat_and_more','2024-02-11 14:37:51.870070'),(74,'campagne','0013_rename_competence_dimension_score_threatsituationscore_related_competence_dimension_scores','2024-02-11 14:37:51.996465'),(75,'trainings','0017_alter_training_certification_and_more','2024-02-11 14:37:52.018909'),(76,'trainings','0018_traininggroup_remove_training_difficulty_and_more','2024-02-17 11:26:12.820133'),(77,'trainings','0019_remove_training_training_group','2024-02-17 11:26:12.978099'),(78,'trainings','0020_training_training_group','2024-02-17 11:26:13.115595'),(79,'trainings','0021_alter_training_competence_dimension','2024-02-17 11:26:13.156688'),(80,'trainings','0022_rename_competence_dimension_training_competence_dimensions','2024-02-17 11:26:13.292906'),(81,'campagne','0014_campagne_security_key_activated','2024-03-15 14:37:34.469626'),(82,'users','0001_initial','2024-03-15 14:37:34.618563'),(83,'users','0002_alter_userprofile_options_and_more','2024-03-15 14:37:34.640114'),(84,'users','0003_alter_userprofile_user','2024-03-15 14:37:34.668425'),(85,'token_blacklist','0001_initial','2024-04-21 15:13:12.862186'),(86,'token_blacklist','0002_outstandingtoken_jti_hex','2024-04-21 15:13:12.927154'),(87,'token_blacklist','0003_auto_20171017_2007','2024-04-21 15:13:12.959118'),(88,'token_blacklist','0004_auto_20171017_2013','2024-04-21 15:13:13.187038'),(89,'token_blacklist','0005_remove_outstandingtoken_jti','2024-04-21 15:13:13.454432'),(90,'token_blacklist','0006_auto_20171017_2113','2024-04-21 15:13:13.504370'),(91,'token_blacklist','0007_auto_20171017_2214','2024-04-21 15:13:13.881980'),(92,'token_blacklist','0008_migrate_to_bigautofield','2024-04-21 15:13:14.229539'),(93,'token_blacklist','0010_fix_migrate_to_bigautofield','2024-04-21 15:13:14.260333'),(94,'token_blacklist','0011_linearizes_history','2024-04-21 15:13:14.265477'),(95,'token_blacklist','0012_alter_outstandingtoken_user','2024-04-21 15:13:14.292255'),(96,'competence_tests','0013_competencetest_threat_situations','2024-04-23 09:52:04.969449'),(97,'competence_tests','0014_remove_emailitem_email_button_text','2024-04-23 09:52:05.129096'),(98,'job_profiles','0008_alter_jobprofile_job_tasks','2024-04-23 09:52:05.141255'),(99,'threats','0009_threatsituation_threat_situation_identificator','2024-04-23 09:52:05.223813'),(100,'competence_tests','0015_remove_competencetest_threat_vector','2024-04-23 10:03:08.114026'),(101,'competence_tests','0016_emailitem_email_is_signed_image','2024-04-24 09:12:39.507390'),(102,'sites','0001_initial','2024-04-24 09:15:26.506969'),(103,'sites','0002_alter_domain_unique','2024-04-24 09:15:26.538109'),(104,'users','0004_userprofile_securitydisplaythreshold','2024-05-10 07:26:11.215447'),(105,'users','0005_remove_userprofile_securitydisplaythreshold_and_more','2024-05-10 07:26:11.292461'),(106,'campagne','0015_campagne_security_display_profile_and_more','2024-05-13 13:12:31.720790'),(107,'campagne','0016_campagne_campaign_ended_and_more','2024-05-13 13:48:03.418652'),(108,'campagne','0017_remove_campagne_security_display_profile_and_more','2024-05-13 13:48:03.450305'),(109,'campagne','0018_remove_invitation_invited_remove_invitation_reminded_and_more','2024-05-13 13:48:03.486326'),(110,'users','0006_remove_userprofile_security_display_threshold','2024-05-13 13:48:03.501342'),(111,'campagne','0019_alter_campagne_security_display_threshold','2024-05-17 11:09:02.497294');
/*!40000 ALTER TABLE `django_migrations` ENABLE KEYS */;
UNLOCK TABLES;

--
-- Table structure for table `django_session`
--

DROP TABLE IF EXISTS `django_session`;
/*!40101 SET @saved_cs_client     = @@character_set_client */;
/*!50503 SET character_set_client = utf8mb4 */;
CREATE TABLE `django_session` (
  `session_key` varchar(40) NOT NULL,
  `session_data` longtext NOT NULL,
  `expire_date` datetime(6) NOT NULL,
  PRIMARY KEY (`session_key`),
  KEY `django_session_expire_date_a5c62663` (`expire_date`)
) ENGINE=InnoDB DEFAULT CHARSET=utf8mb4 COLLATE=utf8mb4_0900_ai_ci;
/*!40101 SET character_set_client = @saved_cs_client */;

--
-- Dumping data for table `django_session`
--

LOCK TABLES `django_session` WRITE;
/*!40000 ALTER TABLE `django_session` DISABLE KEYS */;
INSERT INTO `django_session` VALUES ('0mo98ruaacs4lml5gb1yjpwaqafj0io9','.eJxVjDsOwjAQRO_iGln-4B8lPWew1rs2DiBbipMKcXcSKQVounlv5s0irEuN68hznIhdmGSn3y4BPnPbAT2g3TvH3pZ5SnxX-EEHv3XKr-vh_h1UGHVboxEuaLBOkXM-eAEG0KPRVAyWTHKLSIo0OHK2CJWl1MGStjKls8_s8wXixTgD:1sHO88:l-zdtvdT7sTePX9vTQa9QQHmNVvNwOHbdQTI3qphgEg','2024-06-26 13:35:12.152957'),('0u5t82k2ogg6beu5md3y9gka17vq3w0o','.eJxVjEEOwiAQRe_C2pDgDAIu3XsGMgyDVA1NSrtqvLtt0oVu_3vvryrSMte4dJnikNVVGXX63RLxS9oO8pPaY9Q8tnkakt4VfdCu72OW9-1w_w4q9brVjoQQLSAmk5nJOgQGIvAOKXiWXOQSCpkClgw7a4tAOiebNhR8UZ8vAO85JA:1s5OgM:lg7ao_XoltYXZ0VwEiqZ1JECv9_mcisMoYK5o1t11uw','2024-05-24 11:44:58.075065'),('1qcou8tzglxorerxfkpb0eszr4j51qmg','.eJxVjcEOgjAQRP-lZyUsbWnx6N1vaLbbLaCGGgox0fjvloSDXufNvHkLh-syuDXz7MYgTgLE4TfzSDeeNhCuOPWpojQt8-irrVLtNFeXFPh-3rt_ggHzUNYGGZXSUikPgQi1UZIkorRGYWeJQ-S2iwhRagQyWkeWvvHaF9TZuEkfmPMzzcHNnHlxSypvRU0t9Pw66pbAYkvUkWpqa9DXrEBbqKFkKMXnC5-ATac:1rzxuW:GezXDmRpyo5XGvJQexIWf8gSPd0xZEwjnU8RWnXBAa4','2024-05-09 12:09:08.358832'),('26t5a98ewgvld8yo5rng5lic6kmgpymj','.eJxVjEEOwiAQRe_C2pDgDAIu3XsGMgyDVA1NSrtqvLtt0oVu_3vvryrSMte4dJnikNVVGXX63RLxS9oO8pPaY9Q8tnkakt4VfdCu72OW9-1w_w4q9brVjoQQLSAmk5nJOgQGIvAOKXiWXOQSCpkClgw7a4tAOiebNhR8UZ8vAO85JA:1ocqTu:GLtHMfUcdVHunJsDDPh5mFv36963TpCDa5JMbDjTW9k','2022-10-10 15:57:18.075853'),('2dxlnjrebkbvps956p0jhc2489in5fqh','.eJxVjEEOwiAQRe_C2pDgDAIu3XsGMgyDVA1NSrtqvLtt0oVu_3vvryrSMte4dJnikNVVGXX63RLxS9oO8pPaY9Q8tnkakt4VfdCu72OW9-1w_w4q9brVjoQQLSAmk5nJOgQGIvAOKXiWXOQSCpkClgw7a4tAOiebNhR8UZ8vAO85JA:1pZBDq:MeyIfKPlcrmWpXwgZMxBZO_RztAmSuhie0o2qJtDTNw','2023-03-20 13:49:50.119489'),('2hk7mlt7j8ko1h7a24foksr2s0r6tupq','.eJxVjEEOwiAQRe_C2pDgDAIu3XsGMgyDVA1NSrtqvLtt0oVu_3vvryrSMte4dJnikNVVGXX63RLxS9oO8pPaY9Q8tnkakt4VfdCu72OW9-1w_w4q9brVjoQQLSAmk5nJOgQGIvAOKXiWXOQSCpkClgw7a4tAOiebNhR8UZ8vAO85JA:1q95U9:AJVHJPfYZJCqGK2o-h1izgHZ6WG1hihmVZOESsccIBw','2023-06-27 14:59:05.755472'),('3mj5zsvgl3b6vdk1o5zw176fonslrdq4','e30:1rl8yU:KQAPknqmwmJs93QZBns_OYWBsHMrLykCB3rFTdSjO8k','2024-03-29 14:55:58.175391'),('3pzcv46aycnnrr4mk8f18nng3ms6s2pj','eyJfcGFzc3dvcmRfcmVzZXRfdG9rZW4iOiJjNjFnZXotNTZjMThhNmNjOWM0MjA4N2FiMGU0MTU4MTAxY2M5YTMifQ:1rzxv1:GIFQ2qVADrn-T4pZM2JxELfwHpxLm6hWG3D5nmx-4Ko','2024-05-09 12:09:39.787149'),('4k9829ldnvevb5mdnwf11rnarqrr42nn','.eJxVjEEOwiAQRe_C2pDgDAIu3XsGMgyDVA1NSrtqvLtt0oVu_3vvryrSMte4dJnikNVVGXX63RLxS9oO8pPaY9Q8tnkakt4VfdCu72OW9-1w_w4q9brVjoQQLSAmk5nJOgQGIvAOKXiWXOQSCpkClgw7a4tAOiebNhR8UZ8vAO85JA:1oqiFj:HVuPT_HmpMSf9cgUuwLuE6zvaUSDn9Bb-Qnlct18xFw','2022-11-17 21:59:59.919099'),('4xlt747l9bl0pv6nyi21ssqwqoo22n42','.eJxVjEEOwiAQRe_C2hBKYei4dN8zkIEZpWpoUtqV8e7apAvd_vfef6lI21ri1mSJE6uz8ur0uyXKD6k74DvV26zzXNdlSnpX9EGbHmeW5-Vw_w4KtfKtEdhlRkHDzkC2aDuwvTcGqCfAIXTXMCQjgbNj8taJAGEChj4Ioaj3B8zEN7c:1rectd:VvYnhXaCtvfD6xPjo2MiUhp7LisdgFNvelB-hliWsMY','2024-03-11 15:28:01.753291'),('4zmttfncuxl4nje5envnpwb3gmnopvv1','.eJxVjEEOwiAQRe_C2pDgDAIu3XsGMgyDVA1NSrtqvLtt0oVu_3vvryrSMte4dJnikNVVGXX63RLxS9oO8pPaY9Q8tnkakt4VfdCu72OW9-1w_w4q9brVjoQQLSAmk5nJOgQGIvAOKXiWXOQSCpkClgw7a4tAOiebNhR8UZ8vAO85JA:1qETaG:hBSNQTg81hJZDOkxntoSSYNSmCVIRIUo2wJDOLlZtco','2023-07-12 11:43:40.861818'),('5p71txyjhjbn7kew2u52hd87u5w1aavq','.eJxVjEEOwiAQRe_C2pDgDAIu3XsGMgyDVA1NSrtqvLtt0oVu_3vvryrSMte4dJnikNVVGXX63RLxS9oO8pPaY9Q8tnkakt4VfdCu72OW9-1w_w4q9brVjoQQLSAmk5nJOgQGIvAOKXiWXOQSCpkClgw7a4tAOiebNhR8UZ8vAO85JA:1s5LRU:8-w17H-sgcc9yYmvC4eJAnnBEUysYEb08A5GKrggGjk','2024-05-24 08:17:24.580288'),('5wwzemilpnhuitrtjbaqjzclcfjgbaez','.eJxVjMsOwiAQRf-FtSE8ZAou3fsNZAYYqRqalHZl_HdD0oVu7znnvkXEfatx72WNcxYXYcXpdyNMz9IGyA9s90WmpW3rTHIo8qBd3pZcXtfD_Tuo2OuoYUIzpeCtdwrAhnBmBg8JA2cqlIr3yCYoy4ZJK60pKMikWINjl8XnC-NlOBs:1qQpiD:mYQLq4mLFNKG59WPajByjzlrOkjCNlfwWGisumbTHag','2023-08-15 13:46:57.749466'),('613l7garfb8m65nri24atokiccc4nv14','.eJxVjEEOwiAQRe_C2pDgDAIu3XsGMgyDVA1NSrtqvLtt0oVu_3vvryrSMte4dJnikNVVGXX63RLxS9oO8pPaY9Q8tnkakt4VfdCu72OW9-1w_w4q9brVjoQQLSAmk5nJOgQGIvAOKXiWXOQSCpkClgw7a4tAOiebNhR8UZ8vAO85JA:1s5Mfq:m2Jmcc4gwRgNNtFhgbmh6NL21Z9v6PPCSUmakh2C6nc','2024-05-24 09:36:18.275906'),('6xdbhdy00uzvzno7vwaozumnkke2t24f','.eJxVjEEOwiAQRe_C2pDgDAIu3XsGMgyDVA1NSrtqvLtt0oVu_3vvryrSMte4dJnikNVVGXX63RLxS9oO8pPaY9Q8tnkakt4VfdCu72OW9-1w_w4q9brVjoQQLSAmk5nJOgQGIvAOKXiWXOQSCpkClgw7a4tAOiebNhR8UZ8vAO85JA:1poOJh:Ut3ORbip1sYxELL-IPKWBN3aLKp5PzzBkKLOKyQu7Hs','2023-05-01 12:50:45.972766'),('7m7xf4599yecirf7rgb1ylv6dp8o8e0q','.eJxVjMsOwiAQRf-FtSE8ZAou3fsNZAYYqRqalHZl_HdD0oVu7znnvkXEfatx72WNcxYXYcXpdyNMz9IGyA9s90WmpW3rTHIo8qBd3pZcXtfD_Tuo2OuoYUIzpeCtdwrAhnBmBg8JA2cqlIr3yCYoy4ZJK60pKMikWINjl8XnC-NlOBs:1qtUPJ:SHiJUNJlZWi989LWon1yF-T5B2hnW7Vpz0mqZz623Vk','2023-11-02 14:53:53.480031'),('835yry58qzbxfbfs4oouy6tsryczfv75','.eJxVjEEOwiAQRe_C2pDgDAIu3XsGMgyDVA1NSrtqvLtt0oVu_3vvryrSMte4dJnikNVVGXX63RLxS9oO8pPaY9Q8tnkakt4VfdCu72OW9-1w_w4q9brVjoQQLSAmk5nJOgQGIvAOKXiWXOQSCpkClgw7a4tAOiebNhR8UZ8vAO85JA:1p7ZOy:WBHnryMcwcJvGzsAkZjS8vEaxnpAxJScBxMFP-LTqVg','2023-01-03 09:59:12.175834'),('8wyycycbpxt9i8t3w9134agutvtxt2b1','.eJxVjEEOwiAQRe_C2pDgDAIu3XsGMgyDVA1NSrtqvLtt0oVu_3vvryrSMte4dJnikNVVGXX63RLxS9oO8pPaY9Q8tnkakt4VfdCu72OW9-1w_w4q9brVjoQQLSAmk5nJOgQGIvAOKXiWXOQSCpkClgw7a4tAOiebNhR8UZ8vAO85JA:1s6apW:xk6BiA2QMFXjqFcssJTOrVv-K-TtqKcK3BxCVB7bp5Q','2024-05-27 18:55:22.854514'),('97hsrg69d03wy7t9swxl4bwdkdkrhnhc','.eJxVjEEOwiAQRe_C2pDgDAIu3XsGMgyDVA1NSrtqvLtt0oVu_3vvryrSMte4dJnikNVVGXX63RLxS9oO8pPaY9Q8tnkakt4VfdCu72OW9-1w_w4q9brVjoQQLSAmk5nJOgQGIvAOKXiWXOQSCpkClgw7a4tAOiebNhR8UZ8vAO85JA:1qdR8p:ImchJhmiiEz19V4OIpcQpb0mDUGDHhOxzYOsJmmWpBQ','2023-09-19 08:10:31.018141'),('aq2kid8z4arpmxh5pbbo967r3euvzub4','eyJfcGFzc3dvcmRfcmVzZXRfdG9rZW4iOiJjNjFnZXotNTZjMThhNmNjOWM0MjA4N2FiMGU0MTU4MTAxY2M5YTMifQ:1rzxuV:rqQXXfIgLHhBuE4H70pyj1hg2jqa81MT7qFfgNyTOeM','2024-05-09 12:09:07.923553'),('atb4rysffw0zppausib5v26teovhjgol','.eJxVjEEOwiAQRe_C2pDgDAIu3XsGMgyDVA1NSrtqvLtt0oVu_3vvryrSMte4dJnikNVVGXX63RLxS9oO8pPaY9Q8tnkakt4VfdCu72OW9-1w_w4q9brVjoQQLSAmk5nJOgQGIvAOKXiWXOQSCpkClgw7a4tAOiebNhR8UZ8vAO85JA:1s1lQC:TCa1ney3_ljuv0yhbbSITEfzXv9edoYjgGtXZKNkGYk','2024-05-14 11:13:16.368518'),('ay9xkuwk7e4nton09mr218lndlv7midm','eyJfcGFzc3dvcmRfcmVzZXRfdG9rZW4iOiJjNXpkc2ktODFlNjA2MmEwMzZhZGVjMWI5NzA1MTc0NDEyNTBkNjQifQ:1rzYki:eHg8zaKnW-xWobSyeZuwe8y7_W3G9rqOGb6T3yaTc7Y','2024-05-08 09:17:20.313788'),('be2ixvgw9m5m25vvfqqff7dz38lns0en','.eJxVjEEOwiAQRe_C2hBKYei4dN8zkIEZpWpoUtqV8e7apAvd_vfef6lI21ri1mSJE6uz8ur0uyXKD6k74DvV26zzXNdlSnpX9EGbHmeW5-Vw_w4KtfKtEdhlRkHDzkC2aDuwvTcGqCfAIXTXMCQjgbNj8taJAGEChj4Ioaj3B8zEN7c:1rpmIp:hgC9IKcVEFXmAu7qYgjQN2NdPX3w3UsLvjY3ZPDeKA0','2024-04-11 09:44:07.567985'),('bvluyo4fdbzm6zphvfzeno4tofhzn3p6','.eJxVjEEOwiAQRe_C2pDgDAIu3XsGMgyDVA1NSrtqvLtt0oVu_3vvryrSMte4dJnikNVVGXX63RLxS9oO8pPaY9Q8tnkakt4VfdCu72OW9-1w_w4q9brVjoQQLSAmk5nJOgQGIvAOKXiWXOQSCpkClgw7a4tAOiebNhR8UZ8vAO85JA:1p2K1d:Pa-FbE22EUmF6whinWpDHxjevVOADNpSV3aM0AXRLIg','2022-12-19 22:33:25.222592'),('bxjo3mg3xz6m55b5i7e7m2ept952rkzi','.eJxVjDsOwjAQRO_iGln-4B8lPWew1rs2DiBbipMKcXcSKQVounlv5s0irEuN68hznIhdmGSn3y4BPnPbAT2g3TvH3pZ5SnxX-EEHv3XKr-vh_h1UGHVboxEuaLBOkXM-eAEG0KPRVAyWTHKLSIo0OHK2CJWl1MGStjKls8_s8wXixTgD:1sHJyg:S-wFJY1Z0tD6A1PxPbv8XNX1YNiD7kxvPKuiNlIJADs','2024-06-26 09:09:10.556784'),('ctzhkbutc44le2ofh8uddpt3lncajvr1','.eJxVjDsOwjAQRO_iGln-4B8lPWew1rs2DiBbipMKcXcSKQVounlv5s0irEuN68hznIhdmGSn3y4BPnPbAT2g3TvH3pZ5SnxX-EEHv3XKr-vh_h1UGHVboxEuaLBOkXM-eAEG0KPRVAyWTHKLSIo0OHK2CJWl1MGStjKls8_s8wXixTgD:1s7vTK:IKKbHUuf6EMmOrW3PFpnuFX7z-HKX0xLHUzyHgKB6dE','2024-05-31 11:09:58.518968'),('cxdfdsthtih4g6y7y8kr6efkx5sibmjn','.eJxVjDsOwjAQRO_iGln-4B8lPWew1rs2DiBbipMKcXcSKQVounlv5s0irEuN68hznIhdmGSn3y4BPnPbAT2g3TvH3pZ5SnxX-EEHv3XKr-vh_h1UGHVboxEuaLBOkXM-eAEG0KPRVAyWTHKLSIo0OHK2CJWl1MGStjKls8_s8wXixTgD:1s6tfd:VSX2s9cMcaeLe13n0EVVAgfYS8i3pjJ2w6PrqdWQozQ','2024-05-28 15:02:25.045038'),('e3m2vu8cbwuqvcnge8xmsghuih1ogocz','.eJxVjMsOwiAQRf-FtSE8ZAou3fsNZAYYqRqalHZl_HdD0oVu7znnvkXEfatx72WNcxYXYcXpdyNMz9IGyA9s90WmpW3rTHIo8qBd3pZcXtfD_Tuo2OuoYUIzpeCtdwrAhnBmBg8JA2cqlIr3yCYoy4ZJK60pKMikWINjl8XnC-NlOBs:1qWFdk:T9e_kerRDpIBRxspXk3KytAN7l8sJ1D5XBSY1Gc0gxc','2023-08-30 12:28:44.463640'),('enjafqz5jnbzhgttufoizom58qyoime7','.eJxVjMsOwiAQRf-FtSE8ZAou3fsNZAYYqRqalHZl_HdD0oVu7znnvkXEfatx72WNcxYXYcXpdyNMz9IGyA9s90WmpW3rTHIo8qBd3pZcXtfD_Tuo2OuoYUIzpeCtdwrAhnBmBg8JA2cqlIr3yCYoy4ZJK60pKMikWINjl8XnC-NlOBs:1qWFTS:4nMyodcjE7TD7tBpgH-tfZlMMVQqjzNinAn4lgjDycs','2023-08-30 12:18:06.493573'),('fs3yki3hrv1qnf00wg7143x4v663lvyx','.eJxVjEEOwiAQRe_C2pDgDAIu3XsGMgyDVA1NSrtqvLtt0oVu_3vvryrSMte4dJnikNVVGXX63RLxS9oO8pPaY9Q8tnkakt4VfdCu72OW9-1w_w4q9brVjoQQLSAmk5nJOgQGIvAOKXiWXOQSCpkClgw7a4tAOiebNhR8UZ8vAO85JA:1s1hP4:4OPEz5Jk6_ALVEZmZe-A5iaC9sWqu3kn-22YOUb6MgE','2024-05-14 06:55:50.102037'),('go9jlniwxkcd6uon2ovlf99j0u5u0lwd','.eJxVjEEOwiAQRe_C2pDgDAIu3XsGMgyDVA1NSrtqvLtt0oVu_3vvryrSMte4dJnikNVVGXX63RLxS9oO8pPaY9Q8tnkakt4VfdCu72OW9-1w_w4q9brVjoQQLSAmk5nJOgQGIvAOKXiWXOQSCpkClgw7a4tAOiebNhR8UZ8vAO85JA:1q3uWt:YRt_wOBm5uj7NOrGhsHRWE30Q26p-Uven0G4x1irn2Y','2023-06-13 08:16:31.148087'),('h0jdy9kjzj8l1b2o9d4m68o1extlisdh','.eJxVjEEOwiAQRe_C2pDgDAIu3XsGMgyDVA1NSrtqvLtt0oVu_3vvryrSMte4dJnikNVVGXX63RLxS9oO8pPaY9Q8tnkakt4VfdCu72OW9-1w_w4q9brVjoQQLSAmk5nJOgQGIvAOKXiWXOQSCpkClgw7a4tAOiebNhR8UZ8vAO85JA:1s5Lil:EW3-4uulSu8VfSOPVIfmf0h3M2JrC2p6twXjY2It8Lg','2024-05-24 08:35:15.117721'),('k4b4qa4ffshqkleb5f3nq8l44nmv0ibq','.eJxVjMsOwiAQRf-FtSE8ZAou3fsNZAYYqRqalHZl_HdD0oVu7znnvkXEfatx72WNcxYXYcXpdyNMz9IGyA9s90WmpW3rTHIo8qBd3pZcXtfD_Tuo2OuoYUIzpeCtdwrAhnBmBg8JA2cqlIr3yCYoy4ZJK60pKMikWINjl8XnC-NlOBs:1qbfUl:dTsVzhCXWl6QezANwq_VeiZMRSj2qz93Aoo0NLCm2Is','2023-09-14 11:05:51.764751'),('kii1zhuu0gg7qpqg81l1wwjjt9ew9dc8','.eJxVjEEOwiAQRe_C2pDgDAIu3XsGMgyDVA1NSrtqvLtt0oVu_3vvryrSMte4dJnikNVVGXX63RLxS9oO8pPaY9Q8tnkakt4VfdCu72OW9-1w_w4q9brVjoQQLSAmk5nJOgQGIvAOKXiWXOQSCpkClgw7a4tAOiebNhR8UZ8vAO85JA:1qo0lH:MpUnanKtDTnf7O_Gb4SXRDlyIkfAG1uJs1BQa70001g','2023-10-18 12:13:55.073215'),('kowvknxxur177tpfzulgk5gb69ird5pb','.eJxVjMsOwiAQRf-FtSGMMAVcuu83kGGY2qqBpI-V8d-1SRe6veec-1KJtnVM2yJzmoq6KK9Ov1smfkjdQblTvTXNra7zlPWu6IMuum9FntfD_TsYaRm_dXAlgzgb0ZKQoIMzouEBBsQhQkDH0XeeURyDtdiFzkL20bAJ6CGo9wfN0Daa:1rzHME:b6DfuEq7xdDq4uN-Ye9UoDGsDBVTeTfAXD3FrJ6A6KQ','2024-05-07 14:42:54.150841'),('l33gj3ed6syny6xbofj6ec7u9qh2nwab','.eJxVjMsOwiAQRf-FtSGMMAVcuu83kGGY2qqBpI-V8d-1SRe6veec-1KJtnVM2yJzmoq6KK9Ov1smfkjdQblTvTXNra7zlPWu6IMuum9FntfD_TsYaRm_dXAlgzgb0ZKQoIMzouEBBsQhQkDH0XeeURyDtdiFzkL20bAJ6CGo9wfN0Daa:1rzFlJ:abmjeLdAPe7OWyv5pfbA4Dhl5tu2p1RUaXGtn4pm_H4','2024-05-07 13:00:41.894910'),('m75mebadivzc3fv3kytw14y5twpn5nto','.eJxVjEEOwiAQRe_C2pDgDAIu3XsGMgyDVA1NSrtqvLtt0oVu_3vvryrSMte4dJnikNVVGXX63RLxS9oO8pPaY9Q8tnkakt4VfdCu72OW9-1w_w4q9brVjoQQLSAmk5nJOgQGIvAOKXiWXOQSCpkClgw7a4tAOiebNhR8UZ8vAO85JA:1oxA5z:ndD2guJozKN3aWN6IycQWp4cGpCY1ezGeqFcXvSIGOs','2022-12-05 16:56:35.133946'),('mxljeghgylkg18uvqk6mmouv4s539ts3','.eJxVjEEOwiAQRe_C2pDgDAIu3XsGMgyDVA1NSrtqvLtt0oVu_3vvryrSMte4dJnikNVVGXX63RLxS9oO8pPaY9Q8tnkakt4VfdCu72OW9-1w_w4q9brVjoQQLSAmk5nJOgQGIvAOKXiWXOQSCpkClgw7a4tAOiebNhR8UZ8vAO85JA:1pjJdR:E29gImKfGm30jL22WbYWOISgsPJX-BaoaCLtzl3iHcA','2023-04-17 12:50:09.985485'),('n8mqicxcb82i4xnv0k5ameby3wz6zyos','.eJxVjEEOwiAQRe_C2pDgDAIu3XsGMgyDVA1NSrtqvLtt0oVu_3vvryrSMte4dJnikNVVGXX63RLxS9oO8pPaY9Q8tnkakt4VfdCu72OW9-1w_w4q9brVjoQQLSAmk5nJOgQGIvAOKXiWXOQSCpkClgw7a4tAOiebNhR8UZ8vAO85JA:1racnQ:C95YD7z3gkr4Cx6znU2ITP-6ykKHrJ0viDqB9jyYAkw','2024-02-29 14:33:04.359547'),('nbffl6i37s1rmzxni1fa3745r168b0ri','e30:1rzy0t:Mi3KMetx6KWy6shUZ205whPZCAJErrTbmVx5Wkzjx1U','2024-05-09 12:15:43.288166'),('od874erfvintrgp551zoutc963w9ehkv','.eJxVjEEOwiAQRe_C2pDgDAIu3XsGMgyDVA1NSrtqvLtt0oVu_3vvryrSMte4dJnikNVVGXX63RLxS9oO8pPaY9Q8tnkakt4VfdCu72OW9-1w_w4q9brVjoQQLSAmk5nJOgQGIvAOKXiWXOQSCpkClgw7a4tAOiebNhR8UZ8vAO85JA:1s13Zz:0iPIcuBDD_fltWEvKTEzOvaXWpS_UvQWkgMacvA4PFE','2024-05-12 12:24:27.651209'),('oybbrpm4grm7kjrw8im2yiiezr3a92tc','.eJxVjEEOwiAQRe_C2hBKYei4dN8zkIEZpWpoUtqV8e7apAvd_vfef6lI21ri1mSJE6uz8ur0uyXKD6k74DvV26zzXNdlSnpX9EGbHmeW5-Vw_w4KtfKtEdhlRkHDzkC2aDuwvTcGqCfAIXTXMCQjgbNj8taJAGEChj4Ioaj3B8zEN7c:1rmbGt:lRiB1yBrDhTEHx7Mm3MTiFOjfaZtGFENg94-oDbbU2g','2024-04-02 15:20:59.180852'),('psxyjgihl51a58nlna1kdof5x2wzpekt','.eJxVjMsOwiAQRf-FtSE8ZAou3fsNZAYYqRqalHZl_HdD0oVu7znnvkXEfatx72WNcxYXYcXpdyNMz9IGyA9s90WmpW3rTHIo8qBd3pZcXtfD_Tuo2OuoYUIzpeCtdwrAhnBmBg8JA2cqlIr3yCYoy4ZJK60pKMikWINjl8XnC-NlOBs:1pkn1j:MIB6-Hywa4DYvyg6x676HKbc6XFpbSX7fypq1y91uis','2023-04-21 14:25:19.425505'),('qs7kidss6cd49znabu2nfadfytaw2v6n','.eJxVjEEOwiAQRe_C2pDgDAIu3XsGMgyDVA1NSrtqvLtt0oVu_3vvryrSMte4dJnikNVVGXX63RLxS9oO8pPaY9Q8tnkakt4VfdCu72OW9-1w_w4q9brVjoQQLSAmk5nJOgQGIvAOKXiWXOQSCpkClgw7a4tAOiebNhR8UZ8vAO85JA:1s5MdV:iWTnyIMzPZalX9CeRDE8nnWGybP2Xy9WqMRUkaE0j_Y','2024-05-24 09:33:53.633681'),('s81jn0l10fsqurvw9z7pnmbqy1lewefh','.eJxVjEEOwiAQRe_C2pDgDAIu3XsGMgyDVA1NSrtqvLtt0oVu_3vvryrSMte4dJnikNVVGXX63RLxS9oO8pPaY9Q8tnkakt4VfdCu72OW9-1w_w4q9brVjoQQLSAmk5nJOgQGIvAOKXiWXOQSCpkClgw7a4tAOiebNhR8UZ8vAO85JA:1s5LRF:XEhtns6QbGncu8bqLuBQUb9Wafg1Uj0l6eVm4CC9EaY','2024-05-24 08:17:09.143050'),('saza4uy4434uxjyn92z48s9716di57cm','.eJxVjEEOwiAQRe_C2pDgDAIu3XsGMgyDVA1NSrtqvLtt0oVu_3vvryrSMte4dJnikNVVGXX63RLxS9oO8pPaY9Q8tnkakt4VfdCu72OW9-1w_w4q9brVjoQQLSAmk5nJOgQGIvAOKXiWXOQSCpkClgw7a4tAOiebNhR8UZ8vAO85JA:1rxR2d:KmHiCLUNer3hNBOlJ329h3iaTyBaYeaRf9xpDhtoxa8','2024-05-02 12:39:03.520241'),('sr6dxafcl0ojnx73thjfgrsdpna0nzf7','.eJxVjMsOwiAQRf-FtSE8ZAou3fsNZAYYqRqalHZl_HdD0oVu7znnvkXEfatx72WNcxYXYcXpdyNMz9IGyA9s90WmpW3rTHIo8qBd3pZcXtfD_Tuo2OuoYUIzpeCtdwrAhnBmBg8JA2cqlIr3yCYoy4ZJK60pKMikWINjl8XnC-NlOBs:1pzH70:6LarFrUvu9IhcwWCcPGzoVFocslrrbCyKWjC8Ts7c4M','2023-05-31 13:22:38.488279'),('tb10zdo7azl7h3csfoj83gl9j5spacj9','e30:1rl93h:k9XIH2DCRIgXG3dcJvP7VozWwWdH23E0_8kDCfTPgWU','2024-03-29 15:01:21.993656'),('tvpr3x63mkok1isqpwg0nkggoenipbn6','e30:1rl8ze:k-RzMrFzsjmbmLHbaW226fkiVYTWxHv3LoVKsSKp538','2024-03-29 14:57:10.912843'),('u6awco3nhxza70t1q96eqvhymd68xkd7','.eJxVjEEOwiAQRe_C2pDgDAIu3XsGMgyDVA1NSrtqvLtt0oVu_3vvryrSMte4dJnikNVVGXX63RLxS9oO8pPaY9Q8tnkakt4VfdCu72OW9-1w_w4q9brVjoQQLSAmk5nJOgQGIvAOKXiWXOQSCpkClgw7a4tAOiebNhR8UZ8vAO85JA:1s5LbP:suoRHdT1PkF1kBSf-k7hv28wzAV1B0DDYsJWnLsOZMM','2024-05-24 08:27:39.545982'),('uc205flu8xvm08uwdcny5fwvg6vv3zl8','.eJxVjEEOwiAQRe_C2pDgDAIu3XsGMgyDVA1NSrtqvLtt0oVu_3vvryrSMte4dJnikNVVGXX63RLxS9oO8pPaY9Q8tnkakt4VfdCu72OW9-1w_w4q9brVjoQQLSAmk5nJOgQGIvAOKXiWXOQSCpkClgw7a4tAOiebNhR8UZ8vAO85JA:1pTilL:7laPn3dDTx3aWqycMu-ppoQRSbn-wTnLOFMS8lOEy5o','2023-03-05 12:25:51.596416'),('wc7l6cxgf9hxv2sy86zfjhxahprv3h05','.eJxVjEEOwiAQRe_C2pDgDAIu3XsGMgyDVA1NSrtqvLtt0oVu_3vvryrSMte4dJnikNVVGXX63RLxS9oO8pPaY9Q8tnkakt4VfdCu72OW9-1w_w4q9brVjoQQLSAmk5nJOgQGIvAOKXiWXOQSCpkClgw7a4tAOiebNhR8UZ8vAO85JA:1rl9NM:zOXEt2bSr4NyADbtPSChglg1tiTN71E9NKJ-MEKKX1k','2024-03-29 15:21:40.063049'),('x5zyhmsvzy258je19a0zc87gychuf0md','eyJfcGFzc3dvcmRfcmVzZXRfdG9rZW4iOiJjNW9oamEtZjA4OTYyMzcxYmQzYTBjNDNhODJhZDNkOTE2NTBlNmUifQ:1rxQVD:uRVlqrjpl1cPduXglsEbEhUyvc1Hq4jeZs8kFDJWOwE','2024-05-02 12:04:31.670032'),('xhwwl0mbiif74lws1k9c8sctrar1dswy','.eJxVjMsOwiAQRf-FtSE8ZAou3fsNZAYYqRqalHZl_HdD0oVu7znnvkXEfatx72WNcxYXYcXpdyNMz9IGyA9s90WmpW3rTHIo8qBd3pZcXtfD_Tuo2OuoYUIzpeCtdwrAhnBmBg8JA2cqlIr3yCYoy4ZJK60pKMikWINjl8XnC-NlOBs:1poLFi:Ku9c7VlFzBiP2fttGG7fkqS8Ys0M0caFFLJi9mLy7yQ','2023-05-01 09:34:26.713216'),('yerwyowunu4x20dr4hz76xkjz2llngt2','.eJxVjEEOwiAQRe_C2pDgDAIu3XsGMgyDVA1NSrtqvLtt0oVu_3vvryrSMte4dJnikNVVGXX63RLxS9oO8pPaY9Q8tnkakt4VfdCu72OW9-1w_w4q9brVjoQQLSAmk5nJOgQGIvAOKXiWXOQSCpkClgw7a4tAOiebNhR8UZ8vAO85JA:1qJw5y:WrG-gL7-5Uor5_8JBWfzR7HB8t0deslrp-qEIT6y52s','2023-07-27 13:10:58.334651'),('yo1y43dujjfp69ocgbdlmamj5t31ag8o','.eJxVjEEOwiAQRe_C2pDgDAIu3XsGMgyDVA1NSrtqvLtt0oVu_3vvryrSMte4dJnikNVVGXX63RLxS9oO8pPaY9Q8tnkakt4VfdCu72OW9-1w_w4q9brVjoQQLSAmk5nJOgQGIvAOKXiWXOQSCpkClgw7a4tAOiebNhR8UZ8vAO85JA:1pOMU5:yPrk19pAxDE1us3uPuEnLBf1RLLHQWAC1NmH5dywlvI','2023-02-18 17:37:53.113597'),('yvw8g31izqz6ezwseqzub99hpyfjmejm','.eJxVjDsOwjAQRO_iGln-4B8lPWew1rs2DiBbipMKcXcSKQVounlv5s0irEuN68hznIhdmGSn3y4BPnPbAT2g3TvH3pZ5SnxX-EEHv3XKr-vh_h1UGHVboxEuaLBOkXM-eAEG0KPRVAyWTHKLSIo0OHK2CJWl1MGStjKls8_s8wXixTgD:1s6v8Z:BU9gbW1sXEbLbUDAEDfYlT9pmvyAbajb5Mml4zpuMQs','2024-05-28 16:36:23.811170'),('zqn3hjl8473qobub69ujtnamequs1ttc','.eJxVjEEOwiAQRe_C2pDgDAIu3XsGMgyDVA1NSrtqvLtt0oVu_3vvryrSMte4dJnikNVVGXX63RLxS9oO8pPaY9Q8tnkakt4VfdCu72OW9-1w_w4q9brVjoQQLSAmk5nJOgQGIvAOKXiWXOQSCpkClgw7a4tAOiebNhR8UZ8vAO85JA:1olWHG:AmK8qpGlsixYjF0EuSSiZgq2DFboKJae61sC50yLT48','2022-11-03 14:12:06.925008'),('zyuwg89806t69oyhdstd1537v5j28pkx','.eJxVjEEOwiAQRe_C2hCgUMCle89AZoapVA0kpV0Z765NutDtf-_9l0iwrSVtnZc0Z3EWRpx-NwR6cN1BvkO9NUmtrsuMclfkQbu8tszPy-H-HRTo5Vv7KRtrstY-0mTY6lFHB94GgmG0qJjJBXIKCVxAR6SNiYCDguw9DSjeH-AIOB8:1pk46t:4rh04BXlzrNj738p1lFyx4wurBDUx1O__y3tPYG-86o','2023-04-19 14:27:39.959089');
/*!40000 ALTER TABLE `django_session` ENABLE KEYS */;
UNLOCK TABLES;

--
-- Table structure for table `django_site`
--

DROP TABLE IF EXISTS `django_site`;
/*!40101 SET @saved_cs_client     = @@character_set_client */;
/*!50503 SET character_set_client = utf8mb4 */;
CREATE TABLE `django_site` (
  `id` int NOT NULL AUTO_INCREMENT,
  `domain` varchar(100) NOT NULL,
  `name` varchar(50) NOT NULL,
  PRIMARY KEY (`id`),
  UNIQUE KEY `django_site_domain_a2e37b91_uniq` (`domain`)
) ENGINE=InnoDB AUTO_INCREMENT=2 DEFAULT CHARSET=utf8mb4 COLLATE=utf8mb4_0900_ai_ci;
/*!40101 SET character_set_client = @saved_cs_client */;

--
-- Dumping data for table `django_site`
--

LOCK TABLES `django_site` WRITE;
/*!40000 ALTER TABLE `django_site` DISABLE KEYS */;
INSERT INTO `django_site` VALUES (1,'localhost','ITS.Kompetent');
/*!40000 ALTER TABLE `django_site` ENABLE KEYS */;
UNLOCK TABLES;

--
-- Table structure for table `job_profiles_jobprofile`
--

DROP TABLE IF EXISTS `job_profiles_jobprofile`;
/*!40101 SET @saved_cs_client     = @@character_set_client */;
/*!50503 SET character_set_client = utf8mb4 */;
CREATE TABLE `job_profiles_jobprofile` (
  `id` bigint NOT NULL AUTO_INCREMENT,
  `job_name` varchar(140) NOT NULL,
  `job_description` longtext NOT NULL,
  `job_tasks` longtext,
  `show_job_profile` tinyint(1) NOT NULL,
  PRIMARY KEY (`id`)
) ENGINE=InnoDB AUTO_INCREMENT=10 DEFAULT CHARSET=utf8mb4 COLLATE=utf8mb4_0900_ai_ci;
/*!40101 SET character_set_client = @saved_cs_client */;

--
-- Dumping data for table `job_profiles_jobprofile`
--

LOCK TABLES `job_profiles_jobprofile` WRITE;
/*!40000 ALTER TABLE `job_profiles_jobprofile` DISABLE KEYS */;
INSERT INTO `job_profiles_jobprofile` VALUES (1,'Innendienst','Herr Müller ist Sachbearbeiter im Innendienst im Vertrieb & Marketing. Er arbeitet überwiegend am stationären PC und ihat viel telefonischen Kontakt zu Kunden.','•	Arbeit im Projekt „Smarte Ventilatoren“, in dem er in Kontakt mit verschiedenen Projektpartnern wie externen Dienstleister (u.a. TechNik GmbH) und Stammlieferanten steht \r\n•	Erstellung von Angeboten und Auftragsbestätigungen \r\n•	Verwaltung ausgewählter Stammkunden \r\n•	Er arbeitet überwiegend mit einem ERP-System, Büro-Software, E-Mail-Programm, Kollaborationssystem, Cloud-Speicher und verfügt über einen unternehmensweiten Instant-Messenging-Account',1),(3,'Geschäftsführer*in','Frau Arneo ist Geschäftsführerin der Arneo GmbH und trägt die Gesamtverantwortung für die strategische Ausrichtung und das operative Management des Unternehmens. Sie ist eine erfahrene Unternehmenslenkerin, die die Vision, die Ziele und die Strategie des Unternehmens definiert und umsetzt, um nachhaltiges Wachstum und Erfolg zu gewährleisten.','•	Festlegung von Unternehmensvision, -zielen und -strategie\r\n•	Gesamtverantwortung für operatives Management, inklusive Risikomanagement\r\n•	Führung und Motivation von Führungskräften und Mitarbeitern\r\n•	Überwachung der Unternehmensperformance und Innovationsmanagement',1),(4,'Führungskraft','Frau Blitz ist eine Führungskraft und trägt die Verantwortung für die strategische Planung, Organisation und Leitung von Teams oder Abteilungen innerhalb des Unternehmens. Sie ist eine erfahrene Entscheidungsträgerin, der in der Lage ist, Mitarbeiter*innen zu motivieren und zu führen, um Unternehmensziele zu erreichen.','•	Strategische Planung und Umsetzung von Unternehmenszielen\r\n•	Organisatorische Leitung von Teams oder Abteilungen\r\n•	Motivation, Führung und Entwicklung von Mitarbeitern\r\n•	Entscheidungsfindung und Risikomanagement\r\n•	Aufbau und Pflege von Beziehungen zu internen und externen Stakeholdern\r\n•	Budgetverantwortung und Ressourcenmanagement',1),(6,'IT-Admin','Herr Laimer ist IT-Admin. Er ist verantwortlich für die Administration, Überwachung und Wartung der IT-Infrastruktur des Unternehmens. Mit seinen umfassenden IT-Kenntnissen und Erfahrungen stellt er sicher, dass alle IT-Systeme und Netzwerke reibungslos funktionieren und den Sicherheitsrichtlinien entsprechen.','•	Administration, Überwachung und Wartung der IT-Infrastruktur\r\n•	Sicherstellung des reibungslosen Betriebs von IT-Systemen und Netzwerken\r\n•	Umsetzung von Sicherheitsrichtlinien und Schutz vor Cyberbedrohungen\r\n•	Unterstützung von Mitarbeitern bei IT-Fragen und Problemen',1),(7,'Außendienst','Herr Schmidt ist Sachbearbeiter im Außendienst im Vertrieb & Marketing. Er ist viel unterwegs und arbeitet auch häufiger im Ausland. Damit hat er ein hohes Risiko für Fremdeinfluss.','•	Arbeit im Projekt „Smarte Ventilatoren“, in dem er hier die neuen smarten Ventilatoren auf Messen präsentiert und Kunden dazu akquiriert\r\n•	Des Weiteren ist er für Betreuung und Beratung weiterer Stammkunden der Arneo GmbH zuständig und \r\n•	Analysiert dafür stets neue Verkaufsgebiete und Ermitteln neuer Absatzmöglichkeiten	\r\n•	Dabei arbeitet er überwiegend von unterwegs und besitzt einen Laptop, auf dem er die allgemeinen Büro-Anwendungenund ein E-Mail-Programm nutzt, sowie ein dienstliches Smartphone mit einem unternehmensweiten Instant-Messenging-Account',1);
/*!40000 ALTER TABLE `job_profiles_jobprofile` ENABLE KEYS */;
UNLOCK TABLES;

--
-- Table structure for table `threats_threatarea`
--

DROP TABLE IF EXISTS `threats_threatarea`;
/*!40101 SET @saved_cs_client     = @@character_set_client */;
/*!50503 SET character_set_client = utf8mb4 */;
CREATE TABLE `threats_threatarea` (
  `id` bigint NOT NULL AUTO_INCREMENT,
  `area_name` varchar(140) NOT NULL,
  `area_description` longtext,
  PRIMARY KEY (`id`)
) ENGINE=InnoDB AUTO_INCREMENT=23 DEFAULT CHARSET=utf8mb4 COLLATE=utf8mb4_0900_ai_ci;
/*!40101 SET character_set_client = @saved_cs_client */;

--
-- Dumping data for table `threats_threatarea`
--

LOCK TABLES `threats_threatarea` WRITE;
/*!40000 ALTER TABLE `threats_threatarea` DISABLE KEYS */;
INSERT INTO `threats_threatarea` VALUES (1,'Kollaborationssysteme','Software oder Plattformen, die die Zusammenarbeit und Kommunikation in einer Organisation unterstützen.'),(2,'Social Media Systeme','Online-Plattformen, die Benutzern ermöglichen, Inhalte zu teilen, zu kommunizieren und zu interagieren'),(3,'Mailsystem','Ein System zum Senden, Empfangen und Verwalten von E-Mails.'),(4,'Instantmessenger','Eine Softwareanwendung, die Echtzeitkommunikation über das Internet ermöglicht.'),(5,'USB-Stick','Ein tragbares Speichergerät, das an einen Computer angeschlossen werden kann, um Daten zu übertragen oder zu speichern.'),(6,'Laptop','Ein tragbarer Computer, der ähnliche Funktionen wie ein Desktop-PC bietet.'),(8,'Internes Informationssystem','Ein System, das von einer Organisation intern genutzt wird, um Daten zu verwalten und zu teilen.'),(9,'Server','Ein Computer oder ein Computersystem, der/das Dienste oder Ressourcen für andere Computer bereitstellt.'),(11,'PC','Ein PC ist ein individueller Computerarbeitsplatz, der für die täglichen Arbeitsaufgaben von Mitarbeitern verwendet wird und eine Vielzahl von Softwareanwendungen ausführt.'),(14,'Online-Banking','tbd'),(15,'Online-Shop','tbd'),(16,'Mitarbeiter','Personen, die in einer Organisation arbeiten und Zugriff auf Informationen haben.'),(17,'Sensible Informationen','Daten, die vertraulich oder geschützt sind, wie persönliche Identifikationsinformationen, finanzielle Daten oder geistiges Eigentum.'),(18,'Netzwerk','Ein System von verbundenen Geräten, das Daten austauscht.'),(19,'Internet Browser','Eine Softwareanwendung, die verwendet wird, um Zugang zum Internet zu erhalten und Webseiten anzuzeigen.'),(20,'Telefon','Ein Kommunikationsgerät, das für Sprachanrufe, Textnachrichten und möglicherweise auch Internetzugang verwendet wird.'),(21,'Buchhaltungssystem','in Buchhaltungssystem ist eine Software, die Geschäftstransaktionen erfasst, Finanzberichte generiert und die Verwaltung von Einnahmen und Ausgaben erleichtert.'),(22,'Smartphone','Mobiltelefon mit Touchscreen und zusätzlichen Funktionen wie GPS und der Möglichkeit, Apps darauf zu installieren');
/*!40000 ALTER TABLE `threats_threatarea` ENABLE KEYS */;
UNLOCK TABLES;

--
-- Table structure for table `threats_threatevent`
--

DROP TABLE IF EXISTS `threats_threatevent`;
/*!40101 SET @saved_cs_client     = @@character_set_client */;
/*!50503 SET character_set_client = utf8mb4 */;
CREATE TABLE `threats_threatevent` (
  `id` bigint NOT NULL AUTO_INCREMENT,
  `event_name` varchar(140) NOT NULL,
  `event_description` longtext,
  PRIMARY KEY (`id`)
) ENGINE=InnoDB AUTO_INCREMENT=42 DEFAULT CHARSET=utf8mb4 COLLATE=utf8mb4_0900_ai_ci;
/*!40101 SET character_set_client = @saved_cs_client */;

--
-- Dumping data for table `threats_threatevent`
--

LOCK TABLES `threats_threatevent` WRITE;
/*!40000 ALTER TABLE `threats_threatevent` DISABLE KEYS */;
INSERT INTO `threats_threatevent` VALUES (1,'Social Engineering','Beim Social Engineering nutzt der Täter den \"Faktor Mensch\" als vermeintlich schwächstes Glied der Sicherheitskette aus, um seine kriminelle Absicht zu verwirklichen.'),(2,'(Speer)-Phishing','Phishing ist der Versand gefälschter E-Mails, die Menschen dazu verleiten sollen, auf einen Betrug hereinzufallen. Phishing-Mails zielen häufig darauf ab, dass die Nutzer Finanzinformationen, Zugangsdaten oder andere sensible Daten preisgeben.'),(3,'Einschleusen bekannter Malware in interne Informationssysteme der Organisation','Der Angreifer nutzt gängige Übermittlungsmechanismen (z. B. E-Mail), um Malware in Informationssysteme von Unternehmen zu installieren/einzuschleusen.'),(4,'Kompromittierung von Informationssystemen','Hierbei nutzt der Angreifer gängige Übermittlungsmechanismen wie E-Mails, um Malware in die Informationssysteme von Unternehmen einzuführen und zu installieren.'),(5,'Web Defacement','Der Angreifer macht unautorisierte Änderungen an öffentlichen Webseiten.'),(6,'Man-in-the-Middle-Attack','Der Angreifer fängt Nachrichten des Opfers ab und sendet sie an ihr Ziel weiter, um so unbemerkt die Kommunikation zu kompromittieren.'),(7,'Verbreitung von Malware durch Bereitstellung von Wechselmedien','Der Angreifer verteilt Wechseldatenspeicher mit Malware, die das Opfer an eigenen Geräten nutzt.'),(10,'Durchführung von nicht zielgerichteten Zero-Day-Angriffen','Hierbei nutzt der Angreifer bislang unbekannte Schwachstellen in Informationssystemen aus, um Zugriff zu erlangen, ohne dass es ein spezifisches Ziel oder eine bestimmte Absicht gibt.'),(11,'Malware über downloadbare Software','Der Angreifer korrumpiert Freeware, Shareware oder kommerzielle IT-Produkte oder fügt Malware in diese ein. Der Angreifer zielt nicht spezifische Organisationen, und sucht nach Eintrittspunkten in interne organisatorische IS. Diese Bedrohung ist besonders für Handy-Applikationen relevant.'),(12,'Ausnutzen schlecht konfigurierter Systeme','Der Angreifer erlangt durch das Internet Zugang zu IS, die nicht für die Konnektivität zum Internet autorisiert sind oder organisatorische Vorgaben nicht erfüllen.'),(13,'Pharming-Angriff','Pharming ist eine Art von Phishing, bei der der Angreifer Nutzer zu bösartigen Seiten oder Proxy-Servern leitet, typescherweise mittels Domain Name System (DNS)-Poisoning.'),(14,'Shopping-/Service-Betrug','Der Angreifer verkauft nicht existierende Produkte oder Services.'),(15,'Falscher Umgang mit kritischen und/oder sensiblen Informationen','Diese Art von Bedrohung kann verschiedene Formen annehmen. Ein Mitarbeiter könnte versehentlich sensible Daten an falsche Empfänger senden, beispielsweise durch einen Fehler bei der Adressierung einer E-Mail oder durch die Auswahl eines falschen Empfängers in einer Datenbank. Eine andere Möglichkeit ist der mutwillige Diebstahl oder die Weitergabe vertraulicher Informationen durch einen Mitarbeiter, sei es aus finanziellen Motiven, Rache, Nachlässigkeit oder Unwissenheit über die Bedeutung der Daten.'),(16,'Schwachstellen in internen Informationssystemen (Buchhaltungssystem)','Schwachstellen in internen Informationssystemen (Buchhaltungssystem)'),(17,'Durchführung von Brute-Force-Anmeldeversuchen/Passworterratungsangriffen','Der Angreifer versucht, sich durch zufälliges oder systematisches Erraten von Passwörtern Zugang zu den Informationssystemen eines Unternehmens zu verschaffen, möglicherweise mit Hilfe von Programmen zum Knacken von Passwörtern.'),(18,'Durchführung von Data Scavenging-Angriffen in einer Cloud-Umgebung','Der Angreifer erlangt Daten, die von organisatorischen Prozessen in einer Cloud-Umgebung verwendet und dann gelöscht werden.'),(19,'Krypto-Diebstahl','tbd'),(20,'Angriffe auf persönliche Geräte kritischer Mitarbeiter*innen / Kompromittierung','Der Angreifer zielt auf wichtige Mitarbeiter des Unternehmens ab, indem er Malware auf deren persönliche Computern platziert. Ziel ist es, alle Fälle auszunutzen, in denen Mitarbeiter persönliche Informationssysteme oder -geräte für den Umgang mit kritischen/sensiblen Informationen nutzen.'),(21,'Durchführung von Network-Sniffing an freien Netzwerken','Ein Angreifer, der Zugang zu ungeschützten drahtgebundenen oder drahtlosen Datenkanälen hat, die zur Übertragung von Informationen verwendet werden, nutzt Netzwerk-Sniffing, um Komponenten, Ressourcen und Schutzmaßnahmen zu identifizieren.'),(22,'Installation von Allzweck-/persistenten/gezielten Sniffern in organisationsgesteuerten Informationssystemen oder Netzwerken','Der Angreifer installiert eine Sniffersoftware auf internen Informationssystemen oder Netzwerken der Organisation oder Netzwerke.'),(23,'Erfassen sensibler Informationen durch Netzwerk-Sniffing externer Netzwerke','Der Angreifer erhält Zugriff auf ungeschützte drahtgebundene oder drahtlose Datenkanäle, die Organisationen (oder Organisationspersonal) zur Übertragung von Informationen nutzen (z. B. Kioske, öffentliche drahtlose Netzwerke) und fängt diese Kommunikation ab.'),(24,'Kompromittierung von Informationssystem-Sitzungen des Datenverkehrs zwischen der Organisation und externen Entitäten','Der Angreifer übernimmt die Kontrolle über bereits bestehende, legitime Informationssystemsitzungen zwischen Organisationen und externen Stellen.'),(25,'Durchführung einfacher/verteilter/gezielter Denial-of-Service-Angriffe (DoS)','Ein Angreifer versucht, eine über das Internet zugängliche Ressource für die beabsichtigten Benutzer unzugänglich zu machen oder zu verhindern, dass die Ressource effizient oder überhaupt funktioniert, vorübergehend oder auf unbestimmte Zeit.'),(26,'Kompromittierung von Informationssystemen oder Geräten, die extern verwendet und wieder in das Unternehmen eingeschleust werden','Der Angreifer installiert Malware auf Unternehmenstelefone, während sich diese Geräte außerhalb des Unternehmens befinden, um anschließend das Unternehmen zu infizieren, wenn es wieder an Unternehmensnetzwerke angeschlossen wird.'),(27,'Ausnutzung von Multi-Tenancy in einer Cloud-Umgebung','tbd'),(28,'Autorisiertem Personal folgen, um Zutritt zu verschiedenen Einrichtungen zu erhalten (Tailgating)','tbd'),(29,'Ausnutzen bekannter Schwachstellen in mobilen Systemen (z. B. Laptops, PDAs, Smartphones)','Der Angreifer macht sich die Tatsache zunutze, dass sich Smartphones außerhalb des physischen Schutzes von Organisationen und des logischen Schutzes von Unternehmensfirewalls befinden, und kompromittiert die Smartphones auf der Grundlage bekannter Schwachstellen, um Informationen aus diesen Systemen zu sammeln.'),(30,'Ungesperrte Bildschirme','tbd'),(31,'(Weit verbreiteter) Festplattenfehler','Beschädigung des Speichers aufgrund eines Festplattenfehlers/Mehrere Festplattenfehler aufgrund der Alterung einer Reihe von Geräten, die alle zur gleichen Zeit vom gleichen Anbieter erworben wurden'),(32,'Spoofing','Der Angreifer erstellt Duplikate von legitimen Websites, wenn Benutzer eine gefälschte\r\nWebsite besuchen, kann diese Informationen sammeln oder Malware herunterladen.'),(33,'Angriffe im World Wide Web','tbd'),(34,'Weitergabe sensibler Informationen','Ein autorisierter Mitarbeiter kontaminiert irrtümlich ein Gerät, ein Informationssystem oder ein Netzwerk, indem Informationen mit einer Geheimhaltungsstufe/Sensibilität darauf ablegt oder daran gesendet werden, zu deren Handhabung es nicht autorisiert wurde. Die Informationen sind dem Zugriff Unbefugter ausgesetzt, und das Gerät, System oder Netzwerk ist nicht verfügbar, während der Schaden untersucht und behoben wird'),(35,'Bereitstellung von Malware','Der Angreifer nutzt komplexere Übermittlungsmechanismen als E-Mail (z. B. Internetverkehr, Instant Messaging, FTP), zum Übermitteln von (modifizierter) Malware, um sich so Zugang zu internen Informationssystemen des Unternehmens zu verschaffen.'),(36,'Einschleusen modifizierter Malware in interne Informationssysteme der Organisation','Der Angreifer nutzt komplexere Übermittlungsmechanismen als E-Mail (z. B. Internetverkehr, Instant Messaging, FTP), zum Übermitteln von (modifizierter) Malware, um sich so Zugang zu internen Informationssystemen des Unternehmens zu verschaffen.'),(37,'Bereitstellung gezielter Schadsoftware zur Kontrolle interner Systeme und zur Exfiltration von Daten','Der Angreifer installiert Malware, die speziell darauf ausgelegt ist, die Kontrolle über die internen Informationssysteme eines Unternehmens zu übernehmen, vertrauliche Informationen zu identifizieren und diese Informationen zu exfiltrieren.'),(38,'Umfassende Laufwerksfehler','Beschädigung bzw. Überalterung einer Reihe von Laufwerken, die alle zur gleichen Zeit vom gleichen Anbieter erworben wurden.'),(39,'Unzureichende Zugangskontrolle','Schleusen Sie autorisierte Mitarbeiter ein, um Zugang zu den Einrichtungen der Organisation zu erhalten.'),(41,'Falsche Berechtigungseinstellungen','Ein autorisierter Benutzer oder Administrator weist einem Benutzer fälschlicherweise außergewöhnliche Berechtigungen zu oder setzt die Berechtigungsanforderungen für eine Ressource zu niedrig an.');
/*!40000 ALTER TABLE `threats_threatevent` ENABLE KEYS */;
UNLOCK TABLES;

--
-- Table structure for table `threats_threatsituation`
--

DROP TABLE IF EXISTS `threats_threatsituation`;
/*!40101 SET @saved_cs_client     = @@character_set_client */;
/*!50503 SET character_set_client = utf8mb4 */;
CREATE TABLE `threats_threatsituation` (
  `id` bigint NOT NULL AUTO_INCREMENT,
  `threat_description` longtext,
  `threat_vector_id` bigint DEFAULT NULL,
  `job_profile_id` bigint DEFAULT NULL,
  `threat_situation_identificator` varchar(140) DEFAULT NULL,
  PRIMARY KEY (`id`),
  KEY `threats_threatsituation_job_profile_id_7985b6b2` (`job_profile_id`),
  KEY `threats_threatsituation_threat_vector_id_b7e1f4c2` (`threat_vector_id`),
  CONSTRAINT `threats_threatsituat_job_profile_id_7985b6b2_fk_job_profi` FOREIGN KEY (`job_profile_id`) REFERENCES `job_profiles_jobprofile` (`id`),
  CONSTRAINT `threats_threatsituat_threat_vector_id_b7e1f4c2_fk_threats_t` FOREIGN KEY (`threat_vector_id`) REFERENCES `threats_threatvector` (`id`)
) ENGINE=InnoDB AUTO_INCREMENT=75 DEFAULT CHARSET=utf8mb4 COLLATE=utf8mb4_0900_ai_ci;
/*!40101 SET character_set_client = @saved_cs_client */;

--
-- Dumping data for table `threats_threatsituation`
--

LOCK TABLES `threats_threatsituation` WRITE;
/*!40000 ALTER TABLE `threats_threatsituation` DISABLE KEYS */;
INSERT INTO `threats_threatsituation` VALUES (1,'Als Vorbereitung für das wöchentliche Jour Fixe des Projekts „Smarte Ventilatoren“ möchten Sie die neuen Lieferanten für die aktuell anstehende Beschaffung der Ventilator-Filter in die Projektskizze eintragen. In diesem Moment erreicht Sie eine Nachricht einer Ihnen unbekannten Person über das intenre Kollaborationssystem.',1,1,'2.11'),(2,'Sie sind seit kurzem in einem Social Network  aktiv und begeistert von den vielen Möglichkeiten. Besonders erfreut sind Sie darüber, mit bekannten und unbekannten Geschäftskontakten Verbindungen zu knüpfen und immer auf dem Laufenden zu bleiben. Während Ihrer Pause werfen Sie einen Blick in die Plattform und bemerken folgende Nachrichten. Dabei fällt Ihnen wieder ein, dass in den Medien von ausgefeilten Social-Engineering-Angriffen auf KMU berichtet wurde.',2,1,'2.12'),(3,'Kurz bevor Sie in die Mittagspause mit Ihrem Kollegen Mark Kistner aufbrechen wollen, schauen Sie nochmal nach Ihren Mails, da Sie auf ein Angebot von Ihrem Kollegen Lukas Maier warten.',3,1,'2.14'),(5,'Sie kommen nach der Mittagspause an Ihren Arbeitsplatz zurück und schauen in Ihr Mail-Programm, weil Sie auf die Plankosten des neuen Projekts „Smarte Ventilatoren“ von Ihrer Kollegin Anna Brand aus der Abteilung Buchhaltung & Finanzen warten. Dabei fällt Ihnen wieder ein, dass in den Medien von ausgefeilten Malware-Angriffen auf KMU berichtet wurde.',5,1,'2.15'),(16,'Eines Morgens kommt Ihre Assistentin aufgelöst auf Sie zu: \"Können Sie mal bitte mit mir in das Buchhaltungssystem schauen? Irgendwas stimmt mit den Rechnungen nicht!\" Sie zeigt Ihnen an ihrem Bildschirm das Buchhaltungssystem mit einer Beispielrechnung.',21,4,'3.1'),(17,'Sie beginnen Ihren Arbeitstag in der Arneo GmbH und prüfen als erstes Ihr E-Mail-Postfach, weil Sie auf Verkaufszahlen aus dem Projekt warten.',3,4,'3.7'),(26,'Heute Vormittag fand eine Besprechung des Projektteams „Smarte Ventilatoren“ statt. Am Ende der Besprechung eilen alle Beteiligten in die Kantine, da heute Currywurst Tag ist.',20,1,'2.8'),(28,'Ihr Kollege Mark Kistner aus der Produktionsabteilung kommt vorbei, um Sie zur Kaffeepause abzuholen. Sie wollen noch schnell eine E-Mail beantworten und bitten ihn, kurz zu warten. Während des Wartens erblickt Mark Kistner einen Ordner auf Ihrem Schreibtisch und fragt: „Kann ich da solange mal reinschauen?“',22,1,'2.5'),(32,'Sie beginnen Ihren Arbeitstag in der Arneo GmbH und loggen sich bei MS Teams ein, wie jeden Morgen. Sie stellen fest, dass Sie mehrere Nachrichten erhalten haben. Bitte schauen Sie sich die Anfragen genau an.',1,4,'3.11'),(34,'Im Zuge Ihrer monatlichen Routineaufgaben  möchten Sie sich per SSH / RDP in den Admin Account mehrerer Server einloggen. Nachdem Sie die Zugangsdaten eingegeben haben  erscheint eine Fehlernachricht mit der Meldung  dass die maximalen Versuche aufgebraucht wurden. Sie untersuchen die Logeinträge des Servers und sehen  dass die Anmeldeversuche außerhalb der Geschäftszeiten getätigt wurden. Daraufhin versuchen Sie sich in den Server der Abteilung Vertrieb & Marketing einzuloggen. Dieser zeigt die Nachricht  dass das Passwort falsch ist. Da Sie Ihre Passwörter aber mit einem Passwortmanager verwalten  sind Sie sicher  dass das Passwort korrekt ist.',25,6,'1.3'),(35,'Während Routineaufgaben fällt Ihnen in einer Log Datei auf,  dass außerhalb der Geschäftszeiten der Server der Buchhaltung viele Datenpakete an eine unbekannte IP-Adresse sendet. Durch Zufall finden Sie beim Inspizieren der laufenden Prozesse die dafür verantwortliche Datei. Die Untersuchung der Datei zeigt,  dass sie dafür ausgelegt ist  Daten auszuleiten. Ihre Recherche in einschlägigen Datenbanken für Schwachstellen ist erfolglos.',26,6,'1.4'),(39,'Sie betreten eines Morgens das Büro und schalten Ihren Rechner ein. Als Sie sich mit dem Server einer Datenbank verbinden, fällt Ihnen auf, dass die Daten, die über Nacht heruntergeladen wurden, nur teilweise und zum Teil korrupt auf dem Server abgelegt wurden.',30,6,'1.1'),(41,'Sie betreten morgens Ihr Büro und setzen sich an Ihren Laptop. Diesen haben Sie über Nacht laufen lassen, da Sie ein größeres Softwareprodukt herunterladen wollten. Als Sie den Laptop aufklappen und sich in Ihr Adminkonto einloggen möchten, sehen Sie folgende Nachricht:',32,6,'1.5'),(42,'Als Sie eine Webseite aufrufen, erhalten Sie den Hinweis, dass Ihr Browser veraltet ist. Der Hinweis enthält einen Link zur Downloadseite des Updates. Sie laden das Update herunter und installieren es. Als Sie in der Mittagspause Ihre Kolleg*innen fragen, ob diese schon das Update installiert haben, bekommen Sie die Antwort, dass sie keinen Hinweis erhalten haben.',33,6,'1.6'),(44,'Sie sind auf einer mehrtägigen Messe, um dort heute die neuen smarten Ventilatoren zu präsentieren und Kundenbeziehungen aufzubauen. Als Messebesucher erhielten Sie einen USB-Stick, auf dem das Messelogo bedruckt ist. Sie bemerken bei Betreten des Messegeländes, dass Sie den USB-Stick im Hotelzimmer vergessen haben, benötigen nun also dringend einen USB-Stick, um die Präsentationsfolien der Administration zu übergeben.',35,7,'4.8'),(45,'Sie sind etwas früher zu einem dienstlichen Termin angereist und suchen nun ein öffentliches WLAN-Netzwerk um noch dringende E-Mails zu beantworten.',36,7,'4.11'),(46,'Sie sind seit kurzem in einem Social Network aktiv und begeistert von den vielen Möglichkeiten. Besonders erfreut sind Sie darüber, mit bekannten und unbekannten Geschäftskontakten Verbindungen zu knüpfen und immer auf dem Laufenden zu bleiben. Während Ihrer Pause werfen Sie einen Blick in LinkedIn und bemerken folgende Nachrichten. Dabei fällt Ihnen wieder ein, dass in den Medien von ausgefeilten Social-Engineering-Angriffen auf KMU berichtet wurde.',37,7,'4.13'),(48,'Ihr Arbeitgeber stellt Ihnen USB Sticks für den täglichen Gebrauch zur Verfügung. Bei dem Verlust eines Gerätes können Sie einen baugleichen neuen anfordern. Sie benutzen den USB Stick in Ihrer täglichen Arbeit und als mobile Möglichkeit Sicherheitskopien anzulegen.',39,7,'4.2'),(52,'Sie sind Sachbearbeiter*in im Außendienst und befinden sich auf Dienstreise. Sie sind gerade am Flughafen um nach einem wichtigen Termin nach Hause zu fliegen. Sie erwarten aber noch einen wichtigen Anruf bezüglich des heutigen Meetings. Sie bemerken das der Akku Ihres Dienst Handys fast leer ist.',43,7,'4.12'),(56,'Morgens in der Rush Hour betreten Sie einen Bereich, der ausschließlich für autorisiertes Personal zugänglich ist und überwacht wird. Dabei fällt Ihnen etwas Außergewöhnliches auf.',47,1,'2.2'),(61,'Um den Budget-Plan zu erstellen, öffnen Sie die Buchhaltungssoftware und loggen sich wie üblich. Das Mitarbeiterkürzel SE, das abbildet, wer die  Buchungen vorgenommen hat, ist Ihnen bekannt.',49,4,'3.2'),(62,'Sie beginnen an diesem Morgen Ihren Arbeitstag in der Arneo GmbH und wollen sich an Ihrem Computer anmelden.',50,3,'5.2'),(63,'Sie befinden sich auf Dienstreise. Sie sind gerade am Flughafen, um nach einem wichtigen Termin nach Hause zu fliegen. Sie erwarten aber noch einen wichtigen Anruf bezüglich des heutigen Meetings. Sie bemerken, dass der Akku Ihres Diensthandys fast leer ist.',51,3,'5.6'),(65,'Sie öffnen am Dienstagmorgen Ihr E-Mail-Postfach und sehen folgende E-Mails:',34,3,'5.26'),(69,'Sie beginnen Ihren Arbeitstag in der Arneo GmbH und prüfen als erstes Ihr E-Mail-Postfach',3,3,'5.21'),(70,'Sie öffnen zu Arbeitsbeginn Ihre Cloud und stellen Folgendes fest:',56,3,'5.12'),(73,'Ein Schülerpraktikant kommt in Ihr Büro und zeigt Ihnen seinen Dienst-Laptop: \"Haben Sie mal kurz Zeit für mich? Ich soll die Bestellungen der letzten Monate zählen und daraus die Schwankungen ermitteln. Irgendwie bin ich jetzt aber nicht im Bestellsystem gelandet, wo muss ich denn hier klicken? Ich kenne mich noch nicht so gut aus, ich bin erst seit einer Woche da.\"',56,4,'3.14'),(74,'Im Rahmen des Projekts „Smarte Ventilatoren“ stehen Sie regelmäßig im Austausch mit Innendienstmitarbeiter Sven Müller, da er für die Verwaltung der Stammkunden zuständig ist. Sie prüfen unterwegs Ihr dienstliches Instant-Messenging Konto und stellen fest, dass Sie eine neue Nachricht erhalten haben.',38,7,'4.14');
/*!40000 ALTER TABLE `threats_threatsituation` ENABLE KEYS */;
UNLOCK TABLES;

--
-- Table structure for table `threats_threatvector`
--

DROP TABLE IF EXISTS `threats_threatvector`;
/*!40101 SET @saved_cs_client     = @@character_set_client */;
/*!50503 SET character_set_client = utf8mb4 */;
CREATE TABLE `threats_threatvector` (
  `id` bigint NOT NULL AUTO_INCREMENT,
  `threat_area_id` bigint NOT NULL,
  `threat_event_id` bigint NOT NULL,
  `threat_vector_description` longtext,
  PRIMARY KEY (`id`),
  KEY `threats_threatvector_threat_area_id_553ffccd_fk_threats_t` (`threat_area_id`),
  KEY `threats_threatvector_threat_event_id_41d67eef_fk_threats_t` (`threat_event_id`),
  CONSTRAINT `threats_threatvector_threat_area_id_553ffccd_fk_threats_t` FOREIGN KEY (`threat_area_id`) REFERENCES `threats_threatarea` (`id`),
  CONSTRAINT `threats_threatvector_threat_event_id_41d67eef_fk_threats_t` FOREIGN KEY (`threat_event_id`) REFERENCES `threats_threatevent` (`id`)
) ENGINE=InnoDB AUTO_INCREMENT=58 DEFAULT CHARSET=utf8mb4 COLLATE=utf8mb4_0900_ai_ci;
/*!40101 SET character_set_client = @saved_cs_client */;

--
-- Dumping data for table `threats_threatvector`
--

LOCK TABLES `threats_threatvector` WRITE;
/*!40000 ALTER TABLE `threats_threatvector` DISABLE KEYS */;
INSERT INTO `threats_threatvector` VALUES (1,1,1,'Der Angreifer benutzt Kollaborationssysteme (z. B. Asana, Teams) mit der Absicht, Personen innerhalb von Organisationen zu überreden oder auf andere Weise dazu zu bringen, kritische/sensible Informationen (z. B. personenbezogene Daten) preiszugeben.'),(2,2,1,'Der Angreifer benutzt Social-Media-Systeme (z.B. Facebook, Twitter) mit der Absicht, Personen innerhalb von Organisationen zu überreden oder auf andere Weise dazu zu bringen, kritische/sensible Informationen (z. B. personenbezogene Daten) preiszugeben.'),(3,3,2,'Der Angreifer fälscht E-Mails, um an vertrauliche Informationen wie Benutzernamen oder Kennwörter zu gelangen. Die Benutzer werden in der Regel auf scheinbar legitime Webseiten geleitet, während die eingegebenen Informationen in Wirklichkeit gestohlen werden. Der Angreifer setzt u. U. Phishing-Angriffe ein, die auf hochrangige Ziele abzielen (z. B. leitende Angestellte/Führungskräfte).'),(4,4,1,'Der Angreifer benutzt Instant Messenger (z.B. WhatsApp) mit der Absicht, Personen innerhalb von Organisationen zu überreden oder auf andere Weise dazu zu bringen, kritische/sensible Informationen (z. B. personenbezogene Daten) preiszugeben.'),(5,3,3,'Der Angreifer nutzt komplexere Übermittlungsmechanismen als E-Mail (z. B. Internetverkehr, Instant Messaging, FTP) zum Übermitteln von (modifizierter) Malware, um sich so Zugang zum internen Mailsystem des Unternehmens zu verschaffen.'),(6,5,3,'Der Angreifer platziert Wechseldatenträger (z. B. Flash-Laufwerke), auf denen Malware platziert wurde, an Orten inner- oder außerhalb der physischen Umgebung des Unternehmens, an denen die Mitarbeiter die Datenträger wahrscheinlich finden (z. B. in Konferenzen, an den Arbeitsplätzen der Mitarbeiter) und auf den Informationssystemen des Unternehmens verwenden.'),(7,6,4,'Sie sind etwas früher zu einem dienstlichen Termin angereist und suchen nun ein öffentliches WLAN-Netzwerk um noch dringende E-Mails zu beantworten.'),(8,2,5,'Der Angreifer erlangt Zugang zum Social-Media-Account des Opfers und nutzt ihn vor bösartige Zwecke.'),(10,5,7,'Der Angreifer verteilt USB-Sticks mit Malware an Orten, an denen sie das Opfer findet.'),(11,8,4,'Schwachstellen in internen Informationssystemen ermöglichen Angreifern Zugriff, zu dem System zu erlangen und Schaden anzurichten.'),(13,9,10,'Es werden Zero-Day Schwachstellen des Unternehmensserver von Angreifern ausgenutzt.'),(15,11,4,'Der Angreifer zielt auf wichtige Mitarbeiter des Unternehmens ab, indem er Malware auf deren persönliche Informationssysteme und Geräte (z. B. Laptops/Notebooks, persönliche digitale Assistenten, Smartphones) platziert.'),(18,14,13,'tbd'),(19,15,14,'tbd'),(20,16,15,'Diese Art von Bedrohung kann verschiedene Formen annehmen. Ein Mitarbeiter könnte versehentlich sensible Daten an falsche Empfänger senden, beispielsweise durch einen Fehler bei der Adressierung einer E-Mail oder durch die Auswahl eines falschen Empfängers in einer Datenbank. Eine andere Möglichkeit ist der mutwillige Diebstahl oder die Weitergabe vertraulicher Informationen durch einen Mitarbeiter, sei es aus finanziellen Motiven, Rache, Nachlässigkeit oder Unwissenheit über die Bedeutung der Daten.'),(21,8,16,'Der Bedrohungsvektor \"Ausnutzung von Schwachstellen in internen Informationssystemen\" bezieht sich auf Angriffe, die gezielt Schwächen in den internen IT-Systemen einer Organisation ausnutzen, insbesondere in solchen, die kritische Funktionen wie Buchhaltung ausführen. Angreifer könnten dabei Schwachstellen wie veraltete Software, unzureichend gesicherte Netzwerke oder menschliche Fehler ausnutzen.'),(22,16,34,'Der Bedrohungsvektor \"Weitergabe sensibler Informationen durch Mitarbeiter*innen\" umfasst das Risiko, dass interne Informationen durch das Handeln von Mitarbeitern unbeabsichtigt oder absichtlich außerhalb der Organisation geteilt werden. Dies kann durch direkte Weitergabe von Daten, unzureichend gesicherte Kommunikationskanäle oder durch den Verlust von Datenträgern und Endgeräten geschehen.'),(23,16,1,'tbd'),(24,8,35,'tbd'),(25,9,17,'Der Angreifer versucht, sich durch zufälliges oder systematisches Erraten von Passwörtern Zugang zu den Informationssystemen eines Unternehmens zu verschaffen, möglicherweise mit Hilfe von Programmen zum Knacken von Passwörtern.'),(26,9,10,'Hierbei nutzt der Angreifer bislang unbekannte Schwachstellen in Informationssystemen aus, um Zugriff zu erlangen, ohne dass es ein spezifisches Ziel oder eine bestimmte Absicht gibt.'),(27,3,36,'Der Angreifer nutzt komplexere Übermittlungsmechanismen als E-Mail (z. B. Internetverkehr, Instant Messaging, FTP), zum Übermitteln von (modifizierter) Malware, um sich so Zugang zu internen Informationssystemen des Unternehmens zu verschaffen.'),(28,3,37,'Der Angreifer installiert Malware, die speziell darauf ausgelegt ist, die Kontrolle über die internen Informationssysteme eines Unternehmens zu übernehmen, vertrauliche Informationen zu identifizieren und diese Informationen zu exfiltrieren.'),(29,18,10,'Hierbei nutzt der Angreifer bislang unbekannte Schwachstellen in Informationssystemen aus, um Zugriff zu erlangen, ohne dass es ein spezifisches Ziel oder eine bestimmte Absicht gibt.'),(30,9,38,'Beschädigung bzw. Überalterung einer Reihe von Laufwerken, die alle zur gleichen Zeit vom gleichen Anbieter erworben wurden.'),(31,9,25,'Ein Angreifer versucht, eine über das Internet zugängliche Ressource für die beabsichtigten Benutzer unzugänglich zu machen oder zu verhindern, dass die Ressource effizient oder überhaupt funktioniert, vorübergehend oder auf unbestimmte Zeit.'),(32,6,17,'Der Angreifer versucht, sich durch zufälliges oder systematisches Erraten von Passwörtern Zugang zu den Informationssystemen eines Unternehmens zu verschaffen, möglicherweise mit Hilfe von Programmen zum Knacken von Passwörtern.'),(33,19,36,'Der Angreifer nutzt komplexere Übermittlungsmechanismen als E-Mail (z. B. Internetverkehr, Instant Messaging, FTP), zum Übermitteln von (modifizierter) Malware, um sich so Zugang zu internen Informationssystemen des Unternehmens zu verschaffen.'),(34,3,3,'Der Angreifer nutzt gängige Übermittlungsmechanismen (z. B. E-Mail), um Malware in Informationssysteme von Unternehmen zu installieren/einzuschleusen.'),(35,5,7,'Der Angreifer verteilt Wechseldatenspeicher mit Malware, die das Opfer an eigenen Geräten nutzt.'),(36,6,4,'Der Angreifer installiert Malware auf Unternehmenslaptops, während sich diese Geräte außerhalb des Unternehmens befinden, um anschließend das Unternehmen zu infizieren, wenn es wieder an Unternehmensnetzwerke angeschlossen wird.'),(37,2,2,'Phishing ist der Versand gefälschter E-Mails, die Menschen dazu verleiten sollen, auf einen Betrug hereinzufallen. Phishing-Mails zielen häufig darauf ab, dass die Nutzer Finanzinformationen, Zugangsdaten oder andere sensible Daten preisgeben.'),(38,4,2,'Phishing ist der Versand gefälschter E-Mails, die Menschen dazu verleiten sollen, auf einen Betrug hereinzufallen. Phishing-Mails zielen häufig darauf ab, dass die Nutzer Finanzinformationen, Zugangsdaten oder andere sensible Daten preisgeben.'),(39,5,31,'Beschädigung des Speichers aufgrund eines Festplattenfehlers/Mehrere Festplattenfehler aufgrund der Alterung einer Reihe von Geräten, die alle zur gleichen Zeit vom gleichen Anbieter erworben wurden.'),(40,4,3,'Der Angreifer nutzt gängige Übermittlungsmechanismen (z. B. E-Mail), um Malware in Informationssysteme von Unternehmen zu installieren/einzuschleusen.'),(41,4,36,'Der Angreifer nutzt komplexere Übermittlungsmechanismen als E-Mail (z. B. Internetverkehr, Instant Messaging, FTP), zum Übermitteln von (modifizierter) Malware, um sich so Zugang zu internen Informationssystemen des Unternehmens zu verschaffen.'),(42,4,37,'Der Angreifer installiert Malware, die speziell darauf ausgelegt ist, die Kontrolle über die internen Informationssysteme eines Unternehmens zu übernehmen, vertrauliche Informationen zu identifizieren und diese Informationen zu exfiltrieren.'),(43,20,26,'Der Angreifer installiert Malware auf Unternehmenstelefone, während sich diese Geräte außerhalb des Unternehmens befinden, um anschließend das Unternehmen zu infizieren, wenn es wieder an Unternehmensnetzwerke angeschlossen wird.'),(44,4,1,'Beim Social Engineering nutzt der Täter den \"Faktor Mensch\" als vermeintlich schwächstes Glied der Sicherheitskette aus, um seine kriminelle Absicht zu verwirklichen.'),(45,3,1,'Beim Social Engineering nutzt der Täter den \"Faktor Mensch\" als vermeintlich schwächstes Glied der Sicherheitskette aus, um seine kriminelle Absicht zu verwirklichen.'),(46,2,1,'Beim Social Engineering nutzt der Täter den \"Faktor Mensch\" als vermeintlich schwächstes Glied der Sicherheitskette aus, um seine kriminelle Absicht zu verwirklichen.'),(47,16,39,'Schleusen Sie autorisierte Mitarbeiter ein, um Zugang zu den Einrichtungen der Organisation zu erhalten.'),(48,4,2,'Phishing ist der Versand gefälschter E-Mails, die Menschen dazu verleiten sollen, auf einen Betrug hereinzufallen. Phishing-Mails zielen häufig darauf ab, dass die Nutzer Finanzinformationen, Zugangsdaten oder andere sensible Daten preisgeben.'),(49,21,10,'Hierbei nutzt der Angreifer bislang unbekannte Schwachstellen in Informationssystemen aus, um Zugriff zu erlangen, ohne dass es ein spezifisches Ziel oder eine bestimmte Absicht gibt.'),(50,11,17,'Der Bedrohungsvektor \"Durchführung von Brute-Force-Anmeldeversuchen bzw. Passworterratraten\" bezieht sich auf Angriffe, die darauf abzielen, durch systematisches Ausprobieren aller möglichen Passwörter (Brute-Force) oder durch geschicktes Raten basierend auf gängigen Passwörtern oder leicht zugänglichen Informationen des Benutzers (Passworterraten) Zugang zu einem Computer zu erlangen.'),(51,20,4,'Der Bedrohungsvektor \"Kompromittierung von Informationssystemen, insbesondere von Telefonen\", bezieht sich auf Angriffe, die darauf abzielen, Zugang zu Mobiltelefonen zu erlangen, um sensible Informationen zu stehlen oder zu manipulieren.'),(53,22,29,'tbd'),(55,6,26,'Der Angreifer installiert Malware auf Laptops, während sich dieses Gerät außerhalb des Unternehmens befindet, um anschließend das Unternehmen zu infizieren, wenn es wieder angeschlossen ist.'),(56,16,41,'Ein autorisierter Benutzer oder Administrator weist einem Benutzer fälschlicherweise außergewöhnliche Berechtigungen zu.'),(57,14,32,'Der Angreifer erstellt Duplikate von einer Online-Banking-Seite. Wenn Benutzer die Seite besuchen, kann diese Informationen sammeln oder Malware herunterladen.');
/*!40000 ALTER TABLE `threats_threatvector` ENABLE KEYS */;
UNLOCK TABLES;

--
-- Table structure for table `token_blacklist_blacklistedtoken`
--

DROP TABLE IF EXISTS `token_blacklist_blacklistedtoken`;
/*!40101 SET @saved_cs_client     = @@character_set_client */;
/*!50503 SET character_set_client = utf8mb4 */;
CREATE TABLE `token_blacklist_blacklistedtoken` (
  `id` bigint NOT NULL AUTO_INCREMENT,
  `blacklisted_at` datetime(6) NOT NULL,
  `token_id` bigint NOT NULL,
  PRIMARY KEY (`id`),
  UNIQUE KEY `token_id` (`token_id`),
  CONSTRAINT `token_blacklist_blacklistedtoken_token_id_3cc7fe56_fk` FOREIGN KEY (`token_id`) REFERENCES `token_blacklist_outstandingtoken` (`id`)
) ENGINE=InnoDB AUTO_INCREMENT=420 DEFAULT CHARSET=utf8mb4 COLLATE=utf8mb4_0900_ai_ci;
/*!40101 SET character_set_client = @saved_cs_client */;

--
-- Dumping data for table `token_blacklist_blacklistedtoken`
--

LOCK TABLES `token_blacklist_blacklistedtoken` WRITE;
/*!40000 ALTER TABLE `token_blacklist_blacklistedtoken` DISABLE KEYS */;
INSERT INTO `token_blacklist_blacklistedtoken` VALUES (1,'2024-04-21 15:53:58.084768',1),(2,'2024-04-21 15:58:30.515672',2),(3,'2024-04-21 15:59:00.380686',4),(4,'2024-04-21 16:06:25.099210',5),(5,'2024-04-21 16:21:28.913684',6),(6,'2024-04-21 20:59:04.494022',7),(7,'2024-04-22 07:29:02.504768',8),(8,'2024-04-22 07:39:42.255074',9),(9,'2024-04-22 07:40:20.288186',10),(10,'2024-04-22 07:43:02.528685',11),(11,'2024-04-22 07:46:19.928324',12),(12,'2024-04-22 08:15:35.256216',13),(13,'2024-04-22 08:27:32.359398',14),(14,'2024-04-22 08:27:44.681673',15),(15,'2024-04-22 08:29:19.569104',16),(16,'2024-04-22 08:31:37.855707',17),(17,'2024-04-22 08:31:49.004070',18),(18,'2024-04-22 08:31:56.942533',19),(19,'2024-04-22 08:46:47.824033',20),(20,'2024-04-22 08:58:25.381732',21),(21,'2024-04-22 08:58:27.556370',22),(22,'2024-04-22 08:58:27.661059',23),(23,'2024-04-22 09:00:39.042684',24),(24,'2024-04-22 09:26:17.967762',25),(25,'2024-04-22 09:46:37.084189',26),(26,'2024-04-22 09:57:42.120696',27),(27,'2024-04-22 10:02:32.260269',28),(28,'2024-04-22 10:13:17.009520',29),(29,'2024-04-22 10:23:36.757485',30),(30,'2024-04-22 10:23:37.202710',31),(31,'2024-04-22 11:17:46.361508',32),(32,'2024-04-22 11:29:43.291694',33),(33,'2024-04-22 11:29:43.486601',34),(34,'2024-04-22 11:43:42.960072',35),(35,'2024-04-22 11:44:55.998399',36),(36,'2024-04-22 11:44:56.333449',37),(37,'2024-04-22 11:46:37.001141',38),(38,'2024-04-22 11:46:39.043972',39),(39,'2024-04-22 11:48:22.370830',40),(40,'2024-04-22 11:51:14.876218',41),(41,'2024-04-22 12:02:28.161211',42),(42,'2024-04-22 12:33:29.511170',43),(43,'2024-04-22 12:34:12.108441',44),(44,'2024-04-22 12:35:25.698910',45),(45,'2024-04-22 12:36:36.799252',46),(46,'2024-04-22 12:39:52.172104',47),(47,'2024-04-22 12:40:11.249728',48),(48,'2024-04-22 12:40:31.477585',49),(49,'2024-04-22 12:40:37.803058',50),(50,'2024-04-22 12:40:59.830398',51),(51,'2024-04-22 13:15:05.816829',52),(52,'2024-04-22 13:39:50.010585',53),(53,'2024-04-22 13:55:44.204135',54),(54,'2024-04-22 14:07:16.011750',55),(55,'2024-04-22 14:07:44.339171',56),(56,'2024-04-22 14:07:45.697567',57),(57,'2024-04-22 14:14:23.851309',58),(58,'2024-04-22 14:14:28.411361',59),(59,'2024-04-22 14:15:02.786318',60),(60,'2024-04-22 14:15:04.285560',61),(61,'2024-04-22 14:33:07.201461',63),(62,'2024-04-22 14:33:14.915257',64),(63,'2024-04-22 14:34:12.280287',65),(64,'2024-04-22 14:34:23.455425',66),(65,'2024-04-22 14:36:11.486835',67),(66,'2024-04-22 14:37:20.002594',68),(67,'2024-04-22 14:37:21.541977',69),(68,'2024-04-22 14:44:04.214344',70),(69,'2024-04-22 14:50:37.172116',71),(70,'2024-04-22 14:51:15.042452',62),(71,'2024-04-22 14:53:10.238233',72),(72,'2024-04-22 14:53:13.150447',73),(73,'2024-04-22 14:53:22.169513',74),(74,'2024-04-22 14:55:40.317361',75),(75,'2024-04-22 14:55:45.046831',76),(76,'2024-04-22 14:55:46.938945',77),(77,'2024-04-22 14:55:49.137564',78),(78,'2024-04-22 14:55:50.933520',79),(79,'2024-04-22 14:55:53.272651',80),(80,'2024-04-22 15:00:37.900904',81),(81,'2024-04-22 15:00:50.679330',82),(82,'2024-04-22 15:05:16.352518',83),(83,'2024-04-22 15:46:11.532294',84),(84,'2024-04-22 16:26:44.827927',85),(85,'2024-04-22 17:58:26.889014',86),(86,'2024-04-22 18:27:40.502990',87),(87,'2024-04-22 18:31:12.282581',88),(88,'2024-04-22 18:31:39.251822',89),(89,'2024-04-22 18:47:49.018960',90),(90,'2024-04-22 19:18:49.849588',91),(91,'2024-04-22 19:23:31.680406',92),(92,'2024-04-22 19:23:54.085641',93),(93,'2024-04-22 19:24:17.846242',94),(94,'2024-04-22 19:24:32.639805',95),(95,'2024-04-22 19:31:15.928842',96),(96,'2024-04-22 19:31:19.508274',97),(97,'2024-04-22 19:31:20.904564',98),(98,'2024-04-22 19:47:39.569756',99),(99,'2024-04-22 20:47:53.387593',100),(100,'2024-04-22 20:49:29.105949',101),(101,'2024-04-22 20:52:23.919061',102),(102,'2024-04-22 20:52:48.259192',103),(103,'2024-04-22 20:53:41.539627',104),(104,'2024-04-22 20:53:47.292923',105),(105,'2024-04-22 20:53:52.272045',106),(106,'2024-04-22 20:55:32.238719',107),(107,'2024-04-22 20:55:35.512314',108),(108,'2024-04-22 20:56:00.454451',109),(109,'2024-04-22 20:56:03.338295',110),(110,'2024-04-22 20:56:03.979560',111),(111,'2024-04-22 20:57:08.195277',112),(112,'2024-04-22 20:57:10.860507',113),(113,'2024-04-22 20:57:45.765877',114),(114,'2024-04-22 20:59:09.672934',115),(115,'2024-04-22 20:59:12.689352',116),(116,'2024-04-22 21:01:52.688916',117),(117,'2024-04-23 06:43:00.905645',118),(118,'2024-04-23 06:43:33.145355',119),(119,'2024-04-23 06:43:34.496459',120),(120,'2024-04-23 06:44:05.588527',121),(121,'2024-04-23 06:49:03.039171',122),(122,'2024-04-23 06:50:08.245833',123),(123,'2024-04-23 06:56:33.779392',124),(124,'2024-04-23 07:14:18.617426',125),(125,'2024-04-23 07:14:22.104245',126),(126,'2024-04-23 07:14:23.669560',127),(127,'2024-04-23 07:14:46.713153',128),(128,'2024-04-23 07:27:28.914856',129),(129,'2024-04-23 08:12:33.814824',130),(130,'2024-04-23 08:19:09.177577',131),(131,'2024-04-23 08:21:02.262688',132),(132,'2024-04-23 08:21:03.963181',133),(133,'2024-04-23 08:30:37.209272',134),(134,'2024-04-23 08:32:12.526247',135),(135,'2024-04-23 08:35:24.961012',136),(136,'2024-04-23 08:36:16.457456',137),(137,'2024-04-23 08:37:07.190813',138),(138,'2024-04-23 08:37:30.175464',139),(139,'2024-04-23 08:37:52.762471',140),(140,'2024-04-23 08:38:22.733441',141),(141,'2024-04-23 08:39:02.408959',142),(142,'2024-04-23 08:39:25.448111',143),(143,'2024-04-23 08:39:29.417168',144),(144,'2024-04-23 08:39:30.564067',145),(145,'2024-04-23 08:39:31.986656',146),(146,'2024-04-23 08:41:25.022950',147),(147,'2024-04-23 08:41:52.866888',148),(148,'2024-04-23 08:42:32.774911',149),(149,'2024-04-23 08:45:02.642976',150),(150,'2024-04-23 08:45:16.122628',151),(151,'2024-04-23 08:45:19.434444',152),(152,'2024-04-23 08:45:36.949072',153),(153,'2024-04-23 08:46:08.044303',154),(154,'2024-04-23 08:46:09.487253',155),(155,'2024-04-23 08:50:37.537250',156),(156,'2024-04-23 08:50:41.932246',157),(157,'2024-04-23 09:04:52.002831',158),(158,'2024-04-23 09:04:53.200651',159),(159,'2024-04-23 09:27:09.285000',160),(160,'2024-04-23 09:32:35.918960',161),(161,'2024-04-23 09:32:36.321201',162),(162,'2024-04-23 09:32:46.517617',163),(163,'2024-04-23 09:32:55.874154',164),(164,'2024-04-23 09:32:57.495167',165),(165,'2024-04-23 09:44:06.531709',166),(166,'2024-04-23 09:44:08.066493',167),(167,'2024-04-23 09:44:09.182321',168),(168,'2024-04-23 09:45:24.920208',169),(169,'2024-04-23 09:45:26.159998',170),(170,'2024-04-23 09:45:27.192831',171),(171,'2024-04-23 09:47:30.921553',172),(172,'2024-04-23 09:47:36.137919',173),(173,'2024-04-23 09:54:20.471644',174),(174,'2024-04-23 09:54:34.707118',175),(175,'2024-04-23 09:54:38.520689',176),(176,'2024-04-23 10:06:36.349554',177),(177,'2024-04-23 10:07:39.459956',178),(178,'2024-04-23 10:08:43.499519',179),(179,'2024-04-23 10:18:13.080802',180),(180,'2024-04-23 10:22:54.023502',181),(181,'2024-04-23 10:55:46.211055',182),(182,'2024-04-23 12:25:06.834253',183),(183,'2024-04-23 12:25:23.296380',184),(184,'2024-04-23 12:29:59.398479',185),(185,'2024-04-23 12:31:42.648641',186),(186,'2024-04-23 12:31:43.591431',187),(187,'2024-04-23 12:31:44.190592',188),(188,'2024-04-23 14:03:59.243390',189),(189,'2024-04-23 14:33:14.899700',190),(190,'2024-04-23 14:34:37.687881',191),(191,'2024-04-23 14:34:48.319824',192),(192,'2024-04-23 15:50:28.686728',193),(193,'2024-04-23 16:44:11.315341',194),(194,'2024-04-23 17:30:48.826106',195),(195,'2024-04-23 17:32:46.002516',196),(196,'2024-04-23 20:42:29.686869',197),(197,'2024-04-23 20:42:37.361664',198),(198,'2024-04-23 20:42:44.798008',199),(199,'2024-04-23 22:24:22.526223',200),(200,'2024-04-24 06:56:55.381128',201),(201,'2024-04-24 06:59:02.244356',202),(202,'2024-04-24 06:59:05.263910',203),(203,'2024-04-24 08:44:44.086199',204),(204,'2024-04-24 09:03:21.119772',205),(205,'2024-04-24 09:13:23.439524',206),(206,'2024-04-24 11:38:00.699132',207),(207,'2024-04-24 13:54:50.706297',208),(208,'2024-04-24 14:12:25.994774',209),(209,'2024-04-24 14:58:43.227022',210),(210,'2024-04-24 15:34:36.175707',211),(211,'2024-04-24 15:53:29.734740',212),(212,'2024-04-25 07:19:46.323640',213),(213,'2024-04-25 07:32:08.817936',214),(214,'2024-04-25 07:36:16.319448',215),(215,'2024-04-25 08:11:23.422414',216),(216,'2024-04-25 08:19:41.618451',217),(217,'2024-04-25 08:33:46.231674',218),(218,'2024-04-25 08:36:09.985553',219),(219,'2024-04-25 08:38:39.326022',220),(220,'2024-04-25 08:47:10.485550',221),(221,'2024-04-25 12:15:47.798032',222),(222,'2024-04-25 12:26:16.403911',224),(223,'2024-04-25 12:28:57.820115',225),(224,'2024-04-25 12:34:13.549458',226),(225,'2024-04-25 14:02:58.931236',227),(226,'2024-04-25 15:44:59.135244',229),(227,'2024-04-25 20:05:06.746865',230),(228,'2024-04-25 20:05:07.619117',231),(229,'2024-04-25 21:14:55.495172',232),(230,'2024-04-26 04:29:30.508588',233),(231,'2024-04-26 04:52:50.200888',234),(232,'2024-04-26 05:19:09.920139',235),(233,'2024-04-26 08:09:17.097724',236),(234,'2024-04-26 08:40:49.884684',237),(235,'2024-04-26 08:41:57.429291',238),(236,'2024-04-26 08:43:04.581155',239),(237,'2024-04-26 08:43:57.696498',240),(238,'2024-04-26 08:44:20.519125',241),(239,'2024-04-26 08:56:12.159012',242),(240,'2024-04-26 09:09:38.537202',243),(241,'2024-04-26 12:31:00.083087',244),(242,'2024-04-26 12:45:32.710905',245),(243,'2024-04-28 11:33:55.823882',246),(244,'2024-04-28 11:36:08.654935',247),(245,'2024-04-28 18:45:13.481177',248),(246,'2024-04-28 18:45:24.080898',249),(247,'2024-04-28 18:47:09.951192',250),(248,'2024-04-28 20:00:51.699882',251),(249,'2024-04-28 20:06:24.281817',253),(250,'2024-04-28 20:06:34.841429',255),(251,'2024-04-28 20:07:19.764348',256),(252,'2024-04-28 20:09:04.962866',258),(253,'2024-04-28 20:12:08.156068',259),(254,'2024-04-28 20:12:16.426994',261),(255,'2024-04-28 20:15:51.525938',262),(256,'2024-04-29 01:47:43.645327',264),(257,'2024-04-29 06:59:27.658585',265),(258,'2024-04-29 06:59:46.081567',267),(259,'2024-04-29 14:39:16.343683',271),(260,'2024-04-29 14:39:53.007362',273),(261,'2024-04-29 14:42:07.082045',275),(262,'2024-04-29 14:46:55.688490',277),(263,'2024-04-29 14:48:56.236934',279),(264,'2024-04-29 14:49:09.008423',281),(265,'2024-04-29 14:49:22.719811',283),(266,'2024-04-29 14:49:57.908340',285),(267,'2024-04-29 14:50:27.005358',287),(268,'2024-04-29 14:51:21.476143',288),(269,'2024-04-29 14:51:33.486031',290),(270,'2024-04-29 14:51:42.318991',291),(271,'2024-04-29 14:56:11.956513',270),(272,'2024-04-29 14:56:47.468433',293),(273,'2024-04-29 15:01:32.719021',296),(274,'2024-04-29 15:01:46.848131',294),(275,'2024-04-29 15:03:15.272386',298),(276,'2024-04-29 18:01:31.554963',300),(277,'2024-04-29 18:34:59.942209',301),(278,'2024-04-29 18:37:10.056810',302),(279,'2024-04-29 18:37:32.224840',303),(280,'2024-04-29 18:44:03.893177',304),(281,'2024-04-29 18:54:22.690396',305),(282,'2024-04-29 18:54:53.669165',306),(283,'2024-04-29 18:57:18.746448',307),(284,'2024-04-29 18:58:22.912022',308),(285,'2024-04-29 19:16:02.699591',309),(286,'2024-04-29 19:19:14.460111',310),(287,'2024-04-29 19:26:46.351885',311),(288,'2024-04-29 19:36:58.131718',312),(289,'2024-04-29 19:37:17.912855',313),(290,'2024-04-29 19:37:34.219600',314),(291,'2024-04-29 19:46:55.924970',315),(292,'2024-04-29 19:48:57.173225',316),(293,'2024-04-29 19:49:07.225877',317),(294,'2024-04-29 19:49:29.789688',318),(295,'2024-04-29 19:49:30.546477',319),(296,'2024-04-29 19:49:34.554544',320),(297,'2024-04-29 19:50:45.621256',321),(298,'2024-04-29 19:54:05.636297',322),(299,'2024-04-29 19:54:13.558809',323),(300,'2024-04-29 19:57:42.344242',324),(301,'2024-04-29 19:58:13.908949',325),(302,'2024-04-29 20:00:41.614733',326),(303,'2024-04-29 20:01:18.340450',327),(304,'2024-04-29 20:01:50.072485',328),(305,'2024-04-29 20:03:01.810489',329),(306,'2024-04-29 20:20:07.303198',330),(307,'2024-04-29 20:26:56.598667',331),(308,'2024-04-29 20:33:40.720580',332),(309,'2024-04-29 20:46:43.814186',333),(310,'2024-04-29 20:52:31.726134',334),(311,'2024-04-29 20:54:01.726028',336),(312,'2024-04-29 20:57:49.931201',338),(313,'2024-04-29 20:58:21.020833',340),(314,'2024-04-29 21:00:06.406758',342),(315,'2024-04-29 21:00:09.356802',343),(316,'2024-04-29 21:00:42.161842',345),(317,'2024-04-29 21:13:08.353432',337),(318,'2024-04-29 21:15:24.978930',344),(319,'2024-04-29 22:08:00.502849',347),(320,'2024-04-30 03:54:34.333431',349),(321,'2024-04-30 06:48:45.982072',350),(322,'2024-04-30 06:54:06.248550',352),(323,'2024-04-30 06:55:28.246890',351),(324,'2024-04-30 06:55:29.669556',353),(325,'2024-04-30 06:57:17.471954',354),(326,'2024-04-30 06:58:31.480951',355),(327,'2024-04-30 07:02:10.662829',356),(328,'2024-04-30 07:08:09.547546',357),(329,'2024-04-30 07:08:34.122329',358),(330,'2024-04-30 07:17:35.660951',359),(331,'2024-04-30 07:23:44.241636',360),(332,'2024-04-30 07:25:28.534768',361),(333,'2024-04-30 07:29:17.631849',362),(334,'2024-04-30 07:33:22.697547',363),(335,'2024-04-30 07:36:24.571607',364),(336,'2024-04-30 07:40:54.259491',365),(337,'2024-04-30 07:47:13.635122',366),(338,'2024-04-30 07:47:32.359697',367),(339,'2024-04-30 07:47:41.544507',368),(340,'2024-04-30 07:51:02.316865',369),(341,'2024-04-30 07:51:12.422273',370),(342,'2024-04-30 07:51:25.037195',371),(343,'2024-04-30 07:54:02.656090',372),(344,'2024-04-30 07:54:25.110146',373),(345,'2024-04-30 07:54:25.964827',374),(346,'2024-04-30 08:08:51.639013',375),(347,'2024-04-30 08:09:05.373469',376),(348,'2024-04-30 08:13:23.924004',377),(349,'2024-04-30 08:17:55.359490',378),(350,'2024-04-30 08:18:18.792502',379),(351,'2024-04-30 08:18:47.768663',380),(352,'2024-04-30 08:19:16.582397',381),(353,'2024-04-30 08:19:40.480471',382),(354,'2024-04-30 08:19:48.483993',383),(355,'2024-04-30 08:22:06.706252',384),(356,'2024-04-30 08:28:35.103634',385),(357,'2024-04-30 08:33:47.054256',386),(358,'2024-04-30 08:39:41.977965',387),(359,'2024-04-30 08:40:02.358649',388),(360,'2024-04-30 08:41:03.114278',389),(361,'2024-04-30 08:41:04.084525',390),(362,'2024-04-30 08:41:04.936380',391),(363,'2024-04-30 08:41:41.066348',392),(364,'2024-04-30 08:41:55.081695',393),(365,'2024-04-30 08:42:42.671428',394),(366,'2024-04-30 08:47:52.090125',395),(367,'2024-04-30 08:53:42.456917',396),(368,'2024-04-30 09:02:33.222896',397),(369,'2024-04-30 10:31:17.875220',398),(370,'2024-04-30 11:03:21.300344',399),(371,'2024-04-30 13:47:33.933373',400),(372,'2024-04-30 13:47:41.968913',401),(373,'2024-04-30 13:47:49.822368',402),(374,'2024-04-30 13:50:16.741582',403),(375,'2024-04-30 13:50:45.840747',404),(376,'2024-04-30 13:53:26.519573',405),(377,'2024-04-30 17:24:41.872558',406),(378,'2024-04-30 17:24:43.198020',407),(379,'2024-04-30 17:24:52.357056',408),(380,'2024-04-30 17:29:28.522827',409),(381,'2024-04-30 17:52:10.895279',410),(382,'2024-04-30 19:16:34.494242',411),(383,'2024-04-30 19:19:18.074052',412),(384,'2024-04-30 19:19:18.197130',413),(385,'2024-04-30 19:19:19.316979',414),(386,'2024-04-30 19:21:07.297226',415),(387,'2024-04-30 19:21:08.717338',416),(388,'2024-04-30 19:21:09.468133',417),(389,'2024-04-30 19:21:10.306569',418),(390,'2024-04-30 19:21:11.020737',419),(391,'2024-04-30 19:21:14.981514',420),(392,'2024-04-30 19:21:21.640385',421),(393,'2024-05-01 10:56:36.221261',422),(394,'2024-05-01 10:57:35.960347',423),(395,'2024-05-01 11:24:18.260697',424),(396,'2024-05-01 11:49:17.993539',425),(397,'2024-05-01 11:56:20.056921',426),(398,'2024-05-01 11:56:20.290826',427),(399,'2024-05-01 17:24:45.731560',428),(400,'2024-05-06 08:43:40.519788',429),(401,'2024-05-06 08:47:51.109466',430),(402,'2024-05-06 08:47:57.192711',431),(403,'2024-05-06 10:49:59.128929',432),(404,'2024-05-06 10:50:54.552000',434),(405,'2024-05-06 10:54:08.308762',435),(406,'2024-05-10 08:02:52.306919',442),(407,'2024-05-10 08:05:21.891250',444),(408,'2024-05-10 08:46:43.791165',446),(409,'2024-05-10 09:35:53.535338',443),(410,'2024-05-10 13:20:37.892911',449),(411,'2024-05-10 14:21:32.452706',450),(412,'2024-05-10 15:30:20.178765',451),(413,'2024-05-10 15:38:05.992953',452),(414,'2024-05-11 12:24:27.039082',454),(415,'2024-05-12 14:23:57.382413',456),(416,'2024-05-13 18:53:03.111946',458),(417,'2024-05-14 16:30:49.079907',459),(418,'2024-05-14 16:53:16.721793',460),(419,'2024-05-14 17:01:08.387822',461);
/*!40000 ALTER TABLE `token_blacklist_blacklistedtoken` ENABLE KEYS */;
UNLOCK TABLES;

--
-- Table structure for table `token_blacklist_outstandingtoken`
--

DROP TABLE IF EXISTS `token_blacklist_outstandingtoken`;
/*!40101 SET @saved_cs_client     = @@character_set_client */;
/*!50503 SET character_set_client = utf8mb4 */;
CREATE TABLE `token_blacklist_outstandingtoken` (
  `id` bigint NOT NULL AUTO_INCREMENT,
  `token` longtext NOT NULL,
  `created_at` datetime(6) DEFAULT NULL,
  `expires_at` datetime(6) NOT NULL,
  `user_id` int DEFAULT NULL,
  `jti` varchar(255) NOT NULL,
  PRIMARY KEY (`id`),
  UNIQUE KEY `token_blacklist_outstandingtoken_jti_hex_d9bdf6f7_uniq` (`jti`),
  KEY `token_blacklist_outs_user_id_83bc629a_fk_auth_user` (`user_id`),
  CONSTRAINT `token_blacklist_outs_user_id_83bc629a_fk_auth_user` FOREIGN KEY (`user_id`) REFERENCES `auth_user` (`id`)
) ENGINE=InnoDB AUTO_INCREMENT=465 DEFAULT CHARSET=utf8mb4 COLLATE=utf8mb4_0900_ai_ci;
/*!40101 SET character_set_client = @saved_cs_client */;

--
-- Dumping data for table `token_blacklist_outstandingtoken`
--

LOCK TABLES `token_blacklist_outstandingtoken` WRITE;
/*!40000 ALTER TABLE `token_blacklist_outstandingtoken` DISABLE KEYS */;
INSERT INTO `token_blacklist_outstandingtoken` VALUES (1,'eyJhbGciOiJIUzI1NiIsInR5cCI6IkpXVCJ9.eyJ0b2tlbl90eXBlIjoicmVmcmVzaCIsImV4cCI6MTcxMzczMjgzNywiaWF0IjoxNzEzNzE0ODM3LCJqdGkiOiJmMTU4YmQxNDNjMTQ0YjBkYTIzZGE4MmFhYzFhYmI1YSJ9.vryeWmwFmrBbb3lg6w-TwRI4ATx5peSNka7vAv7j-o8',NULL,'2024-04-21 20:53:57.000000',NULL,'f158bd143c144b0da23da82aac1abb5a'),(2,'eyJhbGciOiJIUzI1NiIsInR5cCI6IkpXVCJ9.eyJ0b2tlbl90eXBlIjoicmVmcmVzaCIsImV4cCI6MTcxMzczMjg0MiwiaWF0IjoxNzEzNzE0ODQyLCJqdGkiOiJjOGFkM2JhYzU5NmM0ZDk5YmIxNTU1NDhmMjhhYmQxMiIsInVzZXJfaWQiOjR9.-XeMz2LpNYuODfNTdXQrpzeBzhBAOLoR9FlXpJ9WhOo','2024-04-21 15:54:02.102384','2024-04-21 20:54:02.000000',NULL,'c8ad3bac596c4d99bb155548f28abd12'),(3,'eyJhbGciOiJIUzI1NiIsInR5cCI6IkpXVCJ9.eyJ0b2tlbl90eXBlIjoicmVmcmVzaCIsImV4cCI6MTcxMzczMzExMywiaWF0IjoxNzEzNzE1MTEzLCJqdGkiOiJlOGFmODhjMDU1MTk0ZjVlOTc0Y2YwNjg1MTBiMGQ2NCIsInVzZXJfaWQiOjR9.KlNYONs5erWvyJUVgcG3LI58zXEQe8LE-fbd1LtlmMs','2024-04-21 15:58:33.797365','2024-04-21 20:58:33.000000',NULL,'e8af88c055194f5e974cf068510b0d64'),(4,'eyJhbGciOiJIUzI1NiIsInR5cCI6IkpXVCJ9.eyJ0b2tlbl90eXBlIjoicmVmcmVzaCIsImV4cCI6MTcxMzczMzE0MCwiaWF0IjoxNzEzNzE1MTQwLCJqdGkiOiIzNGEwNWQ4MWI5MTQ0MjU3OGRkZjc2MzdkZjk3YmZjZSJ9.-7onYMwbw7aguuSnrTvfIf3ZNPiHvvbXRFWPosinZT8',NULL,'2024-04-21 20:59:00.000000',NULL,'34a05d81b91442578ddf7637df97bfce'),(5,'eyJhbGciOiJIUzI1NiIsInR5cCI6IkpXVCJ9.eyJ0b2tlbl90eXBlIjoicmVmcmVzaCIsImV4cCI6MTcxMzczMzU4NSwiaWF0IjoxNzEzNzE1NTg1LCJqdGkiOiIwZWU5NzBiMmQ0NDE0OWVjYWQ5NWM5YjU5NWQ0MWY0NiJ9.Oaa4MioONkPdL-Boads2YetyQHSfIbFzn5fo5PdoXi4',NULL,'2024-04-21 21:06:25.000000',NULL,'0ee970b2d44149ecad95c9b595d41f46'),(6,'eyJhbGciOiJIUzI1NiIsInR5cCI6IkpXVCJ9.eyJ0b2tlbl90eXBlIjoicmVmcmVzaCIsImV4cCI6MTcxMzczNDQ4OCwiaWF0IjoxNzEzNzE2NDg4LCJqdGkiOiI5ZjljMWZkZmIxNzk0MWE5YjZiMDFkNGRlMDIyNGM0NSJ9.R-35gESBU0yQLBJ9dMdM15bpXmMgXhN5YM18-2zcZIw',NULL,'2024-04-21 21:21:28.000000',NULL,'9f9c1fdfb17941a9b6b01d4de0224c45'),(7,'eyJhbGciOiJIUzI1NiIsInR5cCI6IkpXVCJ9.eyJ0b2tlbl90eXBlIjoicmVmcmVzaCIsImV4cCI6MTcxMzc1MTE0NCwiaWF0IjoxNzEzNzMzMTQ0LCJqdGkiOiIxODk0ODY5NTBkZmM0MzhhOTIwMDhiODAwMzViNjhlNiJ9.09vijsCsLWE4mBS1kHAzbhibdQjJvTJe0dgDP4hoHB0',NULL,'2024-04-22 01:59:04.000000',NULL,'189486950dfc438a92008b80035b68e6'),(8,'eyJhbGciOiJIUzI1NiIsInR5cCI6IkpXVCJ9.eyJ0b2tlbl90eXBlIjoicmVmcmVzaCIsImV4cCI6MTcxMzc4ODk0MiwiaWF0IjoxNzEzNzcwOTQyLCJqdGkiOiJiOGRmNmRhY2U5OWE0YjFiYmExZDdlYzk1YTI3MTgwYiJ9.3rxGpspJN1jEJgwj3y4_PKbyqUk6bxQQjwTHl_YXyaE',NULL,'2024-04-22 12:29:02.000000',NULL,'b8df6dace99a4b1bba1d7ec95a27180b'),(9,'eyJhbGciOiJIUzI1NiIsInR5cCI6IkpXVCJ9.eyJ0b2tlbl90eXBlIjoicmVmcmVzaCIsImV4cCI6MTcxMzc4OTU4MiwiaWF0IjoxNzEzNzcxNTgyLCJqdGkiOiJhOTM4NjRmNzE0NjI0N2JiOWJiOGYyODZhMGJhMWVhZCJ9.DbI-Rhjmle9juwCVWFKBRRGi1BiWUn-n_jnFCBruiWs',NULL,'2024-04-22 12:39:42.000000',NULL,'a93864f7146247bb9bb8f286a0ba1ead'),(10,'eyJhbGciOiJIUzI1NiIsInR5cCI6IkpXVCJ9.eyJ0b2tlbl90eXBlIjoicmVmcmVzaCIsImV4cCI6MTcxMzc4OTYyMCwiaWF0IjoxNzEzNzcxNjIwLCJqdGkiOiIzYmVhNWVhZDM4Mzk0ZTZjODZkODMzYmU1ZTZmOGU1NyJ9.7veaO0dAfihEGS3s6vw6ZhyYyrORr93WNLTYOQOA2Pk',NULL,'2024-04-22 12:40:20.000000',NULL,'3bea5ead38394e6c86d833be5e6f8e57'),(11,'eyJhbGciOiJIUzI1NiIsInR5cCI6IkpXVCJ9.eyJ0b2tlbl90eXBlIjoicmVmcmVzaCIsImV4cCI6MTcxMzc4OTc4MiwiaWF0IjoxNzEzNzcxNzgyLCJqdGkiOiI3ZmU5ODE4YjUxODI0ZDAxOGU4MzZjZTJjNjNhZTA3ZCJ9.nCSRrPipTFd30EuHbpbD3Tq_YN4XpLFPkhY-5rBUJRM',NULL,'2024-04-22 12:43:02.000000',NULL,'7fe9818b51824d018e836ce2c63ae07d'),(12,'eyJhbGciOiJIUzI1NiIsInR5cCI6IkpXVCJ9.eyJ0b2tlbl90eXBlIjoicmVmcmVzaCIsImV4cCI6MTcxMzc4OTk3OSwiaWF0IjoxNzEzNzcxOTc5LCJqdGkiOiI1ZDhkNTJlMzdlMjg0NmMxYTc5MjVmYzE1ODgwZmQ1NiJ9.fzH-4k1nuj8dRFaIoJ20YMXEpBIPueaHfBf764IONeg',NULL,'2024-04-22 12:46:19.000000',NULL,'5d8d52e37e2846c1a7925fc15880fd56'),(13,'eyJhbGciOiJIUzI1NiIsInR5cCI6IkpXVCJ9.eyJ0b2tlbl90eXBlIjoicmVmcmVzaCIsImV4cCI6MTcxMzc5MTczNSwiaWF0IjoxNzEzNzczNzM1LCJqdGkiOiJiMjkxNzllMWFjYmQ0NWE2ODY3MDEwZjU2ODYyOWQ5YiJ9.C23NSCrrkgqhh8urSpCdSv01jp6_5Z6ZEuKkpLWGJsE',NULL,'2024-04-22 13:15:35.000000',NULL,'b29179e1acbd45a6867010f568629d9b'),(14,'eyJhbGciOiJIUzI1NiIsInR5cCI6IkpXVCJ9.eyJ0b2tlbl90eXBlIjoicmVmcmVzaCIsImV4cCI6MTcxMzc5MjQ1MiwiaWF0IjoxNzEzNzc0NDUyLCJqdGkiOiIzNTdmMTM1OWJkMDM0ZmIzOTQzMTkxYmI2MzZjNzUxNCJ9.QzMZtJH0_pZuCD-IXiK9wRfOwwMIDtR55gjI_BnpJ6E',NULL,'2024-04-22 13:27:32.000000',NULL,'357f1359bd034fb3943191bb636c7514'),(15,'eyJhbGciOiJIUzI1NiIsInR5cCI6IkpXVCJ9.eyJ0b2tlbl90eXBlIjoicmVmcmVzaCIsImV4cCI6MTcxMzc5MjQ2NCwiaWF0IjoxNzEzNzc0NDY0LCJqdGkiOiI2NWJjNWVkYjI1Mjc0MmYyYjkzZjQ2YzU2NjZhMjAwYyJ9.elWBdParMgBpENzemDlkZYOTcGuykCDd2q_SB-h56X0',NULL,'2024-04-22 13:27:44.000000',NULL,'65bc5edb252742f2b93f46c5666a200c'),(16,'eyJhbGciOiJIUzI1NiIsInR5cCI6IkpXVCJ9.eyJ0b2tlbl90eXBlIjoicmVmcmVzaCIsImV4cCI6MTcxMzc5MjU1OSwiaWF0IjoxNzEzNzc0NTU5LCJqdGkiOiJiMjZmZmYyZGRlYmM0OTM0YWNlMDQ2NDYxMTFhNDNmNyJ9.mq3xRCQLcOEbbIjr22cgOgTEdD5sJ0Dn9jGYkcnrXMY',NULL,'2024-04-22 13:29:19.000000',NULL,'b26fff2ddebc4934ace04646111a43f7'),(17,'eyJhbGciOiJIUzI1NiIsInR5cCI6IkpXVCJ9.eyJ0b2tlbl90eXBlIjoicmVmcmVzaCIsImV4cCI6MTcxMzc5MjY5NywiaWF0IjoxNzEzNzc0Njk3LCJqdGkiOiI4ZTJlZTU4NGI0MGQ0YmQ1OWE2ODliYWExNWY1ZjA5OCJ9.wdSiLoqt1rFoC9d_dm8TKu_kXyUcrD8sazK7BDgaR80',NULL,'2024-04-22 13:31:37.000000',NULL,'8e2ee584b40d4bd59a689baa15f5f098'),(18,'eyJhbGciOiJIUzI1NiIsInR5cCI6IkpXVCJ9.eyJ0b2tlbl90eXBlIjoicmVmcmVzaCIsImV4cCI6MTcxMzc5MjcwOCwiaWF0IjoxNzEzNzc0NzA4LCJqdGkiOiI2MDEwNjAxNjZkNzY0NzhlOGQxNGRhNjE0ZTNiNTJkMSJ9.wMu-6sJgwnufRkJihXbCnccWWl_UrTsijE4JQma4GrQ',NULL,'2024-04-22 13:31:48.000000',NULL,'601060166d76478e8d14da614e3b52d1'),(19,'eyJhbGciOiJIUzI1NiIsInR5cCI6IkpXVCJ9.eyJ0b2tlbl90eXBlIjoicmVmcmVzaCIsImV4cCI6MTcxMzc5MjcxNiwiaWF0IjoxNzEzNzc0NzE2LCJqdGkiOiJkNGI2OTkwMTc1ZWI0ZmRhYTJhMzExN2MxYTA5YTQzOSJ9.zn3SPYiOETQOLXErL2JgoxvUGRTuFSvcLF4bgwmD_0M',NULL,'2024-04-22 13:31:56.000000',NULL,'d4b6990175eb4fdaa2a3117c1a09a439'),(20,'eyJhbGciOiJIUzI1NiIsInR5cCI6IkpXVCJ9.eyJ0b2tlbl90eXBlIjoicmVmcmVzaCIsImV4cCI6MTcxMzc5MzYwNywiaWF0IjoxNzEzNzc1NjA3LCJqdGkiOiI1NjRmZjdjMDZmMDE0ZTE2ODZmMWEwMGY4MjgxMzUwMyJ9.lKDBSZ6pFsUZGKXgj3XE1NFMZcgRK-7P5XeG2DSBZ-o',NULL,'2024-04-22 13:46:47.000000',NULL,'564ff7c06f014e1686f1a00f82813503'),(21,'eyJhbGciOiJIUzI1NiIsInR5cCI6IkpXVCJ9.eyJ0b2tlbl90eXBlIjoicmVmcmVzaCIsImV4cCI6MTcxMzc5NDMwNSwiaWF0IjoxNzEzNzc2MzA1LCJqdGkiOiIzNmQyNjIwNGQ5ZmU0MzI4YjkzNzk3NWI2Yjg4ODM5YyJ9.jsYbVeHJn4xVm05OeuaMcU9GufKZXlqnXjTfAI3ElQw',NULL,'2024-04-22 13:58:25.000000',NULL,'36d26204d9fe4328b937975b6b88839c'),(22,'eyJhbGciOiJIUzI1NiIsInR5cCI6IkpXVCJ9.eyJ0b2tlbl90eXBlIjoicmVmcmVzaCIsImV4cCI6MTcxMzc5NDMwNywiaWF0IjoxNzEzNzc2MzA3LCJqdGkiOiJjMDk3MDNlMmRmOWY0OWE0OWYzNWI3NjQ2MDdmNjViMyJ9.kD0m3OHxU2lUOLxtBYLgGyq1ktIX2N7dNyLrl8WL7y4',NULL,'2024-04-22 13:58:27.000000',NULL,'c09703e2df9f49a49f35b764607f65b3'),(23,'eyJhbGciOiJIUzI1NiIsInR5cCI6IkpXVCJ9.eyJ0b2tlbl90eXBlIjoicmVmcmVzaCIsImV4cCI6MTcxMzc5NDMwNywiaWF0IjoxNzEzNzc2MzA3LCJqdGkiOiJhYTNiMjEwZDU4YmI0YmE1ODI5YzYzZTNkYzg3ZTM3MiJ9.oxedXdqQ0VuwrZHWcH0KpAr_paJlGhErLkt4MACppqs',NULL,'2024-04-22 13:58:27.000000',NULL,'aa3b210d58bb4ba5829c63e3dc87e372'),(24,'eyJhbGciOiJIUzI1NiIsInR5cCI6IkpXVCJ9.eyJ0b2tlbl90eXBlIjoicmVmcmVzaCIsImV4cCI6MTcxMzc5NDQzOSwiaWF0IjoxNzEzNzc2NDM5LCJqdGkiOiJhY2ZiMWUyNmQ3ODc0MThiODQ4ZDVlMWJjOTgyOTlmZCJ9.PKGwlkQE3Q0rMB9tiwWun8x56Doi-G9rs1Vq576Fvt0',NULL,'2024-04-22 14:00:39.000000',NULL,'acfb1e26d787418b848d5e1bc98299fd'),(25,'eyJhbGciOiJIUzI1NiIsInR5cCI6IkpXVCJ9.eyJ0b2tlbl90eXBlIjoicmVmcmVzaCIsImV4cCI6MTcxMzc5NTk3NywiaWF0IjoxNzEzNzc3OTc3LCJqdGkiOiI1OTAxYWE3OGZiNTI0OTc3OTMxMWY2Y2YzODRkM2VmNCJ9.Wk8BdT55HM2H7jDT-k6OWdpduvaRudI6PyyK9JVacp4',NULL,'2024-04-22 14:26:17.000000',NULL,'5901aa78fb5249779311f6cf384d3ef4'),(26,'eyJhbGciOiJIUzI1NiIsInR5cCI6IkpXVCJ9.eyJ0b2tlbl90eXBlIjoicmVmcmVzaCIsImV4cCI6MTcxMzc5NzE5NywiaWF0IjoxNzEzNzc5MTk3LCJqdGkiOiI1MWMxNGU4MTgzYmI0MTBhOTRkNjUxNTQ1ZWU2NzljOCJ9.QEAR3o3BalRHhaR0yZrW3cTLqtvxwiVPu65rn7pkHOw',NULL,'2024-04-22 14:46:37.000000',NULL,'51c14e8183bb410a94d651545ee679c8'),(27,'eyJhbGciOiJIUzI1NiIsInR5cCI6IkpXVCJ9.eyJ0b2tlbl90eXBlIjoicmVmcmVzaCIsImV4cCI6MTcxMzc5Nzg2MiwiaWF0IjoxNzEzNzc5ODYyLCJqdGkiOiIwMjhhNjA5ZDhlNTI0MmQzYTQ0N2JlZWI2MzM0Mzg3NiJ9.cZKIFHrebh89wojFuxIklGowiA-Fk_zrjWjRRQfI8Pk',NULL,'2024-04-22 14:57:42.000000',NULL,'028a609d8e5242d3a447beeb63343876'),(28,'eyJhbGciOiJIUzI1NiIsInR5cCI6IkpXVCJ9.eyJ0b2tlbl90eXBlIjoicmVmcmVzaCIsImV4cCI6MTcxMzc5ODE1MiwiaWF0IjoxNzEzNzgwMTUyLCJqdGkiOiIwMGYzN2E2YjJlZjQ0ZmY0OWNkODY1ZThkZDI0OTdiMCJ9.4LD1HRGhGidCaYiOvKy7hkWF8Zv61tHt5-K0j0ZHirw',NULL,'2024-04-22 15:02:32.000000',NULL,'00f37a6b2ef44ff49cd865e8dd2497b0'),(29,'eyJhbGciOiJIUzI1NiIsInR5cCI6IkpXVCJ9.eyJ0b2tlbl90eXBlIjoicmVmcmVzaCIsImV4cCI6MTcxMzc5ODc5NiwiaWF0IjoxNzEzNzgwNzk2LCJqdGkiOiI1NjhjMDQ1MDhjNzI0N2U3OTE5ZmJkY2IxNjgzMWQ4ZSJ9.BlQ5ljDTMKY7eOj0LOMOKFFPjb9N63Wd9KJpm3u1I4s',NULL,'2024-04-22 15:13:16.000000',NULL,'568c04508c7247e7919fbdcb16831d8e'),(30,'eyJhbGciOiJIUzI1NiIsInR5cCI6IkpXVCJ9.eyJ0b2tlbl90eXBlIjoicmVmcmVzaCIsImV4cCI6MTcxMzc5OTQxNiwiaWF0IjoxNzEzNzgxNDE2LCJqdGkiOiIwM2U0OTM2ZDE1NTQ0YmQyYjY5MzIzNDVhZWQyYjliNSJ9.hX51JXldDtWaFAImHKytcrjcoHy9XabR998KemnjLWs',NULL,'2024-04-22 15:23:36.000000',NULL,'03e4936d15544bd2b6932345aed2b9b5'),(31,'eyJhbGciOiJIUzI1NiIsInR5cCI6IkpXVCJ9.eyJ0b2tlbl90eXBlIjoicmVmcmVzaCIsImV4cCI6MTcxMzc5OTQxNywiaWF0IjoxNzEzNzgxNDE3LCJqdGkiOiIyODBmZmQ0YzI1ZTM0NzE2ODEzMTdmNDhjNjMxOTI2ZSJ9.llMdXdnwPaHJWOLUuCADwcJdhNbLB6TNWgm0CT7VJ6Y',NULL,'2024-04-22 15:23:37.000000',NULL,'280ffd4c25e3471681317f48c631926e'),(32,'eyJhbGciOiJIUzI1NiIsInR5cCI6IkpXVCJ9.eyJ0b2tlbl90eXBlIjoicmVmcmVzaCIsImV4cCI6MTcxMzgwMjY2NiwiaWF0IjoxNzEzNzg0NjY2LCJqdGkiOiJlNzQyYWJlYjMzMjY0YjJmOWViMzE0NmQwNDk1OTIzMCJ9.XRD2YXr6LA1vIMS4zQq3_RJQcMn1Fnpy7cWfi5Z4Nyw',NULL,'2024-04-22 16:17:46.000000',NULL,'e742abeb33264b2f9eb3146d04959230'),(33,'eyJhbGciOiJIUzI1NiIsInR5cCI6IkpXVCJ9.eyJ0b2tlbl90eXBlIjoicmVmcmVzaCIsImV4cCI6MTcxMzgwMzM4MywiaWF0IjoxNzEzNzg1MzgzLCJqdGkiOiI2YmRiZjY4ODU2ZjY0NDMxODIwMTRkMTkyNmI4ZjUyYyJ9.Oe3kXUlKq49nkV9TRN88DQRSeXymgfyLgVNqtMNoUAI',NULL,'2024-04-22 16:29:43.000000',NULL,'6bdbf68856f6443182014d1926b8f52c'),(34,'eyJhbGciOiJIUzI1NiIsInR5cCI6IkpXVCJ9.eyJ0b2tlbl90eXBlIjoicmVmcmVzaCIsImV4cCI6MTcxMzgwMzM4MywiaWF0IjoxNzEzNzg1MzgzLCJqdGkiOiJiM2RjN2FmYzQ1MzE0ZGM1YWQ4NDcxZmRhOGYyY2QzYiJ9.4Pr2va6E0FS3Ovb8QFt0_Cq2TBFGTz0OupoRrAMfX-E',NULL,'2024-04-22 16:29:43.000000',NULL,'b3dc7afc45314dc5ad8471fda8f2cd3b'),(35,'eyJhbGciOiJIUzI1NiIsInR5cCI6IkpXVCJ9.eyJ0b2tlbl90eXBlIjoicmVmcmVzaCIsImV4cCI6MTcxMzgwNDIyMiwiaWF0IjoxNzEzNzg2MjIyLCJqdGkiOiIyY2FjZTkzNzA2ZTU0YTRjYTVkYTJmNGNiYjE3MWQ1YSJ9.-cg4Lu2DiwrUNv8tC7Kiu-tNGM7_QoOUocm4MSHl7OA',NULL,'2024-04-22 16:43:42.000000',NULL,'2cace93706e54a4ca5da2f4cbb171d5a'),(36,'eyJhbGciOiJIUzI1NiIsInR5cCI6IkpXVCJ9.eyJ0b2tlbl90eXBlIjoicmVmcmVzaCIsImV4cCI6MTcxMzgwNDI5NSwiaWF0IjoxNzEzNzg2Mjk1LCJqdGkiOiJmYjkwMjk5ODlkNWQ0YjU0ODAyODEzZjBlYjg3ZTVkNyJ9.Up8ZF0QdzZCysjbdIx-Ahs4yJqk_owRPlIBbbE1fdoY',NULL,'2024-04-22 16:44:55.000000',NULL,'fb9029989d5d4b54802813f0eb87e5d7'),(37,'eyJhbGciOiJIUzI1NiIsInR5cCI6IkpXVCJ9.eyJ0b2tlbl90eXBlIjoicmVmcmVzaCIsImV4cCI6MTcxMzgwNDI5NiwiaWF0IjoxNzEzNzg2Mjk2LCJqdGkiOiIyYWRhMWQ5NzYxMDQ0YzMyYjQ5MjY5M2FlYTE5OGMwYSJ9.AsabDENMeOGgm_8JTTgX77PiMoH2AVTZqsE2UIC4giw',NULL,'2024-04-22 16:44:56.000000',NULL,'2ada1d9761044c32b492693aea198c0a'),(38,'eyJhbGciOiJIUzI1NiIsInR5cCI6IkpXVCJ9.eyJ0b2tlbl90eXBlIjoicmVmcmVzaCIsImV4cCI6MTcxMzgwNDM5NiwiaWF0IjoxNzEzNzg2Mzk2LCJqdGkiOiIwYTljMDZkOGFlMWM0NGIwYjBlYmRiZTEwNDUxMGViNCJ9.36U5HS3othNmoX6xamEAVT_lKVEGklSHg4LCeLLBjXc',NULL,'2024-04-22 16:46:36.000000',NULL,'0a9c06d8ae1c44b0b0ebdbe104510eb4'),(39,'eyJhbGciOiJIUzI1NiIsInR5cCI6IkpXVCJ9.eyJ0b2tlbl90eXBlIjoicmVmcmVzaCIsImV4cCI6MTcxMzgwNDM5OSwiaWF0IjoxNzEzNzg2Mzk5LCJqdGkiOiJjYzlkODUwMDM0ZTg0NzFlOGI2YmYyNzVhMTcwYjNhYyJ9.Af0z4LTNCRGr8rH8xHdfokkdCC3_N9iD12pOFtNyv4M',NULL,'2024-04-22 16:46:39.000000',NULL,'cc9d850034e8471e8b6bf275a170b3ac'),(40,'eyJhbGciOiJIUzI1NiIsInR5cCI6IkpXVCJ9.eyJ0b2tlbl90eXBlIjoicmVmcmVzaCIsImV4cCI6MTcxMzgwNDUwMiwiaWF0IjoxNzEzNzg2NTAyLCJqdGkiOiJmY2Y5YzI3NDVjMmM0MTg1YjdhYjBhZjA2ZWVlZDYxNCJ9.zw5G8WJlMSjg_21oQjiqUdfms-atLgWkdKiSK1pRqz4',NULL,'2024-04-22 16:48:22.000000',NULL,'fcf9c2745c2c4185b7ab0af06eeed614'),(41,'eyJhbGciOiJIUzI1NiIsInR5cCI6IkpXVCJ9.eyJ0b2tlbl90eXBlIjoicmVmcmVzaCIsImV4cCI6MTcxMzgwNDY3NCwiaWF0IjoxNzEzNzg2Njc0LCJqdGkiOiIyMzJmYzRhZWRlYTk0NDMyYTFkMWU3NjMwZjU0MmQwZSJ9.qGEK5KnBc6zn1LKqBCObQudt3rt_BEsBzDXZLBQdqgE',NULL,'2024-04-22 16:51:14.000000',NULL,'232fc4aedea94432a1d1e7630f542d0e'),(42,'eyJhbGciOiJIUzI1NiIsInR5cCI6IkpXVCJ9.eyJ0b2tlbl90eXBlIjoicmVmcmVzaCIsImV4cCI6MTcxMzgwNTM0OCwiaWF0IjoxNzEzNzg3MzQ4LCJqdGkiOiJkMWM3MWQzZjkyNWU0NjQxODZjYzZlNmNlZGZlYjExMCJ9.Csjjq7iPV4msijKq0ZC1LLHcQsdqziwuC--xVd5BFLs',NULL,'2024-04-22 17:02:28.000000',NULL,'d1c71d3f925e464186cc6e6cedfeb110'),(43,'eyJhbGciOiJIUzI1NiIsInR5cCI6IkpXVCJ9.eyJ0b2tlbl90eXBlIjoicmVmcmVzaCIsImV4cCI6MTcxMzgwNzIwOSwiaWF0IjoxNzEzNzg5MjA5LCJqdGkiOiJmZmFmNmJjYTdmMDI0ZjQ0YjUwYzViYjEyNThkMzI3ZSJ9.gVUGRACV3hrfrPo6OuibPST_WejFVpzPJ_ImALqTYTI',NULL,'2024-04-22 17:33:29.000000',NULL,'ffaf6bca7f024f44b50c5bb1258d327e'),(44,'eyJhbGciOiJIUzI1NiIsInR5cCI6IkpXVCJ9.eyJ0b2tlbl90eXBlIjoicmVmcmVzaCIsImV4cCI6MTcxMzgwNzI1MiwiaWF0IjoxNzEzNzg5MjUyLCJqdGkiOiJiOGFmZjAyMWFjMjQ0NDQ2ODhhMzRkYTg4NDM2MGQ0ZiJ9.TjYP3Agd_bu-10PPnw-Iwn-3_MOoofjotBG3CB01Ptc',NULL,'2024-04-22 17:34:12.000000',NULL,'b8aff021ac24444688a34da884360d4f'),(45,'eyJhbGciOiJIUzI1NiIsInR5cCI6IkpXVCJ9.eyJ0b2tlbl90eXBlIjoicmVmcmVzaCIsImV4cCI6MTcxMzgwNzMyNSwiaWF0IjoxNzEzNzg5MzI1LCJqdGkiOiI1ZjQ2M2FkNDUzNTI0ZTdjOTk4NDAzYjQxZDNkYTE1MyJ9.v-judWgT2j4ljviYnsUeu1_nj3mMP8q3CKxW9zbx7Fg',NULL,'2024-04-22 17:35:25.000000',NULL,'5f463ad453524e7c998403b41d3da153'),(46,'eyJhbGciOiJIUzI1NiIsInR5cCI6IkpXVCJ9.eyJ0b2tlbl90eXBlIjoicmVmcmVzaCIsImV4cCI6MTcxMzgwNzM5NiwiaWF0IjoxNzEzNzg5Mzk2LCJqdGkiOiI2N2M0ZGQ4MjEzOGI0MDA0YTlmMmY2ZGNlMzBkNmNjNiJ9.fwbGgcYEW564_tAYdutIW7BXMfldbnW09jsFioHsWbU',NULL,'2024-04-22 17:36:36.000000',NULL,'67c4dd82138b4004a9f2f6dce30d6cc6'),(47,'eyJhbGciOiJIUzI1NiIsInR5cCI6IkpXVCJ9.eyJ0b2tlbl90eXBlIjoicmVmcmVzaCIsImV4cCI6MTcxMzgwNzU5MiwiaWF0IjoxNzEzNzg5NTkyLCJqdGkiOiJlZDkwNDM0ZTQyNjk0NTJlYTM2OTBkMjBiNzhkZmFjYyJ9.AmE0dPjlFdItRWJz4VhvFsLrm9TJDk-CQTM3ilz1uMI',NULL,'2024-04-22 17:39:52.000000',NULL,'ed90434e4269452ea3690d20b78dfacc'),(48,'eyJhbGciOiJIUzI1NiIsInR5cCI6IkpXVCJ9.eyJ0b2tlbl90eXBlIjoicmVmcmVzaCIsImV4cCI6MTcxMzgwNzYxMSwiaWF0IjoxNzEzNzg5NjExLCJqdGkiOiI3N2NiNDM0NTEyMDg0YjVlYmE4ZmFiYjRkZGNjYzAwNSJ9.A1Hwa9hvYe2sleznlX6He7qqKLElSE57ycm3Q-5A1VY',NULL,'2024-04-22 17:40:11.000000',NULL,'77cb434512084b5eba8fabb4ddccc005'),(49,'eyJhbGciOiJIUzI1NiIsInR5cCI6IkpXVCJ9.eyJ0b2tlbl90eXBlIjoicmVmcmVzaCIsImV4cCI6MTcxMzgwNzYzMSwiaWF0IjoxNzEzNzg5NjMxLCJqdGkiOiIxOGFkMTExYWI2NzM0ZmU3YTA4Y2EwYWU0YWUxNGFiMyJ9.EUMkX-1uoP9Q8mVIhzSixmrzSxZwon5JMn-9MR7mm40',NULL,'2024-04-22 17:40:31.000000',NULL,'18ad111ab6734fe7a08ca0ae4ae14ab3'),(50,'eyJhbGciOiJIUzI1NiIsInR5cCI6IkpXVCJ9.eyJ0b2tlbl90eXBlIjoicmVmcmVzaCIsImV4cCI6MTcxMzgwNzYzNywiaWF0IjoxNzEzNzg5NjM3LCJqdGkiOiJlZmNjNDg5ZmQ1Y2Y0NWNmOTk5YmRiMzZiY2E3OWY2MCJ9.4T92F0vbiG9Q2xwe9wEm7fSbLkm4tCOv2IpPbkuU1pM',NULL,'2024-04-22 17:40:37.000000',NULL,'efcc489fd5cf45cf999bdb36bca79f60'),(51,'eyJhbGciOiJIUzI1NiIsInR5cCI6IkpXVCJ9.eyJ0b2tlbl90eXBlIjoicmVmcmVzaCIsImV4cCI6MTcxMzgwNzY1OSwiaWF0IjoxNzEzNzg5NjU5LCJqdGkiOiJmNGQzNGE2MGVlNzM0ZmVhODk4NjlhODhhM2JhNTRjNiJ9.0LUgZ92NeC9ydR91oUTWb9oI7CopCslvTMUjIh5ANl4',NULL,'2024-04-22 17:40:59.000000',NULL,'f4d34a60ee734fea89869a88a3ba54c6'),(52,'eyJhbGciOiJIUzI1NiIsInR5cCI6IkpXVCJ9.eyJ0b2tlbl90eXBlIjoicmVmcmVzaCIsImV4cCI6MTcxMzgwOTcwNSwiaWF0IjoxNzEzNzkxNzA1LCJqdGkiOiJmNDc3NDQ4MDlmMzM0YzYzOTk5YzcwMGMzNzAxMWYwZCJ9.3ct0U675DE-FNejmqDCK4qEqKT5U6mIHMOx9hUtRKE8',NULL,'2024-04-22 18:15:05.000000',NULL,'f47744809f334c63999c700c37011f0d'),(53,'eyJhbGciOiJIUzI1NiIsInR5cCI6IkpXVCJ9.eyJ0b2tlbl90eXBlIjoicmVmcmVzaCIsImV4cCI6MTcxMzgxMTE4OSwiaWF0IjoxNzEzNzkzMTg5LCJqdGkiOiJkZTRlOTBkMWYxMmI0NDQ1YmE2MGNhYTM2YzU3MDc5NyJ9.mA_YVMnDlQgBJ1VBodozaZsS0wTUyL2j4SwppIbgYNs',NULL,'2024-04-22 18:39:49.000000',NULL,'de4e90d1f12b4445ba60caa36c570797'),(54,'eyJhbGciOiJIUzI1NiIsInR5cCI6IkpXVCJ9.eyJ0b2tlbl90eXBlIjoicmVmcmVzaCIsImV4cCI6MTcxMzgxMjE0NCwiaWF0IjoxNzEzNzk0MTQ0LCJqdGkiOiIxYWU4MzM0MjMxOGE0MzE5YjE0ODYxOWNlMWNmZWQ1NyJ9.Uwo9hMbugN5k_tSAXXfHuZSXyFCqKy1SZcYAsLwupgE',NULL,'2024-04-22 18:55:44.000000',NULL,'1ae83342318a4319b148619ce1cfed57'),(55,'eyJhbGciOiJIUzI1NiIsInR5cCI6IkpXVCJ9.eyJ0b2tlbl90eXBlIjoicmVmcmVzaCIsImV4cCI6MTcxMzgxMjgzNSwiaWF0IjoxNzEzNzk0ODM1LCJqdGkiOiI1MWQ4MjhkMDIxODg0MGY5YWE0MjNjMzNlNmU0NzZmNSJ9.X6dDU21dlh4jhmiiZ7wJqueY3vwXdQG0A6Ci7lHkSBs',NULL,'2024-04-22 19:07:15.000000',NULL,'51d828d0218840f9aa423c33e6e476f5'),(56,'eyJhbGciOiJIUzI1NiIsInR5cCI6IkpXVCJ9.eyJ0b2tlbl90eXBlIjoicmVmcmVzaCIsImV4cCI6MTcxMzgxMjg2NCwiaWF0IjoxNzEzNzk0ODY0LCJqdGkiOiJmYzhjOTc2MDNiOTg0ZDljODhhYThiOWRjNWMxMGEyYiJ9.QOBWwx-c4ndXV4HOYLzZ6lf9D0D8Kbo8MRYxfi96gNE',NULL,'2024-04-22 19:07:44.000000',NULL,'fc8c97603b984d9c88aa8b9dc5c10a2b'),(57,'eyJhbGciOiJIUzI1NiIsInR5cCI6IkpXVCJ9.eyJ0b2tlbl90eXBlIjoicmVmcmVzaCIsImV4cCI6MTcxMzgxMjg2NSwiaWF0IjoxNzEzNzk0ODY1LCJqdGkiOiI3ZDZiNmRlYzlhZTE0ZTU1ODRkOWNhM2VmMGE3YTAyMiJ9.AKHttXPzdMkKC5V0h2rsCy6kCPd2OyIaDMjr6C7OnGI',NULL,'2024-04-22 19:07:45.000000',NULL,'7d6b6dec9ae14e5584d9ca3ef0a7a022'),(58,'eyJhbGciOiJIUzI1NiIsInR5cCI6IkpXVCJ9.eyJ0b2tlbl90eXBlIjoicmVmcmVzaCIsImV4cCI6MTcxMzgxMzI2MywiaWF0IjoxNzEzNzk1MjYzLCJqdGkiOiIxNjFjNjg1OGM4NWI0YzhiYTZjZDFmNTM0MGJkMjcxNyJ9.LXVzXl3XnDHps65VmgVpqEEFGDlluGQ5FQK19RDgZt0',NULL,'2024-04-22 19:14:23.000000',NULL,'161c6858c85b4c8ba6cd1f5340bd2717'),(59,'eyJhbGciOiJIUzI1NiIsInR5cCI6IkpXVCJ9.eyJ0b2tlbl90eXBlIjoicmVmcmVzaCIsImV4cCI6MTcxMzgxMzI2OCwiaWF0IjoxNzEzNzk1MjY4LCJqdGkiOiIyMTUwMTdmZjMwZmU0MzUxOTVlNjI0YTI1MmIzZWNkZiJ9.Q_rLH2pN1ncwLfGNokZWYXBdJfKKlaiRYf2IMLp_oHM',NULL,'2024-04-22 19:14:28.000000',NULL,'215017ff30fe435195e624a252b3ecdf'),(60,'eyJhbGciOiJIUzI1NiIsInR5cCI6IkpXVCJ9.eyJ0b2tlbl90eXBlIjoicmVmcmVzaCIsImV4cCI6MTcxMzgxMzMwMiwiaWF0IjoxNzEzNzk1MzAyLCJqdGkiOiI5NTQxOTI3Y2RmNmE0MjA1YmJiZDVjNzNlNmQxYjk2ZSJ9.Dk19tTL_Xt0emFxwm8u1Y95aCzXxsy32cIdgbdMTyrI',NULL,'2024-04-22 19:15:02.000000',NULL,'9541927cdf6a4205bbbd5c73e6d1b96e'),(61,'eyJhbGciOiJIUzI1NiIsInR5cCI6IkpXVCJ9.eyJ0b2tlbl90eXBlIjoicmVmcmVzaCIsImV4cCI6MTcxMzgxMzMwNCwiaWF0IjoxNzEzNzk1MzA0LCJqdGkiOiI1YzEzMDczOWE5OTc0OWEyODA5YzdhZmE2NjUxYWQzYSJ9.XyzGgpaqys-KI9Tu_0FPDbsxXsanU73bxEoWpWpDB-M',NULL,'2024-04-22 19:15:04.000000',NULL,'5c130739a99749a2809c7afa6651ad3a'),(62,'eyJhbGciOiJIUzI1NiIsInR5cCI6IkpXVCJ9.eyJ0b2tlbl90eXBlIjoicmVmcmVzaCIsImV4cCI6MTcxMzgxMzMwOSwiaWF0IjoxNzEzNzk1MzA5LCJqdGkiOiJmMGE5MDg2OGZhMDM0MGY3YTJkNDhlODQyYzM0MjEzMiIsInVzZXJfaWQiOjR9.sxNFBBpK5mK1C3iHenuMZCl3ZjIZckpRn8LxsxeRsgs','2024-04-22 14:15:09.729756','2024-04-22 19:15:09.000000',NULL,'f0a90868fa0340f7a2d48e842c342132'),(63,'eyJhbGciOiJIUzI1NiIsInR5cCI6IkpXVCJ9.eyJ0b2tlbl90eXBlIjoicmVmcmVzaCIsImV4cCI6MTcxMzgxNDM4NywiaWF0IjoxNzEzNzk2Mzg3LCJqdGkiOiIzNDcxNjg3MmExNzY0YWEwYTJkZWZjMjk0ZTIyYTE5MyJ9.9NhGGx1olnh0KTaocZtHo2p1lL2hCAEyE2WChpM6E4U',NULL,'2024-04-22 19:33:07.000000',NULL,'34716872a1764aa0a2defc294e22a193'),(64,'eyJhbGciOiJIUzI1NiIsInR5cCI6IkpXVCJ9.eyJ0b2tlbl90eXBlIjoicmVmcmVzaCIsImV4cCI6MTcxMzgxNDM5NCwiaWF0IjoxNzEzNzk2Mzk0LCJqdGkiOiI5MjIyMzljMzAzMGU0Yjc4OWQxYjY3MmJlYmQ1NzJiOCJ9.4K_RFLkjryY7PK0jiKuv1_pL2XHbNqVKETtbBf91jrk',NULL,'2024-04-22 19:33:14.000000',NULL,'922239c3030e4b789d1b672bebd572b8'),(65,'eyJhbGciOiJIUzI1NiIsInR5cCI6IkpXVCJ9.eyJ0b2tlbl90eXBlIjoicmVmcmVzaCIsImV4cCI6MTcxMzgxNDQ1MiwiaWF0IjoxNzEzNzk2NDUyLCJqdGkiOiJmNTViNzE4MTkwZDk0MzA1YjBmNmIzMzdkMGU2NTcwNCJ9.hNww4BTfdCAyQeluow8TtjQLNxMTSzi7yyW2INMBzwg',NULL,'2024-04-22 19:34:12.000000',NULL,'f55b718190d94305b0f6b337d0e65704'),(66,'eyJhbGciOiJIUzI1NiIsInR5cCI6IkpXVCJ9.eyJ0b2tlbl90eXBlIjoicmVmcmVzaCIsImV4cCI6MTcxMzgxNDQ2MywiaWF0IjoxNzEzNzk2NDYzLCJqdGkiOiI3NDA4ODBkNzU5MTU0MzBmODBlMWM0NDEzZTg2MTg3MiJ9.Ptb1HaPC5vmtdaaEE6JZYPlrOetzIKqHm_nwyFmpjT8',NULL,'2024-04-22 19:34:23.000000',NULL,'740880d75915430f80e1c4413e861872'),(67,'eyJhbGciOiJIUzI1NiIsInR5cCI6IkpXVCJ9.eyJ0b2tlbl90eXBlIjoicmVmcmVzaCIsImV4cCI6MTcxMzgxNDU3MSwiaWF0IjoxNzEzNzk2NTcxLCJqdGkiOiI1ZjQ2MWFjMDVlNzY0Nzg3YTNhNTBkODcwM2FkZmQ2ZSJ9.58Fxi7-BuYYhI0qve5FWabKcA9cvpD3Lpi1-qoFYIXw',NULL,'2024-04-22 19:36:11.000000',NULL,'5f461ac05e764787a3a50d8703adfd6e'),(68,'eyJhbGciOiJIUzI1NiIsInR5cCI6IkpXVCJ9.eyJ0b2tlbl90eXBlIjoicmVmcmVzaCIsImV4cCI6MTcxMzgxNDYzOSwiaWF0IjoxNzEzNzk2NjM5LCJqdGkiOiJmZGRmYzE0YTI1OWY0YzljYmNjNDFmNDE2MWJiYmRkYSJ9.vvb43MOjb32HSgSCkrDkVO7_dNeNBgAqvhSJ6XkKq9k',NULL,'2024-04-22 19:37:19.000000',NULL,'fddfc14a259f4c9cbcc41f4161bbbdda'),(69,'eyJhbGciOiJIUzI1NiIsInR5cCI6IkpXVCJ9.eyJ0b2tlbl90eXBlIjoicmVmcmVzaCIsImV4cCI6MTcxMzgxNDY0MSwiaWF0IjoxNzEzNzk2NjQxLCJqdGkiOiI5MDg1N2JhNjM5MDM0MjEwODA0NTAwM2QwNTllYWNlYSJ9.JtBLSguVe__XDpJnsu3_yb7f6EdQy9552tkAjcyxGr4',NULL,'2024-04-22 19:37:21.000000',NULL,'90857ba6390342108045003d059eacea'),(70,'eyJhbGciOiJIUzI1NiIsInR5cCI6IkpXVCJ9.eyJ0b2tlbl90eXBlIjoicmVmcmVzaCIsImV4cCI6MTcxMzgxNTA0NCwiaWF0IjoxNzEzNzk3MDQ0LCJqdGkiOiIwYzJkZWIwMjU2MDk0YjhkYWVkYWYzMTFiMzE3NDA2OSJ9.q11DuKKL0MUO4YcAxyPS7tMBRPsGh5oYAe2SoN6VMl0',NULL,'2024-04-22 19:44:04.000000',NULL,'0c2deb0256094b8daedaf311b3174069'),(71,'eyJhbGciOiJIUzI1NiIsInR5cCI6IkpXVCJ9.eyJ0b2tlbl90eXBlIjoicmVmcmVzaCIsImV4cCI6MTcxMzgxNTQzNywiaWF0IjoxNzEzNzk3NDM3LCJqdGkiOiJkZGExN2M5OTEyMzE0MzU3YmUzZjk3ZTMyMTM3MWEwMSJ9.mb2xUsMW8as8brAxzpIpn1yLgkfyC-jD03njmTdPkOg',NULL,'2024-04-22 19:50:37.000000',NULL,'dda17c9912314357be3f97e321371a01'),(72,'eyJhbGciOiJIUzI1NiIsInR5cCI6IkpXVCJ9.eyJ0b2tlbl90eXBlIjoicmVmcmVzaCIsImV4cCI6MTcxMzgxNTU0OCwiaWF0IjoxNzEzNzk3NTQ4LCJqdGkiOiIwNjdjNTJmNDZjMjA0NzFlOGE3NTdkNzMxMTQ1NzRkZiIsInVzZXJfaWQiOjR9.85Yoo6jJnBbz6ipFNP5DzDCcrxcpVqMVerEleF5vk6A','2024-04-22 14:52:28.165370','2024-04-22 19:52:28.000000',NULL,'067c52f46c20471e8a757d73114574df'),(73,'eyJhbGciOiJIUzI1NiIsInR5cCI6IkpXVCJ9.eyJ0b2tlbl90eXBlIjoicmVmcmVzaCIsImV4cCI6MTcxMzgxNTU5MywiaWF0IjoxNzEzNzk3NTkzLCJqdGkiOiIwNDhiODZhZjk5M2E0ZDFkYmZjMTUwNWVjNWRjODQ2ZSJ9.TlzJTvONSsLkoRkuJIFsFjYzPHXFxeyvtjXeI_Kzgjg',NULL,'2024-04-22 19:53:13.000000',NULL,'048b86af993a4d1dbfc1505ec5dc846e'),(74,'eyJhbGciOiJIUzI1NiIsInR5cCI6IkpXVCJ9.eyJ0b2tlbl90eXBlIjoicmVmcmVzaCIsImV4cCI6MTcxMzgxNTYwMiwiaWF0IjoxNzEzNzk3NjAyLCJqdGkiOiJkOGJiYzc3ZDkxZmI0N2M4OTFlODhhMDZkNDljOTM5NyJ9.Bx-hia0yPlK6xxa3rdahJu6DHjE_rJueTyDWhjzfo2Y',NULL,'2024-04-22 19:53:22.000000',NULL,'d8bbc77d91fb47c891e88a06d49c9397'),(75,'eyJhbGciOiJIUzI1NiIsInR5cCI6IkpXVCJ9.eyJ0b2tlbl90eXBlIjoicmVmcmVzaCIsImV4cCI6MTcxMzgxNTc0MCwiaWF0IjoxNzEzNzk3NzQwLCJqdGkiOiJmNjVlNmI2MTU1MjA0YTFhYTRmOWQxY2MxMGI2M2M5YyJ9.PgUP08sMeyRDX8UxwUG_AAIG2YOllXxLAEFXmbaSmUA',NULL,'2024-04-22 19:55:40.000000',NULL,'f65e6b6155204a1aa4f9d1cc10b63c9c'),(76,'eyJhbGciOiJIUzI1NiIsInR5cCI6IkpXVCJ9.eyJ0b2tlbl90eXBlIjoicmVmcmVzaCIsImV4cCI6MTcxMzgxNTc0NSwiaWF0IjoxNzEzNzk3NzQ1LCJqdGkiOiIzNDAyODYzZTRmMTI0MDZiYmQ4N2FmYzc3NmQ4M2M5NiJ9.a7XZz0xgS-1U6_xGPs5jO53RdmAm98FKHDEm6Xo2d8Q',NULL,'2024-04-22 19:55:45.000000',NULL,'3402863e4f12406bbd87afc776d83c96'),(77,'eyJhbGciOiJIUzI1NiIsInR5cCI6IkpXVCJ9.eyJ0b2tlbl90eXBlIjoicmVmcmVzaCIsImV4cCI6MTcxMzgxNTc0NiwiaWF0IjoxNzEzNzk3NzQ2LCJqdGkiOiI4OGI2ZjkzNWRiNzg0MGNlYmFlM2FhMDc4NzBkNDc5MSJ9.CTfKmgQ6vfsKEd9N7wIrzqzOEk4axhbeMhToYvv4G1M',NULL,'2024-04-22 19:55:46.000000',NULL,'88b6f935db7840cebae3aa07870d4791'),(78,'eyJhbGciOiJIUzI1NiIsInR5cCI6IkpXVCJ9.eyJ0b2tlbl90eXBlIjoicmVmcmVzaCIsImV4cCI6MTcxMzgxNTc0OSwiaWF0IjoxNzEzNzk3NzQ5LCJqdGkiOiJlY2E5MDExMDkyZmE0MGY3YTAzMDg4YzJhMmEwYmI2MiJ9.Qz6rvPfiDppJrpoBMXzMW5COzMeeojP2aVRAK1icweg',NULL,'2024-04-22 19:55:49.000000',NULL,'eca9011092fa40f7a03088c2a2a0bb62'),(79,'eyJhbGciOiJIUzI1NiIsInR5cCI6IkpXVCJ9.eyJ0b2tlbl90eXBlIjoicmVmcmVzaCIsImV4cCI6MTcxMzgxNTc1MCwiaWF0IjoxNzEzNzk3NzUwLCJqdGkiOiJmOGM0MDQzNTQxOTM0MTlmODI0MzcyMzU5YjU5ZDlmOSJ9.mw6H0bSGoxdSaM82pVH6BtgseOKUNgWrGzd1D7je8AY',NULL,'2024-04-22 19:55:50.000000',NULL,'f8c404354193419f824372359b59d9f9'),(80,'eyJhbGciOiJIUzI1NiIsInR5cCI6IkpXVCJ9.eyJ0b2tlbl90eXBlIjoicmVmcmVzaCIsImV4cCI6MTcxMzgxNTc1MywiaWF0IjoxNzEzNzk3NzUzLCJqdGkiOiI2YjUyZGYwY2EwMGM0MGEyOWJlNDY0NjE5MmVjODAxZSJ9.mdjVH6yydScT_IOhXaMD9jI4TXDkTwFTUQ0fen9Ak5s',NULL,'2024-04-22 19:55:53.000000',NULL,'6b52df0ca00c40a29be4646192ec801e'),(81,'eyJhbGciOiJIUzI1NiIsInR5cCI6IkpXVCJ9.eyJ0b2tlbl90eXBlIjoicmVmcmVzaCIsImV4cCI6MTcxMzgxNjAzNywiaWF0IjoxNzEzNzk4MDM3LCJqdGkiOiJjMzMzZmMxNjg4NDE0MDM2OTc1ZjI3NmQ5NzZiOThjYSJ9.StZaxAuL7q4qf22miDBPI5hwsaJd7u8iyf17DX0Ohdw',NULL,'2024-04-22 20:00:37.000000',NULL,'c333fc1688414036975f276d976b98ca'),(82,'eyJhbGciOiJIUzI1NiIsInR5cCI6IkpXVCJ9.eyJ0b2tlbl90eXBlIjoicmVmcmVzaCIsImV4cCI6MTcxMzgxNjA1MCwiaWF0IjoxNzEzNzk4MDUwLCJqdGkiOiI1YjE0MTg5YjEzMTM0NDhiODQwYjM5YTIyOWE5ZmE4NiJ9.tUL0MmWV17EA4A0wc5OZitI9Vxh74fBOgA0DSpDSwjM',NULL,'2024-04-22 20:00:50.000000',NULL,'5b14189b1313448b840b39a229a9fa86'),(83,'eyJhbGciOiJIUzI1NiIsInR5cCI6IkpXVCJ9.eyJ0b2tlbl90eXBlIjoicmVmcmVzaCIsImV4cCI6MTcxMzgxNjMxNiwiaWF0IjoxNzEzNzk4MzE2LCJqdGkiOiJjNzg4YjVkZGEyYjA0M2U3Yjg3ZDFiZGE1OTk5MDk0NSJ9.ErVqpGhvZRp287HGVX6uMgPEnwnFwXzfzqTcJQgEXWY',NULL,'2024-04-22 20:05:16.000000',NULL,'c788b5dda2b043e7b87d1bda59990945'),(84,'eyJhbGciOiJIUzI1NiIsInR5cCI6IkpXVCJ9.eyJ0b2tlbl90eXBlIjoicmVmcmVzaCIsImV4cCI6MTcxMzgxODc3MSwiaWF0IjoxNzEzODAwNzcxLCJqdGkiOiI3YTExYjk4ZjQ0OTg0NDRiYTg5M2I0ODc2ODg4OGIyMCJ9.qNnqDHDb3BiEpkJ8rCV2-mFx3GZv2SAPZzFAwsArFxM',NULL,'2024-04-22 20:46:11.000000',NULL,'7a11b98f4498444ba893b48768888b20'),(85,'eyJhbGciOiJIUzI1NiIsInR5cCI6IkpXVCJ9.eyJ0b2tlbl90eXBlIjoicmVmcmVzaCIsImV4cCI6MTcxMzgyMTIwNCwiaWF0IjoxNzEzODAzMjA0LCJqdGkiOiIzZTQ0ZDI1MDQzNGE0ZDFiOTFmYmU5NmQyZTdkMzAyYiJ9.KXb-0nBhIVewDUYOi07WzSGKGHZiYhgJ-_NZ3IE3fxo',NULL,'2024-04-22 21:26:44.000000',NULL,'3e44d250434a4d1b91fbe96d2e7d302b'),(86,'eyJhbGciOiJIUzI1NiIsInR5cCI6IkpXVCJ9.eyJ0b2tlbl90eXBlIjoicmVmcmVzaCIsImV4cCI6MTcxMzgyNjcwNiwiaWF0IjoxNzEzODA4NzA2LCJqdGkiOiJhMjRkOWYyOTYxZmE0MjgxYjEwYzE4Yzk3MDk2YjRjOCJ9.kNjbc4gxDOP76RQZqt7NWl_903hJ3QUiYwvyNe4UPRc',NULL,'2024-04-22 22:58:26.000000',NULL,'a24d9f2961fa4281b10c18c97096b4c8'),(87,'eyJhbGciOiJIUzI1NiIsInR5cCI6IkpXVCJ9.eyJ0b2tlbl90eXBlIjoicmVmcmVzaCIsImV4cCI6MTcxMzgyODQ2MCwiaWF0IjoxNzEzODEwNDYwLCJqdGkiOiIzYjI2ODIxYjQ2Njg0NDVjYjc3NGQ5MWI3OTMwYzFiZiJ9.Y7FcMQS6CNZ9wo1He5d0hVEGF2uDBcmoK4G_g6rEjIs',NULL,'2024-04-22 23:27:40.000000',NULL,'3b26821b4668445cb774d91b7930c1bf'),(88,'eyJhbGciOiJIUzI1NiIsInR5cCI6IkpXVCJ9.eyJ0b2tlbl90eXBlIjoicmVmcmVzaCIsImV4cCI6MTcxMzgyODY3MiwiaWF0IjoxNzEzODEwNjcyLCJqdGkiOiIwOWM1MGUyNTlkNTg0ZTQwOGExM2Q1MDhlZWVmMGM3YyJ9.HRv_-UumbnBYAT2ybSLcnP4WgzTYBGas5EYysPnDKUg',NULL,'2024-04-22 23:31:12.000000',NULL,'09c50e259d584e408a13d508eeef0c7c'),(89,'eyJhbGciOiJIUzI1NiIsInR5cCI6IkpXVCJ9.eyJ0b2tlbl90eXBlIjoicmVmcmVzaCIsImV4cCI6MTcxMzgyODY5OSwiaWF0IjoxNzEzODEwNjk5LCJqdGkiOiJlNDk2MWM3MzY2MmQ0NTJmODYxOGYxYmY2MDBhNjU1NyJ9.r0c3JLj-sK8kgXMQo7EpZP7mXFGcPPRxOVzAGnVY4Ps',NULL,'2024-04-22 23:31:39.000000',NULL,'e4961c73662d452f8618f1bf600a6557'),(90,'eyJhbGciOiJIUzI1NiIsInR5cCI6IkpXVCJ9.eyJ0b2tlbl90eXBlIjoicmVmcmVzaCIsImV4cCI6MTcxMzgyOTY2OSwiaWF0IjoxNzEzODExNjY5LCJqdGkiOiI0MjA4MjU3MTkyM2M0Zjc1OWQ0NjIwOWIzNjI1NDM1ZSJ9.tKp1ZSRITIhq6lwuwZN01koltGLwh5MgZ8fvdyjHuok',NULL,'2024-04-22 23:47:49.000000',NULL,'42082571923c4f759d46209b3625435e'),(91,'eyJhbGciOiJIUzI1NiIsInR5cCI6IkpXVCJ9.eyJ0b2tlbl90eXBlIjoicmVmcmVzaCIsImV4cCI6MTcxMzgzMTUyOSwiaWF0IjoxNzEzODEzNTI5LCJqdGkiOiJjZWNjZTlkMTVmYmE0NDM2YjVkMjNiMDBhNDU4MGM2ZSJ9.4oRlA0Rx3GCFQXOCgv3vU-8D55R66v8Cq9s1Oc95gUE',NULL,'2024-04-23 00:18:49.000000',NULL,'cecce9d15fba4436b5d23b00a4580c6e'),(92,'eyJhbGciOiJIUzI1NiIsInR5cCI6IkpXVCJ9.eyJ0b2tlbl90eXBlIjoicmVmcmVzaCIsImV4cCI6MTcxMzgzMTgxMSwiaWF0IjoxNzEzODEzODExLCJqdGkiOiI1MzY5OTBlYjBjZjI0NjJlOTc2NDQ0NDc4NmVhYjZkZSJ9.jTodNVxloKMhVL1cIU4Shav6spkldVL2GUZG7mNBAtM',NULL,'2024-04-23 00:23:31.000000',NULL,'536990eb0cf2462e9764444786eab6de'),(93,'eyJhbGciOiJIUzI1NiIsInR5cCI6IkpXVCJ9.eyJ0b2tlbl90eXBlIjoicmVmcmVzaCIsImV4cCI6MTcxMzgzMTgzNCwiaWF0IjoxNzEzODEzODM0LCJqdGkiOiIzMTc0M2ZiZDc5MGY0YmYwYmNkMjJmNDVkZjMwMzA5YyJ9.ENwoDzDh1bQrIrcwdBF03iN_B0Wso0qWFrAsyqy7UMg',NULL,'2024-04-23 00:23:54.000000',NULL,'31743fbd790f4bf0bcd22f45df30309c'),(94,'eyJhbGciOiJIUzI1NiIsInR5cCI6IkpXVCJ9.eyJ0b2tlbl90eXBlIjoicmVmcmVzaCIsImV4cCI6MTcxMzgzMTg1NywiaWF0IjoxNzEzODEzODU3LCJqdGkiOiJkN2NhMjhhY2Q1YTU0MWU0ODg2NTc4NWQxMjA5ODA2MyJ9.pr-7GRebR8S68epfDmPGF-ocoXG5k2e6uwfAZ-aoIVA',NULL,'2024-04-23 00:24:17.000000',NULL,'d7ca28acd5a541e48865785d12098063'),(95,'eyJhbGciOiJIUzI1NiIsInR5cCI6IkpXVCJ9.eyJ0b2tlbl90eXBlIjoicmVmcmVzaCIsImV4cCI6MTcxMzgzMTg3MiwiaWF0IjoxNzEzODEzODcyLCJqdGkiOiJhOTg4NGNlMDZjZDM0MDQ3OGNlMjFlYWJhZmYwNGQxMyJ9.gOdC-71sf2eF0aHpb5GOuMOHJxDYCEOkOK7YP46EgYk',NULL,'2024-04-23 00:24:32.000000',NULL,'a9884ce06cd340478ce21eabaff04d13'),(96,'eyJhbGciOiJIUzI1NiIsInR5cCI6IkpXVCJ9.eyJ0b2tlbl90eXBlIjoicmVmcmVzaCIsImV4cCI6MTcxMzgzMjI3NSwiaWF0IjoxNzEzODE0Mjc1LCJqdGkiOiJjMWMwMzM5ZTQ3ZGE0MGUyYWNmMDlhZWIyMTIxYjllOCJ9.d0U52uzn-uBQ3Fc1tAy9GKnedQpvfAqDzLuHavixQxU',NULL,'2024-04-23 00:31:15.000000',NULL,'c1c0339e47da40e2acf09aeb2121b9e8'),(97,'eyJhbGciOiJIUzI1NiIsInR5cCI6IkpXVCJ9.eyJ0b2tlbl90eXBlIjoicmVmcmVzaCIsImV4cCI6MTcxMzgzMjI3OSwiaWF0IjoxNzEzODE0Mjc5LCJqdGkiOiJkMmYyNGQ2YzM3MmI0OGNiOWRhNTNlNjFkMTc4ZTAwYyJ9._vt5fsP-L5s5gtCZOfEZyasOVwFh7UIVK8nsalplsnQ',NULL,'2024-04-23 00:31:19.000000',NULL,'d2f24d6c372b48cb9da53e61d178e00c'),(98,'eyJhbGciOiJIUzI1NiIsInR5cCI6IkpXVCJ9.eyJ0b2tlbl90eXBlIjoicmVmcmVzaCIsImV4cCI6MTcxMzgzMjI4MCwiaWF0IjoxNzEzODE0MjgwLCJqdGkiOiI0MzJhMDRhNjQyNmU0OWVlYTAxNTgzZWFjY2UxOTk0NyJ9.yPahNn3bPtCX4Xf_TmOELJBrGjT8QjR7CputYtiW114',NULL,'2024-04-23 00:31:20.000000',NULL,'432a04a6426e49eea01583eacce19947'),(99,'eyJhbGciOiJIUzI1NiIsInR5cCI6IkpXVCJ9.eyJ0b2tlbl90eXBlIjoicmVmcmVzaCIsImV4cCI6MTcxMzgzMzI1OSwiaWF0IjoxNzEzODE1MjU5LCJqdGkiOiJjNjEwNzczYzIwNzE0NzEwOWIyMjJkMWJjYjhkNjcxNiJ9.YY3VVSZhEwcZGEzlPP6xiVckh5lYzq_KYH2WarLhEYU',NULL,'2024-04-23 00:47:39.000000',NULL,'c610773c207147109b222d1bcb8d6716'),(100,'eyJhbGciOiJIUzI1NiIsInR5cCI6IkpXVCJ9.eyJ0b2tlbl90eXBlIjoicmVmcmVzaCIsImV4cCI6MTcxMzgzNjg3MywiaWF0IjoxNzEzODE4ODczLCJqdGkiOiIyZWM0ZDBmMWQyMDM0MmVmYTI3NDk0YWJiYjI5MjA4MyJ9.Igu9E2PAVHP89z7W-WQ0IJZHwNe-MbS10rWgK1nl-MU',NULL,'2024-04-23 01:47:53.000000',NULL,'2ec4d0f1d20342efa27494abbb292083'),(101,'eyJhbGciOiJIUzI1NiIsInR5cCI6IkpXVCJ9.eyJ0b2tlbl90eXBlIjoicmVmcmVzaCIsImV4cCI6MTcxMzgzNjk2OSwiaWF0IjoxNzEzODE4OTY5LCJqdGkiOiJlMWU5ZGYzYjUxOGQ0Y2U4YWYzNmE3ZjEwNTZmZmFlMCJ9.JpFFpnrKQM7z6gwdN93BV7m_DFBV2zCZFRdFmk2kNxQ',NULL,'2024-04-23 01:49:29.000000',NULL,'e1e9df3b518d4ce8af36a7f1056ffae0'),(102,'eyJhbGciOiJIUzI1NiIsInR5cCI6IkpXVCJ9.eyJ0b2tlbl90eXBlIjoicmVmcmVzaCIsImV4cCI6MTcxMzgzNzE0MywiaWF0IjoxNzEzODE5MTQzLCJqdGkiOiJiZjQzYjhlMTc1YWQ0YzdkOTExODc1ODg1N2EyMmZhZiJ9.YFbQy1QoCpyQZ89UQU2QKHWLrGWwO601zfYarwil3ac',NULL,'2024-04-23 01:52:23.000000',NULL,'bf43b8e175ad4c7d9118758857a22faf'),(103,'eyJhbGciOiJIUzI1NiIsInR5cCI6IkpXVCJ9.eyJ0b2tlbl90eXBlIjoicmVmcmVzaCIsImV4cCI6MTcxMzgzNzE2OCwiaWF0IjoxNzEzODE5MTY4LCJqdGkiOiI4YzlkZTRjMmEwNTY0Y2M0YWRlMDAwMDRjYTA5YWViNSJ9.igbRlpKJ40t3sZjFP6AhUvIaLWcXv0IfRhc9klObD1w',NULL,'2024-04-23 01:52:48.000000',NULL,'8c9de4c2a0564cc4ade00004ca09aeb5'),(104,'eyJhbGciOiJIUzI1NiIsInR5cCI6IkpXVCJ9.eyJ0b2tlbl90eXBlIjoicmVmcmVzaCIsImV4cCI6MTcxMzgzNzIyMSwiaWF0IjoxNzEzODE5MjIxLCJqdGkiOiI0ZDQzMDFkZjAyYjk0MDQ4YWMxOWFkZGYyYmI4MDQyNiJ9.tCALNPfrF2wgo6ZEGFRJRJFiO531iUDNOZ_Xm43JEOo',NULL,'2024-04-23 01:53:41.000000',NULL,'4d4301df02b94048ac19addf2bb80426'),(105,'eyJhbGciOiJIUzI1NiIsInR5cCI6IkpXVCJ9.eyJ0b2tlbl90eXBlIjoicmVmcmVzaCIsImV4cCI6MTcxMzgzNzIyNywiaWF0IjoxNzEzODE5MjI3LCJqdGkiOiIyNzE2ODg0MmNkNzQ0NTIwOGFkOGU0OWI0NzM3OWRkOCJ9.icQVrjfVFvQ6AfG2_PbpzeTEUQPUE41vjhcD7iRUFWw',NULL,'2024-04-23 01:53:47.000000',NULL,'27168842cd7445208ad8e49b47379dd8'),(106,'eyJhbGciOiJIUzI1NiIsInR5cCI6IkpXVCJ9.eyJ0b2tlbl90eXBlIjoicmVmcmVzaCIsImV4cCI6MTcxMzgzNzIzMiwiaWF0IjoxNzEzODE5MjMyLCJqdGkiOiIyYzAxN2I2ZTk1NDU0MWRlYmRjNWMwZWE5NTBjNjg5OSJ9.16t-Fiig1_xjgfDbxuv-RoNK0fxO7CjZfdJwpQ8UPlc',NULL,'2024-04-23 01:53:52.000000',NULL,'2c017b6e954541debdc5c0ea950c6899'),(107,'eyJhbGciOiJIUzI1NiIsInR5cCI6IkpXVCJ9.eyJ0b2tlbl90eXBlIjoicmVmcmVzaCIsImV4cCI6MTcxMzgzNzMzMiwiaWF0IjoxNzEzODE5MzMyLCJqdGkiOiI2Zjc1NGYyMWNmMTA0Njk1OTkzZWJkYmVlOGRhNTc0OCJ9.kmdLtjHrgtnbqZ1a0ut0O9Na78nBc-hkizyUWYSZQCc',NULL,'2024-04-23 01:55:32.000000',NULL,'6f754f21cf104695993ebdbee8da5748'),(108,'eyJhbGciOiJIUzI1NiIsInR5cCI6IkpXVCJ9.eyJ0b2tlbl90eXBlIjoicmVmcmVzaCIsImV4cCI6MTcxMzgzNzMzNSwiaWF0IjoxNzEzODE5MzM1LCJqdGkiOiIxYzdhMzEwZDNlMTc0OTk1YWFiMTAwYTczOGI0NTRiMyJ9.b1B1YydXO6dn953lL_j9P9p7Pby24daKYHEAWTiJ6w4',NULL,'2024-04-23 01:55:35.000000',NULL,'1c7a310d3e174995aab100a738b454b3'),(109,'eyJhbGciOiJIUzI1NiIsInR5cCI6IkpXVCJ9.eyJ0b2tlbl90eXBlIjoicmVmcmVzaCIsImV4cCI6MTcxMzgzNzM2MCwiaWF0IjoxNzEzODE5MzYwLCJqdGkiOiIzOWIxNWI3ZWU2OWQ0M2RiYTk0NmJhMmVhYTFmZWFmMiJ9.SwPfNQEq6E5w3cuUt2tNQigOrGmE-NRLvDPomhnj4y4',NULL,'2024-04-23 01:56:00.000000',NULL,'39b15b7ee69d43dba946ba2eaa1feaf2'),(110,'eyJhbGciOiJIUzI1NiIsInR5cCI6IkpXVCJ9.eyJ0b2tlbl90eXBlIjoicmVmcmVzaCIsImV4cCI6MTcxMzgzNzM2MywiaWF0IjoxNzEzODE5MzYzLCJqdGkiOiIyM2U1ZjM1MjEyODc0MzViOWJkM2ZlZDFlMGIwMzEzMSJ9.CqpTkfaQFL26VmD8g4omKNNysXW51mdLXuvWBtjtcTk',NULL,'2024-04-23 01:56:03.000000',NULL,'23e5f3521287435b9bd3fed1e0b03131'),(111,'eyJhbGciOiJIUzI1NiIsInR5cCI6IkpXVCJ9.eyJ0b2tlbl90eXBlIjoicmVmcmVzaCIsImV4cCI6MTcxMzgzNzM2MywiaWF0IjoxNzEzODE5MzYzLCJqdGkiOiI0NzJiOWYwYmFlOWE0YmUxODYyNzZlNGJjYzQ3Y2E2OSJ9.ZSBnHYOWuGUVPWnYmzEdKmwkfkXDEqeJWcztdJSmy8Q',NULL,'2024-04-23 01:56:03.000000',NULL,'472b9f0bae9a4be186276e4bcc47ca69'),(112,'eyJhbGciOiJIUzI1NiIsInR5cCI6IkpXVCJ9.eyJ0b2tlbl90eXBlIjoicmVmcmVzaCIsImV4cCI6MTcxMzgzNzQyOCwiaWF0IjoxNzEzODE5NDI4LCJqdGkiOiJiNTA5YmE4NDFiMzY0MTg3YTU1ZmE5N2Y3ZmUzMzQ2NyJ9.Qwf4B1nXOmsF3j7kMuCZYk2iM6B4eV2UO8zY_Hw21yw',NULL,'2024-04-23 01:57:08.000000',NULL,'b509ba841b364187a55fa97f7fe33467'),(113,'eyJhbGciOiJIUzI1NiIsInR5cCI6IkpXVCJ9.eyJ0b2tlbl90eXBlIjoicmVmcmVzaCIsImV4cCI6MTcxMzgzNzQzMCwiaWF0IjoxNzEzODE5NDMwLCJqdGkiOiIwMjViNDMwZmI0Zjc0NzlkYTE2ZTdhYWE4ZTMxYmM1YiJ9.ObFaTBEBIobncDOe5r5dVMvF0btqwDFU5exgKQLQ3O4',NULL,'2024-04-23 01:57:10.000000',NULL,'025b430fb4f7479da16e7aaa8e31bc5b'),(114,'eyJhbGciOiJIUzI1NiIsInR5cCI6IkpXVCJ9.eyJ0b2tlbl90eXBlIjoicmVmcmVzaCIsImV4cCI6MTcxMzgzNzQ2NSwiaWF0IjoxNzEzODE5NDY1LCJqdGkiOiJhOWY0YjQ2NjUxNGE0MmMzYmMwZDdiYWI3YTUzMzY2OSJ9.cAv1OlYV-l208otWXuArCQLxbenlV-c984Zd4E_royU',NULL,'2024-04-23 01:57:45.000000',NULL,'a9f4b466514a42c3bc0d7bab7a533669'),(115,'eyJhbGciOiJIUzI1NiIsInR5cCI6IkpXVCJ9.eyJ0b2tlbl90eXBlIjoicmVmcmVzaCIsImV4cCI6MTcxMzgzNzU0OSwiaWF0IjoxNzEzODE5NTQ5LCJqdGkiOiI4Zjk2ZGYyNGVkOTE0M2I0OTQ4MDdhODI5MDBiNjMyOSJ9.Qdbf8HuxNNyGCGFHsdg0Z5BD1pO4yWX8RtvUYCJJzwE',NULL,'2024-04-23 01:59:09.000000',NULL,'8f96df24ed9143b494807a82900b6329'),(116,'eyJhbGciOiJIUzI1NiIsInR5cCI6IkpXVCJ9.eyJ0b2tlbl90eXBlIjoicmVmcmVzaCIsImV4cCI6MTcxMzgzNzU1MiwiaWF0IjoxNzEzODE5NTUyLCJqdGkiOiJmYTEzYjFmMjNmMGI0NTFlOWE4MWI4YzZlZGY5NTQyMiJ9.T6j8KZ3HSR2Cbm8MvjfqCMpyQP6vHLjb-ycl2fzDrU8',NULL,'2024-04-23 01:59:12.000000',NULL,'fa13b1f23f0b451e9a81b8c6edf95422'),(117,'eyJhbGciOiJIUzI1NiIsInR5cCI6IkpXVCJ9.eyJ0b2tlbl90eXBlIjoicmVmcmVzaCIsImV4cCI6MTcxMzgzNzcxMiwiaWF0IjoxNzEzODE5NzEyLCJqdGkiOiI5ZDY0YjNlYzAxNmU0ODdkOTBkZGYyMzRjOWJlOGEzOSJ9.WbvlnNvo96RLVVlvSX2BA4Fj07ZJK4LpfjIjR3hT7CU',NULL,'2024-04-23 02:01:52.000000',NULL,'9d64b3ec016e487d90ddf234c9be8a39'),(118,'eyJhbGciOiJIUzI1NiIsInR5cCI6IkpXVCJ9.eyJ0b2tlbl90eXBlIjoicmVmcmVzaCIsImV4cCI6MTcxMzg3MjU4MCwiaWF0IjoxNzEzODU0NTgwLCJqdGkiOiIzYzJhODg4Mjk5MDM0NjYwOWIwYjIyMWFiMDkwYmFlMCJ9.iT-Gd_OByCR2JYMS5b8ou1tEyTVOBZ60JgiZPQjxCK0',NULL,'2024-04-23 11:43:00.000000',NULL,'3c2a8882990346609b0b221ab090bae0'),(119,'eyJhbGciOiJIUzI1NiIsInR5cCI6IkpXVCJ9.eyJ0b2tlbl90eXBlIjoicmVmcmVzaCIsImV4cCI6MTcxMzg3MjYxMywiaWF0IjoxNzEzODU0NjEzLCJqdGkiOiJiY2UwMmJlYjg3MWE0MDM1OGJjOTlhNzliMzc5ZmJkNCJ9.U_HHS7toDqDQjBhjIsioPge4B4qJys6JJp7CYUutlm8',NULL,'2024-04-23 11:43:33.000000',NULL,'bce02beb871a40358bc99a79b379fbd4'),(120,'eyJhbGciOiJIUzI1NiIsInR5cCI6IkpXVCJ9.eyJ0b2tlbl90eXBlIjoicmVmcmVzaCIsImV4cCI6MTcxMzg3MjYxNCwiaWF0IjoxNzEzODU0NjE0LCJqdGkiOiJhMzIzMTgxNDQ0ODc0NWY1YWM5N2E4MTlmZmFiYmY5ZSJ9.O5VkQzoWdcW3NTecy5w9-Ylvo3bSdJqH5noaoOMjWi8',NULL,'2024-04-23 11:43:34.000000',NULL,'a3231814448745f5ac97a819ffabbf9e'),(121,'eyJhbGciOiJIUzI1NiIsInR5cCI6IkpXVCJ9.eyJ0b2tlbl90eXBlIjoicmVmcmVzaCIsImV4cCI6MTcxMzg3MjY0NSwiaWF0IjoxNzEzODU0NjQ1LCJqdGkiOiJmMDlhMzI5NDg1Y2Y0ZWZhOWFkOGIwZDgxM2RlYzEwNCJ9.2SBflMBTHOf_MgDuBU1g_EHhdXOccqZF_VnExy8oCRg',NULL,'2024-04-23 11:44:05.000000',NULL,'f09a329485cf4efa9ad8b0d813dec104'),(122,'eyJhbGciOiJIUzI1NiIsInR5cCI6IkpXVCJ9.eyJ0b2tlbl90eXBlIjoicmVmcmVzaCIsImV4cCI6MTcxMzg3Mjk0MywiaWF0IjoxNzEzODU0OTQzLCJqdGkiOiIzY2IwZDcxMDdhOGU0OTgxYWYzNDgwOGE0YjQxN2NjNCJ9.cPXnhg96hrdr0j7dqm9kWhc6lxqWr80MNqL1vHtsApI',NULL,'2024-04-23 11:49:03.000000',NULL,'3cb0d7107a8e4981af34808a4b417cc4'),(123,'eyJhbGciOiJIUzI1NiIsInR5cCI6IkpXVCJ9.eyJ0b2tlbl90eXBlIjoicmVmcmVzaCIsImV4cCI6MTcxMzg3MzAwOCwiaWF0IjoxNzEzODU1MDA4LCJqdGkiOiI3YTc1NWVmMThlY2I0MzRkOThhNzcxZjkwMDY5Y2VkOSJ9.JBR0KZmL1XWuYdf4a1yPhrsw_zGr8Qrs0CB_V7fEAQg',NULL,'2024-04-23 11:50:08.000000',NULL,'7a755ef18ecb434d98a771f90069ced9'),(124,'eyJhbGciOiJIUzI1NiIsInR5cCI6IkpXVCJ9.eyJ0b2tlbl90eXBlIjoicmVmcmVzaCIsImV4cCI6MTcxMzg3MzM5MywiaWF0IjoxNzEzODU1MzkzLCJqdGkiOiI0MmU3ZmY3ZmY4OTY0NjhkOWYwZjM3M2FhNmE3OWQxNyJ9.xoPs41KX9QS8P6WxmHYazir_x7PF0fWhMkMuHBe_OwU',NULL,'2024-04-23 11:56:33.000000',NULL,'42e7ff7ff896468d9f0f373aa6a79d17'),(125,'eyJhbGciOiJIUzI1NiIsInR5cCI6IkpXVCJ9.eyJ0b2tlbl90eXBlIjoicmVmcmVzaCIsImV4cCI6MTcxMzg3NDQ1OCwiaWF0IjoxNzEzODU2NDU4LCJqdGkiOiIwODAxNzMxZGI3MmM0YzVkOGNiMjRlZWFkODExZGY0NiJ9.JAzI15ISkDI8C6zhjMI4uP4jzE41fR1_EUkEw7xlkns',NULL,'2024-04-23 12:14:18.000000',NULL,'0801731db72c4c5d8cb24eead811df46'),(126,'eyJhbGciOiJIUzI1NiIsInR5cCI6IkpXVCJ9.eyJ0b2tlbl90eXBlIjoicmVmcmVzaCIsImV4cCI6MTcxMzg3NDQ2MiwiaWF0IjoxNzEzODU2NDYyLCJqdGkiOiJkYTMzZjZlOTdlNTQ0MjEwYWZjOWY2NWY2YTFjMjc3MyJ9.VN5BBp7BxIwGHyCUuZKVeL1AABAQdfDyhEmkwCEDP14',NULL,'2024-04-23 12:14:22.000000',NULL,'da33f6e97e544210afc9f65f6a1c2773'),(127,'eyJhbGciOiJIUzI1NiIsInR5cCI6IkpXVCJ9.eyJ0b2tlbl90eXBlIjoicmVmcmVzaCIsImV4cCI6MTcxMzg3NDQ2MywiaWF0IjoxNzEzODU2NDYzLCJqdGkiOiI1Y2I4N2U1ZTQ4N2M0MjJlYjAxM2U4Y2Q2MWFhNzMxNSJ9.GCKxzExlHaaptJ-ntjdaqosN38hwztGe6yxJHnGVHvo',NULL,'2024-04-23 12:14:23.000000',NULL,'5cb87e5e487c422eb013e8cd61aa7315'),(128,'eyJhbGciOiJIUzI1NiIsInR5cCI6IkpXVCJ9.eyJ0b2tlbl90eXBlIjoicmVmcmVzaCIsImV4cCI6MTcxMzg3NDQ4NiwiaWF0IjoxNzEzODU2NDg2LCJqdGkiOiI3Njg1ZWU1MGEzYmU0MWQ3YmRlMTYyM2QyMzc1NjU1MCJ9.Mg64KVPr3Ec6EoG44Yll-37s3NvJ6Mb4P3O_IxCNcig',NULL,'2024-04-23 12:14:46.000000',NULL,'7685ee50a3be41d7bde1623d23756550'),(129,'eyJhbGciOiJIUzI1NiIsInR5cCI6IkpXVCJ9.eyJ0b2tlbl90eXBlIjoicmVmcmVzaCIsImV4cCI6MTcxMzg3NTI0OCwiaWF0IjoxNzEzODU3MjQ4LCJqdGkiOiJhNjU3NTc1YTFmZDY0NGYxOTBhZDVkOThmYmE2ZjU4OSJ9.cLyImB2wYDDd70BdyNKXBQ0thmL-Wspb-AhQSiViCRM',NULL,'2024-04-23 12:27:28.000000',NULL,'a657575a1fd644f190ad5d98fba6f589'),(130,'eyJhbGciOiJIUzI1NiIsInR5cCI6IkpXVCJ9.eyJ0b2tlbl90eXBlIjoicmVmcmVzaCIsImV4cCI6MTcxMzg3Nzk1MywiaWF0IjoxNzEzODU5OTUzLCJqdGkiOiI0NzYxNjk0MzIzZDg0MDYxODMzYjQ3MWUzMTg1MmIxMSJ9.ikLIrOSO86HV5wqRtQAgKp67a_KyRHqE_WTsPsnmIGk',NULL,'2024-04-23 13:12:33.000000',NULL,'4761694323d84061833b471e31852b11'),(131,'eyJhbGciOiJIUzI1NiIsInR5cCI6IkpXVCJ9.eyJ0b2tlbl90eXBlIjoicmVmcmVzaCIsImV4cCI6MTcxMzg3ODM0OSwiaWF0IjoxNzEzODYwMzQ5LCJqdGkiOiI1ODg0MDg0NDg5MmI0YTlmYmQ3OWZjNjQ4Y2M5NmQ0ZCJ9.6HZGqpZVe2fv1De6hYvlQ1RKhXlyiCWR0HGBmO8ANAo',NULL,'2024-04-23 13:19:09.000000',NULL,'58840844892b4a9fbd79fc648cc96d4d'),(132,'eyJhbGciOiJIUzI1NiIsInR5cCI6IkpXVCJ9.eyJ0b2tlbl90eXBlIjoicmVmcmVzaCIsImV4cCI6MTcxMzg3ODQ2MiwiaWF0IjoxNzEzODYwNDYyLCJqdGkiOiIzZGQ0ZjYyZjA1YWY0YWI1YWE0MWQyYTMwMTQ3ZGM0MSJ9.NRfaLz8kW1ReveLz5E9S1hgWgvh2XkbOg31jL1JxKE8',NULL,'2024-04-23 13:21:02.000000',NULL,'3dd4f62f05af4ab5aa41d2a30147dc41'),(133,'eyJhbGciOiJIUzI1NiIsInR5cCI6IkpXVCJ9.eyJ0b2tlbl90eXBlIjoicmVmcmVzaCIsImV4cCI6MTcxMzg3ODQ2MywiaWF0IjoxNzEzODYwNDYzLCJqdGkiOiJmZDZkMjcxNjgzNzA0ODk3OWVhYTUyZmQzOTI4YTRhZiJ9.Q-2-6h5pZxam1-qU0xWGI1U-TwvuxscpcjIOl8kE0lQ',NULL,'2024-04-23 13:21:03.000000',NULL,'fd6d2716837048979eaa52fd3928a4af'),(134,'eyJhbGciOiJIUzI1NiIsInR5cCI6IkpXVCJ9.eyJ0b2tlbl90eXBlIjoicmVmcmVzaCIsImV4cCI6MTcxMzg3OTAzNywiaWF0IjoxNzEzODYxMDM3LCJqdGkiOiI0YjdmNTY5YzBhNDE0MDJjODVmODc5M2NiYThkNmJhNyJ9.3FTidu9Yt1zefWfXMj-kM7F49CVQF6Q5TpTxek3PrPE',NULL,'2024-04-23 13:30:37.000000',NULL,'4b7f569c0a41402c85f8793cba8d6ba7'),(135,'eyJhbGciOiJIUzI1NiIsInR5cCI6IkpXVCJ9.eyJ0b2tlbl90eXBlIjoicmVmcmVzaCIsImV4cCI6MTcxMzg3OTEzMiwiaWF0IjoxNzEzODYxMTMyLCJqdGkiOiJhMmVmMDAwOWNlNjE0YzhhOTVlYTk3N2Q2OWQxZmEzZSJ9.zp-yMwHxK_vsNVVYSZQjkXkNtY6qGVlhbUFpv4B54jo',NULL,'2024-04-23 13:32:12.000000',NULL,'a2ef0009ce614c8a95ea977d69d1fa3e'),(136,'eyJhbGciOiJIUzI1NiIsInR5cCI6IkpXVCJ9.eyJ0b2tlbl90eXBlIjoicmVmcmVzaCIsImV4cCI6MTcxMzg3OTMyNCwiaWF0IjoxNzEzODYxMzI0LCJqdGkiOiIyYzU0ZjQ2NzYxOTE0NzgyODdhYWJhMzc5NjI4ZGY4ZCJ9.tLnOiCaCfb6mlc-l52gsnKsDU3DdNKDuFmMsfJWuQcA',NULL,'2024-04-23 13:35:24.000000',NULL,'2c54f4676191478287aaba379628df8d'),(137,'eyJhbGciOiJIUzI1NiIsInR5cCI6IkpXVCJ9.eyJ0b2tlbl90eXBlIjoicmVmcmVzaCIsImV4cCI6MTcxMzg3OTM3NiwiaWF0IjoxNzEzODYxMzc2LCJqdGkiOiI5ODRkNTRlOWE3YWQ0M2M2YWNkYzYzZjM2NGJjYzJlNCJ9.ISwJrYU_SHEUjuQ5E2QLw7iuydZcz9pdGVS8BS2ZFt8',NULL,'2024-04-23 13:36:16.000000',NULL,'984d54e9a7ad43c6acdc63f364bcc2e4'),(138,'eyJhbGciOiJIUzI1NiIsInR5cCI6IkpXVCJ9.eyJ0b2tlbl90eXBlIjoicmVmcmVzaCIsImV4cCI6MTcxMzg3OTQyNywiaWF0IjoxNzEzODYxNDI3LCJqdGkiOiJjYTBhYjBiYTc2MmI0N2Q2OWI0ODAwODY4YmI2ZTJkYSJ9.yioU4gCXOAJIqZhsiDDu9gsuTEiR0agYcC4Is6hX2x0',NULL,'2024-04-23 13:37:07.000000',NULL,'ca0ab0ba762b47d69b4800868bb6e2da'),(139,'eyJhbGciOiJIUzI1NiIsInR5cCI6IkpXVCJ9.eyJ0b2tlbl90eXBlIjoicmVmcmVzaCIsImV4cCI6MTcxMzg3OTQ1MCwiaWF0IjoxNzEzODYxNDUwLCJqdGkiOiIwNGFmZDhhOTQ0ZWM0MTMzOTM0MzUxMDc2ZDQ4NmI1MyJ9.lI-qgbLzp_BivUQQBMDKq3Y6sI7Y3RYdptQK8lpNEEQ',NULL,'2024-04-23 13:37:30.000000',NULL,'04afd8a944ec4133934351076d486b53'),(140,'eyJhbGciOiJIUzI1NiIsInR5cCI6IkpXVCJ9.eyJ0b2tlbl90eXBlIjoicmVmcmVzaCIsImV4cCI6MTcxMzg3OTQ3MiwiaWF0IjoxNzEzODYxNDcyLCJqdGkiOiI3MmNkN2FiNzUxMjk0YTZkOTljMGI5MjBiYTI2YzYzNyJ9.Kod_BqivtHRoSyh5WjGzclBT1owFVoXlfG3E6X0h0Q8',NULL,'2024-04-23 13:37:52.000000',NULL,'72cd7ab751294a6d99c0b920ba26c637'),(141,'eyJhbGciOiJIUzI1NiIsInR5cCI6IkpXVCJ9.eyJ0b2tlbl90eXBlIjoicmVmcmVzaCIsImV4cCI6MTcxMzg3OTUwMiwiaWF0IjoxNzEzODYxNTAyLCJqdGkiOiJlYmU1MjNhMGQxNjk0ODMzOGUzNThhODQwYTM4YjdmZCJ9.gYTiqoJSElchggjEzy0N624_k31jTuNGTUnwglZ2n0g',NULL,'2024-04-23 13:38:22.000000',NULL,'ebe523a0d16948338e358a840a38b7fd'),(142,'eyJhbGciOiJIUzI1NiIsInR5cCI6IkpXVCJ9.eyJ0b2tlbl90eXBlIjoicmVmcmVzaCIsImV4cCI6MTcxMzg3OTU0MiwiaWF0IjoxNzEzODYxNTQyLCJqdGkiOiJhOTdkYmViZTk0ZTM0YTAyYTljYWRhZDk3OTVlOGVlMCJ9.92g7B_TpOXmgEY2Al75XnRrLMacPn1It1CMLVneX-ak',NULL,'2024-04-23 13:39:02.000000',NULL,'a97dbebe94e34a02a9cadad9795e8ee0'),(143,'eyJhbGciOiJIUzI1NiIsInR5cCI6IkpXVCJ9.eyJ0b2tlbl90eXBlIjoicmVmcmVzaCIsImV4cCI6MTcxMzg3OTU2NSwiaWF0IjoxNzEzODYxNTY1LCJqdGkiOiIxYjdlOWZlNDVkMzk0ODM5OGViNzRjMDAxMTU5NGYzYSJ9.SSi2paQ21ax5nB112p6iHw9bLOHbOspOR5oDR3Cphj4',NULL,'2024-04-23 13:39:25.000000',NULL,'1b7e9fe45d3948398eb74c0011594f3a'),(144,'eyJhbGciOiJIUzI1NiIsInR5cCI6IkpXVCJ9.eyJ0b2tlbl90eXBlIjoicmVmcmVzaCIsImV4cCI6MTcxMzg3OTU2OSwiaWF0IjoxNzEzODYxNTY5LCJqdGkiOiJkMDQ2YWQ2MDFkNGI0MGVmYWExOGUyYjgzN2ZhODk3MiJ9.JPHqg2vgge38-GmE8z-KeG-2jlCWte3WU8arjHSVtaw',NULL,'2024-04-23 13:39:29.000000',NULL,'d046ad601d4b40efaa18e2b837fa8972'),(145,'eyJhbGciOiJIUzI1NiIsInR5cCI6IkpXVCJ9.eyJ0b2tlbl90eXBlIjoicmVmcmVzaCIsImV4cCI6MTcxMzg3OTU3MCwiaWF0IjoxNzEzODYxNTcwLCJqdGkiOiJjNmY0YzhkNWZkZWE0NTMyOTEwOGIwODYyOGZiNWRhNiJ9.TItzTyChG0vVEFkYMT6CrNjntPmlA4purk_GdQDUINU',NULL,'2024-04-23 13:39:30.000000',NULL,'c6f4c8d5fdea45329108b08628fb5da6'),(146,'eyJhbGciOiJIUzI1NiIsInR5cCI6IkpXVCJ9.eyJ0b2tlbl90eXBlIjoicmVmcmVzaCIsImV4cCI6MTcxMzg3OTU3MSwiaWF0IjoxNzEzODYxNTcxLCJqdGkiOiI5ZGEyNjJiNTE0MDg0Yjk1OTYwOTNlZWE5MDlkODAyMiJ9.jitXq0Y4nHfIszHLlwN1aZZFuexPpRqWXAGHjicl0YQ',NULL,'2024-04-23 13:39:31.000000',NULL,'9da262b514084b9596093eea909d8022'),(147,'eyJhbGciOiJIUzI1NiIsInR5cCI6IkpXVCJ9.eyJ0b2tlbl90eXBlIjoicmVmcmVzaCIsImV4cCI6MTcxMzg3OTY4NSwiaWF0IjoxNzEzODYxNjg1LCJqdGkiOiJhZDc4NmIwN2JiZTk0YzRkYjdjNTU3NWYyMWZlMjQ3YSJ9.an7cEMAYR3ei8atdG1gZsmr9MeLqePgp3XZOEuuowhA',NULL,'2024-04-23 13:41:25.000000',NULL,'ad786b07bbe94c4db7c5575f21fe247a'),(148,'eyJhbGciOiJIUzI1NiIsInR5cCI6IkpXVCJ9.eyJ0b2tlbl90eXBlIjoicmVmcmVzaCIsImV4cCI6MTcxMzg3OTcxMiwiaWF0IjoxNzEzODYxNzEyLCJqdGkiOiJmMjQxMGQ1NWE4Y2I0MjQ3ODNjM2I1ODAxNGY3MWE3NSJ9.InKE7tlSyf1lsPsfWCXBXOx3JafdYOri4P6_kED7S90',NULL,'2024-04-23 13:41:52.000000',NULL,'f2410d55a8cb424783c3b58014f71a75'),(149,'eyJhbGciOiJIUzI1NiIsInR5cCI6IkpXVCJ9.eyJ0b2tlbl90eXBlIjoicmVmcmVzaCIsImV4cCI6MTcxMzg3OTc1MiwiaWF0IjoxNzEzODYxNzUyLCJqdGkiOiJhNGNmNzIyMGU5MGY0NDM0YmI4YzAxNGNmNTEwZWJmMiJ9.xOCSdXAUu9Xa4C5g2d9eNdHmge5L9P360pao9hqN3NE',NULL,'2024-04-23 13:42:32.000000',NULL,'a4cf7220e90f4434bb8c014cf510ebf2'),(150,'eyJhbGciOiJIUzI1NiIsInR5cCI6IkpXVCJ9.eyJ0b2tlbl90eXBlIjoicmVmcmVzaCIsImV4cCI6MTcxMzg3OTkwMiwiaWF0IjoxNzEzODYxOTAyLCJqdGkiOiI3N2ZiMzc0YTIwMTI0ZDgwYWUyNTg3NWE1NWExNDliMyJ9.rjeoPRIi1qTkN8uTrBt6hUoFH0z2f8E5GfUNZB8R2LY',NULL,'2024-04-23 13:45:02.000000',NULL,'77fb374a20124d80ae25875a55a149b3'),(151,'eyJhbGciOiJIUzI1NiIsInR5cCI6IkpXVCJ9.eyJ0b2tlbl90eXBlIjoicmVmcmVzaCIsImV4cCI6MTcxMzg3OTkxNiwiaWF0IjoxNzEzODYxOTE2LCJqdGkiOiI5NjJiZWIyZGJjZmY0NmE1ODIxYzg2NzVlYzM5NjdkNSJ9.lorB4IbG7J89xPy6HgQbqJ3q48vKB_NAtdNyYHSRqBM',NULL,'2024-04-23 13:45:16.000000',NULL,'962beb2dbcff46a5821c8675ec3967d5'),(152,'eyJhbGciOiJIUzI1NiIsInR5cCI6IkpXVCJ9.eyJ0b2tlbl90eXBlIjoicmVmcmVzaCIsImV4cCI6MTcxMzg3OTkxOSwiaWF0IjoxNzEzODYxOTE5LCJqdGkiOiJjMTMzMTE1Yjk5M2E0MDEzODQ5YjYzN2M0OWJmMTFhYSJ9.no27Qv3hQohbBcSm8zxiEKmlKY5-Ls3qAd9vi2aEFUU',NULL,'2024-04-23 13:45:19.000000',NULL,'c133115b993a4013849b637c49bf11aa'),(153,'eyJhbGciOiJIUzI1NiIsInR5cCI6IkpXVCJ9.eyJ0b2tlbl90eXBlIjoicmVmcmVzaCIsImV4cCI6MTcxMzg3OTkzNiwiaWF0IjoxNzEzODYxOTM2LCJqdGkiOiIwYzkyY2U5ODU4OGE0ZGM4OWQwNDg5YTViNDUwMmFkNCJ9.2p1WlJmOD5tJzVWFTD-3sk5oN9hXZ7nwLqjjz3YsPn0',NULL,'2024-04-23 13:45:36.000000',NULL,'0c92ce98588a4dc89d0489a5b4502ad4'),(154,'eyJhbGciOiJIUzI1NiIsInR5cCI6IkpXVCJ9.eyJ0b2tlbl90eXBlIjoicmVmcmVzaCIsImV4cCI6MTcxMzg3OTk2OCwiaWF0IjoxNzEzODYxOTY4LCJqdGkiOiI4MTA1OWY0MzQ5MmE0NGQ2YjI1ODk5Y2MyN2Q2N2YyZiJ9.Gp5b7am-o6qZRNzwgagYRtONRDlvjSIAnFqCA0zpaEU',NULL,'2024-04-23 13:46:08.000000',NULL,'81059f43492a44d6b25899cc27d67f2f'),(155,'eyJhbGciOiJIUzI1NiIsInR5cCI6IkpXVCJ9.eyJ0b2tlbl90eXBlIjoicmVmcmVzaCIsImV4cCI6MTcxMzg3OTk2OSwiaWF0IjoxNzEzODYxOTY5LCJqdGkiOiI5M2IwZWIxZTgyNjY0MzgzODExYTU5ODRhYjZjMzY0NyJ9.pjemFch-rn04uMf2A9P3r1JMtxKl8-kaFdVaSd4KvhY',NULL,'2024-04-23 13:46:09.000000',NULL,'93b0eb1e82664383811a5984ab6c3647'),(156,'eyJhbGciOiJIUzI1NiIsInR5cCI6IkpXVCJ9.eyJ0b2tlbl90eXBlIjoicmVmcmVzaCIsImV4cCI6MTcxMzg4MDIzNywiaWF0IjoxNzEzODYyMjM3LCJqdGkiOiI1NzU2Yzc1YjdlZGY0MGExOGEyOWQxNTYxYjY5NzhjNCJ9.xF3rnVtGhy8QcRDg4x-Bzx_doD5T3wFqS8FTr4HHeiY',NULL,'2024-04-23 13:50:37.000000',NULL,'5756c75b7edf40a18a29d1561b6978c4'),(157,'eyJhbGciOiJIUzI1NiIsInR5cCI6IkpXVCJ9.eyJ0b2tlbl90eXBlIjoicmVmcmVzaCIsImV4cCI6MTcxMzg4MDI0MSwiaWF0IjoxNzEzODYyMjQxLCJqdGkiOiIxM2RiYzRkN2UzMDk0NDUxOWUyNzI0NjUzNTViZWY0YiJ9.T1mMz6-N4iFtN59sLopDpZailZz9A8GIWIsv9EBOL78',NULL,'2024-04-23 13:50:41.000000',NULL,'13dbc4d7e30944519e272465355bef4b'),(158,'eyJhbGciOiJIUzI1NiIsInR5cCI6IkpXVCJ9.eyJ0b2tlbl90eXBlIjoicmVmcmVzaCIsImV4cCI6MTcxMzg4MTA5MSwiaWF0IjoxNzEzODYzMDkxLCJqdGkiOiJmODYwYWQ5NGFiMzk0ZjA0YTMwYzlkMTQ5OTRiZTEyYSJ9._knK--MvYkPrZV4HtEDLduMhXw4DemprJ4I-9c19Wwo',NULL,'2024-04-23 14:04:51.000000',NULL,'f860ad94ab394f04a30c9d14994be12a'),(159,'eyJhbGciOiJIUzI1NiIsInR5cCI6IkpXVCJ9.eyJ0b2tlbl90eXBlIjoicmVmcmVzaCIsImV4cCI6MTcxMzg4MTA5MywiaWF0IjoxNzEzODYzMDkzLCJqdGkiOiI5ZjY0ZWRlM2ViZTY0NWVkYmUyZTI1NGZlOGFkODYwYSJ9.DZnsPwdtapWcCyt2gcpfK2JVM5Kykj0UAAyNNgrAU24',NULL,'2024-04-23 14:04:53.000000',NULL,'9f64ede3ebe645edbe2e254fe8ad860a'),(160,'eyJhbGciOiJIUzI1NiIsInR5cCI6IkpXVCJ9.eyJ0b2tlbl90eXBlIjoicmVmcmVzaCIsImV4cCI6MTcxMzg4MjQyOSwiaWF0IjoxNzEzODY0NDI5LCJqdGkiOiIxZWFiMzdlN2FiZTA0MDA3YTg4ZjQzYWZhZjgyZDFlOCJ9.bpnVl9ldr79DuUsV5PVF3D8-eB2m7t4t73YLQtC474s',NULL,'2024-04-23 14:27:09.000000',NULL,'1eab37e7abe04007a88f43afaf82d1e8'),(161,'eyJhbGciOiJIUzI1NiIsInR5cCI6IkpXVCJ9.eyJ0b2tlbl90eXBlIjoicmVmcmVzaCIsImV4cCI6MTcxMzg4Mjc1NSwiaWF0IjoxNzEzODY0NzU1LCJqdGkiOiI1NmUzMzFiYTFkMjA0OGFmOTk1YTI0NTMzN2QwYTgwNyJ9.aQTBqXjEgi9fH_qwVbweotLmPLsfRmS6rKt8_cZQpds',NULL,'2024-04-23 14:32:35.000000',NULL,'56e331ba1d2048af995a245337d0a807'),(162,'eyJhbGciOiJIUzI1NiIsInR5cCI6IkpXVCJ9.eyJ0b2tlbl90eXBlIjoicmVmcmVzaCIsImV4cCI6MTcxMzg4Mjc1NiwiaWF0IjoxNzEzODY0NzU2LCJqdGkiOiJlOTE0MWI1ZTEwMWU0NTllYThiYTA4YWYwOGZkZDhkOSJ9.6R_qGIQfkHqwccJ-iJG8CK1NhOU4o97xh6Cvccae9Dc',NULL,'2024-04-23 14:32:36.000000',NULL,'e9141b5e101e459ea8ba08af08fdd8d9'),(163,'eyJhbGciOiJIUzI1NiIsInR5cCI6IkpXVCJ9.eyJ0b2tlbl90eXBlIjoicmVmcmVzaCIsImV4cCI6MTcxMzg4Mjc2NiwiaWF0IjoxNzEzODY0NzY2LCJqdGkiOiI3OWZkZjM1YjBmYTM0MjU2OTY0MGI1YmQzZTkzYWY1MiJ9.SyNCjIZyhVkMA5VdLdt1gpiu8A5qteUaVCEINhKh68M',NULL,'2024-04-23 14:32:46.000000',NULL,'79fdf35b0fa342569640b5bd3e93af52'),(164,'eyJhbGciOiJIUzI1NiIsInR5cCI6IkpXVCJ9.eyJ0b2tlbl90eXBlIjoicmVmcmVzaCIsImV4cCI6MTcxMzg4Mjc3NSwiaWF0IjoxNzEzODY0Nzc1LCJqdGkiOiIxZmUwM2JmNmFhYTE0MTExOTFkOWIzOTg2ZWVhMjA0ZCJ9.Ke6YtzuyX2JX_dMOWEIhL8CM6GxJlsdOB7k5Qm_50lY',NULL,'2024-04-23 14:32:55.000000',NULL,'1fe03bf6aaa1411191d9b3986eea204d'),(165,'eyJhbGciOiJIUzI1NiIsInR5cCI6IkpXVCJ9.eyJ0b2tlbl90eXBlIjoicmVmcmVzaCIsImV4cCI6MTcxMzg4Mjc3NywiaWF0IjoxNzEzODY0Nzc3LCJqdGkiOiI0MmZhMmM2NWJjMTA0YzVjYTUwZjAzNjBjNmM3Y2I4MyJ9.pP92YDSawN8L1_eEPlEiZA2-TNFsZW0qI25Fj9x_4LA',NULL,'2024-04-23 14:32:57.000000',NULL,'42fa2c65bc104c5ca50f0360c6c7cb83'),(166,'eyJhbGciOiJIUzI1NiIsInR5cCI6IkpXVCJ9.eyJ0b2tlbl90eXBlIjoicmVmcmVzaCIsImV4cCI6MTcxMzg4MzQ0NiwiaWF0IjoxNzEzODY1NDQ2LCJqdGkiOiIxMTZhODRhNzMyNTk0OWQ2Yjc1M2M0M2JkYmM5ZGU3NiJ9.V-Ws8-iDdnOzNOlxyz4MAsnUSsss-Tl0HPRlWUZAtdo',NULL,'2024-04-23 14:44:06.000000',NULL,'116a84a7325949d6b753c43bdbc9de76'),(167,'eyJhbGciOiJIUzI1NiIsInR5cCI6IkpXVCJ9.eyJ0b2tlbl90eXBlIjoicmVmcmVzaCIsImV4cCI6MTcxMzg4MzQ0OCwiaWF0IjoxNzEzODY1NDQ4LCJqdGkiOiI3ZWYwYmY0NTc0NDg0MTM4ODM5YjUzNDJkMGMyY2Q0YiJ9.6x59Kud8HcmTsLcwKLkTCrSO_-v0kjvD0DB7RO9lOkY',NULL,'2024-04-23 14:44:08.000000',NULL,'7ef0bf4574484138839b5342d0c2cd4b'),(168,'eyJhbGciOiJIUzI1NiIsInR5cCI6IkpXVCJ9.eyJ0b2tlbl90eXBlIjoicmVmcmVzaCIsImV4cCI6MTcxMzg4MzQ0OSwiaWF0IjoxNzEzODY1NDQ5LCJqdGkiOiJkNjY5ZGY2ZDdkMGI0NTljYTE3M2Q5NmI5NzAwNGEyYiJ9.TCBoIha_G8cTilxKj7rm4M_1s1qFlF0jFR_XN1VfFQ8',NULL,'2024-04-23 14:44:09.000000',NULL,'d669df6d7d0b459ca173d96b97004a2b'),(169,'eyJhbGciOiJIUzI1NiIsInR5cCI6IkpXVCJ9.eyJ0b2tlbl90eXBlIjoicmVmcmVzaCIsImV4cCI6MTcxMzg4MzUyNCwiaWF0IjoxNzEzODY1NTI0LCJqdGkiOiIxYjI2NzNlYmQyNDE0YjM2OTU4ZjExNzU5MjZjYWYxMSJ9.CtBd2Gqe89FUvxIlweXLeDqkpmuxU-_00zdzGUQq31s',NULL,'2024-04-23 14:45:24.000000',NULL,'1b2673ebd2414b36958f1175926caf11'),(170,'eyJhbGciOiJIUzI1NiIsInR5cCI6IkpXVCJ9.eyJ0b2tlbl90eXBlIjoicmVmcmVzaCIsImV4cCI6MTcxMzg4MzUyNiwiaWF0IjoxNzEzODY1NTI2LCJqdGkiOiIzMzA1ODNmODlhZGE0N2U4YTMwNDY0MDhkMGUwYmE2MCJ9.BhfDGfQwPmjloZRY9WtaDp6qiHzWEWWlkZhHuCnGyX8',NULL,'2024-04-23 14:45:26.000000',NULL,'330583f89ada47e8a3046408d0e0ba60'),(171,'eyJhbGciOiJIUzI1NiIsInR5cCI6IkpXVCJ9.eyJ0b2tlbl90eXBlIjoicmVmcmVzaCIsImV4cCI6MTcxMzg4MzUyNywiaWF0IjoxNzEzODY1NTI3LCJqdGkiOiIxYTI1NTU4NDE3YTE0NDgxYjkxYWVlN2NhNWY3NzI3NSJ9.Yhtro4RgnykXTlq8TGfOIgJCwTqM9Iy8qYh2xgJD_v4',NULL,'2024-04-23 14:45:27.000000',NULL,'1a25558417a14481b91aee7ca5f77275'),(172,'eyJhbGciOiJIUzI1NiIsInR5cCI6IkpXVCJ9.eyJ0b2tlbl90eXBlIjoicmVmcmVzaCIsImV4cCI6MTcxMzg4MzY1MCwiaWF0IjoxNzEzODY1NjUwLCJqdGkiOiI5ZDc4ZjM4OGYyOWM0MTVjOWIyYTVhNjNjYTk2YzlkMCJ9.UQBrVh1k2CZ_kIVBy_S7XnmCTE5wcIREmtCQCr_CoYY',NULL,'2024-04-23 14:47:30.000000',NULL,'9d78f388f29c415c9b2a5a63ca96c9d0'),(173,'eyJhbGciOiJIUzI1NiIsInR5cCI6IkpXVCJ9.eyJ0b2tlbl90eXBlIjoicmVmcmVzaCIsImV4cCI6MTcxMzg4MzY1NiwiaWF0IjoxNzEzODY1NjU2LCJqdGkiOiJlM2Q1NDgwNGM0Yzc0M2YzOTQ0MWMyNzIxOGZjODE3NyJ9.wDSziMo7cmOF90q00mVWR1_6BTrEZBFCykYTS9nvAuE',NULL,'2024-04-23 14:47:36.000000',NULL,'e3d54804c4c743f39441c27218fc8177'),(174,'eyJhbGciOiJIUzI1NiIsInR5cCI6IkpXVCJ9.eyJ0b2tlbl90eXBlIjoicmVmcmVzaCIsImV4cCI6MTcxMzg4NDA2MCwiaWF0IjoxNzEzODY2MDYwLCJqdGkiOiJkMGEyMDE5OTM5M2Q0Nzg1YWU1ZGRlYjE4Njc3YzllNyJ9.nBz9H7LDnGrwDJ1fW5brQBayoN9MjeIJ264QUr_DZW4',NULL,'2024-04-23 14:54:20.000000',NULL,'d0a20199393d4785ae5ddeb18677c9e7'),(175,'eyJhbGciOiJIUzI1NiIsInR5cCI6IkpXVCJ9.eyJ0b2tlbl90eXBlIjoicmVmcmVzaCIsImV4cCI6MTcxMzg4NDA3NCwiaWF0IjoxNzEzODY2MDc0LCJqdGkiOiIxMzZlMmI2NjVhM2I0ZWFkOTBmNGJhNTRlNjBlMTIxNyJ9.V0KMMJOGfaPQsbrypVo2bb6HJQZv_hqCYZCkASTStKk',NULL,'2024-04-23 14:54:34.000000',NULL,'136e2b665a3b4ead90f4ba54e60e1217'),(176,'eyJhbGciOiJIUzI1NiIsInR5cCI6IkpXVCJ9.eyJ0b2tlbl90eXBlIjoicmVmcmVzaCIsImV4cCI6MTcxMzg4NDA3OCwiaWF0IjoxNzEzODY2MDc4LCJqdGkiOiJiNTAyZDRkNDAzMDA0YWUzYjRiMjg2MmQyOTZmMGQ4NyJ9.qGtYD1QwoaGcrNVpnreOF1vXU4p-9QllBOCdqIVAuhU',NULL,'2024-04-23 14:54:38.000000',NULL,'b502d4d403004ae3b4b2862d296f0d87'),(177,'eyJhbGciOiJIUzI1NiIsInR5cCI6IkpXVCJ9.eyJ0b2tlbl90eXBlIjoicmVmcmVzaCIsImV4cCI6MTcxMzg4NDc5NiwiaWF0IjoxNzEzODY2Nzk2LCJqdGkiOiJjNGMwZjVkMzFhYjM0YjM0YTM0YzliMDg0MDg0MmFhYiJ9.O-QikIrnREnkJr9Dtql-guXw1V9k038Tb0N_EGapEyg',NULL,'2024-04-23 15:06:36.000000',NULL,'c4c0f5d31ab34b34a34c9b0840842aab'),(178,'eyJhbGciOiJIUzI1NiIsInR5cCI6IkpXVCJ9.eyJ0b2tlbl90eXBlIjoicmVmcmVzaCIsImV4cCI6MTcxMzg4NDg1OSwiaWF0IjoxNzEzODY2ODU5LCJqdGkiOiIwNmM1Y2UzZTVjNjY0NTRmYmEyMDc2Y2ExNmY0YmY3MSJ9.WhbasjZpAqFToVgzXkOG4AFaT1gQ3SFcmaJupGhTE7A',NULL,'2024-04-23 15:07:39.000000',NULL,'06c5ce3e5c66454fba2076ca16f4bf71'),(179,'eyJhbGciOiJIUzI1NiIsInR5cCI6IkpXVCJ9.eyJ0b2tlbl90eXBlIjoicmVmcmVzaCIsImV4cCI6MTcxMzg4NDkyMywiaWF0IjoxNzEzODY2OTIzLCJqdGkiOiIzNjA4NmU5YTA2YzU0M2ViYWVkMDM0OWFlNWYyYmZhNCJ9.Weq9R3yua3cKW1IH26eonrTGkKVRa61oLcHI74g-pRg',NULL,'2024-04-23 15:08:43.000000',NULL,'36086e9a06c543ebaed0349ae5f2bfa4'),(180,'eyJhbGciOiJIUzI1NiIsInR5cCI6IkpXVCJ9.eyJ0b2tlbl90eXBlIjoicmVmcmVzaCIsImV4cCI6MTcxMzg4NTQ5MywiaWF0IjoxNzEzODY3NDkzLCJqdGkiOiJkNDc0NzY3MWZiZTg0ZTNkYmM1MmNkZjU5ZjA4OTk5YiJ9.bEHjB6AbKfp_HWviNq_efUy8HHXMBbXC2lJOA39VSbc',NULL,'2024-04-23 15:18:13.000000',NULL,'d4747671fbe84e3dbc52cdf59f08999b'),(181,'eyJhbGciOiJIUzI1NiIsInR5cCI6IkpXVCJ9.eyJ0b2tlbl90eXBlIjoicmVmcmVzaCIsImV4cCI6MTcxMzg4NTc3NCwiaWF0IjoxNzEzODY3Nzc0LCJqdGkiOiI2YTcyNDI0ZjA2MDA0NTQ2OTQzNmM2NWNiNTRkYmI1YyJ9.dwFY3v7UI45izKVyZx5I7eIo7IIQnRKx8rJkaj3cnnM',NULL,'2024-04-23 15:22:54.000000',NULL,'6a72424f060045469436c65cb54dbb5c'),(182,'eyJhbGciOiJIUzI1NiIsInR5cCI6IkpXVCJ9.eyJ0b2tlbl90eXBlIjoicmVmcmVzaCIsImV4cCI6MTcxMzg4Nzc0NiwiaWF0IjoxNzEzODY5NzQ2LCJqdGkiOiIxYjEwNWQ1ZDY0YTQ0M2ViYTA2N2JhNWM2MmM5ZWE3MCJ9.OTkMI0qG-m7Dlmg39E_Tql-jeDuwjEnXk7NOkf78uM8',NULL,'2024-04-23 15:55:46.000000',NULL,'1b105d5d64a443eba067ba5c62c9ea70'),(183,'eyJhbGciOiJIUzI1NiIsInR5cCI6IkpXVCJ9.eyJ0b2tlbl90eXBlIjoicmVmcmVzaCIsImV4cCI6MTcxMzg5MzEwNiwiaWF0IjoxNzEzODc1MTA2LCJqdGkiOiJkYzU3NjIwY2MzN2Y0ZjBiOTYxZGJiZDcwYzExZTI5MCJ9.5IMLMQeX__jQ2lgRG1iR-V2L1s-c0fFH-OF1iIp-Ypw',NULL,'2024-04-23 17:25:06.000000',NULL,'dc57620cc37f4f0b961dbbd70c11e290'),(184,'eyJhbGciOiJIUzI1NiIsInR5cCI6IkpXVCJ9.eyJ0b2tlbl90eXBlIjoicmVmcmVzaCIsImV4cCI6MTcxMzg5MzEyMywiaWF0IjoxNzEzODc1MTIzLCJqdGkiOiI2ZWU0Yjg4MDM2NmI0MGE3YTJjYjVhMjA2YTc4OTNiNyJ9.dIt4W03Jo9zRDUDkB_t1wrNe0cJzOYQ2m--Z6b8V6kI',NULL,'2024-04-23 17:25:23.000000',NULL,'6ee4b880366b40a7a2cb5a206a7893b7'),(185,'eyJhbGciOiJIUzI1NiIsInR5cCI6IkpXVCJ9.eyJ0b2tlbl90eXBlIjoicmVmcmVzaCIsImV4cCI6MTcxMzg5MzM5OSwiaWF0IjoxNzEzODc1Mzk5LCJqdGkiOiIyOTIyZWIyZWM1NTQ0ZTExOGZiYjNjYzkyM2I4ODhjNSJ9.PFw9Lfr_ET4OQoQqA_eHkrkTYbAl6V7Cs2HckeMVN_4',NULL,'2024-04-23 17:29:59.000000',NULL,'2922eb2ec5544e118fbb3cc923b888c5'),(186,'eyJhbGciOiJIUzI1NiIsInR5cCI6IkpXVCJ9.eyJ0b2tlbl90eXBlIjoicmVmcmVzaCIsImV4cCI6MTcxMzg5MzUwMiwiaWF0IjoxNzEzODc1NTAyLCJqdGkiOiI5NzVmNjA0ZDZlYzE0YjM3OTQxZjQ3YjBlNTdjNmM5MCJ9.p1a6a6hFM77KZ6GsWgKEcP9Lxnl4-Wciunr_gIx0HrE',NULL,'2024-04-23 17:31:42.000000',NULL,'975f604d6ec14b37941f47b0e57c6c90'),(187,'eyJhbGciOiJIUzI1NiIsInR5cCI6IkpXVCJ9.eyJ0b2tlbl90eXBlIjoicmVmcmVzaCIsImV4cCI6MTcxMzg5MzUwMywiaWF0IjoxNzEzODc1NTAzLCJqdGkiOiIzNTQxYTkyZTM3NmY0Y2ZkOTdhMmFjZGEwZDdjMWI0MSJ9.WCZRGzsQ6Ls8PHWwyNBTBpVF9eNBSKlE-4ikMFXUG0g',NULL,'2024-04-23 17:31:43.000000',NULL,'3541a92e376f4cfd97a2acda0d7c1b41'),(188,'eyJhbGciOiJIUzI1NiIsInR5cCI6IkpXVCJ9.eyJ0b2tlbl90eXBlIjoicmVmcmVzaCIsImV4cCI6MTcxMzg5MzUwNCwiaWF0IjoxNzEzODc1NTA0LCJqdGkiOiJhOTViNTAwMmVjNzA0ZjkyYWI1Zjk0MzU4YmEzZDg4NSJ9.dXb8v438lXzYZnGDCiCpKoiBkVu9HwWF8P3rNevfMzA',NULL,'2024-04-23 17:31:44.000000',NULL,'a95b5002ec704f92ab5f94358ba3d885'),(189,'eyJhbGciOiJIUzI1NiIsInR5cCI6IkpXVCJ9.eyJ0b2tlbl90eXBlIjoicmVmcmVzaCIsImV4cCI6MTcxMzg5OTAzOSwiaWF0IjoxNzEzODgxMDM5LCJqdGkiOiIxY2NkNmJiZTc2M2Q0OGJmOThhNDMzNWRlZTM1YzQwOSJ9.CBb1nkZsCpoYgcwVxQhq3Nl8TSNpe8iZeeL2w4Tg0ic',NULL,'2024-04-23 19:03:59.000000',NULL,'1ccd6bbe763d48bf98a4335dee35c409'),(190,'eyJhbGciOiJIUzI1NiIsInR5cCI6IkpXVCJ9.eyJ0b2tlbl90eXBlIjoicmVmcmVzaCIsImV4cCI6MTcxMzkwMDc5NCwiaWF0IjoxNzEzODgyNzk0LCJqdGkiOiJhYTNiYjNmMzhlNjU0ODFlOTgyMmNmOGYyNmU2NzEwNyJ9.U3L5V1zjysxDhtlbN_s5_tIHLMprednKRAccKSU6Wpc',NULL,'2024-04-23 19:33:14.000000',NULL,'aa3bb3f38e65481e9822cf8f26e67107'),(191,'eyJhbGciOiJIUzI1NiIsInR5cCI6IkpXVCJ9.eyJ0b2tlbl90eXBlIjoicmVmcmVzaCIsImV4cCI6MTcxMzkwMDg3NywiaWF0IjoxNzEzODgyODc3LCJqdGkiOiI0YzU3MDNiNmUzMDM0Mzc2YjgwMGFlN2E4MTIxMDZjMSJ9.EqQmg9zjuHQ7ubk0eIopatgy1-ZNgDMRpQ4HDZcUba8',NULL,'2024-04-23 19:34:37.000000',NULL,'4c5703b6e3034376b800ae7a812106c1'),(192,'eyJhbGciOiJIUzI1NiIsInR5cCI6IkpXVCJ9.eyJ0b2tlbl90eXBlIjoicmVmcmVzaCIsImV4cCI6MTcxMzkwMDg4OCwiaWF0IjoxNzEzODgyODg4LCJqdGkiOiIxODk5NWYxMjFlYmM0ZWZmODA1ZDNkMmRiZDM1MTRlNCJ9.GDzqYYkrIuQpQiKqGO_lpgmcuT6Sn5SbPaZ8mDd4jtY',NULL,'2024-04-23 19:34:48.000000',NULL,'18995f121ebc4eff805d3d2dbd3514e4'),(193,'eyJhbGciOiJIUzI1NiIsInR5cCI6IkpXVCJ9.eyJ0b2tlbl90eXBlIjoicmVmcmVzaCIsImV4cCI6MTcxMzkwNTQyOCwiaWF0IjoxNzEzODg3NDI4LCJqdGkiOiJjYzI4YjhkMjUxMzQ0OGUwYjU3ODc4ZTc3MGZjYTVkZCJ9.0mGy6q14cm24Jh7VrGD2TC3ioZZmeNAOpi8hLYWpeNU',NULL,'2024-04-23 20:50:28.000000',NULL,'cc28b8d2513448e0b57878e770fca5dd'),(194,'eyJhbGciOiJIUzI1NiIsInR5cCI6IkpXVCJ9.eyJ0b2tlbl90eXBlIjoicmVmcmVzaCIsImV4cCI6MTcxMzkwODY1MSwiaWF0IjoxNzEzODkwNjUxLCJqdGkiOiJjOTA0ZWRhNjg0ZGM0YmZlODAyMGVlMmY2Y2YyZTdiZiJ9.NlBQrr6qfzW5ccPkdhSHy0FqcGqv2L198OMxb8PGPsI',NULL,'2024-04-23 21:44:11.000000',NULL,'c904eda684dc4bfe8020ee2f6cf2e7bf'),(195,'eyJhbGciOiJIUzI1NiIsInR5cCI6IkpXVCJ9.eyJ0b2tlbl90eXBlIjoicmVmcmVzaCIsImV4cCI6MTcxMzkxMTQ0OCwiaWF0IjoxNzEzODkzNDQ4LCJqdGkiOiI5YjFiNjFlNzQzMzg0ZDE0ODg3MTczM2Q1MjIxZDkxNSJ9.YEnvYTE_9oxnPhsOezcJAWyg-FUS1QQorO7E_BU-lyw',NULL,'2024-04-23 22:30:48.000000',NULL,'9b1b61e743384d148871733d5221d915'),(196,'eyJhbGciOiJIUzI1NiIsInR5cCI6IkpXVCJ9.eyJ0b2tlbl90eXBlIjoicmVmcmVzaCIsImV4cCI6MTcxMzkxMTU2NSwiaWF0IjoxNzEzODkzNTY1LCJqdGkiOiIxZTVmYjY2NDg0NGU0MzMwYTg2MDI1Y2ZkZjU3NjNlZCJ9.NCb32naHd4HgmToVQcrKc3CmstfteMhg1KtCey2umhs',NULL,'2024-04-23 22:32:45.000000',NULL,'1e5fb664844e4330a86025cfdf5763ed'),(197,'eyJhbGciOiJIUzI1NiIsInR5cCI6IkpXVCJ9.eyJ0b2tlbl90eXBlIjoicmVmcmVzaCIsImV4cCI6MTcxMzkyMjk0OSwiaWF0IjoxNzEzOTA0OTQ5LCJqdGkiOiI2MDlmMzY2NjZkNDQ0NDVkODE0MjI2MTVmNDY0MzJlMyJ9.mM1YfTFFp8TKdZp0YjTThrQRGq3usbWqEmV_V22gyGc',NULL,'2024-04-24 01:42:29.000000',NULL,'609f36666d44445d81422615f46432e3'),(198,'eyJhbGciOiJIUzI1NiIsInR5cCI6IkpXVCJ9.eyJ0b2tlbl90eXBlIjoicmVmcmVzaCIsImV4cCI6MTcxMzkyMjk1NywiaWF0IjoxNzEzOTA0OTU3LCJqdGkiOiJlNjZlMWIwY2MyODk0MjM4ODEyOWQxNTg0OGRiYjBiMCJ9.lveUrW50Y1yxVlZHIz5bSRjmyNHBSxIduhtuw2IY6YE',NULL,'2024-04-24 01:42:37.000000',NULL,'e66e1b0cc28942388129d15848dbb0b0'),(199,'eyJhbGciOiJIUzI1NiIsInR5cCI6IkpXVCJ9.eyJ0b2tlbl90eXBlIjoicmVmcmVzaCIsImV4cCI6MTcxMzkyMjk2NCwiaWF0IjoxNzEzOTA0OTY0LCJqdGkiOiI5Zjk1YmNjNWM4NjY0M2MwODkyODk5MThkM2I4NTJkMiJ9.x7w6R3-mA2YwhwsDhwyDdXLQM8-7B8JV4fBhpN3LlrU',NULL,'2024-04-24 01:42:44.000000',NULL,'9f95bcc5c86643c089289918d3b852d2'),(200,'eyJhbGciOiJIUzI1NiIsInR5cCI6IkpXVCJ9.eyJ0b2tlbl90eXBlIjoicmVmcmVzaCIsImV4cCI6MTcxMzkyOTA2MiwiaWF0IjoxNzEzOTExMDYyLCJqdGkiOiI4ZjM5YTE1YjcyYzQ0ZTUzODMzNGI4YWJjNmU1N2EzMSJ9.0Dkb9tsXZRW7qjj07XBn6U2docPYw_XIxV7iQv6Tys4',NULL,'2024-04-24 03:24:22.000000',NULL,'8f39a15b72c44e538334b8abc6e57a31'),(201,'eyJhbGciOiJIUzI1NiIsInR5cCI6IkpXVCJ9.eyJ0b2tlbl90eXBlIjoicmVmcmVzaCIsImV4cCI6MTcxMzk1OTgxNSwiaWF0IjoxNzEzOTQxODE1LCJqdGkiOiIxMjZiMDc4ZmI1Yjg0OWI3OTAxY2NmMjQ3MjdhYjA4MCJ9.uw5blHR1rhh8fKanD-ME3XQMmjnwDuaT41Phg5_qR-A',NULL,'2024-04-24 11:56:55.000000',NULL,'126b078fb5b849b7901ccf24727ab080'),(202,'eyJhbGciOiJIUzI1NiIsInR5cCI6IkpXVCJ9.eyJ0b2tlbl90eXBlIjoicmVmcmVzaCIsImV4cCI6MTcxMzk1OTk0MiwiaWF0IjoxNzEzOTQxOTQyLCJqdGkiOiI2OGM3MmI3MmE3N2Q0MGY5ODgwMTA5OGZlYWU0MjNjMCJ9.mUrv3C98Bz4auvwOsNjlUAqMZT2JhhFzyQqufZmlsb8',NULL,'2024-04-24 11:59:02.000000',NULL,'68c72b72a77d40f98801098feae423c0'),(203,'eyJhbGciOiJIUzI1NiIsInR5cCI6IkpXVCJ9.eyJ0b2tlbl90eXBlIjoicmVmcmVzaCIsImV4cCI6MTcxMzk1OTk0NSwiaWF0IjoxNzEzOTQxOTQ1LCJqdGkiOiI2ZWY4Y2RkNWUzN2M0MjY2OThmZjNlZGQ0ZGY1OGM5YiJ9.W3yyKXt3_cy1enI8cYiOzLNo7omjWvCy31Pq4N8Xhwc',NULL,'2024-04-24 11:59:05.000000',NULL,'6ef8cdd5e37c426698ff3edd4df58c9b'),(204,'eyJhbGciOiJIUzI1NiIsInR5cCI6IkpXVCJ9.eyJ0b2tlbl90eXBlIjoicmVmcmVzaCIsImV4cCI6MTcxMzk2NjI4NCwiaWF0IjoxNzEzOTQ4Mjg0LCJqdGkiOiJmN2Y4NDJmYmEzZTQ0NGQ5YWU4ZTlmNGE1MDgwYWExOCJ9.8UeoFgijCzDk6uOwtdQ9l-Dv18r2WjLGj5wZCsQ1P8Q',NULL,'2024-04-24 13:44:44.000000',NULL,'f7f842fba3e444d9ae8e9f4a5080aa18'),(205,'eyJhbGciOiJIUzI1NiIsInR5cCI6IkpXVCJ9.eyJ0b2tlbl90eXBlIjoicmVmcmVzaCIsImV4cCI6MTcxMzk2NzQwMSwiaWF0IjoxNzEzOTQ5NDAxLCJqdGkiOiJiNmU2Yjc1ZDgyZWM0NWI1OTM4OWJhYzJjYmY4ZTEwZCJ9.xGjwsEFa-LGX_nUH35gOcS5PlkE10t7vfuI3hi-2biM',NULL,'2024-04-24 14:03:21.000000',NULL,'b6e6b75d82ec45b59389bac2cbf8e10d'),(206,'eyJhbGciOiJIUzI1NiIsInR5cCI6IkpXVCJ9.eyJ0b2tlbl90eXBlIjoicmVmcmVzaCIsImV4cCI6MTcxMzk2ODAwMywiaWF0IjoxNzEzOTUwMDAzLCJqdGkiOiJkMTIyNTAxY2Y1Yzg0YTExOTkzYzAwMDhkNDI5NDIxMCJ9.2BF3OFhF2uhsPrPBBL3Xjx4yJ_1q113SuQayGl3F-GY',NULL,'2024-04-24 14:13:23.000000',NULL,'d122501cf5c84a11993c0008d4294210'),(207,'eyJhbGciOiJIUzI1NiIsInR5cCI6IkpXVCJ9.eyJ0b2tlbl90eXBlIjoicmVmcmVzaCIsImV4cCI6MTcxMzk3NjY4MCwiaWF0IjoxNzEzOTU4NjgwLCJqdGkiOiI1ZTk1NTc4NjVlNjQ0OGQ5OTk3NjcwNDc2ZTM5YzlmZCJ9.UnvWRSl_FGuO5Il13I5ibqy-wZ1V9sN1IvDVgcIpeLI',NULL,'2024-04-24 16:38:00.000000',NULL,'5e9557865e6448d9997670476e39c9fd'),(208,'eyJhbGciOiJIUzI1NiIsInR5cCI6IkpXVCJ9.eyJ0b2tlbl90eXBlIjoicmVmcmVzaCIsImV4cCI6MTcxMzk4NDg5MCwiaWF0IjoxNzEzOTY2ODkwLCJqdGkiOiI0OTRlNTEzZWE4MDI0OWZjYTQ5N2JjMGY4M2NjNzNjYiJ9.sNkwrd5ZFENr_0NTJpdwKyHEj6gtOws1MuYTCmG-Rmg',NULL,'2024-04-24 18:54:50.000000',NULL,'494e513ea80249fca497bc0f83cc73cb'),(209,'eyJhbGciOiJIUzI1NiIsInR5cCI6IkpXVCJ9.eyJ0b2tlbl90eXBlIjoicmVmcmVzaCIsImV4cCI6MTcxMzk4NTk0NSwiaWF0IjoxNzEzOTY3OTQ1LCJqdGkiOiIzMWQyYWJmZDY2NzA0M2Q4ODhjYzViNDYxM2FjNzhhOSJ9.ZGKFphEvhKhiswPqbaeX_-XxYNRrEBeVONa3ulwIWRI',NULL,'2024-04-24 19:12:25.000000',NULL,'31d2abfd667043d888cc5b4613ac78a9'),(210,'eyJhbGciOiJIUzI1NiIsInR5cCI6IkpXVCJ9.eyJ0b2tlbl90eXBlIjoicmVmcmVzaCIsImV4cCI6MTcxMzk4ODcyMywiaWF0IjoxNzEzOTcwNzIzLCJqdGkiOiI1NjQ0Nzc4NDM4Njc0MjU5YWI1ZGZiNmI1YzQ1NjNkYiJ9.Rf5daoi8yfqpJph2THa823ZR8CvszcNvPTG-D5driXE',NULL,'2024-04-24 19:58:43.000000',NULL,'5644778438674259ab5dfb6b5c4563db'),(211,'eyJhbGciOiJIUzI1NiIsInR5cCI6IkpXVCJ9.eyJ0b2tlbl90eXBlIjoicmVmcmVzaCIsImV4cCI6MTcxMzk5MDg3NiwiaWF0IjoxNzEzOTcyODc2LCJqdGkiOiI1MzZmNDYyZGIzOWY0OGViYTIyYTlkNmUxYjVjN2VkOCJ9.vDKHg3edHEOkItjvN3fMtxbGdB47DZktcGCDJ4uMyuc',NULL,'2024-04-24 20:34:36.000000',NULL,'536f462db39f48eba22a9d6e1b5c7ed8'),(212,'eyJhbGciOiJIUzI1NiIsInR5cCI6IkpXVCJ9.eyJ0b2tlbl90eXBlIjoicmVmcmVzaCIsImV4cCI6MTcxMzk5MjAwOSwiaWF0IjoxNzEzOTc0MDA5LCJqdGkiOiI4N2M1YWE3NzkyYzg0MGIzYjRlNzk4YjZmODE4MTI3YiJ9.MEg-dQ-HXEjvbT7KlJLkEo0IjWTkGeEdsMbDCng2JRM',NULL,'2024-04-24 20:53:29.000000',NULL,'87c5aa7792c840b3b4e798b6f818127b'),(213,'eyJhbGciOiJIUzI1NiIsInR5cCI6IkpXVCJ9.eyJ0b2tlbl90eXBlIjoicmVmcmVzaCIsImV4cCI6MTcxNDA0NzU4NiwiaWF0IjoxNzE0MDI5NTg2LCJqdGkiOiIzZDU2ZjYyMzI4MDM0NTQ1Yjk3ZDYzMjE4MGU1NGQzMCJ9._dwCkVfMdOfjRoFqHgD9LY_XyJAMrU7nrCvYgZ8t3Yw',NULL,'2024-04-25 12:19:46.000000',NULL,'3d56f62328034545b97d632180e54d30'),(214,'eyJhbGciOiJIUzI1NiIsInR5cCI6IkpXVCJ9.eyJ0b2tlbl90eXBlIjoicmVmcmVzaCIsImV4cCI6MTcxNDA0ODMyOCwiaWF0IjoxNzE0MDMwMzI4LCJqdGkiOiIyNDg0MDI3NGE4OWY0YjM2ODdlN2U1YWUyMWExZjExMyJ9.6Ck69xo0HGnvBqqyTCREK8zAxYvhlFNRTDeJQgTuto0',NULL,'2024-04-25 12:32:08.000000',NULL,'24840274a89f4b3687e7e5ae21a1f113'),(215,'eyJhbGciOiJIUzI1NiIsInR5cCI6IkpXVCJ9.eyJ0b2tlbl90eXBlIjoicmVmcmVzaCIsImV4cCI6MTcxNDA0ODU3NiwiaWF0IjoxNzE0MDMwNTc2LCJqdGkiOiIxZjdlNWZmNDk2ZjM0YTAxYjgxMDNkMGMzMTdjOWUzNiJ9.4SGqGP6-WyUtFO-cqY_c59gRPIaBdpg0Glj4LjwnDrs',NULL,'2024-04-25 12:36:16.000000',NULL,'1f7e5ff496f34a01b8103d0c317c9e36'),(216,'eyJhbGciOiJIUzI1NiIsInR5cCI6IkpXVCJ9.eyJ0b2tlbl90eXBlIjoicmVmcmVzaCIsImV4cCI6MTcxNDA1MDY4MywiaWF0IjoxNzE0MDMyNjgzLCJqdGkiOiI3YjExNjU1Yjk4MmU0YWJiOWM1MGM4YTA0ZDc2YzQ4YyJ9.nilw2j-P9bnjWcxCC-3WgACv62W4na5pqmWVfehSc0M',NULL,'2024-04-25 13:11:23.000000',NULL,'7b11655b982e4abb9c50c8a04d76c48c'),(217,'eyJhbGciOiJIUzI1NiIsInR5cCI6IkpXVCJ9.eyJ0b2tlbl90eXBlIjoicmVmcmVzaCIsImV4cCI6MTcxNDA1MTE4MSwiaWF0IjoxNzE0MDMzMTgxLCJqdGkiOiJlZmJhMGU4ZjJiZDA0NmQxYWI5NGNhODg1YTQ3MWI4NyJ9.d9laHIWok44132kkdxs8tT5ULJbVB0RlpYhliOeCGGQ',NULL,'2024-04-25 13:19:41.000000',NULL,'efba0e8f2bd046d1ab94ca885a471b87'),(218,'eyJhbGciOiJIUzI1NiIsInR5cCI6IkpXVCJ9.eyJ0b2tlbl90eXBlIjoicmVmcmVzaCIsImV4cCI6MTcxNDA1MjAyNiwiaWF0IjoxNzE0MDM0MDI2LCJqdGkiOiIxNzkyZDcwZDg1ODA0MzBkOWNmMmYxY2VhMWY0M2UwNiJ9.nm3sHLw5mbCUxIvBPZ0PHeYbrIfmsrpbEA_M4TOA0f0',NULL,'2024-04-25 13:33:46.000000',NULL,'1792d70d8580430d9cf2f1cea1f43e06'),(219,'eyJhbGciOiJIUzI1NiIsInR5cCI6IkpXVCJ9.eyJ0b2tlbl90eXBlIjoicmVmcmVzaCIsImV4cCI6MTcxNDA1MjE2OSwiaWF0IjoxNzE0MDM0MTY5LCJqdGkiOiIzOTA5M2ZjZDhkMWM0NTNmYjFmODQwOWI2ODk4MjhjZSJ9.dxayLFriKJNx5BcUsplktBX3cnnVKv6Am5-gyWPUNrA',NULL,'2024-04-25 13:36:09.000000',NULL,'39093fcd8d1c453fb1f8409b689828ce'),(220,'eyJhbGciOiJIUzI1NiIsInR5cCI6IkpXVCJ9.eyJ0b2tlbl90eXBlIjoicmVmcmVzaCIsImV4cCI6MTcxNDA1MjMxOSwiaWF0IjoxNzE0MDM0MzE5LCJqdGkiOiI1ZWM5ZTQ4Y2JjM2E0NjFjOTdmYjZhMGVmZjQyMzFlYSJ9.Xn7c7rhwy4kVXnvUb6rE494H1mbD6B3xOIyMySrH0sw',NULL,'2024-04-25 13:38:39.000000',NULL,'5ec9e48cbc3a461c97fb6a0eff4231ea'),(221,'eyJhbGciOiJIUzI1NiIsInR5cCI6IkpXVCJ9.eyJ0b2tlbl90eXBlIjoicmVmcmVzaCIsImV4cCI6MTcxNDA1MjgzMCwiaWF0IjoxNzE0MDM0ODMwLCJqdGkiOiI3MWU5MGQ4NTNhMGU0MGI4YjViZmY0ZjA3YzM5ZDc2YiJ9.73GeIJlRGuy7e3O_h2tXlZD9Dmi4b9jEERzE-YYIu3c',NULL,'2024-04-25 13:47:10.000000',NULL,'71e90d853a0e40b8b5bff4f07c39d76b'),(222,'eyJhbGciOiJIUzI1NiIsInR5cCI6IkpXVCJ9.eyJ0b2tlbl90eXBlIjoicmVmcmVzaCIsImV4cCI6MTcxNDA2NTM0NywiaWF0IjoxNzE0MDQ3MzQ3LCJqdGkiOiJiOGNkZDMyYTNlNTI0Y2M0ODRiZTk1ZGIwYjZjYTM4OCJ9.4jyfusAOYlSFOqg8lRcKDNOjygzZquEQmNGqtHmu5WA',NULL,'2024-04-25 17:15:47.000000',NULL,'b8cdd32a3e524cc484be95db0b6ca388'),(223,'eyJhbGciOiJIUzI1NiIsInR5cCI6IkpXVCJ9.eyJ0b2tlbl90eXBlIjoicmVmcmVzaCIsImV4cCI6MTcxNDA2NTM1MiwiaWF0IjoxNzE0MDQ3MzUyLCJqdGkiOiI5YzUxNmVlYTRiZjQ0ZTYxYWYyNzhhZTAwMmMwZTdjNSIsInVzZXJfaWQiOjEzfQ.mYsw-k9prbrTwjq3HwJFRsxzvYX41cEm4VRhKNf1cpA','2024-04-25 12:15:52.771138','2024-04-25 17:15:52.000000',NULL,'9c516eea4bf44e61af278ae002c0e7c5'),(224,'eyJhbGciOiJIUzI1NiIsInR5cCI6IkpXVCJ9.eyJ0b2tlbl90eXBlIjoicmVmcmVzaCIsImV4cCI6MTcxNDA2NTk3NiwiaWF0IjoxNzE0MDQ3OTc2LCJqdGkiOiI1Y2FiY2NhMDFlZjk0MTRhOGYyNTE5NTdjM2ZkNjA2ZCJ9.ppmhXbZj4svwkTIiZlvAyiTXyucTJcbPVv6kemuQuMU',NULL,'2024-04-25 17:26:16.000000',NULL,'5cabcca01ef9414a8f251957c3fd606d'),(225,'eyJhbGciOiJIUzI1NiIsInR5cCI6IkpXVCJ9.eyJ0b2tlbl90eXBlIjoicmVmcmVzaCIsImV4cCI6MTcxNDA2NjEzNywiaWF0IjoxNzE0MDQ4MTM3LCJqdGkiOiI5NTI3YzlkOTEzYzM0MDY4OThiYTlmNmFiZWIxYTIwYiJ9.hbxTd-Hn5Qhcp9iamRkSD94QGhgtOWQu5FqbGy4G9rw',NULL,'2024-04-25 17:28:57.000000',NULL,'9527c9d913c3406898ba9f6abeb1a20b'),(226,'eyJhbGciOiJIUzI1NiIsInR5cCI6IkpXVCJ9.eyJ0b2tlbl90eXBlIjoicmVmcmVzaCIsImV4cCI6MTcxNDA2NjQ1MywiaWF0IjoxNzE0MDQ4NDUzLCJqdGkiOiI5NjY4MWI4OTIyYTM0ZTVhOTE2OTkyNDQ4Mzk4OGZmMSJ9.f1LxaC7U-LyhLj_VgejXZhjzrA9D4E9sAP8Wsvzv9Qg',NULL,'2024-04-25 17:34:13.000000',NULL,'96681b8922a34e5a9169924483988ff1'),(227,'eyJhbGciOiJIUzI1NiIsInR5cCI6IkpXVCJ9.eyJ0b2tlbl90eXBlIjoicmVmcmVzaCIsImV4cCI6MTcxNDA3MTc3OCwiaWF0IjoxNzE0MDUzNzc4LCJqdGkiOiJhMDNiODBjM2RmZjQ0OTFmOTZjMDVjYWU0NDA4ODZiZSJ9.QqCpcgbN02rnxSrShiwkQ73QH551v_Rl_QsuDtctlu0',NULL,'2024-04-25 19:02:58.000000',NULL,'a03b80c3dff4491f96c05cae440886be'),(228,'eyJhbGciOiJIUzI1NiIsInR5cCI6IkpXVCJ9.eyJ0b2tlbl90eXBlIjoicmVmcmVzaCIsImV4cCI6MTcxNDA3NTE1OCwiaWF0IjoxNzE0MDU3MTU4LCJqdGkiOiJiYWZkZmMyOTY5MDY0NDQ4YTdiZGE4NmUyNTVlODAwYyIsInVzZXJfaWQiOjR9.NA1rUen8wbRVCbBpNJF6j1n1D8YbSJLtK9uL28e5I-8','2024-04-25 14:59:18.438571','2024-04-25 19:59:18.000000',NULL,'bafdfc2969064448a7bda86e255e800c'),(229,'eyJhbGciOiJIUzI1NiIsInR5cCI6IkpXVCJ9.eyJ0b2tlbl90eXBlIjoicmVmcmVzaCIsImV4cCI6MTcxNDA3Nzg5OSwiaWF0IjoxNzE0MDU5ODk5LCJqdGkiOiI3NTZlMWM4MTQyMGY0OGNlYjQyNjRmMTRhOWZkMjUyNSJ9.tNt-UHGQHFIUp1X2c37El0dR-MFOy7r8bSlmPfrGy6k',NULL,'2024-04-25 20:44:59.000000',NULL,'756e1c81420f48ceb4264f14a9fd2525'),(230,'eyJhbGciOiJIUzI1NiIsInR5cCI6IkpXVCJ9.eyJ0b2tlbl90eXBlIjoicmVmcmVzaCIsImV4cCI6MTcxNDA5MzUwNiwiaWF0IjoxNzE0MDc1NTA2LCJqdGkiOiI5YTYyY2M0NjE5ZWY0ODk3YmM0M2JlZjc1ZWE5NDUyYiJ9.T7uRLFIThI9P0t7B0F8bQuHiS3uxx4Ft5TJItEAFuyY',NULL,'2024-04-26 01:05:06.000000',NULL,'9a62cc4619ef4897bc43bef75ea9452b'),(231,'eyJhbGciOiJIUzI1NiIsInR5cCI6IkpXVCJ9.eyJ0b2tlbl90eXBlIjoicmVmcmVzaCIsImV4cCI6MTcxNDA5MzUwNywiaWF0IjoxNzE0MDc1NTA3LCJqdGkiOiIwNjY3ZTM5ZjcwYjU0NWU3OTFhOWRiMjIzZWUyMWQ5NiJ9.HF9qdd5GxZuQzGpFc6xcA3a6FQEKpx86pq_VSgg9St8',NULL,'2024-04-26 01:05:07.000000',NULL,'0667e39f70b545e791a9db223ee21d96'),(232,'eyJhbGciOiJIUzI1NiIsInR5cCI6IkpXVCJ9.eyJ0b2tlbl90eXBlIjoicmVmcmVzaCIsImV4cCI6MTcxNDA5NzY5NSwiaWF0IjoxNzE0MDc5Njk1LCJqdGkiOiI3NWY1ODZmOTFjMTk0MDEwYmI3OWMxZTUxZjJjZTk3MyJ9.c_EWshQjvL8Fh2sgbwTIhNKmINJUZWvXbMTR2UDe-uc',NULL,'2024-04-26 02:14:55.000000',NULL,'75f586f91c194010bb79c1e51f2ce973'),(233,'eyJhbGciOiJIUzI1NiIsInR5cCI6IkpXVCJ9.eyJ0b2tlbl90eXBlIjoicmVmcmVzaCIsImV4cCI6MTcxNDEyMzc3MCwiaWF0IjoxNzE0MTA1NzcwLCJqdGkiOiI5MTNkNGYwZGFiMTA0MWM2OThkYTQyMDUyN2I0MGZlNSJ9.4kHZQZLnuy-DatTbTFifH7rY1WQdpw8qDgAheDbTtZ8',NULL,'2024-04-26 09:29:30.000000',NULL,'913d4f0dab1041c698da420527b40fe5'),(234,'eyJhbGciOiJIUzI1NiIsInR5cCI6IkpXVCJ9.eyJ0b2tlbl90eXBlIjoicmVmcmVzaCIsImV4cCI6MTcxNDEyNTE3MCwiaWF0IjoxNzE0MTA3MTcwLCJqdGkiOiI3OWJkYjYzZWNlZmQ0NjcwODYxZDZkM2ZkZGExMWRlOCJ9.wHGacEEKWa3JGRx0q5va7-99qHm2N1pQe3_P6gZNLk4',NULL,'2024-04-26 09:52:50.000000',NULL,'79bdb63ecefd4670861d6d3fdda11de8'),(235,'eyJhbGciOiJIUzI1NiIsInR5cCI6IkpXVCJ9.eyJ0b2tlbl90eXBlIjoicmVmcmVzaCIsImV4cCI6MTcxNDEyNjc0OSwiaWF0IjoxNzE0MTA4NzQ5LCJqdGkiOiI3ZDZhZWFiOTg2ZTg0YmIwOTZkNDlkNGZmOWUwN2U1MiJ9.C5AYigUrWijUH9XtlLVOSLh-BmBCH8TN5WlDlWibmrA',NULL,'2024-04-26 10:19:09.000000',NULL,'7d6aeab986e84bb096d49d4ff9e07e52'),(236,'eyJhbGciOiJIUzI1NiIsInR5cCI6IkpXVCJ9.eyJ0b2tlbl90eXBlIjoicmVmcmVzaCIsImV4cCI6MTcxNDEzNjk1NywiaWF0IjoxNzE0MTE4OTU3LCJqdGkiOiJiZWI3MmVmOTMyNmQ0MjQzYjIzMDBhNzU5OTA4NzJlZiJ9.fw2Qy_IDJ37q-JVbDEVpxMNjdVZ3l5APdipMMzcH-2M',NULL,'2024-04-26 13:09:17.000000',NULL,'beb72ef9326d4243b2300a75990872ef'),(237,'eyJhbGciOiJIUzI1NiIsInR5cCI6IkpXVCJ9.eyJ0b2tlbl90eXBlIjoicmVmcmVzaCIsImV4cCI6MTcxNDEzODg0OSwiaWF0IjoxNzE0MTIwODQ5LCJqdGkiOiI5ZWE4M2FiZDIzNWE0OTRiYmNkZGFmYjY4Mjg3OGNmYyJ9.S_1JT-emnQ895Wyh0e7Aa_RmjkC5RXMbIxkdAbO5nVU',NULL,'2024-04-26 13:40:49.000000',NULL,'9ea83abd235a494bbcddafb682878cfc'),(238,'eyJhbGciOiJIUzI1NiIsInR5cCI6IkpXVCJ9.eyJ0b2tlbl90eXBlIjoicmVmcmVzaCIsImV4cCI6MTcxNDEzODkxNywiaWF0IjoxNzE0MTIwOTE3LCJqdGkiOiJiYjRhZWQ2MWRkNjg0OTQ5OTkyMWQyNmFhNDkwMzk1MyJ9.m4oeukcZuP1l8X-W0KBCLqwFYjFe-DKIUfOtnB9Km7c',NULL,'2024-04-26 13:41:57.000000',NULL,'bb4aed61dd6849499921d26aa4903953'),(239,'eyJhbGciOiJIUzI1NiIsInR5cCI6IkpXVCJ9.eyJ0b2tlbl90eXBlIjoicmVmcmVzaCIsImV4cCI6MTcxNDEzODk4NCwiaWF0IjoxNzE0MTIwOTg0LCJqdGkiOiI5ZTBmMzU4ZGEwNTY0MGQzYTI4M2I5ODE1NDI3ODFjMCJ9.jc13ACOUrYxUX9Vms3Qp5oXIuNudnoXzgARjbKxo9hw',NULL,'2024-04-26 13:43:04.000000',NULL,'9e0f358da05640d3a283b981542781c0'),(240,'eyJhbGciOiJIUzI1NiIsInR5cCI6IkpXVCJ9.eyJ0b2tlbl90eXBlIjoicmVmcmVzaCIsImV4cCI6MTcxNDEzOTAzNywiaWF0IjoxNzE0MTIxMDM3LCJqdGkiOiJkNjdjYWRiMTkzODg0Y2Q5ODQyNzFmYmE1NTlmZTU4MyJ9.e2rHZ4O-9OXVAXohTBDjOAIuU0UbHH5BzOOONLF3sBs',NULL,'2024-04-26 13:43:57.000000',NULL,'d67cadb193884cd984271fba559fe583'),(241,'eyJhbGciOiJIUzI1NiIsInR5cCI6IkpXVCJ9.eyJ0b2tlbl90eXBlIjoicmVmcmVzaCIsImV4cCI6MTcxNDEzOTA2MCwiaWF0IjoxNzE0MTIxMDYwLCJqdGkiOiI3ZjI1NjFhZDEzN2Q0OTE3YmY5NzhkZWMwYTFmMmEzMyJ9.JpC0OnRdxgpjSnimTspJlJWDtewvPzxqdicjZr0Nnas',NULL,'2024-04-26 13:44:20.000000',NULL,'7f2561ad137d4917bf978dec0a1f2a33'),(242,'eyJhbGciOiJIUzI1NiIsInR5cCI6IkpXVCJ9.eyJ0b2tlbl90eXBlIjoicmVmcmVzaCIsImV4cCI6MTcxNDEzOTc3MiwiaWF0IjoxNzE0MTIxNzcyLCJqdGkiOiI5NDE4ZWIxODZiMWU0ZDBiYmVmYWNmNDQ2YjNjMjRjNSJ9.L0U0ZsK7yki14wKdoDFHD6DZwnkiKL2naaKRLfU5oDM',NULL,'2024-04-26 13:56:12.000000',NULL,'9418eb186b1e4d0bbefacf446b3c24c5'),(243,'eyJhbGciOiJIUzI1NiIsInR5cCI6IkpXVCJ9.eyJ0b2tlbl90eXBlIjoicmVmcmVzaCIsImV4cCI6MTcxNDE0MDU3OCwiaWF0IjoxNzE0MTIyNTc4LCJqdGkiOiJlZmI1NTQzMjI2ZWY0ZjQyOGM4NTIzNThkY2Y4N2E2ZCJ9.Y5sqPIl7uCzAvQO1k6tBdAYwy8XNEv_G2-Aa1t-Z8ok',NULL,'2024-04-26 14:09:38.000000',NULL,'efb5543226ef4f428c852358dcf87a6d'),(244,'eyJhbGciOiJIUzI1NiIsInR5cCI6IkpXVCJ9.eyJ0b2tlbl90eXBlIjoicmVmcmVzaCIsImV4cCI6MTcxNDE1MjY2MCwiaWF0IjoxNzE0MTM0NjYwLCJqdGkiOiI2ODRhZTIyOWFmY2U0ZDVlOWJlNGE1Nzc4OTBjZGM1NSJ9.eRKPUdWqTB21uEU_Fv0q_UKZUsrK8ex3WF0_jkZci_U',NULL,'2024-04-26 17:31:00.000000',NULL,'684ae229afce4d5e9be4a577890cdc55'),(245,'eyJhbGciOiJIUzI1NiIsInR5cCI6IkpXVCJ9.eyJ0b2tlbl90eXBlIjoicmVmcmVzaCIsImV4cCI6MTcxNDE1MzUzMiwiaWF0IjoxNzE0MTM1NTMyLCJqdGkiOiIxZWE3YzZiNzE3MDI0Yzc0ODEwZTBmOGExNmM4MDNmYSJ9.reTUS8Bcm7INl2-CRuHTT22PpM3skOmCGXKBFYPYGgE',NULL,'2024-04-26 17:45:32.000000',NULL,'1ea7c6b717024c74810e0f8a16c803fa'),(246,'eyJhbGciOiJIUzI1NiIsInR5cCI6IkpXVCJ9.eyJ0b2tlbl90eXBlIjoicmVmcmVzaCIsImV4cCI6MTcxNDMyMjAzNSwiaWF0IjoxNzE0MzA0MDM1LCJqdGkiOiI1MTg4YzdhZmE1ODg0NTA2YjVkMzgzZjZkZTU0ZmM1NSJ9.DMuG_ih2hjnixTGSwp1_tuijzxZHgt4HNHCy-iFTK-I',NULL,'2024-04-28 16:33:55.000000',NULL,'5188c7afa5884506b5d383f6de54fc55'),(247,'eyJhbGciOiJIUzI1NiIsInR5cCI6IkpXVCJ9.eyJ0b2tlbl90eXBlIjoicmVmcmVzaCIsImV4cCI6MTcxNDMyMjE2OCwiaWF0IjoxNzE0MzA0MTY4LCJqdGkiOiI4YjFjNDIxNGYxMzc0N2ZjODJjMWRmOTExNjYxYzY3YSJ9.O82mGMWbdXOkPjjo4MUNPPLXrIsbzb9dBja9g1x9JrQ',NULL,'2024-04-28 16:36:08.000000',NULL,'8b1c4214f13747fc82c1df911661c67a'),(248,'eyJhbGciOiJIUzI1NiIsInR5cCI6IkpXVCJ9.eyJ0b2tlbl90eXBlIjoicmVmcmVzaCIsImV4cCI6MTcxNDM0NzkxMywiaWF0IjoxNzE0MzI5OTEzLCJqdGkiOiJkNWQyMzI0M2JiZmQ0M2JhODg5YzAwNDhiM2IyNjhmYSJ9.4kN0HTywRNDwhGkRKDtOytYufz5FyXEsToV-RzGkV2A',NULL,'2024-04-28 23:45:13.000000',NULL,'d5d23243bbfd43ba889c0048b3b268fa'),(249,'eyJhbGciOiJIUzI1NiIsInR5cCI6IkpXVCJ9.eyJ0b2tlbl90eXBlIjoicmVmcmVzaCIsImV4cCI6MTcxNDM0NzkyNCwiaWF0IjoxNzE0MzI5OTI0LCJqdGkiOiJiZjJkZTY1YmQwZjY0YmFkYWY3NDEyMzY1MTBjYjAzNCJ9.zpEZLiw3UkYk8vcK98wy3h3WzRAY-QF4SHG1teHICOU',NULL,'2024-04-28 23:45:24.000000',NULL,'bf2de65bd0f64badaf741236510cb034'),(250,'eyJhbGciOiJIUzI1NiIsInR5cCI6IkpXVCJ9.eyJ0b2tlbl90eXBlIjoicmVmcmVzaCIsImV4cCI6MTcxNDM0ODAyOSwiaWF0IjoxNzE0MzMwMDI5LCJqdGkiOiI1MzAxYWY3MmEyNjA0M2VmODlmOTBmZTlmMzA2MDQ0YSJ9.xKCcKKElGmERO46zIYdmi07CvE4sXXiCW-0oZDF7gco',NULL,'2024-04-28 23:47:09.000000',NULL,'5301af72a26043ef89f90fe9f306044a'),(251,'eyJhbGciOiJIUzI1NiIsInR5cCI6IkpXVCJ9.eyJ0b2tlbl90eXBlIjoicmVmcmVzaCIsImV4cCI6MTcxNDM1MjQ1MSwiaWF0IjoxNzE0MzM0NDUxLCJqdGkiOiI5YTc0MGIzODk0OWU0OWM4ODYyY2Q3ZjExNTRiOTAzYSJ9.DST_ZR8yha5PAau-3mbMo3AZ-cB8X9sY3BVE7fBu8_U',NULL,'2024-04-29 01:00:51.000000',NULL,'9a740b38949e49c8862cd7f1154b903a'),(252,'eyJhbGciOiJIUzI1NiIsInR5cCI6IkpXVCJ9.eyJ0b2tlbl90eXBlIjoicmVmcmVzaCIsImV4cCI6MTcxNDM1Mjc3NCwiaWF0IjoxNzE0MzM0Nzc0LCJqdGkiOiIwY2YwZWVmZjRkZTE0YzUyYjIyZTVhNzJmZTlkOTk3YyIsInVzZXJfaWQiOjR9.OIfn1SJS5H9TROGoKbZWY-vK0Z2Wyt09qA_FklHrZic','2024-04-28 20:06:14.826578','2024-04-29 01:06:14.000000',NULL,'0cf0eeff4de14c52b22e5a72fe9d997c'),(253,'eyJhbGciOiJIUzI1NiIsInR5cCI6IkpXVCJ9.eyJ0b2tlbl90eXBlIjoicmVmcmVzaCIsImV4cCI6MTcxNDM1Mjc4NCwiaWF0IjoxNzE0MzM0Nzg0LCJqdGkiOiJkYWU2NTU1ZjA4M2Y0NGViOGI1NDdiNmJlNzQzZWZhNSJ9.ZI_zGx_bvnDu-c1dSjlCaW70i_6ZMdObF5mUu2unqRo',NULL,'2024-04-29 01:06:24.000000',NULL,'dae6555f083f44eb8b547b6be743efa5'),(254,'eyJhbGciOiJIUzI1NiIsInR5cCI6IkpXVCJ9.eyJ0b2tlbl90eXBlIjoicmVmcmVzaCIsImV4cCI6MTcxNDM1Mjc5MSwiaWF0IjoxNzE0MzM0NzkxLCJqdGkiOiJhYjY5NDAwMWJlODg0MzAwYWMzZGZiZTU5MzBjZTI2OCIsInVzZXJfaWQiOjR9.NzuhwN7h5Ap7lgrAdmyRxuhVC62mhw_qbwCnRoqoFNw','2024-04-28 20:06:31.950123','2024-04-29 01:06:31.000000',NULL,'ab694001be884300ac3dfbe5930ce268'),(255,'eyJhbGciOiJIUzI1NiIsInR5cCI6IkpXVCJ9.eyJ0b2tlbl90eXBlIjoicmVmcmVzaCIsImV4cCI6MTcxNDM1Mjc5NCwiaWF0IjoxNzE0MzM0Nzk0LCJqdGkiOiIxNWNjZmViNDEwMDE0MjczYmQ2YjQ2YjlmNjg5N2Y1MiJ9.ej0QcCrQF3EEBdhP2oPjgulbhBvuiYhBhpIqLn3kPfA',NULL,'2024-04-29 01:06:34.000000',NULL,'15ccfeb410014273bd6b46b9f6897f52'),(256,'eyJhbGciOiJIUzI1NiIsInR5cCI6IkpXVCJ9.eyJ0b2tlbl90eXBlIjoicmVmcmVzaCIsImV4cCI6MTcxNDM1MjgzOSwiaWF0IjoxNzE0MzM0ODM5LCJqdGkiOiI1NGRjYTU0MGE4YTU0ZWUxOTY3NDNjYzI4OTU3Njk3YiJ9.b00cX3S2G7CmYS3xKH8ddWEpX0f3Nne3QWTUe5EZ478',NULL,'2024-04-29 01:07:19.000000',NULL,'54dca540a8a54ee196743cc28957697b'),(257,'eyJhbGciOiJIUzI1NiIsInR5cCI6IkpXVCJ9.eyJ0b2tlbl90eXBlIjoicmVmcmVzaCIsImV4cCI6MTcxNDM1MjkyMywiaWF0IjoxNzE0MzM0OTIzLCJqdGkiOiI3YTg0OGVkZDdiMDY0ZDc5OGExMWQ2Nzc0MGE4NDRhOCIsInVzZXJfaWQiOjR9.X4Ip_F67wQ1kBJFciCp1zulFKWqI4_hTBAzgM1LdLaU','2024-04-28 20:08:43.827831','2024-04-29 01:08:43.000000',NULL,'7a848edd7b064d798a11d67740a844a8'),(258,'eyJhbGciOiJIUzI1NiIsInR5cCI6IkpXVCJ9.eyJ0b2tlbl90eXBlIjoicmVmcmVzaCIsImV4cCI6MTcxNDM1Mjk0NCwiaWF0IjoxNzE0MzM0OTQ0LCJqdGkiOiI4NjU2ZDA4NTFjMTg0OTA0OTYxNDdiODMwN2EzYjg2NyJ9.LEl3PsNBfke6kkZSLesu6VzZQSuvZ5agPwjtTzcS3g8',NULL,'2024-04-29 01:09:04.000000',NULL,'8656d0851c18490496147b8307a3b867'),(259,'eyJhbGciOiJIUzI1NiIsInR5cCI6IkpXVCJ9.eyJ0b2tlbl90eXBlIjoicmVmcmVzaCIsImV4cCI6MTcxNDM1MzEyOCwiaWF0IjoxNzE0MzM1MTI4LCJqdGkiOiIzZTY5Yjc1MTllNWI0ODg2YWYzN2ZmNjYxYjQ2OTY5YSJ9.6efJ1tXAUCBuitOJegjxclfWViQXbHZKz5RCcsLIgJQ',NULL,'2024-04-29 01:12:08.000000',NULL,'3e69b7519e5b4886af37ff661b46969a'),(260,'eyJhbGciOiJIUzI1NiIsInR5cCI6IkpXVCJ9.eyJ0b2tlbl90eXBlIjoicmVmcmVzaCIsImV4cCI6MTcxNDM1MzEzNCwiaWF0IjoxNzE0MzM1MTM0LCJqdGkiOiJlOTkyMDBkNDFiZmM0MmVjYjI2YTI3NzE5NjU4ZWI4YiIsInVzZXJfaWQiOjR9.Nk4ONCVzWjiJl82DVIPYWqYmHMhUCoyGnd6JIxCzS1I','2024-04-28 20:12:14.704653','2024-04-29 01:12:14.000000',NULL,'e99200d41bfc42ecb26a27719658eb8b'),(261,'eyJhbGciOiJIUzI1NiIsInR5cCI6IkpXVCJ9.eyJ0b2tlbl90eXBlIjoicmVmcmVzaCIsImV4cCI6MTcxNDM1MzEzNiwiaWF0IjoxNzE0MzM1MTM2LCJqdGkiOiI0MzFiNWRlMWQyYWU0MzQyODdjYzE3ZmUzMGZhZGI5YiJ9.ZkNxbhYLwIRdQxFws3NfwbaPqLXBQCG6irYvudcqZAo',NULL,'2024-04-29 01:12:16.000000',NULL,'431b5de1d2ae434287cc17fe30fadb9b'),(262,'eyJhbGciOiJIUzI1NiIsInR5cCI6IkpXVCJ9.eyJ0b2tlbl90eXBlIjoicmVmcmVzaCIsImV4cCI6MTcxNDM1MzM1MSwiaWF0IjoxNzE0MzM1MzUxLCJqdGkiOiJjMzMyNTYzYzdlOTA0ODI1YmQ5NGFmNDA5YjhlNDZhYSJ9.pI1F4PLsTE11spr52BrIjbiTtJZ5rYF6aj7U5HBhdwk',NULL,'2024-04-29 01:15:51.000000',NULL,'c332563c7e904825bd94af409b8e46aa'),(263,'eyJhbGciOiJIUzI1NiIsInR5cCI6IkpXVCJ9.eyJ0b2tlbl90eXBlIjoicmVmcmVzaCIsImV4cCI6MTcxNDM1MzQwMCwiaWF0IjoxNzE0MzM1NDAwLCJqdGkiOiIxYmFjZDQ3YjFhOTU0MmZhOTFhNjkwNDdjNjQxZDM1ZCIsInVzZXJfaWQiOjR9.-BedaqUn0nm6ljDQ8onxVJtNPzoJgCCaKNqJEjEtZ5g','2024-04-28 20:16:40.968269','2024-04-29 01:16:40.000000',NULL,'1bacd47b1a9542fa91a69047c641d35d'),(264,'eyJhbGciOiJIUzI1NiIsInR5cCI6IkpXVCJ9.eyJ0b2tlbl90eXBlIjoicmVmcmVzaCIsImV4cCI6MTcxNDM3MzI2MywiaWF0IjoxNzE0MzU1MjYzLCJqdGkiOiI4NGJlZWI5NjA4YjM0NGVlYTkyYmNlMDliOWUyYTA0ZiJ9.T5GA8O-NWwf_Y8QpG0khPnwm6YZnXZKV98DngIbe0L0',NULL,'2024-04-29 06:47:43.000000',NULL,'84beeb9608b344eea92bce09b9e2a04f'),(265,'eyJhbGciOiJIUzI1NiIsInR5cCI6IkpXVCJ9.eyJ0b2tlbl90eXBlIjoicmVmcmVzaCIsImV4cCI6MTcxNDM5MTk2NywiaWF0IjoxNzE0MzczOTY3LCJqdGkiOiJhMTNkN2QxNzZlM2Y0MzhkODlmYWM0ZmNhZWYyMDE5NyJ9.FOQAhOQorjxbHb8HcxePwmgjHKkC0wGHDdKRcsW_Cno',NULL,'2024-04-29 11:59:27.000000',NULL,'a13d7d176e3f438d89fac4fcaef20197'),(266,'eyJhbGciOiJIUzI1NiIsInR5cCI6IkpXVCJ9.eyJ0b2tlbl90eXBlIjoicmVmcmVzaCIsImV4cCI6MTcxNDM5MTk4MywiaWF0IjoxNzE0MzczOTgzLCJqdGkiOiJjZWMzZmE1NWJmN2Y0YjlhOTBiYTM1YWUzZTJiZTMwZSIsInVzZXJfaWQiOjR9.LBNyPa8UkXM_yTh0x3TmrAlLD_5i0ESjBQnU8W8hxY0','2024-04-29 06:59:43.783475','2024-04-29 11:59:43.000000',NULL,'cec3fa55bf7f4b9a90ba35ae3e2be30e'),(267,'eyJhbGciOiJIUzI1NiIsInR5cCI6IkpXVCJ9.eyJ0b2tlbl90eXBlIjoicmVmcmVzaCIsImV4cCI6MTcxNDM5MTk4NiwiaWF0IjoxNzE0MzczOTg2LCJqdGkiOiJmNTE5NjU0NGRjMWE0MmFkYjM1NTM3YjdlNThjMTMxYSJ9.9yz1UjAixH98PynNEkizx5iMgLfNAOMTvBvUBFu1Dp0',NULL,'2024-04-29 11:59:46.000000',NULL,'f5196544dc1a42adb35537b7e58c131a'),(268,'eyJhbGciOiJIUzI1NiIsInR5cCI6IkpXVCJ9.eyJ0b2tlbl90eXBlIjoicmVmcmVzaCIsImV4cCI6MTcxNDM5MjA1NSwiaWF0IjoxNzE0Mzc0MDU1LCJqdGkiOiIwMzcwNTc5ZDU3YTE0YzAyOGJiODRlMmM2MDFkYWJkMCIsInVzZXJfaWQiOjR9.DVl40_m7DzjNBx0uZDNzXTS9FVJzeQsaB0jEdKUtfUA','2024-04-29 07:00:55.853679','2024-04-29 12:00:55.000000',NULL,'0370579d57a14c028bb84e2c601dabd0'),(269,'eyJhbGciOiJIUzI1NiIsInR5cCI6IkpXVCJ9.eyJ0b2tlbl90eXBlIjoicmVmcmVzaCIsImV4cCI6MTcxNDQwOTgzNSwiaWF0IjoxNzE0MzkxODM1LCJqdGkiOiJlNWQ2MWI4ZGJmYTk0ZDljOTliODFlYjhjYzBiZTI1YiIsInVzZXJfaWQiOjR9.CdYxOde36slwyzC60OOCsQDfpqRpp1o0oHqxZQNJNjE','2024-04-29 11:57:15.524227','2024-04-29 16:57:15.000000',NULL,'e5d61b8dbfa94d9c99b81eb8cc0be25b'),(270,'eyJhbGciOiJIUzI1NiIsInR5cCI6IkpXVCJ9.eyJ0b2tlbl90eXBlIjoicmVmcmVzaCIsImV4cCI6MTcxNDQwOTgzNywiaWF0IjoxNzE0MzkxODM3LCJqdGkiOiI0YmMwMGQyNTYxNTA0YjYwYTZiNjBkNDIzZmM0NzZkYiIsInVzZXJfaWQiOjR9.rYt7PdD2nXxJRNh3H3Lm3cLEslmjAr_o-Zz36YwU0yc','2024-04-29 11:57:17.015311','2024-04-29 16:57:17.000000',NULL,'4bc00d2561504b60a6b60d423fc476db'),(271,'eyJhbGciOiJIUzI1NiIsInR5cCI6IkpXVCJ9.eyJ0b2tlbl90eXBlIjoicmVmcmVzaCIsImV4cCI6MTcxNDQxOTU1NiwiaWF0IjoxNzE0NDAxNTU2LCJqdGkiOiI3ZGVkNTI1NDY1NmY0ZDJiYjAxY2U5YWI1ZDdmN2RjMiJ9.Xq-I0_yHka65IpWU2FmupIQ7TMIcsFTdfGQFxKfpdQ4',NULL,'2024-04-29 19:39:16.000000',NULL,'7ded5254656f4d2bb01ce9ab5d7f7dc2'),(272,'eyJhbGciOiJIUzI1NiIsInR5cCI6IkpXVCJ9.eyJ0b2tlbl90eXBlIjoicmVmcmVzaCIsImV4cCI6MTcxNDQxOTU2NSwiaWF0IjoxNzE0NDAxNTY1LCJqdGkiOiI1MDRlZDFiOTkzMzE0ZDgyYmE3OTA3YzJlNmM2ZmIxNCIsInVzZXJfaWQiOjR9.O_vBjOP83hFq4q2UXuveOWEGC01HCe6bdK0MEszCVnM','2024-04-29 14:39:25.442829','2024-04-29 19:39:25.000000',NULL,'504ed1b993314d82ba7907c2e6c6fb14'),(273,'eyJhbGciOiJIUzI1NiIsInR5cCI6IkpXVCJ9.eyJ0b2tlbl90eXBlIjoicmVmcmVzaCIsImV4cCI6MTcxNDQxOTU5MiwiaWF0IjoxNzE0NDAxNTkyLCJqdGkiOiI0NTlhMGM3MDM5ZGQ0YjA0ODcxZDA2NWQ2NWE0YjgxMiJ9.D9WcD6zxLp4zNyBZDRoyfHS_PJLhp_E-QO4wJpkvmRA',NULL,'2024-04-29 19:39:52.000000',NULL,'459a0c7039dd4b04871d065d65a4b812'),(274,'eyJhbGciOiJIUzI1NiIsInR5cCI6IkpXVCJ9.eyJ0b2tlbl90eXBlIjoicmVmcmVzaCIsImV4cCI6MTcxNDQxOTYyNCwiaWF0IjoxNzE0NDAxNjI0LCJqdGkiOiJmZTg2MjI1MTg4Mjk0ZDg3YWU5MTZiNjJjZTNlMDJhYiIsInVzZXJfaWQiOjR9.gKyfHt5JT1cqpbaqUtH1ZwV5LEmTcw_yr6k-PNfNKtc','2024-04-29 14:40:24.092259','2024-04-29 19:40:24.000000',NULL,'fe86225188294d87ae916b62ce3e02ab'),(275,'eyJhbGciOiJIUzI1NiIsInR5cCI6IkpXVCJ9.eyJ0b2tlbl90eXBlIjoicmVmcmVzaCIsImV4cCI6MTcxNDQxOTcyNywiaWF0IjoxNzE0NDAxNzI3LCJqdGkiOiJlZmM1MWI0ODc2ODE0NWUwYjg4MDAyOThhZDBiOGY4ZCJ9.h_2dc4ibxsYfJVUpLLQd4RnYqyCK5p3X9NzhLf5kX-A',NULL,'2024-04-29 19:42:07.000000',NULL,'efc51b48768145e0b8800298ad0b8f8d'),(276,'eyJhbGciOiJIUzI1NiIsInR5cCI6IkpXVCJ9.eyJ0b2tlbl90eXBlIjoicmVmcmVzaCIsImV4cCI6MTcxNDQyMDAxMSwiaWF0IjoxNzE0NDAyMDExLCJqdGkiOiI3NjI1NmFmYTMwNTQ0MzQ1YTVjYzlkMDc2YTgzNmVhMSIsInVzZXJfaWQiOjR9.iay5qI_r1F_emVUOYWbYIKLzW8Gx6YMB6RDcTdwaloU','2024-04-29 14:46:51.690609','2024-04-29 19:46:51.000000',NULL,'76256afa30544345a5cc9d076a836ea1'),(277,'eyJhbGciOiJIUzI1NiIsInR5cCI6IkpXVCJ9.eyJ0b2tlbl90eXBlIjoicmVmcmVzaCIsImV4cCI6MTcxNDQyMDAxNSwiaWF0IjoxNzE0NDAyMDE1LCJqdGkiOiJlNjVlOTYyOTk5MWE0YTMzODc4ZTcyZDM0NTZkYWNiYiJ9.WrmcecDEEr5mvAQyARTkyibrGKYSqBDVKgXFe6HbC08',NULL,'2024-04-29 19:46:55.000000',NULL,'e65e9629991a4a33878e72d3456dacbb'),(278,'eyJhbGciOiJIUzI1NiIsInR5cCI6IkpXVCJ9.eyJ0b2tlbl90eXBlIjoicmVmcmVzaCIsImV4cCI6MTcxNDQyMDA5NiwiaWF0IjoxNzE0NDAyMDk2LCJqdGkiOiIzY2U4YjliZThjZDY0MDA3YTY0NjRjZDE2Mzg2OWQ0NyIsInVzZXJfaWQiOjR9.YpaH4i1x70wcuvHZ_FsRiMgDJtcqt07i8lhr6SQf4iI','2024-04-29 14:48:16.191174','2024-04-29 19:48:16.000000',NULL,'3ce8b9be8cd64007a6464cd163869d47'),(279,'eyJhbGciOiJIUzI1NiIsInR5cCI6IkpXVCJ9.eyJ0b2tlbl90eXBlIjoicmVmcmVzaCIsImV4cCI6MTcxNDQyMDEzNiwiaWF0IjoxNzE0NDAyMTM2LCJqdGkiOiI3YzgwMTg1ZGFjMDU0OGViYjgwOTQzYWFkYWVmYWUyMSJ9.kiwSW9Tgic9VXss_f144NA_jxElp8duUetrpcX5lE3Y',NULL,'2024-04-29 19:48:56.000000',NULL,'7c80185dac0548ebb80943aadaefae21'),(280,'eyJhbGciOiJIUzI1NiIsInR5cCI6IkpXVCJ9.eyJ0b2tlbl90eXBlIjoicmVmcmVzaCIsImV4cCI6MTcxNDQyMDE0NiwiaWF0IjoxNzE0NDAyMTQ2LCJqdGkiOiIwZjA4NDZiZTJjY2M0MGJiOGY3MTA2M2JlZDY0NDUzNyIsInVzZXJfaWQiOjR9.ec5SlxdrVlQXCC33eoEqxc4ufJM5xduOjg36kmo2nwQ','2024-04-29 14:49:06.330954','2024-04-29 19:49:06.000000',NULL,'0f0846be2ccc40bb8f71063bed644537'),(281,'eyJhbGciOiJIUzI1NiIsInR5cCI6IkpXVCJ9.eyJ0b2tlbl90eXBlIjoicmVmcmVzaCIsImV4cCI6MTcxNDQyMDE0OCwiaWF0IjoxNzE0NDAyMTQ4LCJqdGkiOiI4ZjY5ZjBiNDkwMzY0OTAxODRhMGExYzY2YzBlMmIzOSJ9.-l8ioScMxfyMK13d5E7X5xGG_tDxPuNet5fTIWoN_R0',NULL,'2024-04-29 19:49:08.000000',NULL,'8f69f0b49036490184a0a1c66c0e2b39'),(282,'eyJhbGciOiJIUzI1NiIsInR5cCI6IkpXVCJ9.eyJ0b2tlbl90eXBlIjoicmVmcmVzaCIsImV4cCI6MTcxNDQyMDE1OSwiaWF0IjoxNzE0NDAyMTU5LCJqdGkiOiJjYzc1YmQ2NTg5MTA0OGUzOWFiNzYwMjRlYmY0YTBmMyIsInVzZXJfaWQiOjR9.dSFPB9__Pw071v0UP4sFytWiBwjrF9Bza7MVdy3HKcs','2024-04-29 14:49:19.199939','2024-04-29 19:49:19.000000',NULL,'cc75bd65891048e39ab76024ebf4a0f3'),(283,'eyJhbGciOiJIUzI1NiIsInR5cCI6IkpXVCJ9.eyJ0b2tlbl90eXBlIjoicmVmcmVzaCIsImV4cCI6MTcxNDQyMDE2MiwiaWF0IjoxNzE0NDAyMTYyLCJqdGkiOiJiZGM5Nzc1ZDQxNmQ0OTBjYWI2MzBiZjIzZmVlOTdiNiJ9.LC3fg8NjFixtx0pgUb2UXYb6HpU0VSB6GdwQJ_w8Q2c',NULL,'2024-04-29 19:49:22.000000',NULL,'bdc9775d416d490cab630bf23fee97b6'),(284,'eyJhbGciOiJIUzI1NiIsInR5cCI6IkpXVCJ9.eyJ0b2tlbl90eXBlIjoicmVmcmVzaCIsImV4cCI6MTcxNDQyMDE3MywiaWF0IjoxNzE0NDAyMTczLCJqdGkiOiJkNjdiNzg4MWEyMjQ0NTY5YjU0NTQ4MDU4ZjA4MTY2NSIsInVzZXJfaWQiOjR9.EzWhkGGNfWOhcIEpVd6WxOXCH5F3lBCrLgapBAtZeFc','2024-04-29 14:49:33.952434','2024-04-29 19:49:33.000000',NULL,'d67b7881a2244569b54548058f081665'),(285,'eyJhbGciOiJIUzI1NiIsInR5cCI6IkpXVCJ9.eyJ0b2tlbl90eXBlIjoicmVmcmVzaCIsImV4cCI6MTcxNDQyMDE5NywiaWF0IjoxNzE0NDAyMTk3LCJqdGkiOiIyNWI4M2ZmMDIwODE0YWI4OWU2Zjc2MjY5MzI4ZjFjYiJ9.8oM3EBi10dYj8pPAb_GWskBO96madsuST59Ef69zHxs',NULL,'2024-04-29 19:49:57.000000',NULL,'25b83ff020814ab89e6f76269328f1cb'),(286,'eyJhbGciOiJIUzI1NiIsInR5cCI6IkpXVCJ9.eyJ0b2tlbl90eXBlIjoicmVmcmVzaCIsImV4cCI6MTcxNDQyMDIwOCwiaWF0IjoxNzE0NDAyMjA4LCJqdGkiOiIyZDU1YjhjYTQ1NTE0M2ZkYTgwYTY3NGM4MTYzNmUxYyIsInVzZXJfaWQiOjR9.xaJhLks9rIW7q4IKFRjtYm0nbv3gamYaqdplCXedlEs','2024-04-29 14:50:08.713131','2024-04-29 19:50:08.000000',NULL,'2d55b8ca455143fda80a674c81636e1c'),(287,'eyJhbGciOiJIUzI1NiIsInR5cCI6IkpXVCJ9.eyJ0b2tlbl90eXBlIjoicmVmcmVzaCIsImV4cCI6MTcxNDQyMDIyNiwiaWF0IjoxNzE0NDAyMjI2LCJqdGkiOiJlZjBkNGZjOGYwMGM0MTAyOGQyZjRiMjE0NzczYTkwNyJ9.8MxHi9_30Oq1Aag7eWFvCU_Hl8GdOfoe9n2nGGp-KnU',NULL,'2024-04-29 19:50:26.000000',NULL,'ef0d4fc8f00c41028d2f4b214773a907'),(288,'eyJhbGciOiJIUzI1NiIsInR5cCI6IkpXVCJ9.eyJ0b2tlbl90eXBlIjoicmVmcmVzaCIsImV4cCI6MTcxNDQyMDI4MSwiaWF0IjoxNzE0NDAyMjgxLCJqdGkiOiIyMTI0MmJlZmYwYzQ0OTg4OWQ1ZmZhYWNlYzc5ZTUyYSJ9.CR84dDUY4njRDO0UNFF6ntoUdn-LEEzB16J8M6Xgr3I',NULL,'2024-04-29 19:51:21.000000',NULL,'21242beff0c449889d5ffaacec79e52a'),(289,'eyJhbGciOiJIUzI1NiIsInR5cCI6IkpXVCJ9.eyJ0b2tlbl90eXBlIjoicmVmcmVzaCIsImV4cCI6MTcxNDQyMDI4OCwiaWF0IjoxNzE0NDAyMjg4LCJqdGkiOiIyNDY3ZDUyMzRmNjg0NDVhOThmNTFkNTdiZWEzZTIzZiIsInVzZXJfaWQiOjR9.idzNSNiAMtSrdnQ6PYWYSQ96DKcfbI6tqS5yWRHlwq4','2024-04-29 14:51:28.999094','2024-04-29 19:51:28.000000',NULL,'2467d5234f68445a98f51d57bea3e23f'),(290,'eyJhbGciOiJIUzI1NiIsInR5cCI6IkpXVCJ9.eyJ0b2tlbl90eXBlIjoicmVmcmVzaCIsImV4cCI6MTcxNDQyMDI5MywiaWF0IjoxNzE0NDAyMjkzLCJqdGkiOiJjZGIxYzVjOWI1OWY0NGVlYmYzMWEyYWQ1NzhhZWI5ZCJ9.SyCO28DHOPl0TBhas-zCVfAZKYr2QkzuclLg1e46okc',NULL,'2024-04-29 19:51:33.000000',NULL,'cdb1c5c9b59f44eebf31a2ad578aeb9d'),(291,'eyJhbGciOiJIUzI1NiIsInR5cCI6IkpXVCJ9.eyJ0b2tlbl90eXBlIjoicmVmcmVzaCIsImV4cCI6MTcxNDQyMDMwMiwiaWF0IjoxNzE0NDAyMzAyLCJqdGkiOiJmM2E3ZTk2Njk0NDc0MWI4OTVkODkzNDkyZTVjZjM4NSJ9.NqlNyIF_itxBlPDIEJ9u2fSLezYLaF6ogwk43Szl8u0',NULL,'2024-04-29 19:51:42.000000',NULL,'f3a7e966944741b895d893492e5cf385'),(292,'eyJhbGciOiJIUzI1NiIsInR5cCI6IkpXVCJ9.eyJ0b2tlbl90eXBlIjoicmVmcmVzaCIsImV4cCI6MTcxNDQyMDU5MywiaWF0IjoxNzE0NDAyNTkzLCJqdGkiOiI2YTI1NjRiZDhlYTY0YzNmYWYxNGJjOTA2OGUwMDUzMCIsInVzZXJfaWQiOjR9.kR8vPThg5K5btgPXsRbhd1LZnGpLJv9OBdNTwHRsU2w','2024-04-29 14:56:33.417496','2024-04-29 19:56:33.000000',NULL,'6a2564bd8ea64c3faf14bc9068e00530'),(293,'eyJhbGciOiJIUzI1NiIsInR5cCI6IkpXVCJ9.eyJ0b2tlbl90eXBlIjoicmVmcmVzaCIsImV4cCI6MTcxNDQyMDYwNywiaWF0IjoxNzE0NDAyNjA3LCJqdGkiOiIxMGNmOTNjYzhmZDY0ZTE3OTJkNzM5NGZjMDNjMDUwYSJ9.aevxGN5wwU95d0at6PZWtAZSLLUPH33kvOwOoP8Ork8',NULL,'2024-04-29 19:56:47.000000',NULL,'10cf93cc8fd64e1792d7394fc03c050a'),(294,'eyJhbGciOiJIUzI1NiIsInR5cCI6IkpXVCJ9.eyJ0b2tlbl90eXBlIjoicmVmcmVzaCIsImV4cCI6MTcxNDQyMDYzNSwiaWF0IjoxNzE0NDAyNjM1LCJqdGkiOiJhMDU1OWM1NTQzYmQ0YjQ2OTNjNTBmNDczZjkwNTc0NyIsInVzZXJfaWQiOjR9.hDlTyYmWzJA-uEhCp6z4ZUbKD8CviPyN_M8sO9Xgokg','2024-04-29 14:57:15.849467','2024-04-29 19:57:15.000000',NULL,'a0559c5543bd4b4693c50f473f905747'),(295,'eyJhbGciOiJIUzI1NiIsInR5cCI6IkpXVCJ9.eyJ0b2tlbl90eXBlIjoicmVmcmVzaCIsImV4cCI6MTcxNDQyMDg3NiwiaWF0IjoxNzE0NDAyODc2LCJqdGkiOiI2NTY1YzQ1MGIyYTI0NDQwODk0NTIxZmRlOTA3ZGY5ZiIsInVzZXJfaWQiOjR9.LgvF3khF1jrnNt3G0zmdZzucwNTdxA-Qj2Sk9JMakmQ','2024-04-29 15:01:16.617577','2024-04-29 20:01:16.000000',NULL,'6565c450b2a24440894521fde907df9f'),(296,'eyJhbGciOiJIUzI1NiIsInR5cCI6IkpXVCJ9.eyJ0b2tlbl90eXBlIjoicmVmcmVzaCIsImV4cCI6MTcxNDQyMDg5MiwiaWF0IjoxNzE0NDAyODkyLCJqdGkiOiI5MTBhYzA4ZTM2NWY0MzM3YmQ2YzQxYWUxZTJjMmY1OCJ9.0IwikbKSx1Zf_zR3xDcuyFrp72fvSQMuau-voMgOMQI',NULL,'2024-04-29 20:01:32.000000',NULL,'910ac08e365f4337bd6c41ae1e2c2f58'),(297,'eyJhbGciOiJIUzI1NiIsInR5cCI6IkpXVCJ9.eyJ0b2tlbl90eXBlIjoicmVmcmVzaCIsImV4cCI6MTcxNDQyMDkyNiwiaWF0IjoxNzE0NDAyOTI2LCJqdGkiOiJiZTEzNzE2NDdhZTY0OGRmODgyYjg2ZWVhNDViMjFjNSIsInVzZXJfaWQiOjR9._nRSU9mDyntG-c2rbyfytpQYt8-w4ZeMOyGiWa6vXmM','2024-04-29 15:02:06.423593','2024-04-29 20:02:06.000000',NULL,'be1371647ae648df882b86eea45b21c5'),(298,'eyJhbGciOiJIUzI1NiIsInR5cCI6IkpXVCJ9.eyJ0b2tlbl90eXBlIjoicmVmcmVzaCIsImV4cCI6MTcxNDQyMDk5NSwiaWF0IjoxNzE0NDAyOTk1LCJqdGkiOiI0YWU3Yzg0MWQ2NWY0NWI0ODgwYTRiMGZhNGRmOTIwOCJ9.e1x6hGvJ2XiR8dQeITkhRfq_RgB13kC9Yqfoqd8cyuQ',NULL,'2024-04-29 20:03:15.000000',NULL,'4ae7c841d65f45b4880a4b0fa4df9208'),(299,'eyJhbGciOiJIUzI1NiIsInR5cCI6IkpXVCJ9.eyJ0b2tlbl90eXBlIjoicmVmcmVzaCIsImV4cCI6MTcxNDQyMTAwMiwiaWF0IjoxNzE0NDAzMDAyLCJqdGkiOiIwY2I1M2NlZDZjOWQ0NzJmYjE5MzU0OTYxZjI2NmZiYiIsInVzZXJfaWQiOjR9.s7Up83hsJLvZj12LbX1s7HimAQfmKheuC7flFtoQ5iE','2024-04-29 15:03:22.085788','2024-04-29 20:03:22.000000',NULL,'0cb53ced6c9d472fb19354961f266fbb'),(300,'eyJhbGciOiJIUzI1NiIsInR5cCI6IkpXVCJ9.eyJ0b2tlbl90eXBlIjoicmVmcmVzaCIsImV4cCI6MTcxNDQzMTY5MSwiaWF0IjoxNzE0NDEzNjkxLCJqdGkiOiJmYTE3Y2Y0ZDJmMTY0OGQxOTljYWJkZjFmYjA3YWNjNyJ9.pdW-m2GNQoKByW0eXOAdWblcVjCMkO1brKusFv46CSM',NULL,'2024-04-29 23:01:31.000000',NULL,'fa17cf4d2f1648d199cabdf1fb07acc7'),(301,'eyJhbGciOiJIUzI1NiIsInR5cCI6IkpXVCJ9.eyJ0b2tlbl90eXBlIjoicmVmcmVzaCIsImV4cCI6MTcxNDQzMzY5OSwiaWF0IjoxNzE0NDE1Njk5LCJqdGkiOiI3MDMzMDRkYTZkMWM0MWRkYTVmYjM3MzMxMWE1MGUwMSJ9.aGr-9nWMOR8SIrw_ozxp3iI1gQGFjhljACqfEbnDa2w',NULL,'2024-04-29 23:34:59.000000',NULL,'703304da6d1c41dda5fb373311a50e01'),(302,'eyJhbGciOiJIUzI1NiIsInR5cCI6IkpXVCJ9.eyJ0b2tlbl90eXBlIjoicmVmcmVzaCIsImV4cCI6MTcxNDQzMzgzMCwiaWF0IjoxNzE0NDE1ODMwLCJqdGkiOiJmYmViZmNmZjRiYWI0NzQ4YTI1NTJkODFkZGJhOWUzNSJ9.Wgi2o9Odoe_N8c2LpWFHAX37I8m8C14e1fklYng2eHQ',NULL,'2024-04-29 23:37:10.000000',NULL,'fbebfcff4bab4748a2552d81ddba9e35'),(303,'eyJhbGciOiJIUzI1NiIsInR5cCI6IkpXVCJ9.eyJ0b2tlbl90eXBlIjoicmVmcmVzaCIsImV4cCI6MTcxNDQzMzg1MiwiaWF0IjoxNzE0NDE1ODUyLCJqdGkiOiI0MzA4YjZkN2FjNjY0ODM1YmY5MDFiYzk2Zjg5YWFmNyJ9.wTLyzmVhNs82TimGuMnwJD7DUVnW9vBVYYfaEc2euQ4',NULL,'2024-04-29 23:37:32.000000',NULL,'4308b6d7ac664835bf901bc96f89aaf7'),(304,'eyJhbGciOiJIUzI1NiIsInR5cCI6IkpXVCJ9.eyJ0b2tlbl90eXBlIjoicmVmcmVzaCIsImV4cCI6MTcxNDQzNDI0MywiaWF0IjoxNzE0NDE2MjQzLCJqdGkiOiI2OWQzNGNjZTA5YzE0OGI1YTEzOWM3NjgwMTBjZGE3MiJ9.l0lrq_DOPKmCysljb3qDAZfWKdfVIaysy7wiC3iIM24',NULL,'2024-04-29 23:44:03.000000',NULL,'69d34cce09c148b5a139c768010cda72'),(305,'eyJhbGciOiJIUzI1NiIsInR5cCI6IkpXVCJ9.eyJ0b2tlbl90eXBlIjoicmVmcmVzaCIsImV4cCI6MTcxNDQzNDg2MiwiaWF0IjoxNzE0NDE2ODYyLCJqdGkiOiI2OGE2ODAyZTIzOTQ0NmYyOTk2M2Q1MGUwNmM0MDMxOSJ9.wj30W0BK2u8P6XVF6zeAh9PgXdSLP-rlYgsbtlNxcx8',NULL,'2024-04-29 23:54:22.000000',NULL,'68a6802e239446f29963d50e06c40319'),(306,'eyJhbGciOiJIUzI1NiIsInR5cCI6IkpXVCJ9.eyJ0b2tlbl90eXBlIjoicmVmcmVzaCIsImV4cCI6MTcxNDQzNDg5MywiaWF0IjoxNzE0NDE2ODkzLCJqdGkiOiI5NzQzZjI1NDY2YzI0OGQxYWIzN2IwYmVmNDE1YmRmZCJ9.Y2dy_DRQ_WBIkW6jgiJpp8U2D2YywvuTECQE2U_egm0',NULL,'2024-04-29 23:54:53.000000',NULL,'9743f25466c248d1ab37b0bef415bdfd'),(307,'eyJhbGciOiJIUzI1NiIsInR5cCI6IkpXVCJ9.eyJ0b2tlbl90eXBlIjoicmVmcmVzaCIsImV4cCI6MTcxNDQzNTAzOCwiaWF0IjoxNzE0NDE3MDM4LCJqdGkiOiJmNGYwMDFkZTM0YTI0YzM1YWJlOTgxYTM0OTI0MGIyNSJ9.wNR-1VtiexWTFaq7aGGReoZqndmifP-YKQi2djoJubw',NULL,'2024-04-29 23:57:18.000000',NULL,'f4f001de34a24c35abe981a349240b25'),(308,'eyJhbGciOiJIUzI1NiIsInR5cCI6IkpXVCJ9.eyJ0b2tlbl90eXBlIjoicmVmcmVzaCIsImV4cCI6MTcxNDQzNTEwMiwiaWF0IjoxNzE0NDE3MTAyLCJqdGkiOiJlYjY3ZTUwNDIzMGY0NDg3YTk3YTgwZjcwZGQ5NjRkNCJ9.sYEoZgcU-u6XjvWNykIs2yyn32C3ohrjt8lRVeuPW9o',NULL,'2024-04-29 23:58:22.000000',NULL,'eb67e504230f4487a97a80f70dd964d4'),(309,'eyJhbGciOiJIUzI1NiIsInR5cCI6IkpXVCJ9.eyJ0b2tlbl90eXBlIjoicmVmcmVzaCIsImV4cCI6MTcxNDQzNjE2MiwiaWF0IjoxNzE0NDE4MTYyLCJqdGkiOiI0NTQxNDMxYTkwOTY0MTRhODMwYTUwNTVhOTU0MDg1MSJ9.qODzWCsfZOUpPCoY4R6vwBg6M7G5HSEIkEXJP3b1gc4',NULL,'2024-04-30 00:16:02.000000',NULL,'4541431a9096414a830a5055a9540851'),(310,'eyJhbGciOiJIUzI1NiIsInR5cCI6IkpXVCJ9.eyJ0b2tlbl90eXBlIjoicmVmcmVzaCIsImV4cCI6MTcxNDQzNjM1NCwiaWF0IjoxNzE0NDE4MzU0LCJqdGkiOiJmOWQyZTc2NTBiMGQ0YTc2YjVhMzkzZTI4ODNhM2VjNSJ9.fiN6zDTnmi5XYcNzEINAFTl8f2NXp3ZZLDvitQTxTfc',NULL,'2024-04-30 00:19:14.000000',NULL,'f9d2e7650b0d4a76b5a393e2883a3ec5'),(311,'eyJhbGciOiJIUzI1NiIsInR5cCI6IkpXVCJ9.eyJ0b2tlbl90eXBlIjoicmVmcmVzaCIsImV4cCI6MTcxNDQzNjgwNiwiaWF0IjoxNzE0NDE4ODA2LCJqdGkiOiI1ZWM1YjI1OTVmMTU0OTAzOWEyN2IwZDEzNDBiMWQ0YiJ9.uOFlLn71aGham7Yh3-oqxuMvnuqjwxybvrIUwv7Cpt8',NULL,'2024-04-30 00:26:46.000000',NULL,'5ec5b2595f1549039a27b0d1340b1d4b'),(312,'eyJhbGciOiJIUzI1NiIsInR5cCI6IkpXVCJ9.eyJ0b2tlbl90eXBlIjoicmVmcmVzaCIsImV4cCI6MTcxNDQzNzQxOCwiaWF0IjoxNzE0NDE5NDE4LCJqdGkiOiJiM2RkZGJkOGRkNzY0NDNjYTlkOTJjYWQ1NDA5NzNhMiJ9.OnXjM0_PMQzbbCMWYsbfF4NxLcIDWHrXkZHjGcBRkK8',NULL,'2024-04-30 00:36:58.000000',NULL,'b3dddbd8dd76443ca9d92cad540973a2'),(313,'eyJhbGciOiJIUzI1NiIsInR5cCI6IkpXVCJ9.eyJ0b2tlbl90eXBlIjoicmVmcmVzaCIsImV4cCI6MTcxNDQzNzQzNywiaWF0IjoxNzE0NDE5NDM3LCJqdGkiOiJmY2U3OGM2OTM2MGI0YzA4YThjYzg0MGUyNjM0NzAwOSJ9.HazOiJc3T6oAq-b1zz0cnoqw9ECDurJtiLMKBZUlFM4',NULL,'2024-04-30 00:37:17.000000',NULL,'fce78c69360b4c08a8cc840e26347009'),(314,'eyJhbGciOiJIUzI1NiIsInR5cCI6IkpXVCJ9.eyJ0b2tlbl90eXBlIjoicmVmcmVzaCIsImV4cCI6MTcxNDQzNzQ1NCwiaWF0IjoxNzE0NDE5NDU0LCJqdGkiOiI3NDIwNzNiYzk5NjA0Y2U5OTcyYmVmMmZkODZlZjVlZiJ9.PLVV0E-uIFRrMj8e55CdAyxulGtxA7g9JshiqOnPJ3o',NULL,'2024-04-30 00:37:34.000000',NULL,'742073bc99604ce9972bef2fd86ef5ef'),(315,'eyJhbGciOiJIUzI1NiIsInR5cCI6IkpXVCJ9.eyJ0b2tlbl90eXBlIjoicmVmcmVzaCIsImV4cCI6MTcxNDQzODAxNSwiaWF0IjoxNzE0NDIwMDE1LCJqdGkiOiIwZWYwZGY5MWJkMjU0ZjIxYjUwYjZjNmI2NzVlMDk5MiJ9.KRpGf0mePAxb7-WJTCqQNUYd27eKA577FqKn6mVrMA0',NULL,'2024-04-30 00:46:55.000000',NULL,'0ef0df91bd254f21b50b6c6b675e0992'),(316,'eyJhbGciOiJIUzI1NiIsInR5cCI6IkpXVCJ9.eyJ0b2tlbl90eXBlIjoicmVmcmVzaCIsImV4cCI6MTcxNDQzODEzNywiaWF0IjoxNzE0NDIwMTM3LCJqdGkiOiJmOWQzMzA2NzVlNTI0MjRhYTExYTk5MjM2NWYzMDgyMCJ9.9feUtpdTOsWgHarOqph2X7_kTj1g5I8G35RffRY-BjM',NULL,'2024-04-30 00:48:57.000000',NULL,'f9d330675e52424aa11a992365f30820'),(317,'eyJhbGciOiJIUzI1NiIsInR5cCI6IkpXVCJ9.eyJ0b2tlbl90eXBlIjoicmVmcmVzaCIsImV4cCI6MTcxNDQzODE0NywiaWF0IjoxNzE0NDIwMTQ3LCJqdGkiOiI5YjFlODRhNDg0NTQ0Y2UxYmZlZmQ0MzI2YmM4M2VjMiJ9.pb35GQie2Hg-VfnOelYUnXIoBZvQQRFonhzDkmgK2Sw',NULL,'2024-04-30 00:49:07.000000',NULL,'9b1e84a484544ce1bfefd4326bc83ec2'),(318,'eyJhbGciOiJIUzI1NiIsInR5cCI6IkpXVCJ9.eyJ0b2tlbl90eXBlIjoicmVmcmVzaCIsImV4cCI6MTcxNDQzODE2OSwiaWF0IjoxNzE0NDIwMTY5LCJqdGkiOiIzYWYzZjRiNmE5MzI0N2Y5YjM5YWQyZDE4ZDc0YzQyMCJ9.aLHMC1DwfhyckKMwN2NrjvjWbQBIGWPnZtz0C82m8h8',NULL,'2024-04-30 00:49:29.000000',NULL,'3af3f4b6a93247f9b39ad2d18d74c420'),(319,'eyJhbGciOiJIUzI1NiIsInR5cCI6IkpXVCJ9.eyJ0b2tlbl90eXBlIjoicmVmcmVzaCIsImV4cCI6MTcxNDQzODE3MCwiaWF0IjoxNzE0NDIwMTcwLCJqdGkiOiI5MzVkZTExOWExZWQ0NjlmODE1NmViMDZiYWI3OWQwYSJ9.KBuwpJRFoKcdQsqjZFFDA9lVcWjY7Sh47KQCvn6rd2U',NULL,'2024-04-30 00:49:30.000000',NULL,'935de119a1ed469f8156eb06bab79d0a'),(320,'eyJhbGciOiJIUzI1NiIsInR5cCI6IkpXVCJ9.eyJ0b2tlbl90eXBlIjoicmVmcmVzaCIsImV4cCI6MTcxNDQzODE3NCwiaWF0IjoxNzE0NDIwMTc0LCJqdGkiOiJmM2Q0Y2M0NzBmYTA0NmY4YTkzMmRjMmZhYjc5Yzc4MSJ9.Jn1vpvn9Msb0SbZq2tIXpQK02bTpUaac6ynbTMK2GI4',NULL,'2024-04-30 00:49:34.000000',NULL,'f3d4cc470fa046f8a932dc2fab79c781'),(321,'eyJhbGciOiJIUzI1NiIsInR5cCI6IkpXVCJ9.eyJ0b2tlbl90eXBlIjoicmVmcmVzaCIsImV4cCI6MTcxNDQzODI0NSwiaWF0IjoxNzE0NDIwMjQ1LCJqdGkiOiI5MDZjOGU1NGJlZWQ0ZGE4YmIyYzVjZjVlYmJjYjlhZSJ9.qSofkFQi7MsWqOkAF5ITJgYnTOJjkEpz1bOu5qoJTZ4',NULL,'2024-04-30 00:50:45.000000',NULL,'906c8e54beed4da8bb2c5cf5ebbcb9ae'),(322,'eyJhbGciOiJIUzI1NiIsInR5cCI6IkpXVCJ9.eyJ0b2tlbl90eXBlIjoicmVmcmVzaCIsImV4cCI6MTcxNDQzODQ0NSwiaWF0IjoxNzE0NDIwNDQ1LCJqdGkiOiJjNTU1MzUzMTE1YTQ0OTI3YWRiNWIxNjBjZjY4MjJhMSJ9.pSsqXImb3Y08h_VZrr_7Qui1Imdo0_b3IUUamR6eJrU',NULL,'2024-04-30 00:54:05.000000',NULL,'c555353115a44927adb5b160cf6822a1'),(323,'eyJhbGciOiJIUzI1NiIsInR5cCI6IkpXVCJ9.eyJ0b2tlbl90eXBlIjoicmVmcmVzaCIsImV4cCI6MTcxNDQzODQ1MywiaWF0IjoxNzE0NDIwNDUzLCJqdGkiOiI5NDA3MWEyMjI0MGQ0ZTQyYTAyMzg4YjJmZmJkM2ZlNiJ9.O1ioghIOHodVr5591KjiIzPEFgsksVml6DwpQou_Koc',NULL,'2024-04-30 00:54:13.000000',NULL,'94071a22240d4e42a02388b2ffbd3fe6'),(324,'eyJhbGciOiJIUzI1NiIsInR5cCI6IkpXVCJ9.eyJ0b2tlbl90eXBlIjoicmVmcmVzaCIsImV4cCI6MTcxNDQzODY2MiwiaWF0IjoxNzE0NDIwNjYyLCJqdGkiOiJhZWE2OGNjODI0MGQ0ODhmYTQ1MTBjNzFiMGRjZjA1MiJ9.KHltJCX94R1AVJjiW2mIijd4u_i0aSsGz2l8dLBEuIw',NULL,'2024-04-30 00:57:42.000000',NULL,'aea68cc8240d488fa4510c71b0dcf052'),(325,'eyJhbGciOiJIUzI1NiIsInR5cCI6IkpXVCJ9.eyJ0b2tlbl90eXBlIjoicmVmcmVzaCIsImV4cCI6MTcxNDQzODY5MywiaWF0IjoxNzE0NDIwNjkzLCJqdGkiOiIxNzQ5NDBkMGE0NWY0ZmFiYWE4NTgyMTdjM2YwZDE4MSJ9.W3eZsNmrkUsJvyCx4ftSWGWhlwfuS85kU4-d3lPPKOQ',NULL,'2024-04-30 00:58:13.000000',NULL,'174940d0a45f4fabaa858217c3f0d181'),(326,'eyJhbGciOiJIUzI1NiIsInR5cCI6IkpXVCJ9.eyJ0b2tlbl90eXBlIjoicmVmcmVzaCIsImV4cCI6MTcxNDQzODg0MSwiaWF0IjoxNzE0NDIwODQxLCJqdGkiOiIzNTE3ZmQ3NjU0ZmU0YjdkOTMzZGY0Y2FkY2ZlY2NmZCJ9.-AUcsM4n-eISyxvu0Ilr0CwIhwz-9uQfB6BhhQ9-DJI',NULL,'2024-04-30 01:00:41.000000',NULL,'3517fd7654fe4b7d933df4cadcfeccfd'),(327,'eyJhbGciOiJIUzI1NiIsInR5cCI6IkpXVCJ9.eyJ0b2tlbl90eXBlIjoicmVmcmVzaCIsImV4cCI6MTcxNDQzODg3OCwiaWF0IjoxNzE0NDIwODc4LCJqdGkiOiJlODY5OTVlNzk3ODI0MGY5ODNlMzMyYzM4NmIwMDhiZSJ9.hFT3SOxUk5bsawzPjYbaNtxJ-2TudnYGkNc4hncnWgs',NULL,'2024-04-30 01:01:18.000000',NULL,'e86995e7978240f983e332c386b008be'),(328,'eyJhbGciOiJIUzI1NiIsInR5cCI6IkpXVCJ9.eyJ0b2tlbl90eXBlIjoicmVmcmVzaCIsImV4cCI6MTcxNDQzODkxMCwiaWF0IjoxNzE0NDIwOTEwLCJqdGkiOiI4MWQ3MDE2N2I1ODc0Yzc1OTBiZTVhM2U3ODYxODdmYiJ9.qxRMk7ehQKUmMJRsYzAemN7r7i_Gjkg5Kjt9CBElXzs',NULL,'2024-04-30 01:01:50.000000',NULL,'81d70167b5874c7590be5a3e786187fb'),(329,'eyJhbGciOiJIUzI1NiIsInR5cCI6IkpXVCJ9.eyJ0b2tlbl90eXBlIjoicmVmcmVzaCIsImV4cCI6MTcxNDQzODk4MSwiaWF0IjoxNzE0NDIwOTgxLCJqdGkiOiI4YTNiOGZlYTU0ODY0Y2M5OTk0OWU2NjM5NWY4ZTg3ZCJ9.7F9aUMHLzVailvfaSonqvGPWQw6C_6HDJZ3O4C5q1ik',NULL,'2024-04-30 01:03:01.000000',NULL,'8a3b8fea54864cc99949e66395f8e87d'),(330,'eyJhbGciOiJIUzI1NiIsInR5cCI6IkpXVCJ9.eyJ0b2tlbl90eXBlIjoicmVmcmVzaCIsImV4cCI6MTcxNDQ0MDAwNywiaWF0IjoxNzE0NDIyMDA3LCJqdGkiOiIxNzg1NmJmMTE5M2Q0NmQzOWE4NWRiY2Y3MjI1ZjZmZiJ9.eX9qztDqdCtNAEzRyr2dfplTuPPbRPpoOaArVKw_3RI',NULL,'2024-04-30 01:20:07.000000',NULL,'17856bf1193d46d39a85dbcf7225f6ff'),(331,'eyJhbGciOiJIUzI1NiIsInR5cCI6IkpXVCJ9.eyJ0b2tlbl90eXBlIjoicmVmcmVzaCIsImV4cCI6MTcxNDQ0MDQxNiwiaWF0IjoxNzE0NDIyNDE2LCJqdGkiOiJlMmU5YjQyNTY1YTg0N2M4YWI5MjI3NGE2MGVkODRmZCJ9.KspoRYDvOmZkHKXtN2WmX3NRnbvDHYeETq4Fkg3HdVQ',NULL,'2024-04-30 01:26:56.000000',NULL,'e2e9b42565a847c8ab92274a60ed84fd'),(332,'eyJhbGciOiJIUzI1NiIsInR5cCI6IkpXVCJ9.eyJ0b2tlbl90eXBlIjoicmVmcmVzaCIsImV4cCI6MTcxNDQ0MDgyMCwiaWF0IjoxNzE0NDIyODIwLCJqdGkiOiJlMzY1OTM0Y2ZlMDk0YjViODdkMTIwOWY0NjA4ZmVmZCJ9.zuzilX74gbpIRwum5uSP2VWfXWmeG1q9_st7Ewa__pk',NULL,'2024-04-30 01:33:40.000000',NULL,'e365934cfe094b5b87d1209f4608fefd'),(333,'eyJhbGciOiJIUzI1NiIsInR5cCI6IkpXVCJ9.eyJ0b2tlbl90eXBlIjoicmVmcmVzaCIsImV4cCI6MTcxNDQ0MTYwMywiaWF0IjoxNzE0NDIzNjAzLCJqdGkiOiJiNDJiYjVhNDljOWE0YjEzYjMxMTc4N2JhMjU4ODI5OSJ9.VZmUiyTBIyt-MwZZGWWrjxcCsASaEAmhFeLZde9oiXM',NULL,'2024-04-30 01:46:43.000000',NULL,'b42bb5a49c9a4b13b311787ba2588299'),(334,'eyJhbGciOiJIUzI1NiIsInR5cCI6IkpXVCJ9.eyJ0b2tlbl90eXBlIjoicmVmcmVzaCIsImV4cCI6MTcxNDQ0MTk1MSwiaWF0IjoxNzE0NDIzOTUxLCJqdGkiOiJmOTlkNDdjNzU4NTU0N2Q2OGEzODNiYWFhYWJjZGFmZiJ9.IjkhBdvuRGnDe1xpL3YAqBswVoo4hfJhIVVktoJmnjc',NULL,'2024-04-30 01:52:31.000000',NULL,'f99d47c7585547d68a383baaaabcdaff'),(335,'eyJhbGciOiJIUzI1NiIsInR5cCI6IkpXVCJ9.eyJ0b2tlbl90eXBlIjoicmVmcmVzaCIsImV4cCI6MTcxNDQ0MjAyNSwiaWF0IjoxNzE0NDI0MDI1LCJqdGkiOiJlOWM2NGQ0M2M0MjI0YTdmYjgxMjJmNGI1ZmI1MDljOCIsInVzZXJfaWQiOjR9.4y47BPSO8TzJmkYbxsX080yAFpwtWmq1vuuGs2t6fTI','2024-04-29 20:53:45.372965','2024-04-30 01:53:45.000000',NULL,'e9c64d43c4224a7fb8122f4b5fb509c8'),(336,'eyJhbGciOiJIUzI1NiIsInR5cCI6IkpXVCJ9.eyJ0b2tlbl90eXBlIjoicmVmcmVzaCIsImV4cCI6MTcxNDQ0MjA0MSwiaWF0IjoxNzE0NDI0MDQxLCJqdGkiOiI3NDQ0MWQ4NDEzOTQ0ZTFhYjAwMDE0ZDc5ZTI1NjZhZiJ9.8r25ttKvTXc2rYEH5iAV23Pes91Sepi9aQqZGaZeByo',NULL,'2024-04-30 01:54:01.000000',NULL,'74441d8413944e1ab00014d79e2566af'),(337,'eyJhbGciOiJIUzI1NiIsInR5cCI6IkpXVCJ9.eyJ0b2tlbl90eXBlIjoicmVmcmVzaCIsImV4cCI6MTcxNDQ0MjA3MCwiaWF0IjoxNzE0NDI0MDcwLCJqdGkiOiIzMTIxZWM0NTJlZjg0MjIzOGNlZmE3NGUwOTExMmJmNSIsInVzZXJfaWQiOjR9.sfip91-c8PYJ4sGklqbRnzWOajlRTNgcp1fh7lrYQtk','2024-04-29 20:54:30.616811','2024-04-30 01:54:30.000000',NULL,'3121ec452ef842238cefa74e09112bf5'),(338,'eyJhbGciOiJIUzI1NiIsInR5cCI6IkpXVCJ9.eyJ0b2tlbl90eXBlIjoicmVmcmVzaCIsImV4cCI6MTcxNDQ0MjI2OSwiaWF0IjoxNzE0NDI0MjY5LCJqdGkiOiJjNzIxNWRiMDZjOWY0NWY0OTI2MmQ5NGI0MWI1YWE2NSJ9.3-zhtFJgvTMtaWgImUbuRQHG0mEs1HzT2cF-l7Q-CnM',NULL,'2024-04-30 01:57:49.000000',NULL,'c7215db06c9f45f49262d94b41b5aa65'),(339,'eyJhbGciOiJIUzI1NiIsInR5cCI6IkpXVCJ9.eyJ0b2tlbl90eXBlIjoicmVmcmVzaCIsImV4cCI6MTcxNDQ0MjI3NywiaWF0IjoxNzE0NDI0Mjc3LCJqdGkiOiJjNjU2YmIzNzA1NmM0MjM4OWEzODdjMWRkYTZjZWQwOSIsInVzZXJfaWQiOjR9.hx3UwAqeBboC_zXMsh4y9H3rRIybK65fpI7FuCa72kM','2024-04-29 20:57:57.218802','2024-04-30 01:57:57.000000',NULL,'c656bb37056c42389a387c1dda6ced09'),(340,'eyJhbGciOiJIUzI1NiIsInR5cCI6IkpXVCJ9.eyJ0b2tlbl90eXBlIjoicmVmcmVzaCIsImV4cCI6MTcxNDQ0MjMwMCwiaWF0IjoxNzE0NDI0MzAwLCJqdGkiOiJmZmU1NjAxMjNhZTA0ZGM5OWQyMmM1MzQ2NThkZDI3OSJ9.xn8PTV6dYyFkJ9ghnXY9ukbzRx1PGQlZ2EYEAbK9ImE',NULL,'2024-04-30 01:58:20.000000',NULL,'ffe560123ae04dc99d22c534658dd279'),(341,'eyJhbGciOiJIUzI1NiIsInR5cCI6IkpXVCJ9.eyJ0b2tlbl90eXBlIjoicmVmcmVzaCIsImV4cCI6MTcxNDQ0MjM1MiwiaWF0IjoxNzE0NDI0MzUyLCJqdGkiOiJjOTAzZWI3Njg2MTE0MGFjOTk3ZjJlYjM1MTY1ZGU2NSIsInVzZXJfaWQiOjR9.Z4nOOJUg7wQTqt6xLiTHsa_CeHtekg-HI8HvHA61Wic','2024-04-29 20:59:12.441009','2024-04-30 01:59:12.000000',NULL,'c903eb76861140ac997f2eb35165de65'),(342,'eyJhbGciOiJIUzI1NiIsInR5cCI6IkpXVCJ9.eyJ0b2tlbl90eXBlIjoicmVmcmVzaCIsImV4cCI6MTcxNDQ0MjQwNiwiaWF0IjoxNzE0NDI0NDA2LCJqdGkiOiI1MGM0MmZkYzM2OTc0ODgxOTgzYjg3MzZmYWNmMDkzMCJ9.12xWEcu7RWONsMaUyy-w1cugFabRQ15Kp41PGLueWhM',NULL,'2024-04-30 02:00:06.000000',NULL,'50c42fdc36974881983b8736facf0930'),(343,'eyJhbGciOiJIUzI1NiIsInR5cCI6IkpXVCJ9.eyJ0b2tlbl90eXBlIjoicmVmcmVzaCIsImV4cCI6MTcxNDQ0MjQwOSwiaWF0IjoxNzE0NDI0NDA5LCJqdGkiOiJkMWVkNWQ1Zjk4M2I0ZmQxYmFiYmM3NGI1N2ExNDViNiJ9.jHYjPqEu12ves3Sk7mPV22M17JzFSNOgR3FCbV7nvNw',NULL,'2024-04-30 02:00:09.000000',NULL,'d1ed5d5f983b4fd1babbc74b57a145b6'),(344,'eyJhbGciOiJIUzI1NiIsInR5cCI6IkpXVCJ9.eyJ0b2tlbl90eXBlIjoicmVmcmVzaCIsImV4cCI6MTcxNDQ0MjQxNiwiaWF0IjoxNzE0NDI0NDE2LCJqdGkiOiIzZjM0ZDEyMmM0YWY0MzRmYjQxMTA5NTBlMGNlMWRlOCIsInVzZXJfaWQiOjR9.ca7WewYNie5_LoA4b6ZgI6eHHTcic298M10GD-jdUQA','2024-04-29 21:00:16.723266','2024-04-30 02:00:16.000000',NULL,'3f34d122c4af434fb4110950e0ce1de8'),(345,'eyJhbGciOiJIUzI1NiIsInR5cCI6IkpXVCJ9.eyJ0b2tlbl90eXBlIjoicmVmcmVzaCIsImV4cCI6MTcxNDQ0MjQ0MiwiaWF0IjoxNzE0NDI0NDQyLCJqdGkiOiJkZGM0ZjM0MmIwOTc0YzZjYjVhNzVlOGJiN2JmOGVjNCJ9.U5Oyna-prSqczbZxan7ZkzdBiudPK4fQdbzcLPWq2bI',NULL,'2024-04-30 02:00:42.000000',NULL,'ddc4f342b0974c6cb5a75e8bb7bf8ec4'),(346,'eyJhbGciOiJIUzI1NiIsInR5cCI6IkpXVCJ9.eyJ0b2tlbl90eXBlIjoicmVmcmVzaCIsImV4cCI6MTcxNDQ0MzI0NSwiaWF0IjoxNzE0NDI1MjQ1LCJqdGkiOiJlZTQ0ZjVhMWYxNGY0NTBjODI1OTg2MmFkMjFiYmM0OCIsInVzZXJfaWQiOjR9.AfD7xpBM1_3lSmRsV6mdwarPmARH5FcTckBPg1DDlhI','2024-04-29 21:14:05.510914','2024-04-30 02:14:05.000000',NULL,'ee44f5a1f14f450c8259862ad21bbc48'),(347,'eyJhbGciOiJIUzI1NiIsInR5cCI6IkpXVCJ9.eyJ0b2tlbl90eXBlIjoicmVmcmVzaCIsImV4cCI6MTcxNDQ0NjQ4MCwiaWF0IjoxNzE0NDI4NDgwLCJqdGkiOiIzZWFhNmRmNWM5Y2I0MzJlODEwMjM4ODA2ODE4MWIxZCJ9.30Yox4Cqc1-EiflOBYDciGkvGqG8q20KE6mQ9oqLX5s',NULL,'2024-04-30 03:08:00.000000',NULL,'3eaa6df5c9cb432e8102388068181b1d'),(348,'eyJhbGciOiJIUzI1NiIsInR5cCI6IkpXVCJ9.eyJ0b2tlbl90eXBlIjoicmVmcmVzaCIsImV4cCI6MTcxNDQ0NjQ4MiwiaWF0IjoxNzE0NDI4NDgyLCJqdGkiOiI1ZmY3OGFlOTVkZGE0NDRhYjk3OWZiYzUwNTlmMDA3MiIsInVzZXJfaWQiOjR9.oIEsASPQVJ-EBibinTwX-zYbfKJY2i6nZvUnvnAwVsQ','2024-04-29 22:08:02.591299','2024-04-30 03:08:02.000000',NULL,'5ff78ae95dda444ab979fbc5059f0072'),(349,'eyJhbGciOiJIUzI1NiIsInR5cCI6IkpXVCJ9.eyJ0b2tlbl90eXBlIjoicmVmcmVzaCIsImV4cCI6MTcxNDQ2NzI3NCwiaWF0IjoxNzE0NDQ5Mjc0LCJqdGkiOiI2Y2JjYTQwMzc5MWU0YmYyYjE5ZjY5NGIzM2RhYzU0MyJ9.4nC8Wel-hrQkWAVkTggSPjhz7h1I07jBLaHyJdaNn4U',NULL,'2024-04-30 08:54:34.000000',NULL,'6cbca403791e4bf2b19f694b33dac543'),(350,'eyJhbGciOiJIUzI1NiIsInR5cCI6IkpXVCJ9.eyJ0b2tlbl90eXBlIjoicmVmcmVzaCIsImV4cCI6MTcxNDQ3NzcyNSwiaWF0IjoxNzE0NDU5NzI1LCJqdGkiOiI0Yjg5ODU0MTQ0ZmY0NWI5YjAxNDQ4NTFmYjRlMzA2MyJ9.Q6NZcKIj5FG9VZi8COwmHce-XsquCD6cf6ZgII2gRbU',NULL,'2024-04-30 11:48:45.000000',NULL,'4b89854144ff45b9b0144851fb4e3063'),(351,'eyJhbGciOiJIUzI1NiIsInR5cCI6IkpXVCJ9.eyJ0b2tlbl90eXBlIjoicmVmcmVzaCIsImV4cCI6MTcxNDQ3NzgwNywiaWF0IjoxNzE0NDU5ODA3LCJqdGkiOiJmMDJmOTA5YzdjMmU0NGNlOTQ0YjEyNmIxMzNiMGExNiIsInVzZXJfaWQiOjR9.5F0IrSSw2vSdiKUatDUfdw3EPQVP17mkBO0iOi-_syE','2024-04-30 06:50:07.293930','2024-04-30 11:50:07.000000',NULL,'f02f909c7c2e44ce944b126b133b0a16'),(352,'eyJhbGciOiJIUzI1NiIsInR5cCI6IkpXVCJ9.eyJ0b2tlbl90eXBlIjoicmVmcmVzaCIsImV4cCI6MTcxNDQ3ODA0NiwiaWF0IjoxNzE0NDYwMDQ2LCJqdGkiOiI4ZDg1MGZlZmQzMTE0Mjk4YTRlYTI5ODdiMWU5Yjk0OCJ9.S128wv118drk6KYnEBamFUWcPR9htoN2bx07hlJfKhY',NULL,'2024-04-30 11:54:06.000000',NULL,'8d850fefd3114298a4ea2987b1e9b948'),(353,'eyJhbGciOiJIUzI1NiIsInR5cCI6IkpXVCJ9.eyJ0b2tlbl90eXBlIjoicmVmcmVzaCIsImV4cCI6MTcxNDQ3ODEyOSwiaWF0IjoxNzE0NDYwMTI5LCJqdGkiOiI1ZmY1ODVkNWQ1NDI0MjE2YTllZmEzNGM0ZjkyNjhmOSJ9.MIZ6Av_TwqXcQRcDqt1Nbj9eW77UxrDrdpc_5HVepl8',NULL,'2024-04-30 11:55:29.000000',NULL,'5ff585d5d5424216a9efa34c4f9268f9'),(354,'eyJhbGciOiJIUzI1NiIsInR5cCI6IkpXVCJ9.eyJ0b2tlbl90eXBlIjoicmVmcmVzaCIsImV4cCI6MTcxNDQ3ODIzNywiaWF0IjoxNzE0NDYwMjM3LCJqdGkiOiJjYjJiZWQ4ZjVhYWY0YTVlYjNhODkzYThiYTAzMjcxNiJ9.zQWsQChwK2BAfLdkH5td3lCCmYhDNRqbE18szwheNxA',NULL,'2024-04-30 11:57:17.000000',NULL,'cb2bed8f5aaf4a5eb3a893a8ba032716'),(355,'eyJhbGciOiJIUzI1NiIsInR5cCI6IkpXVCJ9.eyJ0b2tlbl90eXBlIjoicmVmcmVzaCIsImV4cCI6MTcxNDQ3ODMxMSwiaWF0IjoxNzE0NDYwMzExLCJqdGkiOiJmOTMwODllNmZlZjQ0NTE5YjMwZTE0YWJhOWQ4Y2Y3MSJ9.G6B3pF_h1cMtCFhZtfXYuXIeCb9YBFNBBLzu-VvnDFo',NULL,'2024-04-30 11:58:31.000000',NULL,'f93089e6fef44519b30e14aba9d8cf71'),(356,'eyJhbGciOiJIUzI1NiIsInR5cCI6IkpXVCJ9.eyJ0b2tlbl90eXBlIjoicmVmcmVzaCIsImV4cCI6MTcxNDQ3ODUzMCwiaWF0IjoxNzE0NDYwNTMwLCJqdGkiOiI5OTQ0NTVjMGQwZjI0Yjc2YWQwNGNhOTVhMjY0ODM2ZiJ9.wKES2QORuBT3-keFwFfOmKwhi87vJzHcOo6D2r0auU8',NULL,'2024-04-30 12:02:10.000000',NULL,'994455c0d0f24b76ad04ca95a264836f'),(357,'eyJhbGciOiJIUzI1NiIsInR5cCI6IkpXVCJ9.eyJ0b2tlbl90eXBlIjoicmVmcmVzaCIsImV4cCI6MTcxNDQ3ODg4OSwiaWF0IjoxNzE0NDYwODg5LCJqdGkiOiJkYWI0ZDMxOTVhZTk0NGQ3YTUyMjBiOTE5YTVjNzI3ZCJ9.XyZHZqFjcck0bXi4p3ehVMwBI-ZQLGQ5WXJLiqAXkX0',NULL,'2024-04-30 12:08:09.000000',NULL,'dab4d3195ae944d7a5220b919a5c727d'),(358,'eyJhbGciOiJIUzI1NiIsInR5cCI6IkpXVCJ9.eyJ0b2tlbl90eXBlIjoicmVmcmVzaCIsImV4cCI6MTcxNDQ3ODkxNCwiaWF0IjoxNzE0NDYwOTE0LCJqdGkiOiJkNDNjNjg1ODJiY2U0MzlkYmM1ZTcyNTc3ZDg2ZTkyOSJ9.a1bwSDHIzT-hVgI-_jm8xAlENX2Z04cKETMat8BgsEs',NULL,'2024-04-30 12:08:34.000000',NULL,'d43c68582bce439dbc5e72577d86e929'),(359,'eyJhbGciOiJIUzI1NiIsInR5cCI6IkpXVCJ9.eyJ0b2tlbl90eXBlIjoicmVmcmVzaCIsImV4cCI6MTcxNDQ3OTQ1NSwiaWF0IjoxNzE0NDYxNDU1LCJqdGkiOiI2Yjk0Y2Y1OWUyZjM0ZjA5ODllYWMxNjJiMjk2MDczMiJ9.whOrUWrR8-jTF-uGd1QQpY6AwGtQqzV9er2tPCR5ExI',NULL,'2024-04-30 12:17:35.000000',NULL,'6b94cf59e2f34f0989eac162b2960732'),(360,'eyJhbGciOiJIUzI1NiIsInR5cCI6IkpXVCJ9.eyJ0b2tlbl90eXBlIjoicmVmcmVzaCIsImV4cCI6MTcxNDQ3OTgyNCwiaWF0IjoxNzE0NDYxODI0LCJqdGkiOiI0ZDgyMGRkZTVmMTA0M2JmYjc0NTAxY2JkYzVjOGQ0ZSJ9.V8InJ8VCF01yfZgkszGKL6KmynUMqpqQsxDjyOjL39k',NULL,'2024-04-30 12:23:44.000000',NULL,'4d820dde5f1043bfb74501cbdc5c8d4e'),(361,'eyJhbGciOiJIUzI1NiIsInR5cCI6IkpXVCJ9.eyJ0b2tlbl90eXBlIjoicmVmcmVzaCIsImV4cCI6MTcxNDQ3OTkyOCwiaWF0IjoxNzE0NDYxOTI4LCJqdGkiOiJjMzQ4MTQ3ZDFiOGE0MDMwYjZlNzc1Y2I0YTUwZDg1MSJ9.HOHhVLa2Vo9_dCHf86o7hGOPjGgp6QbNymZajHJ8iVQ',NULL,'2024-04-30 12:25:28.000000',NULL,'c348147d1b8a4030b6e775cb4a50d851'),(362,'eyJhbGciOiJIUzI1NiIsInR5cCI6IkpXVCJ9.eyJ0b2tlbl90eXBlIjoicmVmcmVzaCIsImV4cCI6MTcxNDQ4MDE1NywiaWF0IjoxNzE0NDYyMTU3LCJqdGkiOiJmZDAyYWVkNWNlODQ0MGNkOTI1MTIxMDA2ZTU5NmY4NCJ9.IsNVehvkad4NYOWJheBLcP80Noh_5Cs-2lWC04RcMXU',NULL,'2024-04-30 12:29:17.000000',NULL,'fd02aed5ce8440cd925121006e596f84'),(363,'eyJhbGciOiJIUzI1NiIsInR5cCI6IkpXVCJ9.eyJ0b2tlbl90eXBlIjoicmVmcmVzaCIsImV4cCI6MTcxNDQ4MDQwMiwiaWF0IjoxNzE0NDYyNDAyLCJqdGkiOiJjMTkwNmU1ZjkwYTA0NjA2YTVkNmJjODUyNGUzN2MzMSJ9.w1ty4QSS39XTxpMcERIbhkm7abY-utmIoTUNA9Wmth0',NULL,'2024-04-30 12:33:22.000000',NULL,'c1906e5f90a04606a5d6bc8524e37c31'),(364,'eyJhbGciOiJIUzI1NiIsInR5cCI6IkpXVCJ9.eyJ0b2tlbl90eXBlIjoicmVmcmVzaCIsImV4cCI6MTcxNDQ4MDU4NCwiaWF0IjoxNzE0NDYyNTg0LCJqdGkiOiIzOGZhOTA2ZjNiYmI0YzM2YWMyOGY1NmZmMmI3MjI3MiJ9.IU0TMUlSyMXiIaOcyZP9TjfviEtIt_JaCArU412IvCg',NULL,'2024-04-30 12:36:24.000000',NULL,'38fa906f3bbb4c36ac28f56ff2b72272'),(365,'eyJhbGciOiJIUzI1NiIsInR5cCI6IkpXVCJ9.eyJ0b2tlbl90eXBlIjoicmVmcmVzaCIsImV4cCI6MTcxNDQ4MDg1NCwiaWF0IjoxNzE0NDYyODU0LCJqdGkiOiIwNzUzYzNhY2NiNzc0YTE1YjUwMTc0N2RlMDVkZjAwNCJ9.sx22FSqRx__I-R1PEAaacekptrYHTk4GUYLQ5AnMyn0',NULL,'2024-04-30 12:40:54.000000',NULL,'0753c3accb774a15b501747de05df004'),(366,'eyJhbGciOiJIUzI1NiIsInR5cCI6IkpXVCJ9.eyJ0b2tlbl90eXBlIjoicmVmcmVzaCIsImV4cCI6MTcxNDQ4MTIzMywiaWF0IjoxNzE0NDYzMjMzLCJqdGkiOiJhYzIzZTM5NWNkMTM0YTc4OGVmOGNiNTUzMTY3Y2VjYSJ9.UgYRj2070x3eqBSG5MI6xspzR-JPxA-rM1C9qqfhd8c',NULL,'2024-04-30 12:47:13.000000',NULL,'ac23e395cd134a788ef8cb553167ceca'),(367,'eyJhbGciOiJIUzI1NiIsInR5cCI6IkpXVCJ9.eyJ0b2tlbl90eXBlIjoicmVmcmVzaCIsImV4cCI6MTcxNDQ4MTI1MiwiaWF0IjoxNzE0NDYzMjUyLCJqdGkiOiIxY2FmMmQ0YmFlZWM0Y2MyYmRiZGE0NzAzZGNhYTViNyJ9.Mbm_Aj8mQYG46w4lWpq_rxqe3LAscmsD5gmPkQHSwIc',NULL,'2024-04-30 12:47:32.000000',NULL,'1caf2d4baeec4cc2bdbda4703dcaa5b7'),(368,'eyJhbGciOiJIUzI1NiIsInR5cCI6IkpXVCJ9.eyJ0b2tlbl90eXBlIjoicmVmcmVzaCIsImV4cCI6MTcxNDQ4MTI2MSwiaWF0IjoxNzE0NDYzMjYxLCJqdGkiOiJmYmI0YzE0OThmNDI0ZmFlODllMjJkYjgwZTE2NWQ5NyJ9._s2FO-KLgepNl9i-dhAHLPEbYhjCAL4hzW5mg2B0AjA',NULL,'2024-04-30 12:47:41.000000',NULL,'fbb4c1498f424fae89e22db80e165d97'),(369,'eyJhbGciOiJIUzI1NiIsInR5cCI6IkpXVCJ9.eyJ0b2tlbl90eXBlIjoicmVmcmVzaCIsImV4cCI6MTcxNDQ4MTQ2MiwiaWF0IjoxNzE0NDYzNDYyLCJqdGkiOiIxZjg0ZmU1MDAwYjk0YjMyYmExZDAwNGY0ZTc0ZGY4YyJ9.dx7GdGf93SaRhT-rlrv4Ueh82Gm3J6aVI3ZMuOTAzeE',NULL,'2024-04-30 12:51:02.000000',NULL,'1f84fe5000b94b32ba1d004f4e74df8c'),(370,'eyJhbGciOiJIUzI1NiIsInR5cCI6IkpXVCJ9.eyJ0b2tlbl90eXBlIjoicmVmcmVzaCIsImV4cCI6MTcxNDQ4MTQ3MiwiaWF0IjoxNzE0NDYzNDcyLCJqdGkiOiIyNzdkYWE4MmIwMWQ0NWMwODU4ZWMzNGE3YjBkMzVkZiJ9.gk46czNezk4tQoFyyCWI2FNV5kwSpiE5voMsLfdbRRk',NULL,'2024-04-30 12:51:12.000000',NULL,'277daa82b01d45c0858ec34a7b0d35df'),(371,'eyJhbGciOiJIUzI1NiIsInR5cCI6IkpXVCJ9.eyJ0b2tlbl90eXBlIjoicmVmcmVzaCIsImV4cCI6MTcxNDQ4MTQ4NCwiaWF0IjoxNzE0NDYzNDg0LCJqdGkiOiJlODU5MGNhZWE0MTU0OGFhYjE1MjNkYzY0YWEwNWE1YSJ9.rGj3BSMt01jAzweclBp79EXJVZddpTDyvM_gMoko2RM',NULL,'2024-04-30 12:51:24.000000',NULL,'e8590caea41548aab1523dc64aa05a5a'),(372,'eyJhbGciOiJIUzI1NiIsInR5cCI6IkpXVCJ9.eyJ0b2tlbl90eXBlIjoicmVmcmVzaCIsImV4cCI6MTcxNDQ4MTY0MiwiaWF0IjoxNzE0NDYzNjQyLCJqdGkiOiI0MjUxYTUwY2Q0NDE0YmRjYmU3YzljY2NjZjcxOTNmYiJ9.qiyCdZIseoIHl_czFGIhHvmhSdG6F018zZykB44yh-s',NULL,'2024-04-30 12:54:02.000000',NULL,'4251a50cd4414bdcbe7c9ccccf7193fb'),(373,'eyJhbGciOiJIUzI1NiIsInR5cCI6IkpXVCJ9.eyJ0b2tlbl90eXBlIjoicmVmcmVzaCIsImV4cCI6MTcxNDQ4MTY2NSwiaWF0IjoxNzE0NDYzNjY1LCJqdGkiOiJhY2FjNTBkZTFhNjA0ZjZlOTJjYWZlMjBjMTYzZDU3YSJ9.WjL8X_AWhKtmM-ogjsD1qn9YGfr2Shmi2Cpd-NjBSdo',NULL,'2024-04-30 12:54:25.000000',NULL,'acac50de1a604f6e92cafe20c163d57a'),(374,'eyJhbGciOiJIUzI1NiIsInR5cCI6IkpXVCJ9.eyJ0b2tlbl90eXBlIjoicmVmcmVzaCIsImV4cCI6MTcxNDQ4MTY2NSwiaWF0IjoxNzE0NDYzNjY1LCJqdGkiOiJkNzFkZTI0YzQ0MDI0MGRlOTVjOGE0ZWE2ZmNlNmQ1OSJ9.J1ROxk-oi9h3EN2cF0y7HXirDStjhqut41myqIdrPF4',NULL,'2024-04-30 12:54:25.000000',NULL,'d71de24c440240de95c8a4ea6fce6d59'),(375,'eyJhbGciOiJIUzI1NiIsInR5cCI6IkpXVCJ9.eyJ0b2tlbl90eXBlIjoicmVmcmVzaCIsImV4cCI6MTcxNDQ4MjUzMSwiaWF0IjoxNzE0NDY0NTMxLCJqdGkiOiIwYWNlZTg2NDdmN2I0MWRkYTI0YTczYTQzNzJiYWMxYyJ9.pS5Y_8iU6Gtk0Ia0zNcm8Lw9GE6JX6yZZnPBkGYQXu8',NULL,'2024-04-30 13:08:51.000000',NULL,'0acee8647f7b41dda24a73a4372bac1c'),(376,'eyJhbGciOiJIUzI1NiIsInR5cCI6IkpXVCJ9.eyJ0b2tlbl90eXBlIjoicmVmcmVzaCIsImV4cCI6MTcxNDQ4MjU0NSwiaWF0IjoxNzE0NDY0NTQ1LCJqdGkiOiJlYjc5ZDk3Zjg2NzE0NzhhYjA1NjNkYmY3Yzk5ZTQ4MSJ9.R9wavl23OOcSQtQ5Uk31Yx4Op76FhqbaGxc73KTJy3I',NULL,'2024-04-30 13:09:05.000000',NULL,'eb79d97f8671478ab0563dbf7c99e481'),(377,'eyJhbGciOiJIUzI1NiIsInR5cCI6IkpXVCJ9.eyJ0b2tlbl90eXBlIjoicmVmcmVzaCIsImV4cCI6MTcxNDQ4MjgwMywiaWF0IjoxNzE0NDY0ODAzLCJqdGkiOiJmMmRkM2NkNDdjMDI0MzMyYjYxZDM0YzMxNTZiMjFlYyJ9.7zSQ1ApTxYpxhnlsSUTDXgDZfX4uRDDm-3Za6yW_kgg',NULL,'2024-04-30 13:13:23.000000',NULL,'f2dd3cd47c024332b61d34c3156b21ec'),(378,'eyJhbGciOiJIUzI1NiIsInR5cCI6IkpXVCJ9.eyJ0b2tlbl90eXBlIjoicmVmcmVzaCIsImV4cCI6MTcxNDQ4MzA3NSwiaWF0IjoxNzE0NDY1MDc1LCJqdGkiOiJjZjEzZGUxNjgyZjM0ODUzYTQ0ZDkzYWMzZjk4OTIxNCJ9.XB_3GxjpTdCLwuxbVFijuVnR4rVImIGoynvwdzYd4gQ',NULL,'2024-04-30 13:17:55.000000',NULL,'cf13de1682f34853a44d93ac3f989214'),(379,'eyJhbGciOiJIUzI1NiIsInR5cCI6IkpXVCJ9.eyJ0b2tlbl90eXBlIjoicmVmcmVzaCIsImV4cCI6MTcxNDQ4MzA5OCwiaWF0IjoxNzE0NDY1MDk4LCJqdGkiOiJhNjAyYjgzMWIxOTc0NzQ2OTVjOTJiYjZiOWU3NTBjMSJ9.Zk1TIPUZms33WRONQHm3WzPspv6a6cX_Z78ZMfWsQ_k',NULL,'2024-04-30 13:18:18.000000',NULL,'a602b831b197474695c92bb6b9e750c1'),(380,'eyJhbGciOiJIUzI1NiIsInR5cCI6IkpXVCJ9.eyJ0b2tlbl90eXBlIjoicmVmcmVzaCIsImV4cCI6MTcxNDQ4MzEyNywiaWF0IjoxNzE0NDY1MTI3LCJqdGkiOiJlZTFmMTczOWRmODQ0NzFlOTZhZWQ2MGQzMzNlZTRlNiJ9.n3mwHHhloAO5JcVVhYnR2IAvzv8XIxQJd1Kfo0gCZPI',NULL,'2024-04-30 13:18:47.000000',NULL,'ee1f1739df84471e96aed60d333ee4e6'),(381,'eyJhbGciOiJIUzI1NiIsInR5cCI6IkpXVCJ9.eyJ0b2tlbl90eXBlIjoicmVmcmVzaCIsImV4cCI6MTcxNDQ4MzE1NiwiaWF0IjoxNzE0NDY1MTU2LCJqdGkiOiIxNTIxZWFhYzNmNTU0NTU4YTZkZTU2ZGY3ODJhMjAzNyJ9.NjKow_GKXLz04dTJaxVlhGhbyF8qc1OpJFKtlhSZhUY',NULL,'2024-04-30 13:19:16.000000',NULL,'1521eaac3f554558a6de56df782a2037'),(382,'eyJhbGciOiJIUzI1NiIsInR5cCI6IkpXVCJ9.eyJ0b2tlbl90eXBlIjoicmVmcmVzaCIsImV4cCI6MTcxNDQ4MzE4MCwiaWF0IjoxNzE0NDY1MTgwLCJqdGkiOiJiYzQ1NTJhMWY3ODc0MTU0YmY0MDY2ODIxMTFmYjhiMiJ9.Wu08cClN_m6u44KP0vSSTXJkmZgEVpjrzwWONlED8wk',NULL,'2024-04-30 13:19:40.000000',NULL,'bc4552a1f7874154bf406682111fb8b2'),(383,'eyJhbGciOiJIUzI1NiIsInR5cCI6IkpXVCJ9.eyJ0b2tlbl90eXBlIjoicmVmcmVzaCIsImV4cCI6MTcxNDQ4MzE4OCwiaWF0IjoxNzE0NDY1MTg4LCJqdGkiOiJiODQ3ODNiZTRjMzA0ZDYxYTM2ZDc3Nzk2ZjIyY2I3OCJ9.AGLKu72lT42Oc2yKZ3DNjjCnMmh2PJ9iu6iEqu_WyME',NULL,'2024-04-30 13:19:48.000000',NULL,'b84783be4c304d61a36d77796f22cb78'),(384,'eyJhbGciOiJIUzI1NiIsInR5cCI6IkpXVCJ9.eyJ0b2tlbl90eXBlIjoicmVmcmVzaCIsImV4cCI6MTcxNDQ4MzMyNiwiaWF0IjoxNzE0NDY1MzI2LCJqdGkiOiJhZTE1YjY4MmRkMjc0YjY5OTY5MjVmODZkMjAzMWFhMyJ9.QftMGvjFySkzzsDbh4iBv_TK0tBRKkZoabnFGifhA9s',NULL,'2024-04-30 13:22:06.000000',NULL,'ae15b682dd274b6996925f86d2031aa3'),(385,'eyJhbGciOiJIUzI1NiIsInR5cCI6IkpXVCJ9.eyJ0b2tlbl90eXBlIjoicmVmcmVzaCIsImV4cCI6MTcxNDQ4MzcxNSwiaWF0IjoxNzE0NDY1NzE1LCJqdGkiOiJjODBjMTk5YzY5NWQ0OWFmYWVlNGZjYmE0NWM5NGQxOCJ9.c0q-DjzPaS_OPhMSI9wwplkaQB27Cmg5r_QcmZgZito',NULL,'2024-04-30 13:28:35.000000',NULL,'c80c199c695d49afaee4fcba45c94d18'),(386,'eyJhbGciOiJIUzI1NiIsInR5cCI6IkpXVCJ9.eyJ0b2tlbl90eXBlIjoicmVmcmVzaCIsImV4cCI6MTcxNDQ4NDAyNywiaWF0IjoxNzE0NDY2MDI3LCJqdGkiOiJhODhkZmY3MDUyZjQ0MDY1YmY0YjFhMDg5YTQ4M2M0MSJ9.ISMxZPSzkbRz4-HeuIex7LV7_qolroI6FRWz-KzT6hc',NULL,'2024-04-30 13:33:47.000000',NULL,'a88dff7052f44065bf4b1a089a483c41'),(387,'eyJhbGciOiJIUzI1NiIsInR5cCI6IkpXVCJ9.eyJ0b2tlbl90eXBlIjoicmVmcmVzaCIsImV4cCI6MTcxNDQ4NDM4MSwiaWF0IjoxNzE0NDY2MzgxLCJqdGkiOiI4MTk3OWJmMTNlZmQ0NTg1YjZiYThiODcyNjY1MTQ2ZiJ9.bq42IIzLMuidqOAUwTtcVTAJtcGwv87P6kzl89AYL3M',NULL,'2024-04-30 13:39:41.000000',NULL,'81979bf13efd4585b6ba8b872665146f'),(388,'eyJhbGciOiJIUzI1NiIsInR5cCI6IkpXVCJ9.eyJ0b2tlbl90eXBlIjoicmVmcmVzaCIsImV4cCI6MTcxNDQ4NDQwMiwiaWF0IjoxNzE0NDY2NDAyLCJqdGkiOiI0ZmI4Y2ZmZTY0NTg0YzI0OGY5OWZkOThmZDdmZTAxYSJ9.Yo63QfJ5TYnfbv6gJ6mo1bMptOIcnLfhyUC5UA_dav8',NULL,'2024-04-30 13:40:02.000000',NULL,'4fb8cffe64584c248f99fd98fd7fe01a'),(389,'eyJhbGciOiJIUzI1NiIsInR5cCI6IkpXVCJ9.eyJ0b2tlbl90eXBlIjoicmVmcmVzaCIsImV4cCI6MTcxNDQ4NDQ2MywiaWF0IjoxNzE0NDY2NDYzLCJqdGkiOiI3MDU4N2ZlYzEyZDA0NzM4OTVkZTI3MTA0YjRmYmZmZCJ9.mw2u4fx7VqAOVOvs_g06WMjKUZSYFaHlV32n0dc5Hpk',NULL,'2024-04-30 13:41:03.000000',NULL,'70587fec12d0473895de27104b4fbffd'),(390,'eyJhbGciOiJIUzI1NiIsInR5cCI6IkpXVCJ9.eyJ0b2tlbl90eXBlIjoicmVmcmVzaCIsImV4cCI6MTcxNDQ4NDQ2NCwiaWF0IjoxNzE0NDY2NDY0LCJqdGkiOiJlNWJhNDkwOTQyYjk0OTM1YWYyNTQzNTAxMjVhYWNmZSJ9.73O8OUXurfU08kHxwRSquc3gIduk5mHjN-IKxBlBFkM',NULL,'2024-04-30 13:41:04.000000',NULL,'e5ba490942b94935af254350125aacfe'),(391,'eyJhbGciOiJIUzI1NiIsInR5cCI6IkpXVCJ9.eyJ0b2tlbl90eXBlIjoicmVmcmVzaCIsImV4cCI6MTcxNDQ4NDQ2NCwiaWF0IjoxNzE0NDY2NDY0LCJqdGkiOiJjYTY3ZWRjMGU5Y2U0ZmVlOGM1MDA1N2VkMzYzMTM0MCJ9.Z0Gjv0puSwoGfS08EYFg1SqZcCXr7aALJEGkSGBRFAk',NULL,'2024-04-30 13:41:04.000000',NULL,'ca67edc0e9ce4fee8c50057ed3631340'),(392,'eyJhbGciOiJIUzI1NiIsInR5cCI6IkpXVCJ9.eyJ0b2tlbl90eXBlIjoicmVmcmVzaCIsImV4cCI6MTcxNDQ4NDUwMSwiaWF0IjoxNzE0NDY2NTAxLCJqdGkiOiI0Y2NjYjExYWM5MTc0MjJiYmNjNTJhN2M1N2UzYTc1MCJ9.rRa8rx9gStLYIEfy938RGKORRPicKs1bFW2GymtaYgs',NULL,'2024-04-30 13:41:41.000000',NULL,'4cccb11ac917422bbcc52a7c57e3a750'),(393,'eyJhbGciOiJIUzI1NiIsInR5cCI6IkpXVCJ9.eyJ0b2tlbl90eXBlIjoicmVmcmVzaCIsImV4cCI6MTcxNDQ4NDUxNSwiaWF0IjoxNzE0NDY2NTE1LCJqdGkiOiJmODkxNmQ2OWE3ZGU0NTQ2YWM2YmY3OWE1NzRiOTQ1NiJ9.O32Mzd0lFqZN4BKTUhBGJ-sRk60BX1dUkJ7MfbZgs_E',NULL,'2024-04-30 13:41:55.000000',NULL,'f8916d69a7de4546ac6bf79a574b9456'),(394,'eyJhbGciOiJIUzI1NiIsInR5cCI6IkpXVCJ9.eyJ0b2tlbl90eXBlIjoicmVmcmVzaCIsImV4cCI6MTcxNDQ4NDU2MiwiaWF0IjoxNzE0NDY2NTYyLCJqdGkiOiJkNGNjZDJiYTU0Yzc0MzJiYTI1Yzg2MjVjODNkNjI1YiJ9.FX98MzZunrjpx5E-Txxzbw4yUuvWQcKlX30Va9EFu4g',NULL,'2024-04-30 13:42:42.000000',NULL,'d4ccd2ba54c7432ba25c8625c83d625b'),(395,'eyJhbGciOiJIUzI1NiIsInR5cCI6IkpXVCJ9.eyJ0b2tlbl90eXBlIjoicmVmcmVzaCIsImV4cCI6MTcxNDQ4NDg3MSwiaWF0IjoxNzE0NDY2ODcxLCJqdGkiOiI3YWQ1YzI4NjRhYzI0Yjk3OTQxYzRlOGZmMGNjNWUzOSJ9.lo7evt9zs_XEHwqKu_ejsz7fz1urXhlBt3jvs-njC-M',NULL,'2024-04-30 13:47:51.000000',NULL,'7ad5c2864ac24b97941c4e8ff0cc5e39'),(396,'eyJhbGciOiJIUzI1NiIsInR5cCI6IkpXVCJ9.eyJ0b2tlbl90eXBlIjoicmVmcmVzaCIsImV4cCI6MTcxNDQ4NTIyMiwiaWF0IjoxNzE0NDY3MjIyLCJqdGkiOiIzZjNkYTAwZmI4Mjg0YTBiYTlmYzYxOTcxOGY4NWUxZiJ9.SWxDphbWx8cFZgEO7D6uZpUJk5inqr4vvJDrtfDO9-c',NULL,'2024-04-30 13:53:42.000000',NULL,'3f3da00fb8284a0ba9fc619718f85e1f'),(397,'eyJhbGciOiJIUzI1NiIsInR5cCI6IkpXVCJ9.eyJ0b2tlbl90eXBlIjoicmVmcmVzaCIsImV4cCI6MTcxNDQ4NTc1MywiaWF0IjoxNzE0NDY3NzUzLCJqdGkiOiJmYzY1OThkZTdlNDM0YjUxOGZjZDhjMTY3YzYzZTk5YyJ9.ia0GDKddalZVT2LM0NYS1v_JFFi7Ztpkn7kl_SCDvgw',NULL,'2024-04-30 14:02:33.000000',NULL,'fc6598de7e434b518fcd8c167c63e99c'),(398,'eyJhbGciOiJIUzI1NiIsInR5cCI6IkpXVCJ9.eyJ0b2tlbl90eXBlIjoicmVmcmVzaCIsImV4cCI6MTcxNDQ5MTA3NywiaWF0IjoxNzE0NDczMDc3LCJqdGkiOiJjZDE1OTI1MTlhNWM0MzkwYWEwMTU5NjdiYzAzN2FjOCJ9.PdOMXMjz3K5Ao_iUMeLpHgjLaUKF71iZKqqZO2GzklE',NULL,'2024-04-30 15:31:17.000000',NULL,'cd1592519a5c4390aa015967bc037ac8'),(399,'eyJhbGciOiJIUzI1NiIsInR5cCI6IkpXVCJ9.eyJ0b2tlbl90eXBlIjoicmVmcmVzaCIsImV4cCI6MTcxNDQ5MzAwMSwiaWF0IjoxNzE0NDc1MDAxLCJqdGkiOiJmMDkxY2UyMWY3N2M0MjljOTMxMWM4NmZmZDFiOWUxNiJ9.wNUkPtPkK1GksLazNqnY142rFqjjhXkY7v7hpYq4b7U',NULL,'2024-04-30 16:03:21.000000',NULL,'f091ce21f77c429c9311c86ffd1b9e16'),(400,'eyJhbGciOiJIUzI1NiIsInR5cCI6IkpXVCJ9.eyJ0b2tlbl90eXBlIjoicmVmcmVzaCIsImV4cCI6MTcxNDUwMjg1MywiaWF0IjoxNzE0NDg0ODUzLCJqdGkiOiJmMzI4ZDQwM2YzYzQ0NTA1OTliOWFlMTgzZmY4MDYwNiJ9.7fkxl0udcXHG9TjFffcRP_Pncw55Yg0rTzakfAqi9sU',NULL,'2024-04-30 18:47:33.000000',NULL,'f328d403f3c4450599b9ae183ff80606'),(401,'eyJhbGciOiJIUzI1NiIsInR5cCI6IkpXVCJ9.eyJ0b2tlbl90eXBlIjoicmVmcmVzaCIsImV4cCI6MTcxNDUwMjg2MSwiaWF0IjoxNzE0NDg0ODYxLCJqdGkiOiIzYjgxNTYwMmFjNjA0N2JlOGU3MDhjNTFkNDU0MDYwNCJ9.U5wrFy9_mDXtpF8kg_JB_OOPb7z3GcY9aVNJEni4keg',NULL,'2024-04-30 18:47:41.000000',NULL,'3b815602ac6047be8e708c51d4540604'),(402,'eyJhbGciOiJIUzI1NiIsInR5cCI6IkpXVCJ9.eyJ0b2tlbl90eXBlIjoicmVmcmVzaCIsImV4cCI6MTcxNDUwMjg2OSwiaWF0IjoxNzE0NDg0ODY5LCJqdGkiOiI0Zjk5MTYzNjkyNmI0YWYyYjBjMzdhNWJiMGJkMGUwMyJ9.Z3ZqgtKKZtVjMroca4Q0hJUeIvalBV38zwyt0J8qvls',NULL,'2024-04-30 18:47:49.000000',NULL,'4f991636926b4af2b0c37a5bb0bd0e03'),(403,'eyJhbGciOiJIUzI1NiIsInR5cCI6IkpXVCJ9.eyJ0b2tlbl90eXBlIjoicmVmcmVzaCIsImV4cCI6MTcxNDUwMzAxNiwiaWF0IjoxNzE0NDg1MDE2LCJqdGkiOiIxMjZkY2NjOGMwMzY0ZTljYTlhMjk4ZGY2MmJlYjg3OSJ9.kq2UtAZSqt6VizqERaSWO7u7RX63lajANu_T2VoDmAY',NULL,'2024-04-30 18:50:16.000000',NULL,'126dccc8c0364e9ca9a298df62beb879'),(404,'eyJhbGciOiJIUzI1NiIsInR5cCI6IkpXVCJ9.eyJ0b2tlbl90eXBlIjoicmVmcmVzaCIsImV4cCI6MTcxNDUwMzA0NSwiaWF0IjoxNzE0NDg1MDQ1LCJqdGkiOiI3OGZlNDY1MmQyNjQ0MDk5OWY4NjFjMWQyY2U0M2FhMSJ9.CLfWD1cjqYAvtvFzg6zUbqS-pWl3GLM1V3UZZM3eiI0',NULL,'2024-04-30 18:50:45.000000',NULL,'78fe4652d26440999f861c1d2ce43aa1'),(405,'eyJhbGciOiJIUzI1NiIsInR5cCI6IkpXVCJ9.eyJ0b2tlbl90eXBlIjoicmVmcmVzaCIsImV4cCI6MTcxNDUwMzIwNiwiaWF0IjoxNzE0NDg1MjA2LCJqdGkiOiIxOGVlYzQwMTU5ZTQ0ZjVmOGExZWVkYTAxNjc1YzFkZiJ9.nvPQq8UefueFd1G72uHqVcx6TR8ajP1apHR3HHoQgSk',NULL,'2024-04-30 18:53:26.000000',NULL,'18eec40159e44f5f8a1eeda01675c1df'),(406,'eyJhbGciOiJIUzI1NiIsInR5cCI6IkpXVCJ9.eyJ0b2tlbl90eXBlIjoicmVmcmVzaCIsImV4cCI6MTcxNDUxNTg4MSwiaWF0IjoxNzE0NDk3ODgxLCJqdGkiOiI5MjVlNDk0MzczNjI0ZGVkYTgwZjU1MTQ1YzE5NDQ1MCJ9.hqM_xgnNGVYXk7xDrZ-osDw_JNTETuzKwtUIKo_UyiM',NULL,'2024-04-30 22:24:41.000000',NULL,'925e494373624deda80f55145c194450'),(407,'eyJhbGciOiJIUzI1NiIsInR5cCI6IkpXVCJ9.eyJ0b2tlbl90eXBlIjoicmVmcmVzaCIsImV4cCI6MTcxNDUxNTg4MywiaWF0IjoxNzE0NDk3ODgzLCJqdGkiOiI2Yzc3NGFjMjZmMmU0MWIyYjIxMzI2MDNlN2E0MDNmNCJ9.YLF7en3B26lBgw7jdPn1U21FM13DyDBETWyYTe5TBqg',NULL,'2024-04-30 22:24:43.000000',NULL,'6c774ac26f2e41b2b2132603e7a403f4'),(408,'eyJhbGciOiJIUzI1NiIsInR5cCI6IkpXVCJ9.eyJ0b2tlbl90eXBlIjoicmVmcmVzaCIsImV4cCI6MTcxNDUxNTg5MiwiaWF0IjoxNzE0NDk3ODkyLCJqdGkiOiJkZTZiYTBhZjk4YjI0OTNmYjY0ZmZlMzIyMDQxMDA5NSJ9.Fyv5KkldPRAPBEmgINb9maJpjlPkzwOMYPApHV0NfRs',NULL,'2024-04-30 22:24:52.000000',NULL,'de6ba0af98b2493fb64ffe3220410095'),(409,'eyJhbGciOiJIUzI1NiIsInR5cCI6IkpXVCJ9.eyJ0b2tlbl90eXBlIjoicmVmcmVzaCIsImV4cCI6MTcxNDUxNjE2OCwiaWF0IjoxNzE0NDk4MTY4LCJqdGkiOiI0N2FjMzEyZThjMWY0YmM2OTViMjZkY2M5MmQ1YzViNiJ9.CKp-Ai-eM9PTWZhgdRssOBdtx1lVU87mplnfAHQnl3o',NULL,'2024-04-30 22:29:28.000000',NULL,'47ac312e8c1f4bc695b26dcc92d5c5b6'),(410,'eyJhbGciOiJIUzI1NiIsInR5cCI6IkpXVCJ9.eyJ0b2tlbl90eXBlIjoicmVmcmVzaCIsImV4cCI6MTcxNDUxNzUzMCwiaWF0IjoxNzE0NDk5NTMwLCJqdGkiOiIzYmY0ZjRiNzNkYWE0Y2ZmOGMwZDNiN2VkMGY4OTdkYyJ9.ZhzOhf5YNtYgOryNzjzCADU15LZ2hbE3M2foUWP-R6k',NULL,'2024-04-30 22:52:10.000000',NULL,'3bf4f4b73daa4cff8c0d3b7ed0f897dc'),(411,'eyJhbGciOiJIUzI1NiIsInR5cCI6IkpXVCJ9.eyJ0b2tlbl90eXBlIjoicmVmcmVzaCIsImV4cCI6MTcxNDUyMjU5NCwiaWF0IjoxNzE0NTA0NTk0LCJqdGkiOiIyNTFlZjcyMTczZGY0N2VkOGU3ZmE2YTQ0NDk5MGNjMCJ9.1XMcVQLiqttJzPCZrr8GluPcPkcPkVRp3hyAf9WJPWA',NULL,'2024-05-01 00:16:34.000000',NULL,'251ef72173df47ed8e7fa6a444990cc0'),(412,'eyJhbGciOiJIUzI1NiIsInR5cCI6IkpXVCJ9.eyJ0b2tlbl90eXBlIjoicmVmcmVzaCIsImV4cCI6MTcxNDUyMjc1NywiaWF0IjoxNzE0NTA0NzU3LCJqdGkiOiJkNTIwYTE5MzJmZTE0MWY1OWE5MWU1NjFiMzE4YmM3MCJ9.8dIBNSTH07MGU3Rjzke4BOHI98no9yjz0lGMqpwAqrU',NULL,'2024-05-01 00:19:17.000000',NULL,'d520a1932fe141f59a91e561b318bc70'),(413,'eyJhbGciOiJIUzI1NiIsInR5cCI6IkpXVCJ9.eyJ0b2tlbl90eXBlIjoicmVmcmVzaCIsImV4cCI6MTcxNDUyMjc1OCwiaWF0IjoxNzE0NTA0NzU4LCJqdGkiOiJiYjUwMWNmOGEwZTE0Yzk3YjM2MmQ1N2VjNDk1OWMwYyJ9.yZcv_63oc357HxRZA_aU4Twmh9T2KMViuzQvEjKMZA0',NULL,'2024-05-01 00:19:18.000000',NULL,'bb501cf8a0e14c97b362d57ec4959c0c'),(414,'eyJhbGciOiJIUzI1NiIsInR5cCI6IkpXVCJ9.eyJ0b2tlbl90eXBlIjoicmVmcmVzaCIsImV4cCI6MTcxNDUyMjc1OSwiaWF0IjoxNzE0NTA0NzU5LCJqdGkiOiI3YWIwNGUwMDU4Mjc0ZWQxOGJmOTMxMDE1NGJkM2Y5NSJ9.Eg5WYP24aiOoo7qewQ9UW4l6sPuQMobCYMfoEfSOG2U',NULL,'2024-05-01 00:19:19.000000',NULL,'7ab04e0058274ed18bf9310154bd3f95'),(415,'eyJhbGciOiJIUzI1NiIsInR5cCI6IkpXVCJ9.eyJ0b2tlbl90eXBlIjoicmVmcmVzaCIsImV4cCI6MTcxNDUyMjg2NywiaWF0IjoxNzE0NTA0ODY3LCJqdGkiOiIxMmJjYzhhOGU1YjU0MjkyOWY0ZjVjOTFmM2M5NDQ5NCJ9.uPA9BZ2en7kl7TiBJh9wlLYp0LYGW85tCUBzODOIB74',NULL,'2024-05-01 00:21:07.000000',NULL,'12bcc8a8e5b542929f4f5c91f3c94494'),(416,'eyJhbGciOiJIUzI1NiIsInR5cCI6IkpXVCJ9.eyJ0b2tlbl90eXBlIjoicmVmcmVzaCIsImV4cCI6MTcxNDUyMjg2OCwiaWF0IjoxNzE0NTA0ODY4LCJqdGkiOiJhNTAyZTgzM2EyOTk0OWMzYTQzZWI5YjVlNWEyMWZmNSJ9.11SI1BVw7yNG8yiFuGe8tYfNU9LQEZoQgI_2BMFCDUk',NULL,'2024-05-01 00:21:08.000000',NULL,'a502e833a29949c3a43eb9b5e5a21ff5'),(417,'eyJhbGciOiJIUzI1NiIsInR5cCI6IkpXVCJ9.eyJ0b2tlbl90eXBlIjoicmVmcmVzaCIsImV4cCI6MTcxNDUyMjg2OSwiaWF0IjoxNzE0NTA0ODY5LCJqdGkiOiJhZDc5NzIzODVmNTA0NzMzYjgzNzQ5MGRkNDRlMmQyYSJ9.KnWiL3Ajwok8V9-tsrlUyqX4IeTHvX10CbYgbrvn830',NULL,'2024-05-01 00:21:09.000000',NULL,'ad7972385f504733b837490dd44e2d2a'),(418,'eyJhbGciOiJIUzI1NiIsInR5cCI6IkpXVCJ9.eyJ0b2tlbl90eXBlIjoicmVmcmVzaCIsImV4cCI6MTcxNDUyMjg3MCwiaWF0IjoxNzE0NTA0ODcwLCJqdGkiOiIzMmZlMDBiOTFhZmU0NWRmODFlNjRiOTY2N2EwYzUzYyJ9.NEbNMNNma1YIjZL-kBoNxY87AO5-jmxdVtn1xnh8kl8',NULL,'2024-05-01 00:21:10.000000',NULL,'32fe00b91afe45df81e64b9667a0c53c'),(419,'eyJhbGciOiJIUzI1NiIsInR5cCI6IkpXVCJ9.eyJ0b2tlbl90eXBlIjoicmVmcmVzaCIsImV4cCI6MTcxNDUyMjg3MSwiaWF0IjoxNzE0NTA0ODcxLCJqdGkiOiIyMTJlMmE5Nzc1Mjc0YTY2YWIyNzM2MzdlODViOWY3MyJ9.L2pU9sOv82fV4H93fTWBi9eJfC57rWmybPelXoKPRUA',NULL,'2024-05-01 00:21:11.000000',NULL,'212e2a9775274a66ab273637e85b9f73'),(420,'eyJhbGciOiJIUzI1NiIsInR5cCI6IkpXVCJ9.eyJ0b2tlbl90eXBlIjoicmVmcmVzaCIsImV4cCI6MTcxNDUyMjg3NCwiaWF0IjoxNzE0NTA0ODc0LCJqdGkiOiI3ZTQ0ZjYzZDE3MzE0NmU5OTA0MmNhOTU4ZjRlYWUxMCJ9.YBSxVhTpxGsq-k2svS0KvUStnGrEjwPAnSTUBb_zUz0',NULL,'2024-05-01 00:21:14.000000',NULL,'7e44f63d173146e99042ca958f4eae10'),(421,'eyJhbGciOiJIUzI1NiIsInR5cCI6IkpXVCJ9.eyJ0b2tlbl90eXBlIjoicmVmcmVzaCIsImV4cCI6MTcxNDUyMjg4MSwiaWF0IjoxNzE0NTA0ODgxLCJqdGkiOiI4MzY3ZDJjNzhhMTM0NjBiYWQ3ZWY2NDJjNzVjZmNiNyJ9.wOWSBzbOLoZlI7DLEm3NPLyT4WRIhUHdLPCrHRRqXCE',NULL,'2024-05-01 00:21:21.000000',NULL,'8367d2c78a13460bad7ef642c75cfcb7'),(422,'eyJhbGciOiJIUzI1NiIsInR5cCI6IkpXVCJ9.eyJ0b2tlbl90eXBlIjoicmVmcmVzaCIsImV4cCI6MTcxNDU3ODk5NiwiaWF0IjoxNzE0NTYwOTk2LCJqdGkiOiI5NjU1NzU3OTUwYzM0MTYyODk5YzJkYmNjYWU0Y2Y4ZSJ9.NeIylQRnJwJXyZXGNeYxQM-ahqwhSa48hlVepypZ7yQ',NULL,'2024-05-01 15:56:36.000000',NULL,'9655757950c34162899c2dbccae4cf8e'),(423,'eyJhbGciOiJIUzI1NiIsInR5cCI6IkpXVCJ9.eyJ0b2tlbl90eXBlIjoicmVmcmVzaCIsImV4cCI6MTcxNDU3OTA1NSwiaWF0IjoxNzE0NTYxMDU1LCJqdGkiOiJlYzlkNzRmMzg2NGY0NGM5YWUwYjI5MzNhN2U3YWU0ZSJ9.74hYNRtG2BL6lKx3YUMuGwh4EiWv3p71AW12nvlUTVQ',NULL,'2024-05-01 15:57:35.000000',NULL,'ec9d74f3864f44c9ae0b2933a7e7ae4e'),(424,'eyJhbGciOiJIUzI1NiIsInR5cCI6IkpXVCJ9.eyJ0b2tlbl90eXBlIjoicmVmcmVzaCIsImV4cCI6MTcxNDU4MDY1OCwiaWF0IjoxNzE0NTYyNjU4LCJqdGkiOiJmY2EwMDkyNTM5MjU0YTU0YjIxNDNmZmIxZWMzOGEzYSJ9.eTepFeCjvAbfpMjsPzJ_SrzOf-90nH29wWgz6Rhq9R4',NULL,'2024-05-01 16:24:18.000000',NULL,'fca0092539254a54b2143ffb1ec38a3a'),(425,'eyJhbGciOiJIUzI1NiIsInR5cCI6IkpXVCJ9.eyJ0b2tlbl90eXBlIjoicmVmcmVzaCIsImV4cCI6MTcxNDU4MjE1NywiaWF0IjoxNzE0NTY0MTU3LCJqdGkiOiI1NjIzYWExNTEyN2U0YTEwOThiMTkxMGNmNzc4ZTQxZiJ9.LiOX_RztOiIqG5B3hOsG9XDREYCbgRyveJakW5x5p0o',NULL,'2024-05-01 16:49:17.000000',NULL,'5623aa15127e4a1098b1910cf778e41f'),(426,'eyJhbGciOiJIUzI1NiIsInR5cCI6IkpXVCJ9.eyJ0b2tlbl90eXBlIjoicmVmcmVzaCIsImV4cCI6MTcxNDU4MjU3OSwiaWF0IjoxNzE0NTY0NTc5LCJqdGkiOiIyNDFlNzI0Yjg3ODE0MDY5ODA2MDE3YzNiMWE4N2M4MCJ9.NkLyrUwCHUQaCwtwsZc-f7UCadlKDpwmCgT9hXkGMxk',NULL,'2024-05-01 16:56:19.000000',NULL,'241e724b87814069806017c3b1a87c80'),(427,'eyJhbGciOiJIUzI1NiIsInR5cCI6IkpXVCJ9.eyJ0b2tlbl90eXBlIjoicmVmcmVzaCIsImV4cCI6MTcxNDU4MjU4MCwiaWF0IjoxNzE0NTY0NTgwLCJqdGkiOiIyNGM2Y2JlNmI5YWI0NGUxOWE2MjZjY2FkMjQzZDU4ZiJ9.lC8v3Qf6fG0pzE3kAqEoIny9wO0pe6bgwzSEVemHlB4',NULL,'2024-05-01 16:56:20.000000',NULL,'24c6cbe6b9ab44e19a626ccad243d58f'),(428,'eyJhbGciOiJIUzI1NiIsInR5cCI6IkpXVCJ9.eyJ0b2tlbl90eXBlIjoicmVmcmVzaCIsImV4cCI6MTcxNDYwMjI4NSwiaWF0IjoxNzE0NTg0Mjg1LCJqdGkiOiI4MmFmM2Y0ZGQwN2M0ZDg3YThmMmNlZjgxMzI1MDFmZCJ9.kc-ei3pP4oRGU29Edn8yLisDQSYC9dejiGARLSPtbQs',NULL,'2024-05-01 22:24:45.000000',NULL,'82af3f4dd07c4d87a8f2cef8132501fd'),(429,'eyJhbGciOiJIUzI1NiIsInR5cCI6IkpXVCJ9.eyJ0b2tlbl90eXBlIjoicmVmcmVzaCIsImV4cCI6MTcxNTAwMzAyMCwiaWF0IjoxNzE0OTg1MDIwLCJqdGkiOiI5ZTE5YzM5NGIyY2Y0OGY5OGE3NzM2NzA1NmY2OWE2MyJ9.q2WKwEjGBsbvPPI4Xm8MAwFt28TkN4BQXXlz4n2M5tk',NULL,'2024-05-06 13:43:40.000000',NULL,'9e19c394b2cf48f98a77367056f69a63'),(430,'eyJhbGciOiJIUzI1NiIsInR5cCI6IkpXVCJ9.eyJ0b2tlbl90eXBlIjoicmVmcmVzaCIsImV4cCI6MTcxNTAwMzI1OSwiaWF0IjoxNzE0OTg1MjU5LCJqdGkiOiJmYmE0NWE5MzgzOWQ0N2IyYjY3NzE3OGEzNTE2MWRmMSIsInVzZXJfaWQiOjR9.cDp7Dnu3PXljSGYhmRhUvNtw_D5vH6ED3xVGABapeBM','2024-05-06 08:47:39.942614','2024-05-06 13:47:39.000000',NULL,'fba45a93839d47b2b677178a35161df1'),(431,'eyJhbGciOiJIUzI1NiIsInR5cCI6IkpXVCJ9.eyJ0b2tlbl90eXBlIjoicmVmcmVzaCIsImV4cCI6MTcxNTAwMzI3MywiaWF0IjoxNzE0OTg1MjczLCJqdGkiOiI3NTU0YjEyNjRmNWM0MGI1YjM1ODE5ZTUzMDM4NDcwOSIsInVzZXJfaWQiOjR9.VQ2Xy3rAQ34lo5tFeU5KXu0RcUjYWt-Rzn_P1ozBdUg','2024-05-06 08:47:53.928924','2024-05-06 13:47:53.000000',NULL,'7554b1264f5c40b5b35819e530384709'),(432,'eyJhbGciOiJIUzI1NiIsInR5cCI6IkpXVCJ9.eyJ0b2tlbl90eXBlIjoicmVmcmVzaCIsImV4cCI6MTcxNTAwMzQ1OSwiaWF0IjoxNzE0OTg1NDU5LCJqdGkiOiJlMGEzMjEzZDNjZDc0YTVmYmRjNDJmYmU0OWExMzEwMCIsInVzZXJfaWQiOjR9.bYzCKCVDCB4IFFFwc8nG5v4h8r4n8bdsrM6C5_lHd3E','2024-05-06 08:50:59.438712','2024-05-06 13:50:59.000000',NULL,'e0a3213d3cd74a5fbdc42fbe49a13100'),(433,'eyJhbGciOiJIUzI1NiIsInR5cCI6IkpXVCJ9.eyJ0b2tlbl90eXBlIjoicmVmcmVzaCIsImV4cCI6MTcxNTAxMDYxMiwiaWF0IjoxNzE0OTkyNjEyLCJqdGkiOiJjMzRmNDZhY2ZmZTE0NGFjODJlMTZhMWJlOWI0NzY1ZCIsInVzZXJfaWQiOjR9.2CpvCfQCyYfe4YrGEHJznAZgM89JcJx6_QlS5mjtfco','2024-05-06 10:50:12.098656','2024-05-06 15:50:12.000000',NULL,'c34f46acffe144ac82e16a1be9b4765d'),(434,'eyJhbGciOiJIUzI1NiIsInR5cCI6IkpXVCJ9.eyJ0b2tlbl90eXBlIjoicmVmcmVzaCIsImV4cCI6MTcxNTAxMDY1NCwiaWF0IjoxNzE0OTkyNjU0LCJqdGkiOiJhMDYzM2ZjN2Y5YmI0Zjg3OWFiMTA3NDBiZjlmYmVjYiJ9.0RTbCJZUJuVzHXpkNL2WFOkiEEYiRE2mmyYhlKJmP7o',NULL,'2024-05-06 15:50:54.000000',NULL,'a0633fc7f9bb4f879ab10740bf9fbecb'),(435,'eyJhbGciOiJIUzI1NiIsInR5cCI6IkpXVCJ9.eyJ0b2tlbl90eXBlIjoicmVmcmVzaCIsImV4cCI6MTcxNTAxMDY1OSwiaWF0IjoxNzE0OTkyNjU5LCJqdGkiOiJjNjQ2Y2U0OGQ0NDM0NjUzYTVjYmQxYmViZWUzOThlOSIsInVzZXJfaWQiOjR9.iPZ7NtCfXI_uRfifi3MYr1xBJPXGUia9gOLzM_-EYCs','2024-05-06 10:50:59.421089','2024-05-06 15:50:59.000000',NULL,'c646ce48d4434653a5cbd1bebee398e9'),(436,'eyJhbGciOiJIUzI1NiIsInR5cCI6IkpXVCJ9.eyJ0b2tlbl90eXBlIjoicmVmcmVzaCIsImV4cCI6MTcxNTAxMDg5MiwiaWF0IjoxNzE0OTkyODkyLCJqdGkiOiIxYzk0YmRjODc4OTE0Y2FlOTAyMjRmNDkwYzEzMDU5NCIsInVzZXJfaWQiOjR9.aLwR2NrCOCe_gsecqak9ch8Ox-S8vJMszcbvdvbyYZE','2024-05-06 10:54:52.460271','2024-05-06 15:54:52.000000',NULL,'1c94bdc878914cae90224f490c130594'),(437,'eyJhbGciOiJIUzI1NiIsInR5cCI6IkpXVCJ9.eyJ0b2tlbl90eXBlIjoicmVmcmVzaCIsImV4cCI6MTcxNTM0NDM5NSwiaWF0IjoxNzE1MzI2Mzk1LCJqdGkiOiI1MzM1ODk3MGVmOTQ0NTQzYjQwZmRjMDRmZGNkNDc4ZCIsInVzZXJfaWQiOjR9.0aBAks2A3stNrsz2aTkL3IU6mKJVY6WZwSHy8_XuGXs','2024-05-10 07:33:15.193405','2024-05-10 12:33:15.000000',NULL,'53358970ef944543b40fdc04fdcd478d'),(438,'eyJhbGciOiJIUzI1NiIsInR5cCI6IkpXVCJ9.eyJ0b2tlbl90eXBlIjoicmVmcmVzaCIsImV4cCI6MTcxNTM0NDU0MiwiaWF0IjoxNzE1MzI2NTQyLCJqdGkiOiIxMWUzMGQ3NWZmNjM0MmYyOTIxOGU4ODhhYTY3MmNlNCIsInVzZXJfaWQiOjR9.vg2ymrsuNRuI1HDVu0cTwl_KEjwT_g_zi9dn3M6f1Ew','2024-05-10 07:35:42.652793','2024-05-10 12:35:42.000000',NULL,'11e30d75ff6342f29218e888aa672ce4'),(439,'eyJhbGciOiJIUzI1NiIsInR5cCI6IkpXVCJ9.eyJ0b2tlbl90eXBlIjoicmVmcmVzaCIsImV4cCI6MTcxNTM0NDU1NSwiaWF0IjoxNzE1MzI2NTU1LCJqdGkiOiJhYzA4MDUyNjAwNTY0Y2Y3YWI2MzBjYmI2ZThlODI5NyIsInVzZXJfaWQiOjR9.hiDxYTo4r9uBvV7CbWe03aRu0K7y9BwAx5EP3fRVOT0','2024-05-10 07:35:55.561259','2024-05-10 12:35:55.000000',NULL,'ac08052600564cf7ab630cbb6e8e8297'),(440,'eyJhbGciOiJIUzI1NiIsInR5cCI6IkpXVCJ9.eyJ0b2tlbl90eXBlIjoicmVmcmVzaCIsImV4cCI6MTcxNTM0NDY4NywiaWF0IjoxNzE1MzI2Njg3LCJqdGkiOiIyZDI1OGIwODlmZTY0MTVlOWEyODA4Y2M1ZGM2ODEzZiIsInVzZXJfaWQiOjR9.J_w5jV0gxxCwoLDSFjltWEBS3KLh8u0eB6TL0w0z4p8','2024-05-10 07:38:07.212793','2024-05-10 12:38:07.000000',NULL,'2d258b089fe6415e9a2808cc5dc6813f'),(441,'eyJhbGciOiJIUzI1NiIsInR5cCI6IkpXVCJ9.eyJ0b2tlbl90eXBlIjoicmVmcmVzaCIsImV4cCI6MTcxNTM0NDk2OCwiaWF0IjoxNzE1MzI2OTY4LCJqdGkiOiJlZmExYzIwYjgzMWY0MzBjOTYzNGE3ODc1Y2ZlZWVkZSIsInVzZXJfaWQiOjR9.yYHY085wyVtYNvK7YqCyLD38OS_EEHSygbbHgYcyC1o','2024-05-10 07:42:48.689879','2024-05-10 12:42:48.000000',NULL,'efa1c20b831f430c9634a7875cfeeede'),(442,'eyJhbGciOiJIUzI1NiIsInR5cCI6IkpXVCJ9.eyJ0b2tlbl90eXBlIjoicmVmcmVzaCIsImV4cCI6MTcxNTM0NTkxNCwiaWF0IjoxNzE1MzI3OTE0LCJqdGkiOiIxODA4NzM0M2IwYTk0MmRlYTRkNTFiMTc1ZmJlZWU2NyIsInVzZXJfaWQiOjR9.DRBm6IjayE6PWbcXrLlF4bk6W649v1n2MPcYfbmLjF4','2024-05-10 07:58:34.761711','2024-05-10 12:58:34.000000',NULL,'18087343b0a942dea4d51b175fbeee67'),(443,'eyJhbGciOiJIUzI1NiIsInR5cCI6IkpXVCJ9.eyJ0b2tlbl90eXBlIjoicmVmcmVzaCIsImV4cCI6MTcxNTM0NTk0MywiaWF0IjoxNzE1MzI3OTQzLCJqdGkiOiJiMjVmZGY4MGFjNzI0M2Y2YWI5MGIxZTg4OGQ0NjFiMyIsInVzZXJfaWQiOjR9.5NV9xVDTm0TTWahUwPEQhyoTFdp6xpMKV6xg5wQ1xJQ','2024-05-10 07:59:03.072381','2024-05-10 12:59:03.000000',NULL,'b25fdf80ac7243f6ab90b1e888d461b3'),(444,'eyJhbGciOiJIUzI1NiIsInR5cCI6IkpXVCJ9.eyJ0b2tlbl90eXBlIjoicmVmcmVzaCIsImV4cCI6MTcxNTM0NjIwMCwiaWF0IjoxNzE1MzI4MjAwLCJqdGkiOiIwNTc0MzEwZmU0NDY0MjRkODc5MmUzMzQwYzJlZjBjOCIsInVzZXJfaWQiOjR9.j5FujFZOguDAZ1s6n50CoupQ0j42BlGayPeP43GH_Og','2024-05-10 08:03:20.085727','2024-05-10 13:03:20.000000',NULL,'0574310fe446424d8792e3340c2ef0c8'),(445,'eyJhbGciOiJIUzI1NiIsInR5cCI6IkpXVCJ9.eyJ0b2tlbl90eXBlIjoicmVmcmVzaCIsImV4cCI6MTcxNTM0NjMzOSwiaWF0IjoxNzE1MzI4MzM5LCJqdGkiOiJhZTllMjRhZThlNmU0OWYxOWRlMmFmMWQ3OGVkZDBjMyIsInVzZXJfaWQiOjR9.PJ4H5U52A-dY2467xEw1sVB7tUazwNeXaBN8VhfFGlU','2024-05-10 08:05:39.693076','2024-05-10 13:05:39.000000',NULL,'ae9e24ae8e6e49f19de2af1d78edd0c3'),(446,'eyJhbGciOiJIUzI1NiIsInR5cCI6IkpXVCJ9.eyJ0b2tlbl90eXBlIjoicmVmcmVzaCIsImV4cCI6MTcxNTM0Njk3NiwiaWF0IjoxNzE1MzI4OTc2LCJqdGkiOiIyZTZhYjY5ODg4Njc0MzAxOWVjZTdlMDBjMTBjNjc0MSIsInVzZXJfaWQiOjR9.RGHEbNj2VgLTGv43HvuzIWTPf1gBA8Mr6fHBkuIw-4Q','2024-05-10 08:16:16.026816','2024-05-10 13:16:16.000000',NULL,'2e6ab698886743019ece7e00c10c6741'),(447,'eyJhbGciOiJIUzI1NiIsInR5cCI6IkpXVCJ9.eyJ0b2tlbl90eXBlIjoicmVmcmVzaCIsImV4cCI6MTcxNTM1MTU4NywiaWF0IjoxNzE1MzMzNTg3LCJqdGkiOiI3MTNlMjdhY2Y5MzI0NzAyYjQ0NmJiY2I2MDI4ZDkxMSIsInVzZXJfaWQiOjR9.6ElR8rQiDOmotMm99El_AyALhsq7HpChXz5xwabB6Vw','2024-05-10 09:33:07.238206','2024-05-10 14:33:07.000000',NULL,'713e27acf9324702b446bbcb6028d911'),(448,'eyJhbGciOiJIUzI1NiIsInR5cCI6IkpXVCJ9.eyJ0b2tlbl90eXBlIjoicmVmcmVzaCIsImV4cCI6MTcxNTM1MTc2MCwiaWF0IjoxNzE1MzMzNzYwLCJqdGkiOiIyN2YwYzM0YzE2MDI0MDI2ODY3MTE5ZmE3YTIxYmY4OCIsInVzZXJfaWQiOjR9.-LLs1b7G9W8pYsRH6KWmoYovT73RjrUP34z255AOl8c','2024-05-10 09:36:00.550137','2024-05-10 14:36:00.000000',NULL,'27f0c34c16024026867119fa7a21bf88'),(449,'eyJhbGciOiJIUzI1NiIsInR5cCI6IkpXVCJ9.eyJ0b2tlbl90eXBlIjoicmVmcmVzaCIsImV4cCI6MTcxNTM1OTM5MywiaWF0IjoxNzE1MzQxMzkzLCJqdGkiOiJlYjA5NjU1NzFmOTg0Zjg0ODhmZTUzZmY1ZjA1OGU5ZCIsInVzZXJfaWQiOjR9.Fx-R7YRxIadHt71LZjW9HqLjJgWmUiTd1Gbst0REs80','2024-05-10 11:43:13.790639','2024-05-10 16:43:13.000000',NULL,'eb0965571f984f8488fe53ff5f058e9d'),(450,'eyJhbGciOiJIUzI1NiIsInR5cCI6IkpXVCJ9.eyJ0b2tlbl90eXBlIjoicmVmcmVzaCIsImV4cCI6MTcxNTM2NTI0MCwiaWF0IjoxNzE1MzQ3MjQwLCJqdGkiOiJkNTk1YWFhMTkzNzM0MGZkYTA4OGJlYmQxOTNiOTNmZiIsInVzZXJfaWQiOjR9.IkVW0aadjpTC9FuEcSyuLbFR0heEXUFwpHEeKaSuszU','2024-05-10 13:20:40.874340','2024-05-10 18:20:40.000000',NULL,'d595aaa1937340fda088bebd193b93ff'),(451,'eyJhbGciOiJIUzI1NiIsInR5cCI6IkpXVCJ9.eyJ0b2tlbl90eXBlIjoicmVmcmVzaCIsImV4cCI6MTcxNTM3MjU5MSwiaWF0IjoxNzE1MzU0NTkxLCJqdGkiOiIzZDg2OTg2N2Y0ZmY0NmRmYTNiYjM0N2M2YjEyNThmMyIsInVzZXJfaWQiOjR9.0BCxmAnRWROOWAwlxrIvWqs_H4MkhrSFWYrb87HhhVw','2024-05-10 15:23:11.152824','2024-05-10 20:23:11.000000',NULL,'3d869867f4ff46dfa3bb347c6b1258f3'),(452,'eyJhbGciOiJIUzI1NiIsInR5cCI6IkpXVCJ9.eyJ0b2tlbl90eXBlIjoicmVmcmVzaCIsImV4cCI6MTcxNTM3MzAyMywiaWF0IjoxNzE1MzU1MDIzLCJqdGkiOiJmM2JhMjZhNTczNzM0ZGUxYTZjZmRkNThiM2VmNDIzMiIsInVzZXJfaWQiOjR9.MIoB2WLEQnbDNBWxt2ClNKlHHkWjH_fewb1wLHuKHLo','2024-05-10 15:30:23.234090','2024-05-10 20:30:23.000000',NULL,'f3ba26a573734de1a6cfdd58b3ef4232'),(453,'eyJhbGciOiJIUzI1NiIsInR5cCI6IkpXVCJ9.eyJ0b2tlbl90eXBlIjoicmVmcmVzaCIsImV4cCI6MTcxNTM3MzQ4OSwiaWF0IjoxNzE1MzU1NDg5LCJqdGkiOiJmYWEyMGQ1OTkyNmQ0MTIxODlkYjEzODZhZTllMDZiZCIsInVzZXJfaWQiOjR9.0RODvi3Oyi5pIiZ657_122NfSLKAJ61tfpzJP9xe1Sw','2024-05-10 15:38:09.136629','2024-05-10 20:38:09.000000',NULL,'faa20d59926d412189db1386ae9e06bd'),(454,'eyJhbGciOiJIUzI1NiIsInR5cCI6IkpXVCJ9.eyJ0b2tlbl90eXBlIjoicmVmcmVzaCIsImV4cCI6MTcxNTQ0Nzg4MiwiaWF0IjoxNzE1NDI5ODgyLCJqdGkiOiJhZTllM2FkNjRmMmI0OTZkOWU0MjMxYWE5ZDEwMTY4MCIsInVzZXJfaWQiOjR9._ABnAxxcd6ivJlAv914gAEzToR_25YfQy8hU-KmK5CA','2024-05-11 12:18:02.977725','2024-05-11 17:18:02.000000',NULL,'ae9e3ad64f2b496d9e4231aa9d101680'),(455,'eyJhbGciOiJIUzI1NiIsInR5cCI6IkpXVCJ9.eyJ0b2tlbl90eXBlIjoicmVmcmVzaCIsImV4cCI6MTcxNTQ0ODI2OSwiaWF0IjoxNzE1NDMwMjY5LCJqdGkiOiI4YjZhYWZiNTMwZTg0YmI0YmQ4NGY4MDA0MjNiNGEwNyIsInVzZXJfaWQiOjR9.G3JlWCi4noK4fPRNTej-Wtz0fwNxALU6duY_OnbqQ3o','2024-05-11 12:24:29.819326','2024-05-11 17:24:29.000000',NULL,'8b6aafb530e84bb4bd84f800423b4a07'),(456,'eyJhbGciOiJIUzI1NiIsInR5cCI6IkpXVCJ9.eyJ0b2tlbl90eXBlIjoicmVmcmVzaCIsImV4cCI6MTcxNTUyMzkzNCwiaWF0IjoxNzE1NTA1OTM0LCJqdGkiOiJlOTllOTdlMjQ3NTk0YzU1YTE4NzVlMGIwODZmNzQxMyIsInVzZXJfaWQiOjR9.BB3nPocE58mh7qRYs7wrfDJKvt87uFzWEWMqGVGat8I','2024-05-12 09:25:34.354829','2024-05-12 14:25:34.000000',NULL,'e99e97e247594c55a1875e0b086f7413'),(457,'eyJhbGciOiJIUzI1NiIsInR5cCI6IkpXVCJ9.eyJ0b2tlbl90eXBlIjoicmVmcmVzaCIsImV4cCI6MTcxNTYyNjg3MiwiaWF0IjoxNzE1NjA4ODcyLCJqdGkiOiJjYmQ1NTBkZDQxOWY0YjU5OTA4ODAxYzdkNzliZDE4YyIsInVzZXJfaWQiOjR9.fa27M-kdhhguyJr4w1czK_VVdOy6reo7CcfAKAZw8SA','2024-05-13 14:01:12.077787','2024-05-13 19:01:12.000000',NULL,'cbd550dd419f4b59908801c7d79bd18c'),(458,'eyJhbGciOiJIUzI1NiIsInR5cCI6IkpXVCJ9.eyJ0b2tlbl90eXBlIjoicmVmcmVzaCIsImV4cCI6MTcxNTY0MDI4MSwiaWF0IjoxNzE1NjIyMjgxLCJqdGkiOiJhY2MwMDdkNGIzNmY0MDc2ODA0YjQ3NTNmYTVmMjY3YyIsInVzZXJfaWQiOjR9.UJYkTaYz6gWa3gQlQJYO9vYT8wXrMPQyhmsrWfafgR4','2024-05-13 17:44:41.364738','2024-05-13 22:44:41.000000',NULL,'acc007d4b36f4076804b4753fa5f267c'),(459,'eyJhbGciOiJIUzI1NiIsInR5cCI6IkpXVCJ9.eyJ0b2tlbl90eXBlIjoicmVmcmVzaCIsImV4cCI6MTcxNTcwNjM2MiwiaWF0IjoxNzE1Njg4MzYyLCJqdGkiOiJhODMxYzYzN2EzOGE0YmU4OGI3NWJmODFkMWY4NDE5MSIsInVzZXJfaWQiOjR9.3TNOc72ilJyJPNsHLzSkKgjUM7exUfsZPqlxcrp4jWA','2024-05-14 12:06:02.802737','2024-05-14 17:06:02.000000',NULL,'a831c637a38a4be88b75bf81d1f84191'),(460,'eyJhbGciOiJIUzI1NiIsInR5cCI6IkpXVCJ9.eyJ0b2tlbl90eXBlIjoicmVmcmVzaCIsImV4cCI6MTcxNTcyMjI3MywiaWF0IjoxNzE1NzA0MjczLCJqdGkiOiI4ZTVmZGYwM2QxYWI0MGU4YTFmNWQ3NWE2ZmFmNzI5NiIsInVzZXJfaWQiOjR9.P87Cp4TLcmyQQcojXzoUCWNvOlGUxDZVAB3VSosgew4','2024-05-14 16:31:13.357020','2024-05-14 21:31:13.000000',NULL,'8e5fdf03d1ab40e8a1f5d75a6faf7296'),(461,'eyJhbGciOiJIUzI1NiIsInR5cCI6IkpXVCJ9.eyJ0b2tlbl90eXBlIjoicmVmcmVzaCIsImV4cCI6MTcxNTcyNDA2MywiaWF0IjoxNzE1NzA2MDYzLCJqdGkiOiJlYTczOGYyZTU4NTA0ZDExYjBlYWY4NmQ3OTY3ZWQyYiIsInVzZXJfaWQiOjE2fQ._vM4kGrfAw19_QDI2wl_ENcSnXR7-gHknD0wPgK33Yo','2024-05-14 17:01:03.832907','2024-05-14 22:01:03.000000',NULL,'ea738f2e58504d11b0eaf86d7967ed2b'),(462,'eyJhbGciOiJIUzI1NiIsInR5cCI6IkpXVCJ9.eyJ0b2tlbl90eXBlIjoicmVmcmVzaCIsImV4cCI6MTcxODIwMTU1OCwiaWF0IjoxNzE4MTgzNTU4LCJqdGkiOiI4OWFmMGI5MzBmNGI0ZDlkYjlhNTNjNWE5NDM2MjhlMCIsInVzZXJfaWQiOjE2fQ._KYRh8iZFd1isdHOQq1Ihd8_jCNFZZVTKVSlO6PtDR0','2024-06-12 09:12:38.178779','2024-06-12 14:12:38.000000',NULL,'89af0b930f4b4d9db9a53c5a943628e0'),(463,'eyJhbGciOiJIUzI1NiIsInR5cCI6IkpXVCJ9.eyJ0b2tlbl90eXBlIjoicmVmcmVzaCIsImV4cCI6MTcxODIwOTQ2MiwiaWF0IjoxNzE4MTkxNDYyLCJqdGkiOiJjYjgxYmEwYjk0ZmY0ZjAzOTAwMGUwNjI3ODViY2ExNSIsInVzZXJfaWQiOjE2fQ.3a4ia3pCHBoiUTYbQV9ERXPhzcJ3fMP3GEuylIpGF9g','2024-06-12 11:24:22.136025','2024-06-12 16:24:22.000000',NULL,'cb81ba0b94ff4f039000e062785bca15'),(464,'eyJhbGciOiJIUzI1NiIsInR5cCI6IkpXVCJ9.eyJ0b2tlbl90eXBlIjoicmVmcmVzaCIsImV4cCI6MTcxODIxNjUzMiwiaWF0IjoxNzE4MTk4NTMyLCJqdGkiOiIyN2FkMTQxZTBiMWU0MGQ2OWM1YTliMDM2NzVkNDVjOCIsInVzZXJfaWQiOjE2fQ.mhdJjPg0fLezFWJsEiB0G-zw3qZvcaTitezv8SSMLYY','2024-06-12 13:22:12.650761','2024-06-12 18:22:12.000000',NULL,'27ad141e0b1e40d69c5a9b03675d45c8');
/*!40000 ALTER TABLE `token_blacklist_outstandingtoken` ENABLE KEYS */;
UNLOCK TABLES;

--
-- Table structure for table `trainings_deliverymethod`
--

DROP TABLE IF EXISTS `trainings_deliverymethod`;
/*!40101 SET @saved_cs_client     = @@character_set_client */;
/*!50503 SET character_set_client = utf8mb4 */;
CREATE TABLE `trainings_deliverymethod` (
  `id` bigint NOT NULL AUTO_INCREMENT,
  `delivery_method` varchar(140) NOT NULL,
  PRIMARY KEY (`id`)
) ENGINE=InnoDB AUTO_INCREMENT=7 DEFAULT CHARSET=utf8mb4 COLLATE=utf8mb4_0900_ai_ci;
/*!40101 SET character_set_client = @saved_cs_client */;

--
-- Dumping data for table `trainings_deliverymethod`
--

LOCK TABLES `trainings_deliverymethod` WRITE;
/*!40000 ALTER TABLE `trainings_deliverymethod` DISABLE KEYS */;
INSERT INTO `trainings_deliverymethod` VALUES (1,'Online-Kurs'),(2,'Webinar/Video'),(3,'MOOC'),(4,'Cyber-Spiel'),(5,'Quiz'),(6,'Dokument');
/*!40000 ALTER TABLE `trainings_deliverymethod` ENABLE KEYS */;
UNLOCK TABLES;

--
-- Table structure for table `trainings_language`
--

DROP TABLE IF EXISTS `trainings_language`;
/*!40101 SET @saved_cs_client     = @@character_set_client */;
/*!50503 SET character_set_client = utf8mb4 */;
CREATE TABLE `trainings_language` (
  `id` bigint NOT NULL AUTO_INCREMENT,
  `language` varchar(140) NOT NULL,
  PRIMARY KEY (`id`)
) ENGINE=InnoDB AUTO_INCREMENT=3 DEFAULT CHARSET=utf8mb4 COLLATE=utf8mb4_0900_ai_ci;
/*!40101 SET character_set_client = @saved_cs_client */;

--
-- Dumping data for table `trainings_language`
--

LOCK TABLES `trainings_language` WRITE;
/*!40000 ALTER TABLE `trainings_language` DISABLE KEYS */;
INSERT INTO `trainings_language` VALUES (1,'Deutsch'),(2,'Englisch');
/*!40000 ALTER TABLE `trainings_language` ENABLE KEYS */;
UNLOCK TABLES;

--
-- Table structure for table `trainings_targetaudience`
--

DROP TABLE IF EXISTS `trainings_targetaudience`;
/*!40101 SET @saved_cs_client     = @@character_set_client */;
/*!50503 SET character_set_client = utf8mb4 */;
CREATE TABLE `trainings_targetaudience` (
  `id` bigint NOT NULL AUTO_INCREMENT,
  `audience_name` varchar(140) NOT NULL,
  PRIMARY KEY (`id`)
) ENGINE=InnoDB AUTO_INCREMENT=6 DEFAULT CHARSET=utf8mb4 COLLATE=utf8mb4_0900_ai_ci;
/*!40101 SET character_set_client = @saved_cs_client */;

--
-- Dumping data for table `trainings_targetaudience`
--

LOCK TABLES `trainings_targetaudience` WRITE;
/*!40000 ALTER TABLE `trainings_targetaudience` DISABLE KEYS */;
INSERT INTO `trainings_targetaudience` VALUES (1,'Generisch'),(2,'Spezfisch'),(3,'KMUs'),(4,'Kliniken'),(5,'Konsument');
/*!40000 ALTER TABLE `trainings_targetaudience` ENABLE KEYS */;
UNLOCK TABLES;

--
-- Table structure for table `trainings_training`
--

DROP TABLE IF EXISTS `trainings_training`;
/*!40101 SET @saved_cs_client     = @@character_set_client */;
/*!50503 SET character_set_client = utf8mb4 */;
CREATE TABLE `trainings_training` (
  `id` bigint NOT NULL AUTO_INCREMENT,
  `training_name` varchar(140) NOT NULL,
  `training_url` varchar(400) DEFAULT NULL,
  `certification` int NOT NULL,
  `costs` int NOT NULL,
  `training_provider` varchar(140) DEFAULT NULL,
  `training_group_id` bigint DEFAULT NULL,
  PRIMARY KEY (`id`),
  KEY `trainings_training_training_group_id_1f19a3fd_fk_trainings` (`training_group_id`),
  CONSTRAINT `trainings_training_training_group_id_1f19a3fd_fk_trainings` FOREIGN KEY (`training_group_id`) REFERENCES `trainings_traininggroup` (`id`)
) ENGINE=InnoDB AUTO_INCREMENT=599 DEFAULT CHARSET=utf8mb4 COLLATE=utf8mb4_0900_ai_ci;
/*!40101 SET character_set_client = @saved_cs_client */;

--
-- Dumping data for table `trainings_training`
--

LOCK TABLES `trainings_training` WRITE;
/*!40000 ALTER TABLE `trainings_training` DISABLE KEYS */;
INSERT INTO `trainings_training` VALUES (562,'IT-Grundlagen im Büroalltag','https://docs.gut-cert.de/moodle/course/view.php?id=20#section-1',1,1,'GUTcert Akademie',1),(563,'BEHÖRDEN-IT-SICHERHEITSTRAINING','https://www.bits-training.de/training/',1,1,'BITS',2),(564,'Spezialisierung Cybersecurity Kurs 1: Cybersecurity and Mobility','https://www.coursera.org/learn/cybersecurity-mobility?specialization=cybersecurity-developing-program-for-business',2,1,'Coursera',3),(565,'Spezialisierung Cybersecurity Kurs 2: Cybersecurity and the Internet of Things','https://www.coursera.org/learn/iot-cyber-security?specialization=cybersecurity-developing-program-for-business',2,1,'Coursera',3),(566,'Spezialisierung Cybersecurity Kurs 3: Cybersecurity and the X-Factor','https://www.coursera.org/learn/cybersecurity-and-x-factor?specialization=cybersecurity-developing-program-for-business',2,1,'Coursera',4),(567,'Security Awareness Training','https://cyber-samurai.net/gratis-testen/security-awareness-training/',2,1,'Cyber Samurai',5),(568,'Social Engineering','https://fabula-games.de/social-engineering-game/?gclid=EAIaIQobChMIpKXqqq-W9gIVRoXVCh1Vlgy1EAMYASAAEgI64_D_BwE',1,1,'Fabula Games',1),(569,'Home-Office','https://fabula-games.de/home-office-hero/',1,1,'Fabula Games',1),(570,'Security Awareness Training','https://www.gdata.de/business/security-services/security-awareness-training',1,1,'G Data',1),(571,'Secuso Research - Results - S&P Awarness','https://secuso.aifb.kit.edu/betruegerische_nachrichten_erkennen.php',1,1,'KIT',6),(572,'Sicher per E-Mail kommunizieren - Mitleser unerwünscht','https://open.hpi.de/courses/email2019',2,1,'openHPI',7),(573,'Sicherheit im Internet','https://open.hpi.de/courses/intsec2016',2,1,'openHPI',1),(574,'Security Awareness Trainings­plattform','https://awareness.usd.de/',1,1,'usd AG',4),(575,'Wie können IT-Sicherheitsvorfälle vermieden werden? - Praxistipps','https://www.youtube.com/watch?v=VXzIdrXhWOA',1,1,'Mitarbeiterschule GmbH',7),(576,'Webinar Grundlagen der IT-Sicherheit (Teil 1)','https://www.youtube.com/watch?v=ZguOJLUvJSc',1,1,'webinarfabrik',5),(577,'Datenschutz & IT-Security am Arbeitsplatz (Teil 7 - 10)','https://www.youtube.com/watch?v=xnNuIA8oUmQ',1,1,'Datenschutz ist Pflicht',8),(578,'Datenschutzschulung für Mitarbeiter Basic','https://www.teachdata.de/basic',2,1,'TEACHDATA',9),(579,'DsiN-Digitalführerschein (DiFü)','https://difue.de/',1,1,'Deutschland sicher im Netz (DsiN)',3),(580,'E-Mail-Spiel \'Vorsicht, Phishing\'','https://email-spiel.onmybreev.de/',2,1,'Bundesamt für Sicherheit in der Informationstechnik',6),(581,'Einführung in die Cybersicherheit','https://skillsforall.com/course/introduction-to-cybersecurity?utm_source=netacad.com&utm_medium=referral&utm_campaign=intro-cybersecurity&courseLang=de-DE',2,1,'Cisco Networking Academy',6),(582,'KMU. Einfach Sicher. Weiterbildungsplattform','https://kmu-einfach-sicher.de/',2,1,'KMU. Einfach Sicher',8),(583,'Spiele','https://www.bakgame.de/spiele/',2,1,'BAKGame',5),(584,'Digitale Serious Games','https://alarm.wildau.biz/',2,1,'Awareness Labor KMU (ALARM)',7),(585,'Sicherheitskonzepte','https://alarm.wildau.biz/',2,1,'Awareness Labor KMU (ALARM)',5),(586,'IT-Sicherheit','https://digitalzentrum-hannover.de/e-learning/it-sicherheit/',2,1,'Mittelstand-Digital Zentrum Hannover',1),(587,'Schulung für Informationssicherheits-Bewusstsein im Unternehmen','https://www.youtube.com/watch?v=M6aaYralX2g&t=169s',2,1,'Informationssicherheit und ISO 27001',7),(588,'Zertifizierte IT-Security Schulung','https://www.youtube.com/playlist?list=PLikpoZicR5LPvLCsoOUYvRIMZbt6UCy1k',2,1,'IT-Security ist Pflicht ',3),(589,'IT-Sicherheit: Informationssicherheit und Security Awareness','https://www.youtube.com/playlist?list=PLvF2vCzcU8TL2gY86L9xx8LsUAH0IPImD',2,1,'SIUS Consulting',1),(590,'Basisschutz-Tipps','https://www.youtube.com/watch?v=2AbOiCkbKiM&list=PLUEPo9QCkRA5hwA_2dAKTrt-6JayM1ivW&index=1',2,1,'Bundesamt für Sicherheit in der Informationstechnik',1),(591,'Sicherheitskompass','https://www.polizei-beratung.de/themen-und-tipps/gefahren-im-internet/sicherheitskompass/',2,1,'Polizeiliche Kriminalprävention',5),(592,'Checkliste für Mitarbeiter - IT-Sicherheit im Home-Office','https://www.allianz-fuer-cybersicherheit.de/SharedDocs/Downloads/DE/BSI/Cyber-Sicherheit/Themen/checkliste-home-office_mitarbeiter.pdf?__blob=publicationFile&v=1',2,1,'Bundesamt für Sicherheit in der Informationstechnik',5),(593,'Leichter Einstieg - Hilfestellungen und Videos zur Sensibilisierung für die Cyber-Sicherheit','https://www.bsi.bund.de/DE/Themen/Unternehmen-und-Organisationen/Informationen-und-Empfehlungen/KMU/leichter_Einstieg/leichter_Einstieg_node.html',2,1,'Bundesamt für Sicherheit in der Informationstechnik',4),(594,'Schulung für Informationssicherheits-Bewusstsein im Unternehmen','https://www.youtube.com/watch?v=H4f_Olfh4P0',2,1,'Informationssicherheit und ISO 27001',3),(595,'In wenigen Schritten zum sicheren Passwort','https://www.youtube.com/watch?v=WogQ6Ns3Sao',2,1,'Bundesamt für Sicherheit in der Informationstechnik',3),(596,'Ransomware','https://www.youtube.com/watch?v=D_8liXAWC-A',2,1,'Bundesamt für Sicherheit in der Informationstechnik',10),(597,'Cybersecurityy-Training','https://www.eset.com/de/business/cybersecurity-training/',2,1,'eset',1),(598,'Awareness-Kampagne Cybersecurity','https://www.bayern-innovativ.de/de/netzwerke-und-thinknet/uebersicht-digitalisierung/cybersecurity/seite/cybersecurity-angebot-fuer-ihr-unternehmen',2,1,'Bayern Innovativ',1);
/*!40000 ALTER TABLE `trainings_training` ENABLE KEYS */;
UNLOCK TABLES;

--
-- Table structure for table `trainings_training_competence_dimensions`
--

DROP TABLE IF EXISTS `trainings_training_competence_dimensions`;
/*!40101 SET @saved_cs_client     = @@character_set_client */;
/*!50503 SET character_set_client = utf8mb4 */;
CREATE TABLE `trainings_training_competence_dimensions` (
  `id` bigint NOT NULL AUTO_INCREMENT,
  `training_id` bigint NOT NULL,
  `competencedimension_id` bigint NOT NULL,
  PRIMARY KEY (`id`),
  UNIQUE KEY `trainings_training_compe_training_id_competencedi_55c219d8_uniq` (`training_id`,`competencedimension_id`),
  KEY `trainings_training_c_competencedimension__58a4457e_fk_competenc` (`competencedimension_id`),
  CONSTRAINT `trainings_training_c_competencedimension__58a4457e_fk_competenc` FOREIGN KEY (`competencedimension_id`) REFERENCES `competence_tests_competencedimension` (`id`),
  CONSTRAINT `trainings_training_c_training_id_000dc5aa_fk_trainings` FOREIGN KEY (`training_id`) REFERENCES `trainings_training` (`id`)
) ENGINE=InnoDB AUTO_INCREMENT=749 DEFAULT CHARSET=utf8mb4 COLLATE=utf8mb4_0900_ai_ci;
/*!40101 SET character_set_client = @saved_cs_client */;

--
-- Dumping data for table `trainings_training_competence_dimensions`
--

LOCK TABLES `trainings_training_competence_dimensions` WRITE;
/*!40000 ALTER TABLE `trainings_training_competence_dimensions` DISABLE KEYS */;
INSERT INTO `trainings_training_competence_dimensions` VALUES (658,562,1),(659,562,2),(660,562,4),(661,563,1),(662,563,3),(663,563,4),(664,563,7),(665,564,1),(666,564,2),(667,565,1),(668,565,2),(669,566,1),(670,567,1),(671,568,1),(672,568,2),(673,568,4),(674,569,1),(675,569,2),(676,569,4),(677,570,1),(678,570,2),(679,570,4),(680,571,1),(681,571,2),(682,571,3),(683,571,4),(684,572,4),(685,573,1),(686,573,2),(687,573,4),(688,574,1),(689,575,1),(690,575,2),(691,575,3),(692,575,4),(693,575,6),(694,576,1),(695,576,4),(696,577,1),(697,577,2),(698,577,4),(699,577,6),(700,578,1),(701,578,2),(702,578,3),(703,578,4),(704,578,5),(705,579,1),(706,580,1),(707,580,2),(708,580,3),(709,580,4),(710,581,1),(711,581,2),(712,581,3),(713,581,4),(714,582,1),(715,582,2),(716,582,4),(717,582,6),(718,583,1),(719,584,4),(720,585,1),(721,585,4),(722,586,1),(723,586,2),(724,586,4),(725,587,4),(726,588,1),(727,589,1),(728,589,2),(729,589,4),(730,590,1),(731,590,2),(732,590,4),(733,591,1),(734,591,4),(735,592,1),(736,592,4),(737,593,1),(738,594,1),(739,595,1),(740,596,1),(741,596,3),(742,596,4),(743,597,1),(744,597,2),(745,597,4),(746,598,1),(747,598,2),(748,598,4);
/*!40000 ALTER TABLE `trainings_training_competence_dimensions` ENABLE KEYS */;
UNLOCK TABLES;

--
-- Table structure for table `trainings_training_delivery_method`
--

DROP TABLE IF EXISTS `trainings_training_delivery_method`;
/*!40101 SET @saved_cs_client     = @@character_set_client */;
/*!50503 SET character_set_client = utf8mb4 */;
CREATE TABLE `trainings_training_delivery_method` (
  `id` bigint NOT NULL AUTO_INCREMENT,
  `training_id` bigint NOT NULL,
  `deliverymethod_id` bigint NOT NULL,
  PRIMARY KEY (`id`),
  UNIQUE KEY `trainings_training_deliv_training_id_deliverymeth_3042b5d3_uniq` (`training_id`,`deliverymethod_id`),
  KEY `trainings_training_d_deliverymethod_id_2540a0c7_fk_trainings` (`deliverymethod_id`),
  CONSTRAINT `trainings_training_d_deliverymethod_id_2540a0c7_fk_trainings` FOREIGN KEY (`deliverymethod_id`) REFERENCES `trainings_deliverymethod` (`id`),
  CONSTRAINT `trainings_training_d_training_id_c035db8f_fk_trainings` FOREIGN KEY (`training_id`) REFERENCES `trainings_training` (`id`)
) ENGINE=InnoDB AUTO_INCREMENT=565 DEFAULT CHARSET=utf8mb4 COLLATE=utf8mb4_0900_ai_ci;
/*!40101 SET character_set_client = @saved_cs_client */;

--
-- Dumping data for table `trainings_training_delivery_method`
--

LOCK TABLES `trainings_training_delivery_method` WRITE;
/*!40000 ALTER TABLE `trainings_training_delivery_method` DISABLE KEYS */;
INSERT INTO `trainings_training_delivery_method` VALUES (510,562,3),(511,563,3),(512,563,5),(513,564,3),(514,564,5),(515,565,3),(516,565,5),(517,566,3),(518,566,5),(519,567,3),(520,567,5),(521,568,4),(522,569,4),(523,570,3),(524,570,4),(525,570,5),(526,571,2),(527,571,3),(528,571,4),(529,571,5),(530,571,6),(531,572,3),(532,572,5),(533,573,3),(534,573,5),(535,574,3),(536,575,2),(537,576,2),(538,577,2),(539,578,5),(540,578,6),(541,579,1),(542,579,5),(543,580,4),(544,581,1),(545,582,3),(546,582,5),(547,583,5),(548,584,4),(549,585,6),(550,586,3),(551,586,5),(552,587,2),(553,588,2),(554,589,2),(555,590,2),(556,591,2),(557,592,2),(558,593,2),(559,594,2),(560,595,2),(561,596,2),(562,597,2),(563,597,4),(564,598,2);
/*!40000 ALTER TABLE `trainings_training_delivery_method` ENABLE KEYS */;
UNLOCK TABLES;

--
-- Table structure for table `trainings_training_language`
--

DROP TABLE IF EXISTS `trainings_training_language`;
/*!40101 SET @saved_cs_client     = @@character_set_client */;
/*!50503 SET character_set_client = utf8mb4 */;
CREATE TABLE `trainings_training_language` (
  `id` bigint NOT NULL AUTO_INCREMENT,
  `training_id` bigint NOT NULL,
  `language_id` bigint NOT NULL,
  PRIMARY KEY (`id`),
  UNIQUE KEY `trainings_training_langu_training_id_language_id_1b2e6fb4_uniq` (`training_id`,`language_id`),
  KEY `trainings_training_l_language_id_79cd195a_fk_trainings` (`language_id`),
  CONSTRAINT `trainings_training_l_language_id_79cd195a_fk_trainings` FOREIGN KEY (`language_id`) REFERENCES `trainings_language` (`id`),
  CONSTRAINT `trainings_training_l_training_id_ec173e1a_fk_trainings` FOREIGN KEY (`training_id`) REFERENCES `trainings_training` (`id`)
) ENGINE=InnoDB AUTO_INCREMENT=562 DEFAULT CHARSET=utf8mb4 COLLATE=utf8mb4_0900_ai_ci;
/*!40101 SET character_set_client = @saved_cs_client */;

--
-- Dumping data for table `trainings_training_language`
--

LOCK TABLES `trainings_training_language` WRITE;
/*!40000 ALTER TABLE `trainings_training_language` DISABLE KEYS */;
INSERT INTO `trainings_training_language` VALUES (515,562,1),(516,563,1),(517,564,1),(518,564,2),(519,565,1),(520,565,2),(521,566,1),(522,566,2),(523,567,1),(524,568,1),(525,568,2),(526,569,1),(527,569,2),(528,570,1),(529,570,2),(530,571,1),(531,571,2),(532,572,1),(533,573,1),(534,573,2),(535,574,1),(536,574,2),(537,575,1),(538,576,1),(539,577,1),(540,578,1),(541,579,1),(542,580,1),(543,581,1),(544,581,2),(545,582,1),(546,583,1),(547,584,1),(548,585,1),(549,586,1),(550,587,1),(551,588,1),(552,589,1),(553,590,1),(554,591,1),(555,592,1),(556,593,1),(557,594,1),(558,595,1),(559,596,1),(560,597,1),(561,598,1);
/*!40000 ALTER TABLE `trainings_training_language` ENABLE KEYS */;
UNLOCK TABLES;

--
-- Table structure for table `trainings_training_threat_event`
--

DROP TABLE IF EXISTS `trainings_training_threat_event`;
/*!40101 SET @saved_cs_client     = @@character_set_client */;
/*!50503 SET character_set_client = utf8mb4 */;
CREATE TABLE `trainings_training_threat_event` (
  `id` bigint NOT NULL AUTO_INCREMENT,
  `training_id` bigint NOT NULL,
  `threatevent_id` bigint NOT NULL,
  PRIMARY KEY (`id`),
  UNIQUE KEY `trainings_training_threa_training_id_threatevent__c44b5258_uniq` (`training_id`,`threatevent_id`),
  KEY `trainings_training_t_threatevent_id_7f770d53_fk_threats_t` (`threatevent_id`),
  CONSTRAINT `trainings_training_t_threatevent_id_7f770d53_fk_threats_t` FOREIGN KEY (`threatevent_id`) REFERENCES `threats_threatevent` (`id`),
  CONSTRAINT `trainings_training_t_training_id_8e3c16c7_fk_trainings` FOREIGN KEY (`training_id`) REFERENCES `trainings_training` (`id`)
) ENGINE=InnoDB AUTO_INCREMENT=1794 DEFAULT CHARSET=utf8mb4 COLLATE=utf8mb4_0900_ai_ci;
/*!40101 SET character_set_client = @saved_cs_client */;

--
-- Dumping data for table `trainings_training_threat_event`
--

LOCK TABLES `trainings_training_threat_event` WRITE;
/*!40000 ALTER TABLE `trainings_training_threat_event` DISABLE KEYS */;
INSERT INTO `trainings_training_threat_event` VALUES (1570,562,2),(1571,562,12),(1572,562,13),(1573,562,17),(1574,562,21),(1575,563,1),(1576,563,2),(1577,563,3),(1578,563,7),(1579,563,11),(1580,563,13),(1581,563,15),(1582,563,17),(1583,563,18),(1584,563,20),(1585,563,23),(1586,563,26),(1587,563,27),(1588,563,29),(1589,564,2),(1590,564,20),(1591,564,29),(1592,565,12),(1593,565,29),(1595,566,2),(1596,566,15),(1594,566,25),(1597,567,1),(1598,567,2),(1599,567,3),(1600,567,11),(1601,567,15),(1602,567,28),(1603,567,29),(1604,568,1),(1605,568,2),(1606,568,7),(1607,568,15),(1608,568,17),(1609,568,28),(1610,569,1),(1611,569,3),(1612,569,15),(1613,569,17),(1614,569,29),(1615,570,1),(1616,570,2),(1617,570,3),(1618,570,4),(1619,570,17),(1620,570,20),(1621,570,29),(1622,571,2),(1623,571,3),(1625,572,2),(1626,572,11),(1624,572,17),(1628,573,1),(1629,573,2),(1630,573,3),(1631,573,4),(1632,573,5),(1633,573,6),(1635,573,11),(1636,573,17),(1637,573,18),(1638,573,23),(1639,573,25),(1640,573,29),(1627,573,32),(1634,573,33),(1641,574,1),(1642,574,2),(1643,575,2),(1644,575,3),(1645,575,12),(1646,575,15),(1647,575,17),(1648,575,23),(1649,575,30),(1651,576,2),(1650,576,17),(1652,576,29),(1653,576,31),(1654,577,3),(1656,577,15),(1655,577,30),(1657,578,1),(1658,578,2),(1659,578,15),(1660,578,17),(1661,578,30),(1663,579,1),(1664,579,2),(1665,579,3),(1662,579,11),(1666,580,1),(1667,580,2),(1668,581,1),(1669,581,2),(1670,581,3),(1671,581,4),(1672,581,6),(1673,581,7),(1674,581,11),(1675,581,12),(1676,581,15),(1677,581,17),(1678,581,19),(1679,581,25),(1680,581,28),(1682,582,2),(1683,582,3),(1684,582,14),(1681,582,17),(1685,583,2),(1686,583,3),(1687,583,4),(1688,583,12),(1689,583,17),(1691,584,1),(1692,584,2),(1693,584,3),(1694,584,15),(1695,584,17),(1696,584,20),(1697,584,27),(1698,584,29),(1690,584,32),(1699,585,1),(1700,585,2),(1701,585,3),(1702,585,7),(1703,585,15),(1704,585,17),(1705,585,28),(1706,586,1),(1707,586,2),(1708,586,3),(1709,586,7),(1710,586,11),(1711,586,12),(1712,586,15),(1713,586,17),(1714,586,20),(1715,586,25),(1716,586,28),(1717,587,1),(1718,587,2),(1719,587,3),(1720,587,7),(1721,587,17),(1722,587,28),(1723,588,1),(1724,588,2),(1725,588,3),(1726,588,14),(1727,588,15),(1728,588,20),(1729,588,28),(1730,588,30),(1731,589,1),(1732,589,2),(1733,589,3),(1734,589,6),(1735,589,7),(1736,589,11),(1737,589,14),(1738,589,15),(1739,589,17),(1740,589,20),(1741,589,26),(1742,589,27),(1743,589,28),(1744,589,29),(1745,590,2),(1746,590,3),(1747,590,4),(1748,590,12),(1749,590,14),(1750,590,17),(1751,590,25),(1752,590,27),(1753,590,29),(1756,591,2),(1757,591,3),(1758,591,11),(1759,591,14),(1760,591,15),(1761,591,17),(1762,591,29),(1754,591,32),(1755,591,33),(1763,592,1),(1764,592,2),(1765,592,3),(1766,592,12),(1767,592,15),(1768,592,17),(1769,592,30),(1772,593,2),(1773,593,3),(1774,593,4),(1776,593,11),(1777,593,12),(1778,593,17),(1770,593,32),(1771,593,33),(1775,593,35),(1779,594,15),(1780,595,17),(1782,596,2),(1783,596,3),(1784,596,4),(1781,596,11),(1785,597,1),(1786,597,2),(1787,597,3),(1788,597,15),(1789,597,17),(1790,598,1),(1791,598,2),(1792,598,3),(1793,598,17);
/*!40000 ALTER TABLE `trainings_training_threat_event` ENABLE KEYS */;
UNLOCK TABLES;

--
-- Table structure for table `trainings_traininggroup`
--

DROP TABLE IF EXISTS `trainings_traininggroup`;
/*!40101 SET @saved_cs_client     = @@character_set_client */;
/*!50503 SET character_set_client = utf8mb4 */;
CREATE TABLE `trainings_traininggroup` (
  `id` bigint NOT NULL AUTO_INCREMENT,
  `identifier` varchar(140) DEFAULT NULL,
  PRIMARY KEY (`id`)
) ENGINE=InnoDB AUTO_INCREMENT=11 DEFAULT CHARSET=utf8mb4 COLLATE=utf8mb4_0900_ai_ci;
/*!40101 SET character_set_client = @saved_cs_client */;

--
-- Dumping data for table `trainings_traininggroup`
--

LOCK TABLES `trainings_traininggroup` WRITE;
/*!40000 ALTER TABLE `trainings_traininggroup` DISABLE KEYS */;
INSERT INTO `trainings_traininggroup` VALUES (1,'TG 1'),(2,'TG 2'),(3,'TG 3'),(4,'TG 4'),(5,'TG 5'),(6,'TG 6'),(7,'TG 7'),(8,'TG 8'),(9,'TG 9'),(10,'TG 10');
/*!40000 ALTER TABLE `trainings_traininggroup` ENABLE KEYS */;
UNLOCK TABLES;

--
-- Table structure for table `users_userprofile`
--

DROP TABLE IF EXISTS `users_userprofile`;
/*!40101 SET @saved_cs_client     = @@character_set_client */;
/*!50503 SET character_set_client = utf8mb4 */;
CREATE TABLE `users_userprofile` (
  `id` bigint NOT NULL AUTO_INCREMENT,
  `is_campagne_manager` tinyint(1) NOT NULL,
  `user_id` int NOT NULL,
  PRIMARY KEY (`id`),
  UNIQUE KEY `user_id` (`user_id`),
  CONSTRAINT `users_userprofile_user_id_87251ef1_fk_auth_user_id` FOREIGN KEY (`user_id`) REFERENCES `auth_user` (`id`)
) ENGINE=InnoDB AUTO_INCREMENT=15 DEFAULT CHARSET=utf8mb4 COLLATE=utf8mb4_0900_ai_ci;
/*!40101 SET character_set_client = @saved_cs_client */;

--
-- Dumping data for table `users_userprofile`
--

LOCK TABLES `users_userprofile` WRITE;
/*!40000 ALTER TABLE `users_userprofile` DISABLE KEYS */;
INSERT INTO `users_userprofile` VALUES (1,0,1);
/*!40000 ALTER TABLE `users_userprofile` ENABLE KEYS */;
UNLOCK TABLES;
/*!40103 SET TIME_ZONE=@OLD_TIME_ZONE */;

/*!40101 SET SQL_MODE=@OLD_SQL_MODE */;
/*!40014 SET FOREIGN_KEY_CHECKS=@OLD_FOREIGN_KEY_CHECKS */;
/*!40014 SET UNIQUE_CHECKS=@OLD_UNIQUE_CHECKS */;
/*!40101 SET CHARACTER_SET_CLIENT=@OLD_CHARACTER_SET_CLIENT */;
/*!40101 SET CHARACTER_SET_RESULTS=@OLD_CHARACTER_SET_RESULTS */;
/*!40101 SET COLLATION_CONNECTION=@OLD_COLLATION_CONNECTION */;
/*!40111 SET SQL_NOTES=@OLD_SQL_NOTES */;

-- Dump completed on 2024-06-12 14:07:39
