-- MySQL dump 10.13  Distrib 8.0.39, for Linux (x86_64)
--
-- Host: localhost    Database: itskompetent
-- ------------------------------------------------------
-- Server version	8.0.39

/*!40101 SET @OLD_CHARACTER_SET_CLIENT=@@CHARACTER_SET_CLIENT */;
/*!40101 SET @OLD_CHARACTER_SET_RESULTS=@@CHARACTER_SET_RESULTS */;
/*!40101 SET @OLD_COLLATION_CONNECTION=@@COLLATION_CONNECTION */;
/*!50503 SET NAMES utf8mb4 */;
/*!40103 SET @OLD_TIME_ZONE=@@TIME_ZONE */;
/*!40103 SET TIME_ZONE='+00:00' */;
/*!40014 SET @OLD_UNIQUE_CHECKS=@@UNIQUE_CHECKS, UNIQUE_CHECKS=0 */;
/*!40014 SET @OLD_FOREIGN_KEY_CHECKS=@@FOREIGN_KEY_CHECKS, FOREIGN_KEY_CHECKS=0 */;
/*!40101 SET @OLD_SQL_MODE=@@SQL_MODE, SQL_MODE='NO_AUTO_VALUE_ON_ZERO' */;
/*!40111 SET @OLD_SQL_NOTES=@@SQL_NOTES, SQL_NOTES=0 */;

--
-- Table structure for table `auth_group`
--

DROP TABLE IF EXISTS `auth_group`;
/*!40101 SET @saved_cs_client     = @@character_set_client */;
/*!50503 SET character_set_client = utf8mb4 */;
CREATE TABLE `auth_group` (
  `id` int NOT NULL AUTO_INCREMENT,
  `name` varchar(150) NOT NULL,
  PRIMARY KEY (`id`),
  UNIQUE KEY `name` (`name`)
) ENGINE=InnoDB DEFAULT CHARSET=utf8mb4 COLLATE=utf8mb4_0900_ai_ci;
/*!40101 SET character_set_client = @saved_cs_client */;

--
-- Dumping data for table `auth_group`
--

LOCK TABLES `auth_group` WRITE;
/*!40000 ALTER TABLE `auth_group` DISABLE KEYS */;
/*!40000 ALTER TABLE `auth_group` ENABLE KEYS */;
UNLOCK TABLES;

--
-- Table structure for table `auth_group_permissions`
--

DROP TABLE IF EXISTS `auth_group_permissions`;
/*!40101 SET @saved_cs_client     = @@character_set_client */;
/*!50503 SET character_set_client = utf8mb4 */;
CREATE TABLE `auth_group_permissions` (
  `id` bigint NOT NULL AUTO_INCREMENT,
  `group_id` int NOT NULL,
  `permission_id` int NOT NULL,
  PRIMARY KEY (`id`),
  UNIQUE KEY `auth_group_permissions_group_id_permission_id_0cd325b0_uniq` (`group_id`,`permission_id`),
  KEY `auth_group_permissio_permission_id_84c5c92e_fk_auth_perm` (`permission_id`),
  CONSTRAINT `auth_group_permissio_permission_id_84c5c92e_fk_auth_perm` FOREIGN KEY (`permission_id`) REFERENCES `auth_permission` (`id`),
  CONSTRAINT `auth_group_permissions_group_id_b120cbf9_fk_auth_group_id` FOREIGN KEY (`group_id`) REFERENCES `auth_group` (`id`)
) ENGINE=InnoDB DEFAULT CHARSET=utf8mb4 COLLATE=utf8mb4_0900_ai_ci;
/*!40101 SET character_set_client = @saved_cs_client */;

--
-- Dumping data for table `auth_group_permissions`
--

LOCK TABLES `auth_group_permissions` WRITE;
/*!40000 ALTER TABLE `auth_group_permissions` DISABLE KEYS */;
/*!40000 ALTER TABLE `auth_group_permissions` ENABLE KEYS */;
UNLOCK TABLES;

--
-- Table structure for table `auth_permission`
--

DROP TABLE IF EXISTS `auth_permission`;
/*!40101 SET @saved_cs_client     = @@character_set_client */;
/*!50503 SET character_set_client = utf8mb4 */;
CREATE TABLE `auth_permission` (
  `id` int NOT NULL AUTO_INCREMENT,
  `name` varchar(255) NOT NULL,
  `content_type_id` int NOT NULL,
  `codename` varchar(100) NOT NULL,
  PRIMARY KEY (`id`),
  UNIQUE KEY `auth_permission_content_type_id_codename_01ab375a_uniq` (`content_type_id`,`codename`),
  CONSTRAINT `auth_permission_content_type_id_2f476e4b_fk_django_co` FOREIGN KEY (`content_type_id`) REFERENCES `django_content_type` (`id`)
) ENGINE=InnoDB AUTO_INCREMENT=165 DEFAULT CHARSET=utf8mb4 COLLATE=utf8mb4_0900_ai_ci;
/*!40101 SET character_set_client = @saved_cs_client */;

--
-- Dumping data for table `auth_permission`
--

LOCK TABLES `auth_permission` WRITE;
/*!40000 ALTER TABLE `auth_permission` DISABLE KEYS */;
INSERT INTO `auth_permission` VALUES (1,'Can add log entry',1,'add_logentry'),(2,'Can change log entry',1,'change_logentry'),(3,'Can delete log entry',1,'delete_logentry'),(4,'Can view log entry',1,'view_logentry'),(5,'Can add permission',2,'add_permission'),(6,'Can change permission',2,'change_permission'),(7,'Can delete permission',2,'delete_permission'),(8,'Can view permission',2,'view_permission'),(9,'Can add group',3,'add_group'),(10,'Can change group',3,'change_group'),(11,'Can delete group',3,'delete_group'),(12,'Can view group',3,'view_group'),(13,'Can add user',4,'add_user'),(14,'Can change user',4,'change_user'),(15,'Can delete user',4,'delete_user'),(16,'Can view user',4,'view_user'),(17,'Can add content type',5,'add_contenttype'),(18,'Can change content type',5,'change_contenttype'),(19,'Can delete content type',5,'delete_contenttype'),(20,'Can view content type',5,'view_contenttype'),(21,'Can add session',6,'add_session'),(22,'Can change session',6,'change_session'),(23,'Can delete session',6,'delete_session'),(24,'Can view session',6,'view_session'),(25,'Can add Anforderungsprofil',7,'add_jobprofile'),(26,'Can change Anforderungsprofil',7,'change_jobprofile'),(27,'Can delete Anforderungsprofil',7,'delete_jobprofile'),(28,'Can view Anforderungsprofil',7,'view_jobprofile'),(29,'Can add Bedrohungsbereich',8,'add_threatarea'),(30,'Can change Bedrohungsbereich',8,'change_threatarea'),(31,'Can delete Bedrohungsbereich',8,'delete_threatarea'),(32,'Can view Bedrohungsbereich',8,'view_threatarea'),(33,'Can add Bedrohungsereignis',9,'add_threatevent'),(34,'Can change Bedrohungsereignis',9,'change_threatevent'),(35,'Can delete Bedrohungsereignis',9,'delete_threatevent'),(36,'Can view Bedrohungsereignis',9,'view_threatevent'),(37,'Can add Bedrohungsvektor',10,'add_threatvector'),(38,'Can change Bedrohungsvektor',10,'change_threatvector'),(39,'Can delete Bedrohungsvektor',10,'delete_threatvector'),(40,'Can view Bedrohungsvektor',10,'view_threatvector'),(41,'Can add Bedrohungssituation',11,'add_threatsituation'),(42,'Can change Bedrohungssituation',11,'change_threatsituation'),(43,'Can delete Bedrohungssituation',11,'delete_threatsituation'),(44,'Can view Bedrohungssituation',11,'view_threatsituation'),(45,'Can add Chat Interface',12,'add_chatinterface'),(46,'Can change Chat Interface',12,'change_chatinterface'),(47,'Can delete Chat Interface',12,'delete_chatinterface'),(48,'Can view Chat Interface',12,'view_chatinterface'),(49,'Can add Kompetenz Dimension',13,'add_competencedimension'),(50,'Can change Kompetenz Dimension',13,'change_competencedimension'),(51,'Can delete Kompetenz Dimension',13,'delete_competencedimension'),(52,'Can view Kompetenz Dimension',13,'view_competencedimension'),(53,'Can add E-Mail',14,'add_emailitem'),(54,'Can change E-Mail',14,'change_emailitem'),(55,'Can delete E-Mail',14,'delete_emailitem'),(56,'Can view E-Mail',14,'view_emailitem'),(57,'Can add Bild',15,'add_imageitem'),(58,'Can change Bild',15,'change_imageitem'),(59,'Can delete Bild',15,'delete_imageitem'),(60,'Can view Bild',15,'view_imageitem'),(61,'Can add Impuls',16,'add_impulse'),(62,'Can change Impuls',16,'change_impulse'),(63,'Can delete Impuls',16,'delete_impulse'),(64,'Can view Impuls',16,'view_impulse'),(65,'Can add Frage',17,'add_questionitem'),(66,'Can change Frage',17,'change_questionitem'),(67,'Can delete Frage',17,'delete_questionitem'),(68,'Can view Frage',17,'view_questionitem'),(69,'Can add Kompetenztest Szenario',18,'add_competencetestitem'),(70,'Can change Kompetenztest Szenario',18,'change_competencetestitem'),(71,'Can delete Kompetenztest Szenario',18,'delete_competencetestitem'),(72,'Can view Kompetenztest Szenario',18,'view_competencetestitem'),(73,'Can add Kompetenztest',19,'add_competencetest'),(74,'Can change Kompetenztest',19,'change_competencetest'),(75,'Can delete Kompetenztest',19,'delete_competencetest'),(76,'Can view Kompetenztest',19,'view_competencetest'),(77,'Can add Antwort',20,'add_choiceitem'),(78,'Can change Antwort',20,'change_choiceitem'),(79,'Can delete Antwort',20,'delete_choiceitem'),(80,'Can view Antwort',20,'view_choiceitem'),(81,'Can add Bild Impuls',21,'add_imageimpulse'),(82,'Can change Bild Impuls',21,'change_imageimpulse'),(83,'Can delete Bild Impuls',21,'delete_imageimpulse'),(84,'Can view Bild Impuls',21,'view_imageimpulse'),(85,'Can add E-Mail Impuls',22,'add_emailimpulse'),(86,'Can change E-Mail Impuls',22,'change_emailimpulse'),(87,'Can delete E-Mail Impuls',22,'delete_emailimpulse'),(88,'Can view E-Mail Impuls',22,'view_emailimpulse'),(89,'Can add Chat Impuls',23,'add_chatimpulse'),(90,'Can change Chat Impuls',23,'change_chatimpulse'),(91,'Can delete Chat Impuls',23,'delete_chatimpulse'),(92,'Can view Chat Impuls',23,'view_chatimpulse'),(93,'Can add SETA Programm Inhalt',24,'add_trainingscontent'),(94,'Can change SETA Programm Inhalt',24,'change_trainingscontent'),(95,'Can delete SETA Programm Inhalt',24,'delete_trainingscontent'),(96,'Can view SETA Programm Inhalt',24,'view_trainingscontent'),(97,'Can add SETA Programm',25,'add_training'),(98,'Can change SETA Programm',25,'change_training'),(99,'Can delete SETA Programm',25,'delete_training'),(100,'Can view SETA Programm',25,'view_training'),(101,'Can add Vermittlungsmethode',26,'add_deliverymethod'),(102,'Can change Vermittlungsmethode',26,'change_deliverymethod'),(103,'Can delete Vermittlungsmethode',26,'delete_deliverymethod'),(104,'Can view Vermittlungsmethode',26,'view_deliverymethod'),(105,'Can add Sprache des Trainings',27,'add_language'),(106,'Can change Sprache des Trainings',27,'change_language'),(107,'Can delete Sprache des Trainings',27,'delete_language'),(108,'Can view Sprache des Trainings',27,'view_language'),(109,'Can add Zielgruppe',28,'add_targetaudience'),(110,'Can change Zielgruppe',28,'change_targetaudience'),(111,'Can delete Zielgruppe',28,'delete_targetaudience'),(112,'Can view Zielgruppe',28,'view_targetaudience'),(113,'Can add competence dimension score',29,'add_competencedimensionscore'),(114,'Can change competence dimension score',29,'change_competencedimensionscore'),(115,'Can delete competence dimension score',29,'delete_competencedimensionscore'),(116,'Can view competence dimension score',29,'view_competencedimensionscore'),(117,'Can add threat situation score',30,'add_threatsituationscore'),(118,'Can change threat situation score',30,'change_threatsituationscore'),(119,'Can delete threat situation score',30,'delete_threatsituationscore'),(120,'Can view threat situation score',30,'view_threatsituationscore'),(121,'Can add invitation',31,'add_invitation'),(122,'Can change invitation',31,'change_invitation'),(123,'Can delete invitation',31,'delete_invitation'),(124,'Can view invitation',31,'view_invitation'),(125,'Can add competence test result',32,'add_competencetestresult'),(126,'Can change competence test result',32,'change_competencetestresult'),(127,'Can delete competence test result',32,'delete_competencetestresult'),(128,'Can view competence test result',32,'view_competencetestresult'),(129,'Can add campagne',33,'add_campagne'),(130,'Can change campagne',33,'change_campagne'),(131,'Can delete campagne',33,'delete_campagne'),(132,'Can view campagne',33,'view_campagne'),(133,'Can add competence dimension score per threat',34,'add_competencedimensionscoreperthreat'),(134,'Can change competence dimension score per threat',34,'change_competencedimensionscoreperthreat'),(135,'Can delete competence dimension score per threat',34,'delete_competencedimensionscoreperthreat'),(136,'Can view competence dimension score per threat',34,'view_competencedimensionscoreperthreat'),(137,'Can add Trainings-Gruppe',35,'add_traininggroup'),(138,'Can change Trainings-Gruppe',35,'change_traininggroup'),(139,'Can delete Trainings-Gruppe',35,'delete_traininggroup'),(140,'Can view Trainings-Gruppe',35,'view_traininggroup'),(141,'Can add Kampagnen-Berechtigung',36,'add_userprofile'),(142,'Can change Kampagnen-Berechtigung',36,'change_userprofile'),(143,'Can delete Kampagnen-Berechtigung',36,'delete_userprofile'),(144,'Can view Kampagnen-Berechtigung',36,'view_userprofile'),(145,'Can add blacklisted token',37,'add_blacklistedtoken'),(146,'Can change blacklisted token',37,'change_blacklistedtoken'),(147,'Can delete blacklisted token',37,'delete_blacklistedtoken'),(148,'Can view blacklisted token',37,'view_blacklistedtoken'),(149,'Can add outstanding token',38,'add_outstandingtoken'),(150,'Can change outstanding token',38,'change_outstandingtoken'),(151,'Can delete outstanding token',38,'delete_outstandingtoken'),(152,'Can view outstanding token',38,'view_outstandingtoken'),(153,'Can add site',39,'add_site'),(154,'Can change site',39,'change_site'),(155,'Can delete site',39,'delete_site'),(156,'Can view site',39,'view_site'),(157,'Can add Bedrohungskategorie',40,'add_threatcategory'),(158,'Can change Bedrohungskategorie',40,'change_threatcategory'),(159,'Can delete Bedrohungskategorie',40,'delete_threatcategory'),(160,'Can view Bedrohungskategorie',40,'view_threatcategory'),(161,'Can add Training-Modul',41,'add_trainingcategory'),(162,'Can change Training-Modul',41,'change_trainingcategory'),(163,'Can delete Training-Modul',41,'delete_trainingcategory'),(164,'Can view Training-Modul',41,'view_trainingcategory');
/*!40000 ALTER TABLE `auth_permission` ENABLE KEYS */;
UNLOCK TABLES;

--
-- Table structure for table `auth_user`
--

DROP TABLE IF EXISTS `auth_user`;
/*!40101 SET @saved_cs_client     = @@character_set_client */;
/*!50503 SET character_set_client = utf8mb4 */;
CREATE TABLE `auth_user` (
  `id` int NOT NULL AUTO_INCREMENT,
  `password` varchar(128) NOT NULL,
  `last_login` datetime(6) DEFAULT NULL,
  `is_superuser` tinyint(1) NOT NULL,
  `username` varchar(150) NOT NULL,
  `first_name` varchar(150) NOT NULL,
  `last_name` varchar(150) NOT NULL,
  `email` varchar(254) NOT NULL,
  `is_staff` tinyint(1) NOT NULL,
  `is_active` tinyint(1) NOT NULL,
  `date_joined` datetime(6) NOT NULL,
  PRIMARY KEY (`id`),
  UNIQUE KEY `username` (`username`)
) ENGINE=InnoDB AUTO_INCREMENT=19 DEFAULT CHARSET=utf8mb4 COLLATE=utf8mb4_0900_ai_ci;
/*!40101 SET character_set_client = @saved_cs_client */;

--
-- Dumping data for table `auth_user`
--

LOCK TABLES `auth_user` WRITE;
/*!40000 ALTER TABLE `auth_user` DISABLE KEYS */;
INSERT INTO `auth_user` VALUES (1,'pbkdf2_sha256$320000$5wJ0urhKT0HwXMXMRmDVOI$73pnd7OhE+3sVA5XmjxRL+V7/Gq/XtnbuJ9c/DqwUxk=','2024-09-30 19:02:57.000000',1,'itskompetent_adm','','','its.kompetent@uni-goettingen.de',1,1,'2022-09-26 15:55:29.000000');
/*!40000 ALTER TABLE `auth_user` ENABLE KEYS */;
UNLOCK TABLES;

--
-- Table structure for table `auth_user_groups`
--

DROP TABLE IF EXISTS `auth_user_groups`;
/*!40101 SET @saved_cs_client     = @@character_set_client */;
/*!50503 SET character_set_client = utf8mb4 */;
CREATE TABLE `auth_user_groups` (
  `id` bigint NOT NULL AUTO_INCREMENT,
  `user_id` int NOT NULL,
  `group_id` int NOT NULL,
  PRIMARY KEY (`id`),
  UNIQUE KEY `auth_user_groups_user_id_group_id_94350c0c_uniq` (`user_id`,`group_id`),
  KEY `auth_user_groups_group_id_97559544_fk_auth_group_id` (`group_id`),
  CONSTRAINT `auth_user_groups_group_id_97559544_fk_auth_group_id` FOREIGN KEY (`group_id`) REFERENCES `auth_group` (`id`),
  CONSTRAINT `auth_user_groups_user_id_6a12ed8b_fk_auth_user_id` FOREIGN KEY (`user_id`) REFERENCES `auth_user` (`id`)
) ENGINE=InnoDB DEFAULT CHARSET=utf8mb4 COLLATE=utf8mb4_0900_ai_ci;
/*!40101 SET character_set_client = @saved_cs_client */;

--
-- Dumping data for table `auth_user_groups`
--

LOCK TABLES `auth_user_groups` WRITE;
/*!40000 ALTER TABLE `auth_user_groups` DISABLE KEYS */;
/*!40000 ALTER TABLE `auth_user_groups` ENABLE KEYS */;
UNLOCK TABLES;

--
-- Table structure for table `auth_user_user_permissions`
--

DROP TABLE IF EXISTS `auth_user_user_permissions`;
/*!40101 SET @saved_cs_client     = @@character_set_client */;
/*!50503 SET character_set_client = utf8mb4 */;
CREATE TABLE `auth_user_user_permissions` (
  `id` bigint NOT NULL AUTO_INCREMENT,
  `user_id` int NOT NULL,
  `permission_id` int NOT NULL,
  PRIMARY KEY (`id`),
  UNIQUE KEY `auth_user_user_permissions_user_id_permission_id_14a6b632_uniq` (`user_id`,`permission_id`),
  KEY `auth_user_user_permi_permission_id_1fbb5f2c_fk_auth_perm` (`permission_id`),
  CONSTRAINT `auth_user_user_permi_permission_id_1fbb5f2c_fk_auth_perm` FOREIGN KEY (`permission_id`) REFERENCES `auth_permission` (`id`),
  CONSTRAINT `auth_user_user_permissions_user_id_a95ead1b_fk_auth_user_id` FOREIGN KEY (`user_id`) REFERENCES `auth_user` (`id`)
) ENGINE=InnoDB AUTO_INCREMENT=165 DEFAULT CHARSET=utf8mb4 COLLATE=utf8mb4_0900_ai_ci;
/*!40101 SET character_set_client = @saved_cs_client */;

--
-- Dumping data for table `auth_user_user_permissions`
--

LOCK TABLES `auth_user_user_permissions` WRITE;
/*!40000 ALTER TABLE `auth_user_user_permissions` DISABLE KEYS */;
/*!40000 ALTER TABLE `auth_user_user_permissions` ENABLE KEYS */;
UNLOCK TABLES;

--
-- Table structure for table `campagne_campagne`
--

DROP TABLE IF EXISTS `campagne_campagne`;
/*!40101 SET @saved_cs_client     = @@character_set_client */;
/*!50503 SET character_set_client = utf8mb4 */;
CREATE TABLE `campagne_campagne` (
  `id` bigint NOT NULL AUTO_INCREMENT,
  `date_created` datetime(6) NOT NULL,
  `one_token_mode` tinyint(1) DEFAULT NULL,
  `created_by_id` int NOT NULL,
  `security_key_activated` tinyint(1) NOT NULL,
  `security_display_threshold` int NOT NULL,
  `campaign_ended` tinyint(1) NOT NULL,
  `aggregate_over_single_profiles` tinyint(1) NOT NULL,
  PRIMARY KEY (`id`),
  UNIQUE KEY `created_by_id` (`created_by_id`),
  CONSTRAINT `campagne_campagne_created_by_id_4d801ea7_fk_auth_user_id` FOREIGN KEY (`created_by_id`) REFERENCES `auth_user` (`id`)
) ENGINE=InnoDB AUTO_INCREMENT=50 DEFAULT CHARSET=utf8mb4 COLLATE=utf8mb4_0900_ai_ci;
/*!40101 SET character_set_client = @saved_cs_client */;

--
-- Dumping data for table `campagne_campagne`
--

LOCK TABLES `campagne_campagne` WRITE;
/*!40000 ALTER TABLE `campagne_campagne` DISABLE KEYS */;
INSERT INTO `campagne_campagne` VALUES (33,'2024-09-03 13:19:06.664450',1,1,1,5,1,0);
/*!40000 ALTER TABLE `campagne_campagne` ENABLE KEYS */;
UNLOCK TABLES;

--
-- Table structure for table `campagne_competencedimensionscore`
--

DROP TABLE IF EXISTS `campagne_competencedimensionscore`;
/*!40101 SET @saved_cs_client     = @@character_set_client */;
/*!50503 SET character_set_client = utf8mb4 */;
CREATE TABLE `campagne_competencedimensionscore` (
  `id` bigint NOT NULL AUTO_INCREMENT,
  `scoredPoints` int NOT NULL,
  `competence_dimension_id` bigint NOT NULL,
  PRIMARY KEY (`id`),
  KEY `campagne_competenced_competence_dimension_b35c7268_fk_competenc` (`competence_dimension_id`),
  CONSTRAINT `campagne_competenced_competence_dimension_b35c7268_fk_competenc` FOREIGN KEY (`competence_dimension_id`) REFERENCES `competence_tests_competencedimension` (`id`)
) ENGINE=InnoDB AUTO_INCREMENT=722 DEFAULT CHARSET=utf8mb4 COLLATE=utf8mb4_0900_ai_ci;
/*!40101 SET character_set_client = @saved_cs_client */;

--
-- Dumping data for table `campagne_competencedimensionscore`
--

LOCK TABLES `campagne_competencedimensionscore` WRITE;
/*!40000 ALTER TABLE `campagne_competencedimensionscore` DISABLE KEYS */;
INSERT INTO `campagne_competencedimensionscore` VALUES (50,1,1),(51,0,2),(52,0,3),(53,1,4),(54,2,5),(55,2,6),(56,0,7),(57,2,1),(58,0,2),(59,2,3),(60,2,4),(61,2,5),(62,2,6),(63,2,7),(64,2,1),(65,2,2),(66,2,3),(67,2,4),(68,2,5),(69,2,6),(70,2,7),(71,2,1),(72,2,2),(73,2,3),(74,1,4),(75,2,5),(76,0,6),(77,2,7),(78,0,1),(79,2,2),(80,0,3),(81,2,4),(82,2,5),(83,2,6),(84,2,7),(85,1,1),(86,0,2),(87,1,3),(88,0,4),(89,2,5),(90,2,6),(91,2,7),(92,1,1),(93,2,2),(94,2,3),(95,1,4),(96,0,5),(97,2,6),(98,2,7),(99,1,1),(100,2,2),(101,2,3),(102,2,4),(103,2,5),(104,2,6),(105,2,7),(106,1,1),(107,2,2),(108,1,3),(109,2,4),(110,0,5),(111,1,6),(112,0,7),(113,1,1),(114,2,2),(115,2,3),(116,0,4),(117,0,5),(118,2,6),(119,2,7),(120,1,1),(121,0,2),(122,2,3),(123,0,4),(124,2,5),(125,1,6),(126,2,7),(127,2,1),(128,0,2),(129,0,3),(130,0,4),(131,1,5),(132,0,6),(133,1,7),(134,1,1),(135,2,2),(136,0,3),(137,2,4),(138,0,5),(139,1,6),(140,1,7),(141,3,1),(142,2,2),(143,2,3),(144,4,4),(145,3,5),(146,3,6),(147,0,7),(148,4,1),(149,5,2),(150,5,3),(151,5,4),(152,6,5),(153,4,6),(154,1,7),(155,2,1),(156,3,2),(157,1,3),(158,4,4),(159,3,5),(160,3,6),(161,4,7),(162,2,1),(163,2,2),(164,1,3),(165,1,4),(166,2,5),(167,2,6),(168,2,7),(169,2,1),(170,2,2),(171,1,3),(172,2,4),(173,2,5),(174,0,6),(175,2,7),(176,2,1),(177,3,2),(178,2,3),(179,1,4),(180,1,5),(181,0,6),(182,4,7),(183,2,1),(184,0,2),(185,2,3),(186,1,4),(187,2,5),(188,2,6),(189,2,7),(190,1,1),(191,1,2),(192,1,3),(193,1,4),(194,2,5),(195,1,6),(196,1,7),(197,1,1),(198,0,2),(199,2,3),(200,1,4),(201,0,5),(202,1,6),(203,2,7),(204,1,1),(205,2,2),(206,1,3),(207,0,4),(208,2,5),(209,2,6),(210,2,7),(211,1,1),(212,2,2),(213,2,3),(214,2,4),(215,1,5),(216,0,6),(217,1,7),(218,3,1),(219,4,2),(220,1,3),(221,1,4),(222,2,5),(223,1,6),(224,3,7),(225,1,1),(226,2,2),(227,0,3),(228,0,4),(229,1,5),(230,1,6),(231,1,7),(232,2,1),(233,2,2),(234,1,3),(235,0,4),(236,0,5),(237,2,6),(238,2,7),(239,6,1),(240,2,2),(241,4,3),(242,1,4),(243,3,5),(244,3,6),(245,5,7),(246,1,1),(247,4,2),(248,1,3),(249,4,4),(250,3,5),(251,3,6),(252,5,7),(253,2,1),(254,2,2),(255,3,3),(256,4,4),(257,4,5),(258,1,6),(259,1,7),(260,5,1),(261,2,2),(262,2,3),(263,4,4),(264,4,5),(265,1,6),(266,3,7),(267,2,1),(268,2,2),(269,4,3),(270,3,4),(271,5,5),(272,3,6),(273,3,7),(274,4,1),(275,0,2),(276,6,3),(277,4,4),(278,1,5),(279,3,6),(280,4,7),(281,3,1),(282,1,2),(283,2,3),(284,2,4),(285,2,5),(286,2,6),(287,4,7),(288,4,1),(289,2,2),(290,5,3),(291,2,4),(292,3,5),(293,3,6),(294,3,7),(295,3,1),(296,2,2),(297,3,3),(298,2,4),(299,2,5),(300,1,6),(301,4,7),(302,3,1),(303,3,2),(304,2,3),(305,3,4),(306,5,5),(307,1,6),(308,3,7),(309,3,1),(310,1,2),(311,5,3),(312,1,4),(313,2,5),(314,1,6),(315,1,7),(316,3,1),(317,1,2),(318,5,3),(319,2,4),(320,4,5),(321,1,6),(322,4,7),(323,5,1),(324,4,2),(325,4,3),(326,4,4),(327,2,5),(328,2,6),(329,1,7),(330,4,1),(331,3,2),(332,1,3),(333,1,4),(334,2,5),(335,3,6),(336,0,7),(337,3,1),(338,4,2),(339,4,3),(340,3,4),(341,5,5),(342,2,6),(343,2,7),(344,3,1),(345,1,2),(346,3,3),(347,3,4),(348,3,5),(349,3,6),(350,2,7),(351,6,1),(352,2,2),(353,3,3),(354,4,4),(355,4,5),(356,4,6),(357,4,7),(358,1,1),(359,3,2),(360,3,3),(361,3,4),(362,1,5),(363,3,6),(364,4,7),(365,2,1),(366,2,2),(367,0,3),(368,1,4),(369,1,5),(370,0,6),(371,2,7),(372,3,1),(373,1,2),(374,2,3),(375,5,4),(376,3,5),(377,2,6),(378,4,7),(379,5,1),(380,3,2),(381,2,3),(382,4,4),(383,5,5),(384,3,6),(385,2,7),(386,5,1),(387,3,2),(388,3,3),(389,3,4),(390,3,5),(391,1,6),(392,2,7),(393,5,1),(394,4,2),(395,4,3),(396,3,4),(397,3,5),(398,6,6),(399,4,7),(400,4,1),(401,3,2),(402,2,3),(403,3,4),(404,1,5),(405,2,6),(406,5,7),(407,3,1),(408,3,2),(409,5,3),(410,2,4),(411,4,5),(412,5,6),(413,3,7),(414,2,1),(415,1,2),(416,5,3),(417,3,4),(418,2,5),(419,4,6),(420,2,7),(421,3,1),(422,1,2),(423,1,3),(424,4,4),(425,5,5),(426,5,6),(427,1,7),(428,2,1),(429,4,2),(430,2,3),(431,3,4),(432,6,5),(433,3,6),(434,5,7),(435,1,1),(436,3,2),(437,4,3),(438,1,4),(439,4,5),(440,4,6),(441,4,7),(442,2,1),(443,1,2),(444,4,3),(445,2,4),(446,3,5),(447,3,6),(448,0,7),(449,3,1),(450,3,2),(451,2,3),(452,4,4),(453,2,5),(454,3,6),(455,3,7),(456,2,1),(457,2,2),(458,4,3),(459,0,4),(460,5,5),(461,2,6),(462,2,7),(463,3,1),(464,1,2),(465,4,3),(466,4,4),(467,2,5),(468,1,6),(469,6,7),(470,3,1),(471,3,2),(472,5,3),(473,4,4),(474,2,5),(475,2,6),(476,5,7),(477,5,1),(478,2,2),(479,4,3),(480,2,4),(481,6,5),(482,4,6),(483,2,7),(484,2,1),(485,3,2),(486,5,3),(487,3,4),(488,4,5),(489,2,6),(490,5,7),(491,4,1),(492,3,2),(493,5,3),(494,6,4),(495,6,5),(496,4,6),(497,5,7),(498,3,1),(499,4,2),(500,4,3),(501,3,4),(502,6,5),(503,5,6),(504,5,7),(505,6,1),(506,5,2),(507,5,3),(508,6,4),(509,5,5),(510,4,6),(511,5,7),(512,5,1),(513,4,2),(514,6,3),(515,4,4),(516,4,5),(517,5,6),(518,5,7),(519,5,1),(520,3,2),(521,5,3),(522,4,4),(523,4,5),(524,3,6),(525,4,7),(526,3,1),(527,4,2),(528,5,3),(529,4,4),(530,4,5),(531,2,6),(532,5,7),(533,2,1),(534,3,2),(535,0,3),(536,4,4),(537,3,5),(538,1,6),(539,3,7),(540,2,1),(541,2,2),(542,5,3),(543,4,4),(544,4,5),(545,5,6),(546,4,7),(547,6,1),(548,3,2),(549,4,3),(550,5,4),(551,6,5),(552,6,6),(553,5,7),(554,5,1),(555,3,2),(556,3,3),(557,5,4),(558,5,5),(559,4,6),(560,4,7),(561,4,1),(562,3,2),(563,1,3),(564,2,4),(565,1,5),(566,4,6),(567,5,7),(568,4,1),(569,5,2),(570,1,3),(571,4,4),(572,4,5),(573,5,6),(574,3,7),(575,4,1),(576,3,2),(577,6,3),(578,4,4),(579,5,5),(580,5,6),(581,4,7),(582,3,1),(583,5,2),(584,5,3),(585,4,4),(586,5,5),(587,3,6),(588,5,7),(589,4,1),(590,5,2),(591,5,3),(592,4,4),(593,6,5),(594,3,6),(595,5,7),(596,2,1),(597,1,2),(598,2,3),(599,2,4),(600,0,5),(601,1,6),(602,0,7),(603,5,1),(604,3,2),(605,4,3),(606,1,4),(607,1,5),(608,2,6),(609,4,7),(610,3,1),(611,2,2),(612,6,3),(613,2,4),(614,3,5),(615,2,6),(616,5,7),(617,4,1),(618,5,2),(619,3,3),(620,1,4),(621,2,5),(622,1,6),(623,2,7),(624,3,1),(625,2,2),(626,1,3),(627,2,4),(628,3,5),(629,2,6),(630,3,7),(631,4,1),(632,2,2),(633,4,3),(634,3,4),(635,2,5),(636,1,6),(637,3,7),(638,6,1),(639,2,2),(640,2,3),(641,1,4),(642,2,5),(643,2,6),(644,2,7),(645,6,1),(646,2,2),(647,2,3),(648,1,4),(649,3,5),(650,4,6),(651,2,7),(652,6,1),(653,2,2),(654,1,3),(655,0,4),(656,2,5),(657,2,6),(658,1,7),(659,6,1),(660,2,2),(661,1,3),(662,1,4),(663,3,5),(664,2,6),(665,0,7),(666,6,1),(667,2,2),(668,3,3),(669,0,4),(670,3,5),(671,2,6),(672,1,7),(673,5,1),(674,3,2),(675,0,3),(676,1,4),(677,1,5),(678,2,6),(679,3,7),(680,2,1),(681,1,2),(682,0,3),(683,0,4),(684,1,5),(685,1,6),(686,1,7),(687,2,1),(688,1,2),(689,0,3),(690,0,4),(691,1,5),(692,0,6),(693,0,7),(694,2,1),(695,1,2),(696,1,3),(697,0,4),(698,1,5),(699,0,6),(700,0,7),(701,2,1),(702,1,2),(703,0,3),(704,1,4),(705,1,5),(706,0,6),(707,1,7),(708,2,1),(709,1,2),(710,1,3),(711,0,4),(712,1,5),(713,0,6),(714,0,7),(715,2,1),(716,1,2),(717,0,3),(718,0,4),(719,1,5),(720,0,6),(721,1,7);
/*!40000 ALTER TABLE `campagne_competencedimensionscore` ENABLE KEYS */;
UNLOCK TABLES;

--
-- Table structure for table `campagne_competencedimensionscoreperthreat`
--

DROP TABLE IF EXISTS `campagne_competencedimensionscoreperthreat`;
/*!40101 SET @saved_cs_client     = @@character_set_client */;
/*!50503 SET character_set_client = utf8mb4 */;
CREATE TABLE `campagne_competencedimensionscoreperthreat` (
  `id` bigint NOT NULL AUTO_INCREMENT,
  `scoredPoints` int NOT NULL,
  `competence_dimension_id` bigint NOT NULL,
  PRIMARY KEY (`id`),
  KEY `campagne_competenced_competence_dimension_2dd51a36_fk_competenc` (`competence_dimension_id`),
  CONSTRAINT `campagne_competenced_competence_dimension_2dd51a36_fk_competenc` FOREIGN KEY (`competence_dimension_id`) REFERENCES `competence_tests_competencedimension` (`id`)
) ENGINE=InnoDB AUTO_INCREMENT=1639 DEFAULT CHARSET=utf8mb4 COLLATE=utf8mb4_0900_ai_ci;
/*!40101 SET character_set_client = @saved_cs_client */;

--
-- Dumping data for table `campagne_competencedimensionscoreperthreat`
--

LOCK TABLES `campagne_competencedimensionscoreperthreat` WRITE;
/*!40000 ALTER TABLE `campagne_competencedimensionscoreperthreat` DISABLE KEYS */;
INSERT INTO `campagne_competencedimensionscoreperthreat` VALUES (1,1,1),(2,2,2),(3,1,3),(4,1,4),(5,2,5),(6,0,6),(7,1,7),(8,2,1),(9,0,2),(10,1,3),(11,2,4),(12,1,5),(13,0,6),(14,0,7),(15,1,1),(16,2,2),(17,1,3),(18,0,4),(19,2,5),(20,0,6),(21,2,7),(22,0,1),(23,0,2),(24,2,3),(25,1,4),(26,0,5),(27,1,6),(28,2,7),(29,2,1),(30,2,2),(31,1,3),(32,1,4),(33,2,5),(34,1,6),(35,0,7),(36,2,1),(37,2,2),(38,0,3),(39,2,4),(40,1,5),(41,2,6),(42,2,7),(43,1,1),(44,2,2),(45,0,3),(46,2,4),(47,0,5),(48,2,6),(49,2,7),(50,1,1),(51,0,2),(52,0,3),(53,1,4),(54,2,5),(55,2,6),(56,0,7),(57,2,1),(58,0,2),(59,2,3),(60,2,4),(61,2,5),(62,2,6),(63,2,7),(64,2,1),(65,2,2),(66,2,3),(67,2,4),(68,2,5),(69,2,6),(70,2,7),(71,2,1),(72,2,2),(73,2,3),(74,1,4),(75,2,5),(76,0,6),(77,2,7),(78,0,1),(79,2,2),(80,0,3),(81,2,4),(82,2,5),(83,2,6),(84,2,7),(85,1,1),(86,0,2),(87,1,3),(88,0,4),(89,2,5),(90,2,6),(91,2,7),(92,1,1),(93,2,2),(94,2,3),(95,1,4),(96,0,5),(97,2,6),(98,2,7),(99,1,1),(100,2,2),(101,2,3),(102,2,4),(103,2,5),(104,2,6),(105,2,7),(106,1,1),(107,2,2),(108,1,3),(109,2,4),(110,0,5),(111,1,6),(112,0,7),(113,1,1),(114,2,2),(115,2,3),(116,0,4),(117,0,5),(118,2,6),(119,2,7),(120,1,1),(121,0,2),(122,2,3),(123,0,4),(124,2,5),(125,1,6),(126,2,7),(127,2,1),(128,0,2),(129,0,3),(130,0,4),(131,1,5),(132,0,6),(133,1,7),(134,1,1),(135,2,2),(136,0,3),(137,2,4),(138,0,5),(139,1,6),(140,1,7),(141,2,1),(142,0,2),(143,0,3),(144,1,4),(145,0,5),(146,0,6),(147,0,7),(148,1,1),(149,2,2),(150,0,3),(151,2,4),(152,2,5),(153,2,6),(154,0,7),(155,0,1),(156,0,2),(157,2,3),(158,1,4),(159,1,5),(160,1,6),(161,0,7),(162,2,1),(163,2,2),(164,2,3),(165,2,4),(166,2,5),(167,2,6),(168,1,7),(169,1,1),(170,2,2),(171,2,3),(172,1,4),(173,2,5),(174,0,6),(175,0,7),(176,1,1),(177,1,2),(178,1,3),(179,2,4),(180,2,5),(181,2,6),(182,0,7),(183,1,1),(184,1,2),(185,1,3),(186,2,4),(187,1,5),(188,2,6),(189,2,7),(190,1,1),(191,2,2),(192,0,3),(193,2,4),(194,2,5),(195,1,6),(196,2,7),(197,2,1),(198,2,2),(199,1,3),(200,1,4),(201,2,5),(202,2,6),(203,2,7),(204,2,1),(205,2,2),(206,1,3),(207,2,4),(208,2,5),(209,0,6),(210,2,7),(211,1,1),(212,1,2),(213,1,3),(214,1,4),(215,0,5),(216,0,6),(217,2,7),(218,1,1),(219,2,2),(220,1,3),(221,0,4),(222,1,5),(223,0,6),(224,2,7),(225,2,1),(226,0,2),(227,2,3),(228,1,4),(229,2,5),(230,2,6),(231,2,7),(232,1,1),(233,1,2),(234,1,3),(235,1,4),(236,2,5),(237,1,6),(238,1,7),(239,1,1),(240,0,2),(241,2,3),(242,1,4),(243,0,5),(244,1,6),(245,2,7),(246,1,1),(247,2,2),(248,1,3),(249,0,4),(250,2,5),(251,2,6),(252,2,7),(253,1,1),(254,2,2),(255,2,3),(256,2,4),(257,1,5),(258,0,6),(259,1,7),(260,1,1),(261,2,2),(262,0,3),(263,1,4),(264,1,5),(265,1,6),(266,1,7),(267,2,1),(268,2,2),(269,1,3),(270,0,4),(271,1,5),(272,0,6),(273,2,7),(274,1,1),(275,2,2),(276,0,3),(277,0,4),(278,1,5),(279,1,6),(280,1,7),(281,2,1),(282,2,2),(283,1,3),(284,0,4),(285,0,5),(286,2,6),(287,2,7),(288,2,1),(289,0,2),(290,1,3),(291,0,4),(292,2,5),(293,0,6),(294,1,7),(295,2,1),(296,0,2),(297,2,3),(298,0,4),(299,0,5),(300,2,6),(301,2,7),(302,2,1),(303,2,2),(304,1,3),(305,1,4),(306,1,5),(307,1,6),(308,2,7),(309,0,1),(310,0,2),(311,0,3),(312,1,4),(313,1,5),(314,1,6),(315,2,7),(316,1,1),(317,2,2),(318,1,3),(319,1,4),(320,0,5),(321,2,6),(322,2,7),(323,0,1),(324,2,2),(325,0,3),(326,2,4),(327,2,5),(328,0,6),(329,1,7),(330,1,1),(331,1,2),(332,1,3),(333,1,4),(334,1,5),(335,1,6),(336,0,7),(337,1,1),(338,0,2),(339,1,3),(340,1,4),(341,1,5),(342,0,6),(343,0,7),(344,0,1),(345,1,2),(346,1,3),(347,2,4),(348,2,5),(349,0,6),(350,1,7),(351,2,1),(352,1,2),(353,0,3),(354,0,4),(355,1,5),(356,1,6),(357,2,7),(358,1,1),(359,1,2),(360,0,3),(361,2,4),(362,2,5),(363,0,6),(364,1,7),(365,2,1),(366,0,2),(367,2,3),(368,2,4),(369,1,5),(370,0,6),(371,0,7),(372,1,1),(373,2,2),(374,1,3),(375,1,4),(376,1,5),(377,1,6),(378,2,7),(379,0,1),(380,0,2),(381,1,3),(382,1,4),(383,2,5),(384,0,6),(385,1,7),(386,1,1),(387,0,2),(388,2,3),(389,1,4),(390,2,5),(391,2,6),(392,0,7),(393,1,1),(394,0,2),(395,2,3),(396,0,4),(397,1,5),(398,1,6),(399,1,7),(400,2,1),(401,0,2),(402,2,3),(403,2,4),(404,0,5),(405,1,6),(406,1,7),(407,1,1),(408,0,2),(409,2,3),(410,2,4),(411,0,5),(412,1,6),(413,2,7),(414,1,1),(415,1,2),(416,1,3),(417,0,4),(418,1,5),(419,0,6),(420,1,7),(421,1,1),(422,0,2),(423,1,3),(424,1,4),(425,0,5),(426,2,6),(427,1,7),(428,1,1),(429,0,2),(430,0,3),(431,1,4),(432,1,5),(433,0,6),(434,2,7),(435,0,1),(436,0,2),(437,1,3),(438,0,4),(439,0,5),(440,1,6),(441,1,7),(442,2,1),(443,2,2),(444,2,3),(445,1,4),(446,1,5),(447,0,6),(448,0,7),(449,2,1),(450,0,2),(451,2,3),(452,1,4),(453,2,5),(454,2,6),(455,2,7),(456,1,1),(457,2,2),(458,1,3),(459,1,4),(460,0,5),(461,0,6),(462,2,7),(463,1,1),(464,0,2),(465,0,3),(466,0,4),(467,0,5),(468,1,6),(469,0,7),(470,1,1),(471,0,2),(472,2,3),(473,1,4),(474,2,5),(475,0,6),(476,2,7),(477,1,1),(478,1,2),(479,0,3),(480,0,4),(481,1,5),(482,0,6),(483,1,7),(484,1,1),(485,2,2),(486,2,3),(487,1,4),(488,2,5),(489,1,6),(490,0,7),(491,1,1),(492,0,2),(493,0,3),(494,2,4),(495,2,5),(496,0,6),(497,2,7),(498,1,1),(499,0,2),(500,1,3),(501,1,4),(502,0,5),(503,0,6),(504,0,7),(505,1,1),(506,1,2),(507,2,3),(508,0,4),(509,0,5),(510,1,6),(511,1,7),(512,1,1),(513,0,2),(514,2,3),(515,0,4),(516,2,5),(517,0,6),(518,0,7),(519,1,1),(520,1,2),(521,1,3),(522,0,4),(523,1,5),(524,0,6),(525,2,7),(526,1,1),(527,0,2),(528,2,3),(529,1,4),(530,1,5),(531,0,6),(532,0,7),(533,1,1),(534,0,2),(535,2,3),(536,1,4),(537,2,5),(538,1,6),(539,2,7),(540,2,1),(541,1,2),(542,2,3),(543,1,4),(544,0,5),(545,0,6),(546,1,7),(547,1,1),(548,1,2),(549,2,3),(550,1,4),(551,0,5),(552,2,6),(553,0,7),(554,2,1),(555,2,2),(556,0,3),(557,2,4),(558,2,5),(559,0,6),(560,0,7),(561,1,1),(562,1,2),(563,1,3),(564,0,4),(565,1,5),(566,1,6),(567,0,7),(568,1,1),(569,2,2),(570,0,3),(571,0,4),(572,0,5),(573,1,6),(574,0,7),(575,2,1),(576,0,2),(577,0,3),(578,1,4),(579,1,5),(580,1,6),(581,0,7),(582,1,1),(583,2,2),(584,1,3),(585,1,4),(586,1,5),(587,1,6),(588,2,7),(589,1,1),(590,1,2),(591,2,3),(592,1,4),(593,2,5),(594,1,6),(595,0,7),(596,1,1),(597,1,2),(598,1,3),(599,1,4),(600,2,5),(601,0,6),(602,0,7),(603,1,1),(604,1,2),(605,0,3),(606,1,4),(607,1,5),(608,2,6),(609,0,7),(610,1,1),(611,0,2),(612,1,3),(613,1,4),(614,1,5),(615,1,6),(616,0,7),(617,1,1),(618,0,2),(619,2,3),(620,1,4),(621,1,5),(622,0,6),(623,2,7),(624,2,1),(625,2,2),(626,0,3),(627,2,4),(628,2,5),(629,2,6),(630,2,7),(631,2,1),(632,0,2),(633,1,3),(634,2,4),(635,1,5),(636,0,6),(637,2,7),(638,2,1),(639,0,2),(640,2,3),(641,0,4),(642,1,5),(643,2,6),(644,0,7),(645,1,1),(646,0,2),(647,2,3),(648,0,4),(649,0,5),(650,1,6),(651,2,7),(652,0,1),(653,2,2),(654,1,3),(655,2,4),(656,1,5),(657,1,6),(658,0,7),(659,0,1),(660,1,2),(661,0,3),(662,1,4),(663,0,5),(664,1,6),(665,2,7),(666,2,1),(667,2,2),(668,0,3),(669,1,4),(670,1,5),(671,0,6),(672,2,7),(673,2,1),(674,1,2),(675,2,3),(676,1,4),(677,1,5),(678,1,6),(679,2,7),(680,1,1),(681,0,2),(682,0,3),(683,2,4),(684,1,5),(685,0,6),(686,2,7),(687,0,1),(688,0,2),(689,0,3),(690,2,4),(691,1,5),(692,1,6),(693,0,7),(694,2,1),(695,1,2),(696,1,3),(697,2,4),(698,2,5),(699,2,6),(700,1,7),(701,2,1),(702,1,2),(703,1,3),(704,2,4),(705,2,5),(706,0,6),(707,0,7),(708,1,1),(709,1,2),(710,0,3),(711,0,4),(712,1,5),(713,1,6),(714,1,7),(715,2,1),(716,1,2),(717,2,3),(718,1,4),(719,2,5),(720,0,6),(721,2,7),(722,2,1),(723,1,2),(724,0,3),(725,1,4),(726,0,5),(727,0,6),(728,0,7),(729,1,1),(730,1,2),(731,1,3),(732,1,4),(733,1,5),(734,1,6),(735,0,7),(736,1,1),(737,2,2),(738,2,3),(739,1,4),(740,2,5),(741,2,6),(742,2,7),(743,2,1),(744,1,2),(745,0,3),(746,2,4),(747,1,5),(748,2,6),(749,0,7),(750,2,1),(751,1,2),(752,2,3),(753,0,4),(754,0,5),(755,2,6),(756,2,7),(757,1,1),(758,1,2),(759,1,3),(760,1,4),(761,1,5),(762,0,6),(763,2,7),(764,1,1),(765,1,2),(766,0,3),(767,1,4),(768,0,5),(769,2,6),(770,1,7),(771,2,1),(772,1,2),(773,1,3),(774,1,4),(775,0,5),(776,0,6),(777,2,7),(778,1,1),(779,1,2),(780,2,3),(781,0,4),(782,1,5),(783,1,6),(784,0,7),(785,1,1),(786,1,2),(787,1,3),(788,1,4),(789,2,5),(790,2,6),(791,1,7),(792,1,1),(793,1,2),(794,2,3),(795,1,4),(796,1,5),(797,2,6),(798,2,7),(799,1,1),(800,0,2),(801,1,3),(802,2,4),(803,2,5),(804,1,6),(805,0,7),(806,1,1),(807,0,2),(808,2,3),(809,0,4),(810,0,5),(811,1,6),(812,1,7),(813,0,1),(814,1,2),(815,2,3),(816,1,4),(817,0,5),(818,2,6),(819,1,7),(820,1,1),(821,0,2),(822,1,3),(823,1,4),(824,2,5),(825,1,6),(826,1,7),(827,1,1),(828,0,2),(829,0,3),(830,2,4),(831,2,5),(832,2,6),(833,0,7),(834,1,1),(835,1,2),(836,0,3),(837,1,4),(838,1,5),(839,2,6),(840,0,7),(841,0,1),(842,2,2),(843,1,3),(844,1,4),(845,2,5),(846,1,6),(847,2,7),(848,1,1),(849,1,2),(850,1,3),(851,1,4),(852,2,5),(853,2,6),(854,1,7),(855,1,1),(856,1,2),(857,0,3),(858,1,4),(859,2,5),(860,0,6),(861,2,7),(862,0,1),(863,0,2),(864,1,3),(865,0,4),(866,2,5),(867,1,6),(868,2,7),(869,1,1),(870,2,2),(871,1,3),(872,0,4),(873,2,5),(874,1,6),(875,1,7),(876,0,1),(877,1,2),(878,2,3),(879,1,4),(880,0,5),(881,2,6),(882,1,7),(883,1,1),(884,0,2),(885,1,3),(886,1,4),(887,2,5),(888,1,6),(889,0,7),(890,1,1),(891,0,2),(892,1,3),(893,0,4),(894,1,5),(895,2,6),(896,0,7),(897,0,1),(898,1,2),(899,2,3),(900,1,4),(901,0,5),(902,0,6),(903,0,7),(904,1,1),(905,1,2),(906,1,3),(907,1,4),(908,0,5),(909,1,6),(910,1,7),(911,1,1),(912,1,2),(913,0,3),(914,1,4),(915,1,5),(916,1,6),(917,1,7),(918,1,1),(919,1,2),(920,1,3),(921,2,4),(922,1,5),(923,1,6),(924,1,7),(925,1,1),(926,0,2),(927,0,3),(928,0,4),(929,1,5),(930,2,6),(931,1,7),(932,1,1),(933,1,2),(934,2,3),(935,0,4),(936,2,5),(937,0,6),(938,0,7),(939,0,1),(940,1,2),(941,2,3),(942,0,4),(943,2,5),(944,0,6),(945,1,7),(946,1,1),(947,0,2),(948,2,3),(949,1,4),(950,0,5),(951,1,6),(952,2,7),(953,2,1),(954,0,2),(955,0,3),(956,1,4),(957,1,5),(958,0,6),(959,2,7),(960,0,1),(961,1,2),(962,2,3),(963,2,4),(964,1,5),(965,0,6),(966,2,7),(967,1,1),(968,1,2),(969,2,3),(970,1,4),(971,0,5),(972,1,6),(973,1,7),(974,1,1),(975,1,2),(976,1,3),(977,2,4),(978,1,5),(979,1,6),(980,2,7),(981,1,1),(982,1,2),(983,2,3),(984,1,4),(985,1,5),(986,0,6),(987,2,7),(988,2,1),(989,2,2),(990,2,3),(991,1,4),(992,2,5),(993,1,6),(994,1,7),(995,2,1),(996,0,2),(997,1,3),(998,1,4),(999,2,5),(1000,2,6),(1001,0,7),(1002,1,1),(1003,0,2),(1004,1,3),(1005,0,4),(1006,2,5),(1007,1,6),(1008,1,7),(1009,2,1),(1010,1,2),(1011,2,3),(1012,1,4),(1013,2,5),(1014,0,6),(1015,2,7),(1016,0,1),(1017,1,2),(1018,1,3),(1019,1,4),(1020,2,5),(1021,2,6),(1022,2,7),(1023,0,1),(1024,1,2),(1025,2,3),(1026,1,4),(1027,0,5),(1028,0,6),(1029,1,7),(1030,2,1),(1031,1,2),(1032,2,3),(1033,2,4),(1034,2,5),(1035,0,6),(1036,2,7),(1037,1,1),(1038,1,2),(1039,2,3),(1040,2,4),(1041,2,5),(1042,2,6),(1043,2,7),(1044,1,1),(1045,1,2),(1046,1,3),(1047,2,4),(1048,2,5),(1049,2,6),(1050,1,7),(1051,0,1),(1052,2,2),(1053,1,3),(1054,2,4),(1055,2,5),(1056,1,6),(1057,2,7),(1058,1,1),(1059,1,2),(1060,1,3),(1061,1,4),(1062,2,5),(1063,2,6),(1064,2,7),(1065,2,1),(1066,1,2),(1067,2,3),(1068,0,4),(1069,2,5),(1070,2,6),(1071,1,7),(1072,2,1),(1073,2,2),(1074,2,3),(1075,2,4),(1076,2,5),(1077,0,6),(1078,2,7),(1079,2,1),(1080,1,2),(1081,2,3),(1082,2,4),(1083,2,5),(1084,2,6),(1085,1,7),(1086,2,1),(1087,2,2),(1088,1,3),(1089,2,4),(1090,1,5),(1091,2,6),(1092,2,7),(1093,2,1),(1094,1,2),(1095,2,3),(1096,1,4),(1097,1,5),(1098,2,6),(1099,1,7),(1100,2,1),(1101,2,2),(1102,2,3),(1103,2,4),(1104,2,5),(1105,2,6),(1106,2,7),(1107,1,1),(1108,1,2),(1109,2,3),(1110,1,4),(1111,1,5),(1112,1,6),(1113,2,7),(1114,2,1),(1115,1,2),(1116,2,3),(1117,2,4),(1118,1,5),(1119,1,6),(1120,1,7),(1121,2,1),(1122,1,2),(1123,1,3),(1124,1,4),(1125,2,5),(1126,2,6),(1127,1,7),(1128,1,1),(1129,1,2),(1130,2,3),(1131,1,4),(1132,1,5),(1133,0,6),(1134,2,7),(1135,1,1),(1136,2,2),(1137,2,3),(1138,1,4),(1139,1,5),(1140,1,6),(1141,1,7),(1142,1,1),(1143,1,2),(1144,1,3),(1145,2,4),(1146,2,5),(1147,0,6),(1148,2,7),(1149,1,1),(1150,1,2),(1151,2,3),(1152,1,4),(1153,1,5),(1154,1,6),(1155,2,7),(1156,1,1),(1157,1,2),(1158,0,3),(1159,2,4),(1160,1,5),(1161,1,6),(1162,1,7),(1163,1,1),(1164,1,2),(1165,0,3),(1166,2,4),(1167,2,5),(1168,0,6),(1169,1,7),(1170,0,1),(1171,1,2),(1172,0,3),(1173,0,4),(1174,0,5),(1175,0,6),(1176,1,7),(1177,1,1),(1178,0,2),(1179,1,3),(1180,1,4),(1181,1,5),(1182,1,6),(1183,1,7),(1184,1,1),(1185,1,2),(1186,2,3),(1187,2,4),(1188,2,5),(1189,2,6),(1190,2,7),(1191,0,1),(1192,1,2),(1193,2,3),(1194,1,4),(1195,1,5),(1196,2,6),(1197,1,7),(1198,2,1),(1199,1,2),(1200,1,3),(1201,2,4),(1202,2,5),(1203,2,6),(1204,2,7),(1205,2,1),(1206,1,2),(1207,1,3),(1208,2,4),(1209,2,5),(1210,2,6),(1211,2,7),(1212,2,1),(1213,1,2),(1214,2,3),(1215,1,4),(1216,2,5),(1217,2,6),(1218,1,7),(1219,1,1),(1220,1,2),(1221,1,3),(1222,1,4),(1223,1,5),(1224,1,6),(1225,2,7),(1226,2,1),(1227,1,2),(1228,0,3),(1229,2,4),(1230,2,5),(1231,1,6),(1232,1,7),(1233,2,1),(1234,1,2),(1235,2,3),(1236,2,4),(1237,2,5),(1238,2,6),(1239,1,7),(1240,2,1),(1241,1,2),(1242,1,3),(1243,1,4),(1244,1,5),(1245,2,6),(1246,2,7),(1247,2,1),(1248,1,2),(1249,0,3),(1250,1,4),(1251,0,5),(1252,1,6),(1253,2,7),(1254,0,1),(1255,1,2),(1256,0,3),(1257,0,4),(1258,0,5),(1259,1,6),(1260,1,7),(1261,2,1),(1262,2,2),(1263,0,3),(1264,2,4),(1265,1,5),(1266,2,6),(1267,0,7),(1268,1,1),(1269,2,2),(1270,1,3),(1271,0,4),(1272,1,5),(1273,1,6),(1274,1,7),(1275,1,1),(1276,1,2),(1277,0,3),(1278,2,4),(1279,2,5),(1280,2,6),(1281,2,7),(1282,2,1),(1283,0,2),(1284,2,3),(1285,0,4),(1286,1,5),(1287,2,6),(1288,1,7),(1289,2,1),(1290,1,2),(1291,2,3),(1292,2,4),(1293,2,5),(1294,2,6),(1295,1,7),(1296,0,1),(1297,2,2),(1298,2,3),(1299,2,4),(1300,2,5),(1301,1,6),(1302,2,7),(1303,1,1),(1304,2,2),(1305,1,3),(1306,0,4),(1307,1,5),(1308,0,6),(1309,2,7),(1310,2,1),(1311,1,2),(1312,2,3),(1313,2,4),(1314,2,5),(1315,2,6),(1316,1,7),(1317,0,1),(1318,2,2),(1319,2,3),(1320,2,4),(1321,2,5),(1322,1,6),(1323,2,7),(1324,2,1),(1325,2,2),(1326,1,3),(1327,0,4),(1328,2,5),(1329,0,6),(1330,2,7),(1331,2,1),(1332,1,2),(1333,2,3),(1334,2,4),(1335,2,5),(1336,2,6),(1337,1,7),(1338,0,1),(1339,2,2),(1340,2,3),(1341,2,4),(1342,2,5),(1343,1,6),(1344,2,7),(1345,1,1),(1346,0,2),(1347,0,3),(1348,1,4),(1349,0,5),(1350,1,6),(1351,0,7),(1352,1,1),(1353,0,2),(1354,1,3),(1355,1,4),(1356,0,5),(1357,0,6),(1358,0,7),(1359,0,1),(1360,1,2),(1361,1,3),(1362,0,4),(1363,0,5),(1364,0,6),(1365,0,7),(1366,2,1),(1367,1,2),(1368,1,3),(1369,0,4),(1370,1,5),(1371,1,6),(1372,2,7),(1373,2,1),(1374,1,2),(1375,1,3),(1376,1,4),(1377,0,5),(1378,1,6),(1379,1,7),(1380,1,1),(1381,1,2),(1382,2,3),(1383,0,4),(1384,0,5),(1385,0,6),(1386,1,7),(1387,1,1),(1388,0,2),(1389,2,3),(1390,1,4),(1391,1,5),(1392,1,6),(1393,2,7),(1394,2,1),(1395,1,2),(1396,2,3),(1397,0,4),(1398,1,5),(1399,1,6),(1400,1,7),(1401,0,1),(1402,1,2),(1403,2,3),(1404,1,4),(1405,1,5),(1406,0,6),(1407,2,7),(1408,2,1),(1409,2,2),(1410,2,3),(1411,0,4),(1412,1,5),(1413,0,6),(1414,0,7),(1415,1,1),(1416,1,2),(1417,0,3),(1418,0,4),(1419,0,5),(1420,1,6),(1421,0,7),(1422,1,1),(1423,2,2),(1424,1,3),(1425,1,4),(1426,1,5),(1427,0,6),(1428,2,7),(1429,1,1),(1430,0,2),(1431,0,3),(1432,1,4),(1433,0,5),(1434,2,6),(1435,0,7),(1436,2,1),(1437,1,2),(1438,0,3),(1439,1,4),(1440,1,5),(1441,0,6),(1442,1,7),(1443,0,1),(1444,1,2),(1445,1,3),(1446,0,4),(1447,2,5),(1448,0,6),(1449,2,7),(1450,1,1),(1451,0,2),(1452,1,3),(1453,1,4),(1454,0,5),(1455,0,6),(1456,1,7),(1457,2,1),(1458,1,2),(1459,2,3),(1460,1,4),(1461,1,5),(1462,1,6),(1463,1,7),(1464,1,1),(1465,1,2),(1466,1,3),(1467,1,4),(1468,1,5),(1469,0,6),(1470,1,7),(1471,2,1),(1472,1,2),(1473,1,3),(1474,1,4),(1475,1,5),(1476,0,6),(1477,1,7),(1478,2,1),(1479,1,2),(1480,1,3),(1481,0,4),(1482,0,5),(1483,2,6),(1484,0,7),(1485,2,1),(1486,0,2),(1487,0,3),(1488,0,4),(1489,1,5),(1490,0,6),(1491,1,7),(1492,2,1),(1493,1,2),(1494,1,3),(1495,1,4),(1496,1,5),(1497,2,6),(1498,1,7),(1499,2,1),(1500,1,2),(1501,1,3),(1502,0,4),(1503,2,5),(1504,2,6),(1505,0,7),(1506,2,1),(1507,0,2),(1508,0,3),(1509,0,4),(1510,0,5),(1511,0,6),(1512,1,7),(1513,2,1),(1514,1,2),(1515,1,3),(1516,0,4),(1517,1,5),(1518,0,6),(1519,1,7),(1520,2,1),(1521,1,2),(1522,0,3),(1523,0,4),(1524,0,5),(1525,1,6),(1526,0,7),(1527,2,1),(1528,0,2),(1529,0,3),(1530,0,4),(1531,1,5),(1532,1,6),(1533,0,7),(1534,2,1),(1535,1,2),(1536,1,3),(1537,1,4),(1538,0,5),(1539,0,6),(1540,0,7),(1541,2,1),(1542,1,2),(1543,0,3),(1544,0,4),(1545,2,5),(1546,2,6),(1547,0,7),(1548,2,1),(1549,0,2),(1550,0,3),(1551,0,4),(1552,1,5),(1553,0,6),(1554,0,7),(1555,2,1),(1556,1,2),(1557,1,3),(1558,0,4),(1559,0,5),(1560,0,6),(1561,1,7),(1562,2,1),(1563,1,2),(1564,1,3),(1565,0,4),(1566,2,5),(1567,1,6),(1568,0,7),(1569,2,1),(1570,0,2),(1571,1,3),(1572,0,4),(1573,1,5),(1574,1,6),(1575,0,7),(1576,2,1),(1577,1,2),(1578,0,3),(1579,1,4),(1580,1,5),(1581,1,6),(1582,0,7),(1583,2,1),(1584,1,2),(1585,0,3),(1586,0,4),(1587,0,5),(1588,1,6),(1589,2,7),(1590,1,1),(1591,1,2),(1592,0,3),(1593,0,4),(1594,0,5),(1595,0,6),(1596,1,7),(1597,2,1),(1598,1,2),(1599,0,3),(1600,0,4),(1601,1,5),(1602,1,6),(1603,1,7),(1604,2,1),(1605,1,2),(1606,0,3),(1607,0,4),(1608,1,5),(1609,0,6),(1610,0,7),(1611,2,1),(1612,1,2),(1613,1,3),(1614,0,4),(1615,1,5),(1616,0,6),(1617,0,7),(1618,2,1),(1619,1,2),(1620,0,3),(1621,1,4),(1622,1,5),(1623,0,6),(1624,1,7),(1625,2,1),(1626,1,2),(1627,1,3),(1628,0,4),(1629,1,5),(1630,0,6),(1631,0,7),(1632,2,1),(1633,1,2),(1634,0,3),(1635,0,4),(1636,1,5),(1637,0,6),(1638,1,7);
/*!40000 ALTER TABLE `campagne_competencedimensionscoreperthreat` ENABLE KEYS */;
UNLOCK TABLES;

--
-- Table structure for table `campagne_competencetestresult`
--

DROP TABLE IF EXISTS `campagne_competencetestresult`;
/*!40101 SET @saved_cs_client     = @@character_set_client */;
/*!50503 SET character_set_client = utf8mb4 */;
CREATE TABLE `campagne_competencetestresult` (
  `id` bigint NOT NULL AUTO_INCREMENT,
  `job_profile_id` bigint NOT NULL,
  `created_by_id` int NOT NULL,
  PRIMARY KEY (`id`),
  KEY `campagne_competencet_job_profile_id_da4245c0_fk_job_profi` (`job_profile_id`),
  KEY `campagne_competencet_created_by_id_a8074bc1_fk_auth_user` (`created_by_id`),
  CONSTRAINT `campagne_competencet_created_by_id_a8074bc1_fk_auth_user` FOREIGN KEY (`created_by_id`) REFERENCES `auth_user` (`id`),
  CONSTRAINT `campagne_competencet_job_profile_id_da4245c0_fk_job_profi` FOREIGN KEY (`job_profile_id`) REFERENCES `job_profiles_jobprofile` (`id`)
) ENGINE=InnoDB AUTO_INCREMENT=104 DEFAULT CHARSET=utf8mb4 COLLATE=utf8mb4_0900_ai_ci;
/*!40101 SET character_set_client = @saved_cs_client */;

--
-- Dumping data for table `campagne_competencetestresult`
--

LOCK TABLES `campagne_competencetestresult` WRITE;
/*!40000 ALTER TABLE `campagne_competencetestresult` DISABLE KEYS */;
INSERT INTO `campagne_competencetestresult` VALUES (66,7,1),(67,4,1),(68,3,1),(69,3,1),(70,7,1),(71,7,1),(72,7,1),(73,4,1),(74,3,1),(75,3,1),(76,3,1);
/*!40000 ALTER TABLE `campagne_competencetestresult` ENABLE KEYS */;
UNLOCK TABLES;

--
-- Table structure for table `campagne_competencetestresult_competence_dimension_score`
--

DROP TABLE IF EXISTS `campagne_competencetestresult_competence_dimension_score`;
/*!40101 SET @saved_cs_client     = @@character_set_client */;
/*!50503 SET character_set_client = utf8mb4 */;
CREATE TABLE `campagne_competencetestresult_competence_dimension_score` (
  `id` bigint NOT NULL AUTO_INCREMENT,
  `competencetestresult_id` bigint NOT NULL,
  `competencedimensionscore_id` bigint NOT NULL,
  PRIMARY KEY (`id`),
  UNIQUE KEY `campagne_competencetestr_competencetestresult_id__64c92de0_uniq` (`competencetestresult_id`,`competencedimensionscore_id`),
  KEY `campagne_competencet_competencedimensions_b4b0ea63_fk_campagne_` (`competencedimensionscore_id`),
  CONSTRAINT `campagne_competencet_competencedimensions_b4b0ea63_fk_campagne_` FOREIGN KEY (`competencedimensionscore_id`) REFERENCES `campagne_competencedimensionscore` (`id`),
  CONSTRAINT `campagne_competencet_competencetestresult_ff72e1ec_fk_campagne_` FOREIGN KEY (`competencetestresult_id`) REFERENCES `campagne_competencetestresult` (`id`)
) ENGINE=InnoDB AUTO_INCREMENT=722 DEFAULT CHARSET=utf8mb4 COLLATE=utf8mb4_0900_ai_ci;
/*!40101 SET character_set_client = @saved_cs_client */;

--
-- Dumping data for table `campagne_competencetestresult_competence_dimension_score`
--

LOCK TABLES `campagne_competencetestresult_competence_dimension_score` WRITE;
/*!40000 ALTER TABLE `campagne_competencetestresult_competence_dimension_score` DISABLE KEYS */;
INSERT INTO `campagne_competencetestresult_competence_dimension_score` VALUES (456,66,456),(457,66,457),(458,66,458),(459,66,459),(460,66,460),(461,66,461),(462,66,462),(463,67,463),(464,67,464),(465,67,465),(466,67,466),(467,67,467),(468,67,468),(469,67,469),(470,68,470),(471,68,471),(472,68,472),(473,68,473),(474,68,474),(475,68,475),(476,68,476),(477,69,477),(478,69,478),(479,69,479),(480,69,480),(481,69,481),(482,69,482),(483,69,483),(484,70,484),(485,70,485),(486,70,486),(487,70,487),(488,70,488),(489,70,489),(490,70,490),(491,71,491),(492,71,492),(493,71,493),(494,71,494),(495,71,495),(496,71,496),(497,71,497),(498,72,498),(499,72,499),(500,72,500),(501,72,501),(502,72,502),(503,72,503),(504,72,504),(505,73,505),(506,73,506),(507,73,507),(508,73,508),(509,73,509),(510,73,510),(511,73,511),(512,74,512),(513,74,513),(514,74,514),(515,74,515),(516,74,516),(517,74,517),(518,74,518),(519,75,519),(520,75,520),(521,75,521),(522,75,522),(523,75,523),(524,75,524),(525,75,525),(526,76,526),(527,76,527),(528,76,528),(529,76,529),(530,76,530),(531,76,531),(532,76,532);
/*!40000 ALTER TABLE `campagne_competencetestresult_competence_dimension_score` ENABLE KEYS */;
UNLOCK TABLES;

--
-- Table structure for table `campagne_competencetestresult_threat_situation_score`
--

DROP TABLE IF EXISTS `campagne_competencetestresult_threat_situation_score`;
/*!40101 SET @saved_cs_client     = @@character_set_client */;
/*!50503 SET character_set_client = utf8mb4 */;
CREATE TABLE `campagne_competencetestresult_threat_situation_score` (
  `id` bigint NOT NULL AUTO_INCREMENT,
  `competencetestresult_id` bigint NOT NULL,
  `threatsituationscore_id` bigint NOT NULL,
  PRIMARY KEY (`id`),
  UNIQUE KEY `campagne_competencetestr_competencetestresult_id__152d293e_uniq` (`competencetestresult_id`,`threatsituationscore_id`),
  KEY `campagne_competencet_threatsituationscore_552f9301_fk_campagne_` (`threatsituationscore_id`),
  CONSTRAINT `campagne_competencet_competencetestresult_753bb50a_fk_campagne_` FOREIGN KEY (`competencetestresult_id`) REFERENCES `campagne_competencetestresult` (`id`),
  CONSTRAINT `campagne_competencet_threatsituationscore_552f9301_fk_campagne_` FOREIGN KEY (`threatsituationscore_id`) REFERENCES `campagne_threatsituationscore` (`id`)
) ENGINE=InnoDB AUTO_INCREMENT=235 DEFAULT CHARSET=utf8mb4 COLLATE=utf8mb4_0900_ai_ci;
/*!40101 SET character_set_client = @saved_cs_client */;

--
-- Dumping data for table `campagne_competencetestresult_threat_situation_score`
--

LOCK TABLES `campagne_competencetestresult_threat_situation_score` WRITE;
/*!40000 ALTER TABLE `campagne_competencetestresult_threat_situation_score` DISABLE KEYS */;
INSERT INTO `campagne_competencetestresult_threat_situation_score` VALUES (133,66,133),(134,66,134),(135,66,135),(136,67,136),(137,67,137),(138,67,138),(139,68,139),(140,68,140),(141,68,141),(142,69,142),(143,69,143),(144,69,144),(145,70,145),(146,70,146),(147,70,147),(148,71,148),(149,71,149),(150,71,150),(151,72,151),(152,72,152),(153,72,153),(154,73,154),(155,73,155),(156,73,156),(157,74,157),(158,74,158),(159,74,159),(160,75,160),(161,75,161),(162,75,162),(163,76,163),(164,76,164),(165,76,165);
/*!40000 ALTER TABLE `campagne_competencetestresult_threat_situation_score` ENABLE KEYS */;
UNLOCK TABLES;

--
-- Table structure for table `campagne_invitation`
--

DROP TABLE IF EXISTS `campagne_invitation`;
/*!40101 SET @saved_cs_client     = @@character_set_client */;
/*!50503 SET character_set_client = utf8mb4 */;
CREATE TABLE `campagne_invitation` (
  `token` char(32) NOT NULL,
  `is_participated` tinyint(1) NOT NULL,
  `date_created` datetime(6) NOT NULL,
  `created_by_id` int NOT NULL,
  `reusable` tinyint(1) NOT NULL,
  `tokenCounter` int NOT NULL,
  `email_encrypted` varchar(255) NOT NULL,
  `usage_active` tinyint(1) NOT NULL,
  PRIMARY KEY (`token`),
  KEY `campagne_invitation_created_by_id_4dcaae83_fk_auth_user_id` (`created_by_id`),
  CONSTRAINT `campagne_invitation_created_by_id_4dcaae83_fk_auth_user_id` FOREIGN KEY (`created_by_id`) REFERENCES `auth_user` (`id`)
) ENGINE=InnoDB DEFAULT CHARSET=utf8mb4 COLLATE=utf8mb4_0900_ai_ci;
/*!40101 SET character_set_client = @saved_cs_client */;

--
-- Dumping data for table `campagne_invitation`
--

LOCK TABLES `campagne_invitation` WRITE;
/*!40000 ALTER TABLE `campagne_invitation` DISABLE KEYS */;
INSERT INTO `campagne_invitation` VALUES ('361180bcbccb4bccb653b048b2698f99',0,'2024-09-03 13:19:06.735468',1,1,11,'',0);
/*!40000 ALTER TABLE `campagne_invitation` ENABLE KEYS */;
UNLOCK TABLES;

--
-- Table structure for table `campagne_threatsituationscore`
--

DROP TABLE IF EXISTS `campagne_threatsituationscore`;
/*!40101 SET @saved_cs_client     = @@character_set_client */;
/*!50503 SET character_set_client = utf8mb4 */;
CREATE TABLE `campagne_threatsituationscore` (
  `id` bigint NOT NULL AUTO_INCREMENT,
  `scoredPoints` int NOT NULL,
  `threat_situation_id` bigint NOT NULL,
  `threat_vector_id` bigint NOT NULL,
  PRIMARY KEY (`id`),
  KEY `campagne_threatsitua_threat_situation_id_c107dff0_fk_threats_t` (`threat_situation_id`),
  KEY `campagne_threatsitua_threat_vector_id_f7419ac8_fk_threats_t` (`threat_vector_id`),
  CONSTRAINT `campagne_threatsitua_threat_situation_id_c107dff0_fk_threats_t` FOREIGN KEY (`threat_situation_id`) REFERENCES `threats_threatsituation` (`id`),
  CONSTRAINT `campagne_threatsitua_threat_vector_id_f7419ac8_fk_threats_t` FOREIGN KEY (`threat_vector_id`) REFERENCES `threats_threatvector` (`id`)
) ENGINE=InnoDB AUTO_INCREMENT=235 DEFAULT CHARSET=utf8mb4 COLLATE=utf8mb4_0900_ai_ci;
/*!40101 SET character_set_client = @saved_cs_client */;

--
-- Dumping data for table `campagne_threatsituationscore`
--

LOCK TABLES `campagne_threatsituationscore` WRITE;
/*!40000 ALTER TABLE `campagne_threatsituationscore` DISABLE KEYS */;
INSERT INTO `campagne_threatsituationscore` VALUES (24,13,44,35),(26,9,48,39),(27,10,53,44),(28,10,54,45),(29,12,32,1),(30,11,11,38),(31,6,53,44),(32,7,54,45),(33,11,32,1),(34,8,40,31),(84,9,38,29),(85,8,39,30),(86,6,40,31),(87,6,38,29),(88,5,39,30),(89,7,40,31),(133,5,11,38),(134,6,43,34),(135,6,45,55),(136,7,16,21),(137,6,31,23),(138,8,57,38),(139,7,66,53),(140,9,67,38),(141,8,72,57),(142,11,66,53),(143,8,67,38),(144,6,72,57),(145,10,11,38),(146,9,43,34),(147,5,45,55),(148,11,11,38),(149,12,43,34),(150,10,45,55),(151,10,11,38),(152,10,43,34),(153,10,45,55),(154,12,16,21),(155,12,31,23),(156,12,57,38),(157,10,66,53),(158,14,67,38),(159,9,72,57),(160,10,66,53),(161,10,67,38),(162,8,72,57),(163,9,66,53),(164,9,67,38),(165,9,72,57),(166,7,11,38),(167,7,43,34),(168,2,45,55),(169,6,11,38),(170,12,43,34),(171,8,45,55),(172,12,11,38),(173,12,43,34),(174,11,45,55),(175,8,11,38),(176,9,43,34),(177,12,45,55),(178,10,11,38),(179,7,43,34),(180,3,45,55),(181,9,16,21),(182,7,31,23),(183,10,57,38),(184,8,16,21),(185,12,31,23),(186,11,57,38),(187,7,16,21),(188,12,31,23),(189,11,57,38),(190,9,16,21),(191,12,31,23),(192,11,57,38),(193,3,16,21),(194,3,31,23),(195,2,57,38),(211,7,3,3),(212,6,26,20),(213,4,53,44),(214,9,3,3),(215,8,26,20),(216,3,53,44),(217,6,3,3),(218,4,26,20),(219,4,53,44),(220,5,3,3),(221,7,26,20),(222,3,53,44),(223,5,3,3),(224,7,26,20),(225,5,53,44),(226,6,11,38),(227,6,43,34),(228,3,45,55),(229,6,11,38),(230,4,11,38),(231,5,11,38),(232,6,11,38),(233,5,11,38),(234,5,11,38);
/*!40000 ALTER TABLE `campagne_threatsituationscore` ENABLE KEYS */;
UNLOCK TABLES;

--
-- Table structure for table `campagne_threatsituationscore_related_competence_dimension_s8ffa`
--

DROP TABLE IF EXISTS `campagne_threatsituationscore_related_competence_dimension_s8ffa`;
/*!40101 SET @saved_cs_client     = @@character_set_client */;
/*!50503 SET character_set_client = utf8mb4 */;
CREATE TABLE `campagne_threatsituationscore_related_competence_dimension_s8ffa` (
  `id` bigint NOT NULL AUTO_INCREMENT,
  `threatsituationscore_id` bigint NOT NULL,
  `competencedimensionscoreperthreat_id` bigint NOT NULL,
  PRIMARY KEY (`id`),
  UNIQUE KEY `campagne_threatsituation_threatsituationscore_id__244f210d_uniq` (`threatsituationscore_id`,`competencedimensionscoreperthreat_id`),
  KEY `campagne_threatsitua_competencedimensions_0c637fd5_fk_campagne_` (`competencedimensionscoreperthreat_id`),
  CONSTRAINT `campagne_threatsitua_competencedimensions_0c637fd5_fk_campagne_` FOREIGN KEY (`competencedimensionscoreperthreat_id`) REFERENCES `campagne_competencedimensionscoreperthreat` (`id`),
  CONSTRAINT `campagne_threatsitua_threatsituationscore_44bac1e5_fk_campagne_` FOREIGN KEY (`threatsituationscore_id`) REFERENCES `campagne_threatsituationscore` (`id`)
) ENGINE=InnoDB AUTO_INCREMENT=1639 DEFAULT CHARSET=utf8mb4 COLLATE=utf8mb4_0900_ai_ci;
/*!40101 SET character_set_client = @saved_cs_client */;

--
-- Dumping data for table `campagne_threatsituationscore_related_competence_dimension_s8ffa`
--

LOCK TABLES `campagne_threatsituationscore_related_competence_dimension_s8ffa` WRITE;
/*!40000 ALTER TABLE `campagne_threatsituationscore_related_competence_dimension_s8ffa` DISABLE KEYS */;
INSERT INTO `campagne_threatsituationscore_related_competence_dimension_s8ffa` VALUES (162,24,162),(163,24,163),(164,24,164),(165,24,165),(166,24,166),(167,24,167),(168,24,168),(176,26,176),(177,26,177),(178,26,178),(179,26,179),(180,26,180),(181,26,181),(182,26,182),(183,27,183),(184,27,184),(185,27,185),(186,27,186),(187,27,187),(188,27,188),(189,27,189),(190,28,190),(191,28,191),(192,28,192),(193,28,193),(194,28,194),(195,28,195),(196,28,196),(197,29,197),(198,29,198),(199,29,199),(200,29,200),(201,29,201),(202,29,202),(203,29,203),(204,30,204),(205,30,205),(206,30,206),(207,30,207),(208,30,208),(209,30,209),(210,30,210),(211,31,211),(212,31,212),(213,31,213),(214,31,214),(215,31,215),(216,31,216),(217,31,217),(218,32,218),(219,32,219),(220,32,220),(221,32,221),(222,32,222),(223,32,223),(224,32,224),(225,33,225),(226,33,226),(227,33,227),(228,33,228),(229,33,229),(230,33,230),(231,33,231),(232,34,232),(233,34,233),(234,34,234),(235,34,235),(236,34,236),(237,34,237),(238,34,238),(582,84,582),(583,84,583),(584,84,584),(585,84,585),(586,84,586),(587,84,587),(588,84,588),(589,85,589),(590,85,590),(591,85,591),(592,85,592),(593,85,593),(594,85,594),(595,85,595),(596,86,596),(597,86,597),(598,86,598),(599,86,599),(600,86,600),(601,86,601),(602,86,602),(603,87,603),(604,87,604),(605,87,605),(606,87,606),(607,87,607),(608,87,608),(609,87,609),(610,88,610),(611,88,611),(612,88,612),(613,88,613),(614,88,614),(615,88,615),(616,88,616),(617,89,617),(618,89,618),(619,89,619),(620,89,620),(621,89,621),(622,89,622),(623,89,623),(925,133,925),(926,133,926),(927,133,927),(928,133,928),(929,133,929),(930,133,930),(931,133,931),(932,134,932),(933,134,933),(934,134,934),(935,134,935),(936,134,936),(937,134,937),(938,134,938),(939,135,939),(940,135,940),(941,135,941),(942,135,942),(943,135,943),(944,135,944),(945,135,945),(946,136,946),(947,136,947),(948,136,948),(949,136,949),(950,136,950),(951,136,951),(952,136,952),(953,137,953),(954,137,954),(955,137,955),(956,137,956),(957,137,957),(958,137,958),(959,137,959),(960,138,960),(961,138,961),(962,138,962),(963,138,963),(964,138,964),(965,138,965),(966,138,966),(967,139,967),(968,139,968),(969,139,969),(970,139,970),(971,139,971),(972,139,972),(973,139,973),(974,140,974),(975,140,975),(976,140,976),(977,140,977),(978,140,978),(979,140,979),(980,140,980),(981,141,981),(982,141,982),(983,141,983),(984,141,984),(985,141,985),(986,141,986),(987,141,987),(988,142,988),(989,142,989),(990,142,990),(991,142,991),(992,142,992),(993,142,993),(994,142,994),(995,143,995),(996,143,996),(997,143,997),(998,143,998),(999,143,999),(1000,143,1000),(1001,143,1001),(1002,144,1002),(1003,144,1003),(1004,144,1004),(1005,144,1005),(1006,144,1006),(1007,144,1007),(1008,144,1008),(1009,145,1009),(1010,145,1010),(1011,145,1011),(1012,145,1012),(1013,145,1013),(1014,145,1014),(1015,145,1015),(1016,146,1016),(1017,146,1017),(1018,146,1018),(1019,146,1019),(1020,146,1020),(1021,146,1021),(1022,146,1022),(1023,147,1023),(1024,147,1024),(1025,147,1025),(1026,147,1026),(1027,147,1027),(1028,147,1028),(1029,147,1029),(1030,148,1030),(1031,148,1031),(1032,148,1032),(1033,148,1033),(1034,148,1034),(1035,148,1035),(1036,148,1036),(1037,149,1037),(1038,149,1038),(1039,149,1039),(1040,149,1040),(1041,149,1041),(1042,149,1042),(1043,149,1043),(1044,150,1044),(1045,150,1045),(1046,150,1046),(1047,150,1047),(1048,150,1048),(1049,150,1049),(1050,150,1050),(1051,151,1051),(1052,151,1052),(1053,151,1053),(1054,151,1054),(1055,151,1055),(1056,151,1056),(1057,151,1057),(1058,152,1058),(1059,152,1059),(1060,152,1060),(1061,152,1061),(1062,152,1062),(1063,152,1063),(1064,152,1064),(1065,153,1065),(1066,153,1066),(1067,153,1067),(1068,153,1068),(1069,153,1069),(1070,153,1070),(1071,153,1071),(1072,154,1072),(1073,154,1073),(1074,154,1074),(1075,154,1075),(1076,154,1076),(1077,154,1077),(1078,154,1078),(1079,155,1079),(1080,155,1080),(1081,155,1081),(1082,155,1082),(1083,155,1083),(1084,155,1084),(1085,155,1085),(1086,156,1086),(1087,156,1087),(1088,156,1088),(1089,156,1089),(1090,156,1090),(1091,156,1091),(1092,156,1092),(1093,157,1093),(1094,157,1094),(1095,157,1095),(1096,157,1096),(1097,157,1097),(1098,157,1098),(1099,157,1099),(1100,158,1100),(1101,158,1101),(1102,158,1102),(1103,158,1103),(1104,158,1104),(1105,158,1105),(1106,158,1106),(1107,159,1107),(1108,159,1108),(1109,159,1109),(1110,159,1110),(1111,159,1111),(1112,159,1112),(1113,159,1113),(1114,160,1114),(1115,160,1115),(1116,160,1116),(1117,160,1117),(1118,160,1118),(1119,160,1119),(1120,160,1120),(1121,161,1121),(1122,161,1122),(1123,161,1123),(1124,161,1124),(1125,161,1125),(1126,161,1126),(1127,161,1127),(1128,162,1128),(1129,162,1129),(1130,162,1130),(1131,162,1131),(1132,162,1132),(1133,162,1133),(1134,162,1134),(1135,163,1135),(1136,163,1136),(1137,163,1137),(1138,163,1138),(1139,163,1139),(1140,163,1140),(1141,163,1141),(1142,164,1142),(1143,164,1143),(1144,164,1144),(1145,164,1145),(1146,164,1146),(1147,164,1147),(1148,164,1148),(1149,165,1149),(1150,165,1150),(1151,165,1151),(1152,165,1152),(1153,165,1153),(1154,165,1154),(1155,165,1155),(1156,166,1156),(1157,166,1157),(1158,166,1158),(1159,166,1159),(1160,166,1160),(1161,166,1161),(1162,166,1162),(1163,167,1163),(1164,167,1164),(1165,167,1165),(1166,167,1166),(1167,167,1167),(1168,167,1168),(1169,167,1169),(1170,168,1170),(1171,168,1171),(1172,168,1172),(1173,168,1173),(1174,168,1174),(1175,168,1175),(1176,168,1176),(1177,169,1177),(1178,169,1178),(1179,169,1179),(1180,169,1180),(1181,169,1181),(1182,169,1182),(1183,169,1183),(1184,170,1184),(1185,170,1185),(1186,170,1186),(1187,170,1187),(1188,170,1188),(1189,170,1189),(1190,170,1190),(1191,171,1191),(1192,171,1192),(1193,171,1193),(1194,171,1194),(1195,171,1195),(1196,171,1196),(1197,171,1197),(1198,172,1198),(1199,172,1199),(1200,172,1200),(1201,172,1201),(1202,172,1202),(1203,172,1203),(1204,172,1204),(1205,173,1205),(1206,173,1206),(1207,173,1207),(1208,173,1208),(1209,173,1209),(1210,173,1210),(1211,173,1211),(1212,174,1212),(1213,174,1213),(1214,174,1214),(1215,174,1215),(1216,174,1216),(1217,174,1217),(1218,174,1218),(1219,175,1219),(1220,175,1220),(1221,175,1221),(1222,175,1222),(1223,175,1223),(1224,175,1224),(1225,175,1225),(1226,176,1226),(1227,176,1227),(1228,176,1228),(1229,176,1229),(1230,176,1230),(1231,176,1231),(1232,176,1232),(1233,177,1233),(1234,177,1234),(1235,177,1235),(1236,177,1236),(1237,177,1237),(1238,177,1238),(1239,177,1239),(1240,178,1240),(1241,178,1241),(1242,178,1242),(1243,178,1243),(1244,178,1244),(1245,178,1245),(1246,178,1246),(1247,179,1247),(1248,179,1248),(1249,179,1249),(1250,179,1250),(1251,179,1251),(1252,179,1252),(1253,179,1253),(1254,180,1254),(1255,180,1255),(1256,180,1256),(1257,180,1257),(1258,180,1258),(1259,180,1259),(1260,180,1260),(1261,181,1261),(1262,181,1262),(1263,181,1263),(1264,181,1264),(1265,181,1265),(1266,181,1266),(1267,181,1267),(1268,182,1268),(1269,182,1269),(1270,182,1270),(1271,182,1271),(1272,182,1272),(1273,182,1273),(1274,182,1274),(1275,183,1275),(1276,183,1276),(1277,183,1277),(1278,183,1278),(1279,183,1279),(1280,183,1280),(1281,183,1281),(1282,184,1282),(1283,184,1283),(1284,184,1284),(1285,184,1285),(1286,184,1286),(1287,184,1287),(1288,184,1288),(1289,185,1289),(1290,185,1290),(1291,185,1291),(1292,185,1292),(1293,185,1293),(1294,185,1294),(1295,185,1295),(1296,186,1296),(1297,186,1297),(1298,186,1298),(1299,186,1299),(1300,186,1300),(1301,186,1301),(1302,186,1302),(1303,187,1303),(1304,187,1304),(1305,187,1305),(1306,187,1306),(1307,187,1307),(1308,187,1308),(1309,187,1309),(1310,188,1310),(1311,188,1311),(1312,188,1312),(1313,188,1313),(1314,188,1314),(1315,188,1315),(1316,188,1316),(1317,189,1317),(1318,189,1318),(1319,189,1319),(1320,189,1320),(1321,189,1321),(1322,189,1322),(1323,189,1323),(1324,190,1324),(1325,190,1325),(1326,190,1326),(1327,190,1327),(1328,190,1328),(1329,190,1329),(1330,190,1330),(1331,191,1331),(1332,191,1332),(1333,191,1333),(1334,191,1334),(1335,191,1335),(1336,191,1336),(1337,191,1337),(1338,192,1338),(1339,192,1339),(1340,192,1340),(1341,192,1341),(1342,192,1342),(1343,192,1343),(1344,192,1344),(1345,193,1345),(1346,193,1346),(1347,193,1347),(1348,193,1348),(1349,193,1349),(1350,193,1350),(1351,193,1351),(1352,194,1352),(1353,194,1353),(1354,194,1354),(1355,194,1355),(1356,194,1356),(1357,194,1357),(1358,194,1358),(1359,195,1359),(1360,195,1360),(1361,195,1361),(1362,195,1362),(1363,195,1363),(1364,195,1364),(1365,195,1365),(1471,211,1471),(1472,211,1472),(1473,211,1473),(1474,211,1474),(1475,211,1475),(1476,211,1476),(1477,211,1477),(1478,212,1478),(1479,212,1479),(1480,212,1480),(1481,212,1481),(1482,212,1482),(1483,212,1483),(1484,212,1484),(1485,213,1485),(1486,213,1486),(1487,213,1487),(1488,213,1488),(1489,213,1489),(1490,213,1490),(1491,213,1491),(1492,214,1492),(1493,214,1493),(1494,214,1494),(1495,214,1495),(1496,214,1496),(1497,214,1497),(1498,214,1498),(1499,215,1499),(1500,215,1500),(1501,215,1501),(1502,215,1502),(1503,215,1503),(1504,215,1504),(1505,215,1505),(1506,216,1506),(1507,216,1507),(1508,216,1508),(1509,216,1509),(1510,216,1510),(1511,216,1511),(1512,216,1512),(1513,217,1513),(1514,217,1514),(1515,217,1515),(1516,217,1516),(1517,217,1517),(1518,217,1518),(1519,217,1519),(1520,218,1520),(1521,218,1521),(1522,218,1522),(1523,218,1523),(1524,218,1524),(1525,218,1525),(1526,218,1526),(1527,219,1527),(1528,219,1528),(1529,219,1529),(1530,219,1530),(1531,219,1531),(1532,219,1532),(1533,219,1533),(1534,220,1534),(1535,220,1535),(1536,220,1536),(1537,220,1537),(1538,220,1538),(1539,220,1539),(1540,220,1540),(1541,221,1541),(1542,221,1542),(1543,221,1543),(1544,221,1544),(1545,221,1545),(1546,221,1546),(1547,221,1547),(1548,222,1548),(1549,222,1549),(1550,222,1550),(1551,222,1551),(1552,222,1552),(1553,222,1553),(1554,222,1554),(1555,223,1555),(1556,223,1556),(1557,223,1557),(1558,223,1558),(1559,223,1559),(1560,223,1560),(1561,223,1561),(1562,224,1562),(1563,224,1563),(1564,224,1564),(1565,224,1565),(1566,224,1566),(1567,224,1567),(1568,224,1568),(1569,225,1569),(1570,225,1570),(1571,225,1571),(1572,225,1572),(1573,225,1573),(1574,225,1574),(1575,225,1575),(1576,226,1576),(1577,226,1577),(1578,226,1578),(1579,226,1579),(1580,226,1580),(1581,226,1581),(1582,226,1582),(1583,227,1583),(1584,227,1584),(1585,227,1585),(1586,227,1586),(1587,227,1587),(1588,227,1588),(1589,227,1589),(1590,228,1590),(1591,228,1591),(1592,228,1592),(1593,228,1593),(1594,228,1594),(1595,228,1595),(1596,228,1596),(1597,229,1597),(1598,229,1598),(1599,229,1599),(1600,229,1600),(1601,229,1601),(1602,229,1602),(1603,229,1603),(1604,230,1604),(1605,230,1605),(1606,230,1606),(1607,230,1607),(1608,230,1608),(1609,230,1609),(1610,230,1610),(1611,231,1611),(1612,231,1612),(1613,231,1613),(1614,231,1614),(1615,231,1615),(1616,231,1616),(1617,231,1617),(1618,232,1618),(1619,232,1619),(1620,232,1620),(1621,232,1621),(1622,232,1622),(1623,232,1623),(1624,232,1624),(1625,233,1625),(1626,233,1626),(1627,233,1627),(1628,233,1628),(1629,233,1629),(1630,233,1630),(1631,233,1631),(1632,234,1632),(1633,234,1633),(1634,234,1634),(1635,234,1635),(1636,234,1636),(1637,234,1637),(1638,234,1638);
/*!40000 ALTER TABLE `campagne_threatsituationscore_related_competence_dimension_s8ffa` ENABLE KEYS */;
UNLOCK TABLES;

--
-- Table structure for table `competence_tests_chatimpulse`
--

DROP TABLE IF EXISTS `competence_tests_chatimpulse`;
/*!40101 SET @saved_cs_client     = @@character_set_client */;
/*!50503 SET character_set_client = utf8mb4 */;
CREATE TABLE `competence_tests_chatimpulse` (
  `impulse_ptr_id` bigint NOT NULL,
  `impulse_text` longtext,
  PRIMARY KEY (`impulse_ptr_id`),
  CONSTRAINT `competence_tests_cha_impulse_ptr_id_1f78ac44_fk_competenc` FOREIGN KEY (`impulse_ptr_id`) REFERENCES `competence_tests_impulse` (`id`)
) ENGINE=InnoDB DEFAULT CHARSET=utf8mb4 COLLATE=utf8mb4_0900_ai_ci;
/*!40101 SET character_set_client = @saved_cs_client */;

--
-- Dumping data for table `competence_tests_chatimpulse`
--

LOCK TABLES `competence_tests_chatimpulse` WRITE;
/*!40000 ALTER TABLE `competence_tests_chatimpulse` DISABLE KEYS */;
INSERT INTO `competence_tests_chatimpulse` VALUES (4,'Schauen Sie sich die dargestellen Chats bitte genau an und lassen sich erst danach die erste Frage zu der ITS-Bedrohungssituation anzeigen.'),(10,'Schauen Sie sich die dargestellen Chats bitte genau an und lassen sich erst danach die erste Frage zu der ITS-Bedrohungssituation anzeigen.'),(74,'Schauen Sie sich die dargestellten Chats bitte genau an und lassen Sie sich erst danach die erste Frage zu der ITS-Bedrohungssituation anzeigen.'),(75,'Schauen Sie sich die dargestellten Chats bitte genau an und lassen Sie sich erst danach die erste Frage zu der ITS-Bedrohungssituation anzeigen.'),(76,'Schauen Sie sich die dargestellten Chats bitte genau an und lassen Sie sich erst danach die erste Frage zu der ITS-Bedrohungssituation anzeigen.'),(77,'Schauen Sie sich die dargestellten Chats bitte genau an und lassen Sie sich erst danach die erste Frage zu der ITS-Bedrohungssituation anzeigen.');
/*!40000 ALTER TABLE `competence_tests_chatimpulse` ENABLE KEYS */;
UNLOCK TABLES;

--
-- Table structure for table `competence_tests_chatimpulse_chat_interface`
--

DROP TABLE IF EXISTS `competence_tests_chatimpulse_chat_interface`;
/*!40101 SET @saved_cs_client     = @@character_set_client */;
/*!50503 SET character_set_client = utf8mb4 */;
CREATE TABLE `competence_tests_chatimpulse_chat_interface` (
  `id` bigint NOT NULL AUTO_INCREMENT,
  `chatimpulse_id` bigint NOT NULL,
  `chatinterface_id` bigint NOT NULL,
  PRIMARY KEY (`id`),
  UNIQUE KEY `competence_tests_chatimp_chatimpulse_id_chatinter_823d1c0d_uniq` (`chatimpulse_id`,`chatinterface_id`),
  KEY `competence_tests_cha_chatinterface_id_4ce67083_fk_competenc` (`chatinterface_id`),
  CONSTRAINT `competence_tests_cha_chatimpulse_id_5528e6e0_fk_competenc` FOREIGN KEY (`chatimpulse_id`) REFERENCES `competence_tests_chatimpulse` (`impulse_ptr_id`),
  CONSTRAINT `competence_tests_cha_chatinterface_id_4ce67083_fk_competenc` FOREIGN KEY (`chatinterface_id`) REFERENCES `competence_tests_chatinterface` (`id`)
) ENGINE=InnoDB AUTO_INCREMENT=22 DEFAULT CHARSET=utf8mb4 COLLATE=utf8mb4_0900_ai_ci;
/*!40101 SET character_set_client = @saved_cs_client */;

--
-- Dumping data for table `competence_tests_chatimpulse_chat_interface`
--

LOCK TABLES `competence_tests_chatimpulse_chat_interface` WRITE;
/*!40000 ALTER TABLE `competence_tests_chatimpulse_chat_interface` DISABLE KEYS */;
INSERT INTO `competence_tests_chatimpulse_chat_interface` VALUES (1,4,1),(2,4,2),(3,4,3),(4,10,4),(5,10,5),(6,10,6),(10,74,12),(11,74,13),(12,74,14),(15,75,15),(13,75,16),(14,75,17),(16,76,18),(17,76,19),(18,76,20),(19,77,21),(20,77,22),(21,77,23);
/*!40000 ALTER TABLE `competence_tests_chatimpulse_chat_interface` ENABLE KEYS */;
UNLOCK TABLES;

--
-- Table structure for table `competence_tests_chatinterface`
--

DROP TABLE IF EXISTS `competence_tests_chatinterface`;
/*!40101 SET @saved_cs_client     = @@character_set_client */;
/*!50503 SET character_set_client = utf8mb4 */;
CREATE TABLE `competence_tests_chatinterface` (
  `id` bigint NOT NULL AUTO_INCREMENT,
  `chat_sender_name` varchar(140) NOT NULL,
  `chat_sender_image` varchar(100) NOT NULL,
  `chat_message_incoming` longtext NOT NULL,
  `chat_message_incoming_date` time(6) NOT NULL,
  `chat_message_outgoing` longtext NOT NULL,
  `chat_message_outgoing_date` time(6) DEFAULT NULL,
  `chat_message_incoming_2` longtext NOT NULL,
  `chat_message_incoming_date_2` date DEFAULT NULL,
  `chat_sender_known` tinyint(1) DEFAULT NULL,
  `threat_situation_id` bigint DEFAULT NULL,
  `impulse_number` varchar(140) DEFAULT NULL,
  PRIMARY KEY (`id`),
  KEY `competence_tests_cha_threat_situation_id_bb8b0357_fk_threats_t` (`threat_situation_id`),
  CONSTRAINT `competence_tests_cha_threat_situation_id_bb8b0357_fk_threats_t` FOREIGN KEY (`threat_situation_id`) REFERENCES `threats_threatsituation` (`id`)
) ENGINE=InnoDB AUTO_INCREMENT=27 DEFAULT CHARSET=utf8mb4 COLLATE=utf8mb4_0900_ai_ci;
/*!40101 SET character_set_client = @saved_cs_client */;

--
-- Dumping data for table `competence_tests_chatinterface`
--

LOCK TABLES `competence_tests_chatinterface` WRITE;
/*!40000 ALTER TABLE `competence_tests_chatinterface` DISABLE KEYS */;
INSERT INTO `competence_tests_chatinterface` VALUES (1,'+49 1523 8922644','','Hallo,\r\nich habe meinen Koffer auf der Dienstreise verloren. Auch mein Diensthandy ist weg. Kannst du mir die Telefonnummern und die E-Mail-Adressen von den Stammkunden von \"Smarte Ventilatoren\" schicken, die ich besuchen will.\r\n\r\nVielen Dank.','15:38:00.000000','',NULL,'',NULL,0,53,'Impuls 1'),(2,'+49 1523 8922644','','Hallo Herr Mller,\r\n\r\nknnen Sie mir die Telefonnumern und E-Mail-Adressen von den Stammlunden von \"Smarte Ventilatoren\" schicken, die ich besuchen will.\r\n\r\nVielen Dank.\r\nMfg\r\nSebastian Schmidt','15:38:00.000000','',NULL,'',NULL,0,53,'Impuls 2'),(3,'Sebastian Schmidt (privat)','','Hallo Herr Mller,\r\n\r\nich habe meinen Koffer auf der Dienstreise verloren. Auch mein Diensthandy ist weg. Kannst du mir die Telefonnummern und die E-Mail-Adressen von den Stammkunden von \"Smarte Ventilatoren\" schicken, die ich besuchen will.\r\n\r\nVielen Dank.\r\n\r\nVielen Dank.\r\nMfg\r\nSebastian Schmidt','15:38:00.000000','',NULL,'',NULL,1,53,'Impuls 3'),(4,'+49 2523 8922644','','Hallo,\r\nich habe mein Diensthandy heute zuhause vergessen. Kannst du mir die Telefonnummern und die E-Mail-Adressen von den Kunden, die fr die smarten Ventilatoren zugesagt haben, schicken?\r\n\r\nVielen Dank.','15:38:00.000000','',NULL,'',NULL,0,11,'Chat 1'),(5,'+49 2523 8922644','','Hallo Herr Schmidt,\r\n\r\nknnen Sie mir die Telefonnummern und E-Mail-Adressen von den Kunden, die fr die smarten Ventilatoren zugesagt haben, schicken?\r\n\r\nVielen Dank.\r\nMfg\r\nSebastian Schmidt','15:38:00.000000','',NULL,'',NULL,0,11,'Chat 2'),(6,'Sven Mller (privat)','','Hallo Herr Schmidt,\r\n\r\nknnen Sie mir die Telefonnumern und E-Mail-Adressen von Kunden, die fr die smarten Ventilatoren zugesagt haben, schicken?\r\n\r\nVielen Dank.\r\nMfg\r\nSven Mller','15:38:00.000000','',NULL,'',NULL,1,11,'Chat 3'),(12,'Sabrina Weber','','Hey Inga! Hast du schon ein 9 Euro-Ticket der DB? Das kann man sich jetzt auch ganz einfach Online holen!\r\n\r\nLink:\r\nhttps://www.bahn.de/angebot/regio/9-euro-ticket','15:38:00.000000','',NULL,'',NULL,1,57,'Chat 1'),(13,'Anne Schmidt','','Hey Inga!\r\nGuck mal es gibt regelmig Gewinnspiele die die Deutsche Bahn veranstaltet!\r\n\r\nLink: https://dbmobil.de/mitmachen','15:38:00.000000','',NULL,'',NULL,1,57,'Chat 2'),(14,'Petra Mller','','Gewinnen Sie jetzt einen Extra-Zuschuss der Deutschen Bahn von 2000 Euro!\r\nSie wollen dem Klima helfen? Dann bewerben Sie sich jetzt und erhalten bis zu 2000 Euro Verkehrssubvention des grten deutschen Eisenbahnbetreibers!\r\nLink:\r\nhttps://dbmobil.de/mitmachen/redirect/782348\r\ngewinne-jetz.de\r\nEinfach mit Ihrem Bahn log-in anmelden und ganz einfach gewinnen!\r\nLeite diese Nachricht deinen Freunden weiter!\r\nDenn auch die wollen gewinnen!','15:38:00.000000','',NULL,'',NULL,1,57,'Chat 3'),(15,'+49 2523 8922644','','Hallo,\r\nich habe meinen Koffer auf der Dienstreise verloren. Auch mein Diensthandy ist weg.\r\nKannst du mir die Telefonnummern und die E-Mail-Adressen von den Stammkunden von\r\n\"Smarte Ventilatoren\" schicken, die ich besuchen will?\r\n\r\nVielen Dank.','15:38:00.000000','',NULL,'',NULL,0,58,'Chat 1'),(16,'+49 2523 8922644','','Hallo Frau Blitz,\r\n\r\nknnen Sie mir die Telefonnummern und E-Mail-Adressen von den Stammkunden von\r\n\"Smarte\r\nVentilatoren\" schicken, die ich\r\nbesuchen will?\r\n\r\nVielen Dank.\r\nMfg\r\nSebastian','15:38:00.000000','',NULL,'',NULL,0,58,'Chat 2'),(17,'Sebastian Schmidth (Privat)','','Hallo Frau Blitz,\r\n\r\nknnen Sie mir die Telefonnummern und E-Mail-Adressen von den Stammkunden von\r\n\"Smarte Ventilatoren\" schicken, die ich besuchen will?\r\n\r\nVielen Dank.\r\nMfg\r\nSebastian','15:38:00.000000','',NULL,'',NULL,1,58,'Chat 3'),(18,'Torben Muster (Arbeit)','','Hi!\r\nIch habe gerade den Link fr dieses tolle Gewinnspiel bekommen und wollte den Link direkt mit dir Teilen:\r\nMCHTEST DU EINEN LAPTOP GEWINNEN?','15:38:00.000000','',NULL,'Mache jetzt mit und sicher dir einen von 100 hochwertigen Laptops der Marke Apple von\r\n2022. Komplett ausgestattet fr Ihre Bedrfnisse und in erstklassigem Zustand.\r\nNur heute teilnehmen und direkt gewinnen!\r\n\r\n<a href=\"#\" style=\"color: #007bff; text-decoration: underline;\">https://www.laptop-info.de/artikel/gewinnspiel/</a>','2024-05-22',1,50,'Chat 1'),(19,'+90 1735694681','','MCHTEST DU LAPTOP GEWINNEN?\r\nMitmachen und sichern ein von 100 hochwertigen Laptops der Marke Apple.\r\nKomplett ausgestattet fr Ihre Bedrfnisse und in erstklassigem Zustand. Nimm teil und direkt gewinnen!\r\n\r\n<a href=\"#\" style=\"color: #007bff; text-decoration: underline;\">http://simdi_kazan_jetzt_gewinne_laptop_69AGK4489043.com</a>','15:38:00.000000','',NULL,'',NULL,1,50,'Chat 2'),(20,'+49 1752375608 Broadcast','','MCHTEST DU EINEN LAPTOP GEWINNEN?\r\n\r\nMache jetzt mit und sicher dir einen von 100 hochwertigen Laptops der Marke Apple von\r\n2022. Komplett ausgestattet fr Ihre\r\nBedrfnisse und in erstklassigem Zustand.\r\nNur heute teilnehmen und direkt gewinnen!\r\n\r\n<a href=\"#\" style=\"color: #007bff; text-decoration: underline;\">http://gewinne_jetzt_gewinne_laptop_69AGK4489043.de</a>','15:38:00.000000','',NULL,'',NULL,1,50,'Chat 3'),(21,'+49 1752375608','','Hey du!\r\nHast du schon von der besten Antivirus App Deutschlands gehrt: YourSecurity! Sicher so jetzt auch dein Smartphone nicht nur wie bisher deinen Computer!\r\n\r\n<a href=\"#\" style=\"color: #007bff; text-decoration: underline;\">https://www.apple.com/de/app-store/Yoursecurity/</a>','15:38:00.000000','',NULL,'',NULL,1,51,'Chat 1'),(22,'Klaus Weber','','Hi!\r\n\r\nIch habe die App gerade selber entdeckt und bin total begeistert! Hast du schon eine Anti-Virus App Fr dein Smartphone? \r\nDie heit \"Ikarus\" musst du dir auf jeden Fall mal anschauen!','15:38:00.000000','',NULL,'',NULL,1,51,'Chat 2'),(23,'+90 1735694681','','Hey du!\r\nOh wow!\r\nGehrt von der Antiviren-App in Deutschland: YourSecurity! Schtzen Sie jetzt Ihr Telefon, nicht nur Ihren Computer wie zuvor!\r\n\r\n\r\n<a href=\"#\" style=\"color: #007bff; text-decoration: underline;\">http://yoursecurity.com\\redirect\\048356sdfajk?!?simdi_kazan\r\n</a>','15:38:00.000000','',NULL,'',NULL,0,51,'Chat 3'),(24,'+49 173580760','','Nie wieder Speicherplatzprobleme auf deinem Smartphone!\r\nNutzen Sie jetzt unseren kostenlosen Cloud-Speicher fr all Ihre Daten! Nach den hchsten Sicherheisstandards! Jetzt sofort registrieren und Vorteile sichern bei YourSecureCloud!\r\n\r\nhttps://www.yoursecurecloud.de/redirect/lapfhiweupfhsdaf/2376?!.com','16:14:00.000000','',NULL,'',NULL,1,67,'Chat 1'),(25,'Maike','','Hi Maria,\r\n\r\nwir hatten gestern doch letztens darber gesprochen, dass du immer\r\nSpeicherplatzprobleme auf deinem privaten Smartphone hast! Hier ist der Cloud Speicher, den ich dafr nutze!\r\n\r\nhttps://www.yoursecurecloud.de/r','16:14:00.000000','',NULL,'',NULL,1,67,'Chat 2');
/*!40000 ALTER TABLE `competence_tests_chatinterface` ENABLE KEYS */;
UNLOCK TABLES;

--
-- Table structure for table `competence_tests_choiceitem`
--

DROP TABLE IF EXISTS `competence_tests_choiceitem`;
/*!40101 SET @saved_cs_client     = @@character_set_client */;
/*!50503 SET character_set_client = utf8mb4 */;
CREATE TABLE `competence_tests_choiceitem` (
  `id` bigint NOT NULL AUTO_INCREMENT,
  `option` longtext NOT NULL,
  `answer_rating` int NOT NULL,
  `question_id` bigint NOT NULL,
  PRIMARY KEY (`id`),
  KEY `competence_tests_cho_question_id_c077c6c7_fk_competenc` (`question_id`),
  CONSTRAINT `competence_tests_cho_question_id_c077c6c7_fk_competenc` FOREIGN KEY (`question_id`) REFERENCES `competence_tests_questionitem` (`id`)
) ENGINE=InnoDB AUTO_INCREMENT=1922 DEFAULT CHARSET=utf8mb4 COLLATE=utf8mb4_0900_ai_ci;
/*!40101 SET character_set_client = @saved_cs_client */;

--
-- Dumping data for table `competence_tests_choiceitem`
--

LOCK TABLES `competence_tests_choiceitem` WRITE;
/*!40000 ALTER TABLE `competence_tests_choiceitem` DISABLE KEYS */;
INSERT INTO `competence_tests_choiceitem` VALUES (1,'Szenario 1',2,1),(2,'Szenario 2',1,1),(3,'Szenario 3',0,1),(4,'(A) Sie kennen den neuen Mitarbeiter nicht.',2,2),(5,'(B)	Die Nachricht wird als extern bezeichnet.',0,2),(6,'(C)	Sie sollen Projektskizzen verschicken.',2,2),(8,'(D)	Aufgrund des wchentlichen Jour Fixe kann es keine Nachfragen geben.',0,2),(9,'(A) Durch den Diebstahl von Projektdaten knnte ein anderes Unternehmen unsere innovativen Ventilatoren nachbauen.',1,3),(10,'(B) Durch den Diebstahl von Projektdaten knnte ein anderes Unternehmen Lieferanten abwerben.',1,3),(11,'(C) Durch den Diebstahl von Projektdaten und deren Offenlegung knnte der Ruf der Arneo GmbH geschdigt werden.',2,3),(12,'(D) Durch den Diebstahl von Projektdaten mchte der Absender der Nachricht mehr ber seinen potentiellen neuen Arbeitgeber erfahren.',0,3),(13,'(A) Die Identitt des Absenders berprfen.',2,4),(14,'(B) Die Sicherheitsbeauftragten informieren.',1,4),(15,'(C) Die Nachricht am besten ignorieren.',0,4),(16,'(A) Nur berechtigte Personen drfen Zugang zu den Projektdaten erhalten.',2,5),(17,'(B) Ressourcenschonendes Verhalten setzt voraus, sich zunchst selbst zu vergewissern, ob ein Angriff vorliegt.',1,5),(18,'(C) Es knnte sich um einen Kollegen handeln, der Zugang zu den Projektdaten bentigt, um weiterarbeiten zu knnen.',1,5),(19,'(D) Nur Personen aus der Arneo GmbH drfen Zugang zu den Projektdaten erhalten.',0,5),(20,'(A) Ich lade die Person in mein Bro ein und lasse mir den Unternehmensausweis mit Lichtbild zeigen.',2,6),(21,'(B) Ich lasse mir vom Projektleiter die Liste der Personen schicken, die am Projekt beteiligt sind und vergleiche diese mit dem angegebenen Namen der Person.',1,6),(22,'(C) Ich bitte um ein Telefonat, in dem ich die Person frage, wo sie arbeitet und warum sie die Projektdaten bentigt.',0,6),(23,'(A) Den Vorfall dem IT-Sicherheitsexperten melden, damit andere Mitarbeitende der Arneo GmbH ber den Cyberangriff und entsprechendes Verhalten informiert werden.',2,7),(24,'(B) Ich bitte die Personalabteilung um eine Liste aller Mitarbeiter, damit ich beim nchsten Mal die Identitt sofort klren kann.',0,7),(25,'(C) Dem IT-Admin auftragen, dass die Einstellungen so angepasst werden, dass externe Personen mich nicht anschreiben knnen.',0,7),(26,'(D) Die Projektgruppe Smarte Ventilatoren inklusive der externen Projektbeteiligten ber den Vorfall informieren.',1,7),(27,'Szenario 1',2,8),(28,'Szenario 2',0,8),(29,'Szenario 3',1,8),(30,'(A) Die Forderung nach einem Passwort ber Social Media ist untypisch',2,9),(31,'(B) Paula entwickelt ein Gefhl der Dringlichkeit.',2,9),(32,'(C) Berufliche Kommunikation erfolgt nicht ber Social Media Netzwerke.',0,9),(33,'(D) Die bermittlung von sensiblen Daten erfolgt nie digital.',0,9),(34,'(A) Der Diebstahl vom Projektplan kann der Vorbereitung einer Phishing-Attacke dienen.',1,10),(35,'(B) Der unbefugte Zugang zum Projektplan kann dazu fhren, dass dieser gelesen, verndert oder gelscht wird.',2,10),(36,'(C) Es kann zu Rufschdigungen der Arneo GmbH fhren, wenn der Projektplan verffentlicht wird.',1,10),(37,'(D) Die Weitergabe des Passworts kann dazu fhren, dass der Zugang zum Projektordner nicht mehr verfgbar ist.',0,10),(38,'(A) Die Identitt von Paula berprfen.',2,11),(39,'(B) Die Nachricht von Paula auf der Plattform melden.',1,11),(40,'(C) Eine zweite Meinung einholen, wenn Unklarheit ber eine Nachricht in sozialen Netzwerken besteht.',0,11),(41,'(D) Die Nachricht von Paula ignorieren.',0,11),(42,'(A) Nur zugangsberechtigte Personen erhalten Zugang zu dem Projektplan.',2,12),(43,'(B) Bevor man die Nachricht meldet, sollte man sich zunchst selbst vergewissern, ob Paulas Identitt gestohlen wurde.',1,12),(44,'(C) Nur zugangsberechtigte Personen erhalten ein Passwort ber Social Media.',0,12),(45,'(A) Paula bitten, ber den gngigen Kommunikationsweg (geschftliche E-Mail Adresse) weiter zu kommunizieren und eine Signatur anzufgen.',2,13),(46,'(B) Paula eine personenbezogene Frage stellen, die nur die echte Paula beantworten kann.',1,13),(47,'(C) Paula eine projektbezogene Frage stellen, die nur die echte Paula beantworten kann.',0,13),(48,'(D) Einen Kollegen fragen, ob Paula in dem Social Network aktiv ist.',0,13),(49,'(A) Keine Freundschaftsanfragen oder Nachrichten auf Social Media Plattformen akzeptieren.',0,14),(50,'(B) Der echten Paula mitteilen, dass ihre Identitt missbraucht wird.',1,14),(51,'(C) Den IT-Sicherheitsexperten ber die Anfrage im sozialen Netzwerk melden, damit andere Mitarbeitende der Arneo GmbH ber den Cyberangriff und entsprechendes Verhalten informiert werden.',2,14),(52,'Szenario 1',2,15),(53,'Szenario 2',1,15),(54,'Szenario 3',0,15),(55,'(A) Es handelt sich um eine private E-Mail-Adresse, obwohl der Absender behauptet, ein Mitarbeiter der Arneo GmbH zu sein.',2,16),(56,'(B) Fr den Hyperlink wird anscheinend ein unverschlsseltes Protokoll \"http\" anstelle von \"https\" verwendet.',2,16),(57,'(C) Die Adresse entspricht nicht der offiziellen \"drive.google.com\".',2,16),(58,'(D) In der E-Mail wird dazu aufgefordert, eine ausstehende Rechnung zu begleichen.',0,16),(59,'(A) Mein persnlicher Ruf innerhalb der Arneo GmbH kann geschdigt werden.',0,17),(60,'(B) Ein erfolgreicher Phishing Angriff kann zu Identittsdiebstahl, Passwort- und Datenverlust fhren.',2,17),(61,'(C) Durch die Weiterleitung auf externe Internetseiten knnen bspw. meine Online-Banking-Daten abgegriffen werden.',1,17),(62,'(D) Ein erfolgreicher Phishing Angriff kann zu DSVGO Versten fhren.',1,17),(63,'(A) Die Echtheit der E-Mail und der Identitt des Absenders berprfen.',2,18),(64,'(B) Die E-Mail dem IT-Sicherheitsbeauftragten melden.',1,18),(65,'(C) Die E-Mail an den Vorgesetzten und dem First-Level-Support weiterleiten.',0,18),(66,'(D) Schnellstmglich eine zweite Meinung durch einen anderen Mitarbeiter einholen.',1,18),(67,'(A) Ressourcenschonendes Verhalten setzt voraus, sich man sich selbst ein Bild davon macht, ob ein Angriff vorliegt.',1,19),(68,'(B) Da es sich um das Angebot handelt, auf das ich warte, sollte ich mir aufgrund der privaten E-Mail-Adresse ganz sicher sein, dass der Absender wirklich der echte Lukas Maier ist, bevor ich den Link anklicke.',2,19),(69,'(C) Ich darf den IT-Sicherheitsbeauftragten nur nur in besonderen Fllen um Hilfe bitten, z.B. wenn es sich um vllig unbekannte Namen von E-Mail-Absendern handelt.',0,19),(70,'(A) Ich achte auf das Vorhandensein einer digitalen Signatur in der E-Mail.',1,20),(71,'(B) Den vermeintlichen Lukas Maier ber einen anderen Weg als die angegeben E-Mail-Adresse kontaktieren.',2,20),(72,'(C) Ich erkundige mich bei meinem Vorgesetzten, ob das wirklich Lukas Maier ist.',0,20),(73,'(A) Den Vorfall dem IT-Sicherheitsexperten melden, damit andere Mitarbeitende der Arneo GmbH ber den Cyberangriff und entsprechendes Verhalten informiert werden.',2,21),(74,'(B) Den eingebetteten Link in der E-Mail nicht ffnen.',1,21),(75,'(C) Automatische Umleitungen ber Links vom E-Mail-Programm grundstzlich blockieren lassen.',0,21),(76,'Die E-Mail-Adresse lukas.maier2000@gmail.com blockieren, um von ihr keine weiteren Nachrichten mehr zu bekommen.',1,21),(77,'(A)	Es wird kein Profilbild angezeigt und Sie sollen Unternehmensdaten preisgeben.',2,23),(78,'(B)	Es ist ungewhnlich, dass Diensthandy und Koffer gleichzeitig verschwinden.',1,23),(79,'(C)	Der unbekannte Absender stellt sich nicht vor und kann keinen Identittsnachweis vorlegen.',2,23),(80,'(D)	Die Nachricht der unbekannten Nummer ist sehr allgemein gehalten, der Absender nennt nicht die bentigten Namen der Stammkunden.',2,23),(81,'(E)	Die Nummer ist unbekannt. Auerdem ist die fehlende Anrede merkwrdig.',0,23),(82,'Szenario 1',2,22),(83,'Szenario 2',1,22),(84,'Szenario 3',0,22),(85,'(A) Bei Herausgabe der Kundendaten knnte der Ruf der Arneo GmbH geschdigt werden.',2,24),(86,'(B) Kunden der Arneo GmbH knnten von der Konkurrenz abgeworben und dadurch der Umsatz der Arneo GmbH gemindert werden.',1,24),(87,'(C) Skizzen des Projekts Smarte Ventilatoren knnten an die ffentlichkeit geraten.',0,24),(88,'(D) Das Vertrauen der Stammkunden gegenber der Arneo GmbH knnte verletzt werden.',1,24),(89,'(A) Die Echtheit der Nachricht und die Identitt des Absenders berprfen.',2,25),(90,'(B) Die Nachricht am besten ignorieren.',0,25),(91,'(C) Die Nachricht an den Service-Provider melden.',1,25),(92,'(D) Den Absender zu den Kontakten hinzufgen.',0,25),(93,'(A) Nur berechtigte Personen drfen die Kundendaten erhalten.',2,26),(94,'(B) Ressourcenschonendes Verhalten setzt voraus, zunchst selbst festzustellen, ob ein Angriff vorliegt, bevor man die Nachricht meldet.',1,26),(95,'(C) Es knnte sich um einen Kollegen handeln, der dringend die Kundendaten bentigt, um sie betreuen zu knnen.',1,26),(96,'(D) Um schnell einen Suchauftrag nach dem Dienstkoffer und -Handy aufsetzten zu knnen.',0,26),(97,'(A) Indem man einen Videoanruf mit dem Absender durchfhrt.',2,27),(98,'(B) Indem man dem Absender im Chat eine Frage stellt, die er beantworten kann, wenn er ein Kollege ist.',1,27),(99,'(C) Indem man den Absender ber die Telefonnummer anruft.',1,27),(100,'(D) Indem man den Absender mittels offizieller Schriftform seine Identitt besttigen lsst.',0,27),(101,'(A Den Vorfall dem IT-Sicherheitsexperten melden, damit andere Mitarbeitende der Arneo GmbH ber den Cyberangriff und entsprechendes Verhalten informiert werden.',2,28),(102,'(B) Die Telefonnummer blockieren, um von ihr keine weiteren Nachrichten mehr zu bekommen.',1,28),(103,'(C) Die Personalabteilung um eine Liste der privaten Telefonnummern aller Mitarbeiter bitten, damit beim nchsten Mal die Identitt sofort geklrt werden kann.',0,28),(104,'(D) Die Projektgruppe Smarte Ventilatoren inklusive der Auenmitarbeiter ber den Vorfall informieren.',1,28),(105,'Szenario 1',2,29),(106,'Szenario 2',1,29),(107,'Szenario 3',0,29),(108,'(A) Es handelt sich um eine private E-Mail-Adresse, obwohl die Absenderin sich als Mitarbeiterin der Arneo GmbH ausgibt',2,30),(109,'(B) In der E-Mail wird dazu aufgefordert, einen Link bzw. Anhang zu ffnen.',2,30),(111,'(C) Die in der E-Mail verlinkte URL ist verdchtig',2,30),(112,'(D) Die E-Mail stammt von einer bekannten Person aus der Arneo GmbH, das Anliegen ist jedoch ungewhnlich.',1,30),(113,'(E) Bei dem Hyperlink scheint es, als wrde ein verschlsseltes Protokoll \"http\" anstelle von \"https\" verwendet werden.',0,30),(114,'(A) Schadsoftware (in der Excel-Datei) kann zur Lschung, Manipulation oder Diebstahl von Unternehmensdaten fhren.',2,31),(115,'(B) Das Entfernen der Schadsoftware (in der Excel-Datei) und der Support externer IT-Dienstleister knnen hohe Kosten verursachen.',1,31),(116,'(C) Angreifer knnen mit Hilfe von Schadsoftware (in der Excel-Datei) Zugriff auf die Online-Banking-Accounts der Mitarbeitenden erhalten.',0,31),(117,'(D) Angreifer knnen mit Hilfe von Schadsoftware (in der Excel-Datei) wichtige Unternehmensdaten verschlsseln, um das Unternehmen nachfolgend zu erpressen.',1,31),(118,'(A) Die Echtheit der Nachricht und die Identitt des Absenders prfen.',2,32),(119,'(B) Die E-Mail dem IT-Sicherheitsbeauftragten melden.',1,32),(120,'(C) Die E-Mail an den oder die Vorgesetzte:n und den First-Level-Support weiterleiten.',0,32),(121,'(A) Ressourcenschonendes Verhalten setzt voraus, sich zunchst selbst zu vergewissern, ob ein Angriff vorliegt.',1,33),(122,'(B) Da es sich um die Plankosten handelt, auf die ich warte, sollte ich mir aufgrund der privaten E-Mail-Adresse ganz sicher sein, dass die Absenderin wirklich die echte Anna Brand ist, bevor ich die Excel-Datei anklicke.',2,33),(123,'(C) Ich darf den IT-Sicherheitsbeauftragten nur in solchen Fllen um Hilfe bitten, wenn es sich zum Beispiel um vllig unbekannte Namen von E-Mail-Absendern handelt.',0,33),(124,'(A) Ich kontaktiere Anna Brand ber einen anderen Weg als die angegebene E-Mail-Adresse.',2,34),(125,'(B) Ich frage in der Personalabteilung nach, ob das Anna Brands E-Mail-Adresse ist.',0,34),(126,'(C) Ich achte auf das Vorhandensein einer digitalen Signatur in der E-Mail.',0,34),(127,'(A) Die Excel-Datei in der E-Mail von dem Angreifer nicht ffnen.',1,35),(128,'(B) Externe E-Mail-Adressen immer blockieren.',0,35),(129,'(C) Die E-Mail-Adresse anna.brand@gmail.com blockieren, um von ihr keine weiteren Nachrichten mehr zu bekommen',1,35),(130,'(D) Den Vorfall dem IT-Sicherheitsexperten melden, damit andere Mitarbeitende der Arneo GmbH ber den Cyberangriff und entsprechendes Verhalten informiert werden.',2,35),(131,'Szenario 1',2,36),(132,'Szenario 2',1,36),(133,'Szenario 3',0,36),(134,'(A) Die E-Mail-Adresse ist privat, obwohl der Absender sich als Mitarbeiter der Arneo GmbH ausgibt.',2,37),(135,'(B) In der E-Mail wird dazu aufgefordert, einen Link bzw. Anhang zu ffnen.',2,37),(136,'(C) Die in der E-Mail verlinkte URL ist verdchtig.',2,37),(137,'(D) Bei dem Hyperlink scheint es, als wrde ein verschlsseltes Protokoll \"http\" anstelle von \"https\" verwendet werden.',0,37),(139,'(A) Schadsoftware (in der Excel-Datei) kann zur Lschung, Manipulation oder Diebstahl von Unternehmensdaten fhren.',2,38),(140,'(B) Das Entfernen der Schadsoftware (in der Excel-Datei) und der Support externer IT-Dienstleister knnen hohe Kosten verursachen.',1,38),(141,'(C) Angreifer knnen mit Hilfe von Schadsoftware (in der Excel-Datei) Zugriff auf die Online-Banking-Accounts der Mitarbeitenden erhalten.',0,38),(142,'(D) Angreifer knnen mit Hilfe von Schadsoftware (in der Excel-Datei) wichtige Unternehmensdaten verschlsseln, um das Unternehmen nachfolgend zu erpressen.',1,38),(143,'(A) Die Echtheit der Nachricht und die Identitt des Absenders prfen.',2,39),(144,'(B) Die E-Mail dem IT-Sicherheitsbeauftragten melden.',1,39),(145,'(C) Die E-Mail an meine Vorgesetzte und den First-Level-Support weiterleiten.',0,39),(146,'(D) Die E-Mail lschen.',0,39),(147,'(A) Ressourcenschonendes Verhalten setzt voraus, sich zunchst selbst zu vergewissern, ob ein Angriff vorliegt.',1,40),(148,'(B) Da es sich um die Ausstellungsmessen handelt, auf die ich warte, sollte ich mir aufgrund der privaten E-Mail-Adresse ganz sicher sein, dass der Absender wirklich der echte Sven Mller ist, bevor ich die Excel-Datei anklicke.',2,40),(149,'C) Ich sollte den IT-Sicherheitsbeauftragten nur in Sonderfllen um Hilfe bitten, z.B. wenn es sich um gnzlich unbekannte Namen von E-Mail-Absendern handelt.',0,40),(150,'(A) Ich kontaktiere Sven Mller ber einen anderen Weg als die angegebene E-Mail-Adresse.',2,41),(151,'(B) Ich frage in der Personalabteilung nach, ob das Sven Mllers private E-Mail-Adresse ist.',0,41),(152,'(C) Ich achte auf das Vorhandensein einer digitalen Signatur in der E-Mail.',1,41),(153,'(A) Die Excel-Datei in der E-Mail von dem Angreifer nicht ffnen.',1,42),(154,'(B) Externe E-Mail-Adressen immer blockieren',0,42),(155,'(C) Die E-Mail-Adresse sven.mueller@gmail.com blockieren, um von ihm keine weiteren Nachrichten mehr zu bekommen.',1,42),(156,'(D) Den Vorfall dem IT-Sicherheitsexperten melden, damit andere Mitarbeitende der Arneo GmbH ber den Cyberangriff und entsprechendes Verhalten informiert werden.',2,42),(182,'Szenario 1',1,50),(183,'Szenario 2',0,50),(184,'Szenario 3',2,50),(185,'(A) Es ist keine Sicherheitssperre wie die Eingabe eines Passworts oder von Zugangsdaten vorhanden.',2,51),(186,'(B) Es handelt sich um ein Netzwerk eines unbekannten Anbieters.',2,51),(187,'(C) Es handelt sich um einen kabellosen Netzwerk-Zugang.',0,51),(188,'(D) Es ist kein WLAN-Router zu sehen.',0,51),(189,'(A) Andere Nutzer des Netzwerks knnten auf die Daten auf Ihrem Laptop zugreifen und den Datenstrom mitlesen.',1,52),(190,'(B) ber das Netzwerk lsst sich Schadsoftware auf Ihren Laptop einschleusen, was zu Lschung, Manipulation oder Diebstahl von Daten der Arneo GmbH fhren kann.',2,52),(191,'(C) Das Netzwerk knnte berlastet werden, wodurch Sie bspw. nicht mehr auf Ihre Daten im Cloud-Speicher zugreifen knnen.',0,52),(192,'(A) ffentliche WLAN-Netzwerke niemals verwenden.',1,53),(193,'(B) Die Vertrauenswrdigkeit des Netzwerks berprfen.',2,53),(194,'(C) Fr die Beantwortung der E-Mails mit dem Smartphone statt dem Laptop im WLAN-Netzwerk anmelden.',0,53),(195,'(A) Um die Sicherheit der Daten auf meinem Laptop zu gewhrleisten',2,54),(196,'(B) Um meine Arbeit weiter erledigen zu knnen, ist es schlicht nicht umsetzbar, berhaupt keine ffentlichen Netzwerke zu nutzen.',1,54),(197,'(C) Um nur funktionsfhige Netzwerke zu verwenden.',0,54),(198,'(D) Um dem Caf-Betreiber die Vertrauenswrdigkeit zu melden.',0,54),(199,'(A) Ich recherchiere den Netzwerk-Anbieter ber die mobilen Daten meines Smartphones.',2,55),(200,'(B) Ich frage andere Nutzer um mich herum.',0,55),(201,'(C) Ich frage die Servicekraft des Cafs.',0,55),(202,'(D) Ich rufe meinen Vorgesetzten der Arneo GmbH an.',1,55),(203,'(A) Sobald ich in das ffentliche Netzwerk eingewhlt bin, schalte ich auf meinem Laptop eine VPN-Verbindung ein.',2,56),(204,'(B) Sobald ich das ffentliche Netzwerk verlassen habe, lsche ich dieses Netzwerk aus den gespeicherten Verbindungen.',2,56),(205,'(C) Bevor ich mich in das ffentliche Netzwerk einwhle, schalte auf meinem Laptop die \"Datei-und Verzeichnisfreigabe\" aus.',2,56),(206,'(D) Sobald ich das ffentliche Netzwerk verlassen habe, muss ich die VPN-Verbindung sofort ausschalten.',0,56),(207,'(E) Sobald ich in das ffentliche Netzwerk eingewhlt bin, nutze ich keine Suchmaschinen.',0,56),(235,'Szenario 1',2,64),(236,'Szenario 2',1,64),(237,'Szenario 3',0,64),(238,'(A) Es gibt eine Warnung im Chat.',0,65),(239,'(B) Es wird kein Profilbild angezeigt.',0,65),(240,'(C) Sie sollen Kundendaten schicken.',2,65),(241,'(D) Die Nachricht ist sehr allgemein gehalten.',0,65),(242,'(E) Der unbekannte Absender stellt sich nicht vor.',2,65),(243,'(A) Bei Herausgabe der Kundendaten knnte der Ruf der Arneo GmbH geschdigt werden.',2,66),(244,'(B) Kunden der Arneo GmbH knnten von der Konkurrenz abgeworben und dadurch der Umsatz der Arneo GmbH gemindert werden.',1,66),(245,'(C) Skizzen des Projekts Smarte Ventilatoren knnten an die ffentlichkeit geraten.',0,66),(246,'(D) Das Vertrauen der Stammkunden gegenber der Arneo GmbH knnte verletzt werden.',1,66),(247,'(A) Die Echtheit der Nachricht und die Identitt des Absenders berprfen.',2,67),(248,'(B) Die Nachricht am besten ignorieren.',0,67),(249,'(C) Die Nachricht an den Instant-Messenger Betreiber melden.',1,67),(250,'(D) Den Absender zu den Kontakten hinzufgen.',0,67),(251,'(A) Da nur berechtigte Personen die Kundendaten erhalten drfen.',2,68),(252,'(B) Bevor man die Nachricht meldet, muss zunchst selbst festgestellt werden, ob ein Angriff vorliegt. Dies untersttzt ressourcenschonendes Verhalten.',1,68),(253,'(C) Da es sich um einen Kollegen handeln knnte, der dringend die Kundendaten bentigt, um sie im System eintragen zu knnen.',1,68),(254,'(D) Um den Absender mit Vor- und Nachnamen in den Kontakten einspeichern zu knnen',0,68),(255,'(A) Indem ich einen Videoanruf mit dem Absender durchfhre.',2,69),(256,'(B) Indem ich dem Absender im Chat eine Frage stelle, die er beantworten kann, wenn er ein Kollege ist.',1,69),(257,'(C) Indem ich den Absender ber die Telefonnummer anrufe.',1,69),(258,'(D) Indem ich den Absender mittels offizieller Schriftform seine Identitt besttigen lasse.',0,69),(259,'(A) Den Vorfall dem IT-Sicherheitsexperten melden, damit andere Mitarbeitende der Arneo GmbH ber den Cyberangriff und entsprechendes Verhalten informiert werden.',2,70),(260,'(B) Die Telefonnummer blockieren, um von ihr keine weiteren Nachrichten mehr zu bekommen.',1,70),(261,'(C) Die Personalabteilung um eine Auflistung der privaten Kontaktdaten aller Mitarbeiter bitten, damit ich beim nchsten Mal sofort die Identitt klren kann.',0,70),(262,'(D) Die Projektgruppe Smarte Ventilatoren inkl. der externen Partner ber den Vorfall informieren.',1,70),(353,'Situation 1 ist am bedrohlichsten.',1,99),(354,'Situation 2 ist am bedrohlichsten.',2,99),(355,'Situation 3 ist am bedrohlichsten.',0,99),(359,'Die BestellNr. stimmt zwischen bersicht und Rechnung nicht berein.',0,100),(360,'Die Belegnummer stimmt zwischen bersicht und Rechnung nicht berein.',0,100),(361,'Die IBAN stimmt zwischen bersicht und Rechnung nicht berein.',2,100),(362,'Durch die falsche Bankverbindung knnte das Vertrauen der Kunden zum Unternehmen nachhaltig geschdigt werden.',1,101),(363,'Durch die falsche BestellNr. kann die Bestellung beim Jahresabschluss nicht zugeordnet werden.',0,101),(364,'Durch die falsche Bankverbindung knnte ein groer finanzieller Schaden entstehen.',2,101),(365,'Bankverbindung wieder ndern.',0,102),(366,'Finanziellen Schaden begrenzen.',2,102),(367,'Vertrauen der Kunden erhalten.',1,102),(368,'Weil der Jahresabschluss der Arneo GmbH nicht fertiggestellt werden kann.',1,103),(369,'Damit das Unternehmen nicht zahlungsunfhig wird.',2,103),(370,'Weil die Arneo GmbH ansonsten gegen Datenschutzvorschriften verstt.',0,103),(371,'Ich teile der Bank der Arneo GmbH mit, dass es eine Fehlleitung der Zahlungen gab.',0,104),(372,'Ich kontaktiere die Kunden und sage ihnen, dass sie, falls sie noch nicht gezahlt haben, mit der Zahlung warten sollen.',2,104),(373,'Ich veranlasse, dass vorerst keine weiteren Rechnungen geschrieben werden.',1,104),(374,'Ich melde den Vorfall der Polizei und dem Geschftsfhrer.',2,105),(375,'Ich informiere die Kundinnen und Kunden ber die richtige IBAN.',1,105),(376,'Ich sperre den Zugang zum Buchhaltungssystem meiner Assistentin.',0,105),(381,'Durch die Weiterleitung auf externe Internetseiten knnen bspw. meine Online-Banking-Daten abgegriffen werden.',1,107),(382,'Es handelt sich um eine private E-Mail-Adresse, obwohl der Absender behauptet, ein Mitarbeiter der Arneo GmbH zu sein.',2,107),(383,'Die Adresse entspricht nicht der offiziellen \"drive.google.com\"',2,107),(384,'In der E-Mail wird dazu aufgefordert, Verkaufszahlen zu prsentieren.',0,107),(385,'Fr den Hyperlink wird anscheinend ein unverschlsseltes Protokoll \"http\" anstelle von \"https\" verwendet.',2,107),(386,'Bei einem erfolgreichen Phishing Angriff knnen Sie wegen Versten gegen die Datenschutz-Grundverordnung belangt werden.',0,108),(387,'Bei einem erfolgreichen Phishing Angriff kann es zu Identittsdiebstahl, Passwort- und Datenverlust fhren.',2,108),(388,'Bei einem erfolgreichen Phishing Angriff knnen bspw. Ihre Online-Banking-Daten abgegriffen werden.',1,108),(389,'Bei einem erfolgreichen Phishing Angriff erhalten Sie zuknftig vermehrt unerwnschte Werbung und Spam Mails.',0,108),(390,'Die Echtheit der E-Mail und der Identitt des Absenders berprfen.',2,109),(391,'Die E-Mail dem IT-Sicherheitsbeauftragten melden.',1,109),(392,'Die E-Mail an den Vorgesetzten und dem First-Level-Support weiterleiten.',0,109),(393,'Schnellstmglich eine zweite Meinung durch einen anderen Mitarbeiter einholen.',1,109),(394,'Ich darf den IT-Sicherheitsbeauftragten nur nur in besonderen Fllen um Hilfe bitten, z.B. wenn es sich um vllig unbekannte Namen von E-Mail-Absendern handelt.',0,110),(395,'Da es sich um die Verkaufszahlen handelt, auf die ich warte, sollte ich mir aufgrund der privaten E-Mail-Adresse ganz sicher sein, dass der Absender wirklich der echte Fabian Schuhmann ist, bevor ich den Link anklicke.',2,110),(396,'Ressourcenschonendes Verhalten setzt voraus, sich man sich selbst ein Bild davon macht, ob ein Angriff vorliegt.',1,110),(397,'Den vermeintlichen Fabian Schuhmann ber einen anderen Weg als die angegebene E-Mail-Adresse kontaktieren.',2,111),(398,'Dem vermeintlichen Fabian Schuhmann eine personenbezogene Frage stellen, die nur die richtige Person beantworten kann.',1,111),(399,'Ich frage in der Personalabteilung nach, ob das Sven Mllers private E-Mail-Adresse ist.',0,111),(400,'Ich achte auf das Vorhandensein einer digitalen Signatur in der E-Mail.',1,111),(401,'Ich achte auf Rechtschreib- oder Grammatikfehler in der E-Mail.',0,111),(402,'Den Vorfall dem IT-Sicherheitsexperten melden, damit andere Mitarbeitende der Arneo GmbH ber den Cyberangriff und entsprechendes Verhalten informiert werden.',2,112),(403,'Den eingebetteten Link in der E-Mail nicht ffnen.',1,112),(404,'Die E-Mail-Adresse fabian.schuhmann@gmx.ru blockieren, um von ihr keine weiteren Nachrichten mehr zu bekommen.',1,112),(405,'Automatische Umleitungen ber Links vom E-Mail-Programm grundstzlich blockieren lassen.',0,112),(481,'Situation 1',2,113),(482,'Situation 2',1,113),(483,'Situation 3',0,113),(484,'Verschlsselte und versteckte Dateien, die Datenverkehr verursachen, sind sehr untypisch und wahrscheinlich gefhrlich.',2,114),(485,'Unbekannte Prozesse, die einen hohen Datenverkehr verursachen, knnen auf eine Kompromittierung hindeuten.',2,114),(486,'XLS und CSV Dateien knnen Makros enthalten und sollten daher vermieden werden.',1,114),(487,'Versteckte Dateien (vor allem Executables) sind von keinem Nutzen und sind daher malizise Dateien.',1,114),(489,'Zero-Day-Attacken betrifft nur groe Unternehmen, daher muss die Arneo GmbH diese nicht bercksichtigen.',0,115),(490,'Das System knnte mittels Ransomware oder hnlichem zerstrt werden.',2,115),(491,'Netzwerkinfiltration und Infizierung zustzlicher Hardware (pivoting) knnten auftreten.',1,115),(492,'Geschftsdaten knnten ausgeleitet werden.',1,115),(493,'Keystrokes (Passwrter und Usernames) knnten mitgezeichnet werden.',1,115),(494,'Ich fhre die Datei aus, um zu sehen, was sie tut.',0,116),(495,'Ich kappe die Internetverbindung des Servers und untersuche die Ursache.',2,116),(496,'Ich lsche die unbekannten Dateien sofort (vorher informieren bei Unwissenheit).',1,116),(498,'Durch das Benutzen von Antiviren-Software und Installieren von Patches sind die Systeme bestens geschtzt.',1,116),(499,'Da die Antiviren-Software nicht alles erkennen kann, muss mitgedacht und hinterfragt werden.',2,117),(500,'Unbekannte Dateien auf dem System sind sehr unwahrscheinlich und damit bedrohlich.',0,117),(501,'Durch die Installation vieler Software fr den Geschftsprozess knnen unbekannte Dateien schon mal vorkommen. Dennoch gibt es einen Grund fr den hohen Datenverkehr, der untersucht werden sollte.',1,117),(502,'Ich suche im Internet nach ungewollt verffentlichten Daten der Arneo GmbH.',0,118),(503,'Ich berprfe, ob die Datei legitim ist, indem ich sie untersuche und danach recherchiere.',2,118),(504,'Ich informiere meinen Vorgesetzten, dass unbekannte Dateien oder genderte Einstellungen vorgenommen wurden.',1,118),(505,'Bei Betroffenheit informiere ich jegliche Abteilungen, damit z.B. Zahlungen an unbekannte Stellen gesperrt werden.',1,118),(506,'Ich melde mich bei einem legitimen Newsletter fr  Neuigkeiten im Bereich IT Security an, um immer aktuell zu bleiben.',1,118),(507,'Lieber eine Firewallregel zu viel als zu wenig.',0,119),(508,'Man sollte in diesem Szenario eher auf Detektion setzen und Honeypots benutzen, um Angreifer schnell aufspren zu knnen.',1,119),(510,'Einfhrung von Incident Response Plnen (SANS oder NIST Version).',2,119),(511,'Eine Installation von IDS/IPS und Firewall sowie das Hardening von Servern erscheint mir am sinnvollsten.',2,119),(512,'Moderne und bekannte Security-Lsungen anschaffen (sind meistens am teuersten + nicht sinnvoll fr jedes Unternehmen).',1,119),(513,'Proaktives Patchmanagement.',1,119),(514,'Implementierung von Verschlsselung und Berechtigungssystemen.',1,119),(537,'Szenario 1.',1,127),(538,'Szenario 2.',2,127),(539,'Szenario 3.',0,127),(540,'Es ist nicht bekannt, wer den Flyer im Foyer abgelegt hat.',2,128),(541,'Der Link oder QR Code auf dem Flyer knnten von allen Mitarbeiter*innen der Arneo GmbH aufgerufen werden.',2,128),(542,'Die Anmeldung im Foyer der Arneo GmbH ist unbeaufsichtigt.',0,128),(543,'Werbung fr eine Team-Koordinationssoftware in Form eines Flyers ist ungewhnlich.',0,128),(544,'Die App, die ber die URL/den QR Code auf dem Flyer heruntergeladen wird, knnte dazu fhren, dass Schadsoftware auf das Endgert geladen wird und die Leistung des Gerts beeintrchtigt wird.',1,129),(545,'Die App, die ber die URL/den QR Code auf dem Flyer heruntergeladen wird, knnte geflscht sein und unbemerkt Schadsotware beinhalten, die sich durch das gesamte Netzwerk der Arneo GmbH verbreiten kann.',2,129),(546,'Die App, die ber die URL/den QR Code auf dem Flyer heruntergeladen wird, knnte dazu fhren, dass die Mitarbeiter:innen des Unternehmens zu viel Zeit mit der Nutzung der Kollaborationssoftware verbringen und somit die Produktivitt des Unternehmens beeintrchtigen.',0,129),(547,'Alle Flyer im Foyer direkt entsorgen und Personal anweisen, dass solche Werbung hier nicht gestattet ist.',1,130),(548,'Einen Flyer aus dem Foyer dem IT-Sicherheitsbeauftragten zur Prfung zukommen lassen.',1,130),(549,'Die URL auf dem Computer aufrufen und sich den Sachverhalt anschauen.',0,130),(550,'Alle Flyer aus dem Foyer mitnehmen und dem IT-Sicherheitsbeauftragten zukommen lassen.',2,130),(551,'Damit der IT-Sicherheitsbeauftragte den Flyer auf Schadsoftware prfen und Schutzmanahmen ergreifen kann.',2,131),(552,'Damit der IT-Sicherheitsbeauftragte den Absender des Flyers identifizieren kann.',1,131),(553,'Damit der IT-Sicherheitsbeauftragte die Flyer vernichten kann.',0,131),(554,'Ich gehe persnlich zum IT-Sicherheitsbeauftragten und bergebe ihm die Flyer.',2,132),(555,'Ich verpacke die Flyer in die Hauspost und lasse sie dem IT-Sicherheitsbeauftragten zusenden.',0,132),(556,'Ich gebe meiner Assistentin die Flyer, da sie sowieso auf dem Weg zum IT-Sicherheitsbeauftragten ist.',1,132),(557,'Ich erstatte eine Anzeige bei der Polizei.',2,133),(558,'Ich fhre eine Zwei-Faktoren-Authentifizierung ein.',0,133),(559,'Ich informier mich weiter ber andere Team-Koordinationssoftware.',0,133),(560,'Ich lasse eine interne Untersuchung durchfhren, ob und wer bereits einen Flyer mitgenommen hat.',2,133),(677,'Szenario 1 ist am bedrohlichsten.',2,169),(678,'Szenario 2 ist am bedrohlichsten.',1,169),(679,'Szenario 3 ist am bedrohlichsten.',0,169),(680,'(A) Auf dem Flipchart stehen Produktionsdaten.',2,170),(681,'(B) Das Flipchartpapier mit den Produktionsdaten ist unbeaufsichtigt.',2,170),(682,'(C) Auf dem White Board steht die Agenda der nchsten Sicherheitsschulung.',0,170),(683,'(D) Der Raum ist unaufgerumt, es stehen noch die Tassen des Projektteams auf dem Tisch.',0,170),(684,'(A) Die Produktionsdaten knnten abgegriffen und die Smarten Ventilatoren nachgebaut werden.',2,171),(685,'(B) Die Produktionsdaten knnten abgegriffen und dadurch eine Phishing-Attacke vorbereitet werden.',1,171),(686,'(C) Die Produktionsdaten knnten abgegriffen und Sie wegen des Verstoes gegen die Datenschutzvorschriften belangt werden.',1,171),(687,'(D) Die Produktionsdaten knnten abgegriffen werden und dadurch ein ungeduldiger Kufer frher als andere Kufer Informationen ber die innovativen Ventilatoren erhalten.',0,171),(688,'(A) Den Besprechungsraum ordnungsgem hinterlassen.',2,172),(689,'(B) Den Besprechungsraum zusperren.',1,172),(690,'(C) Das Facility Management bitten, den Raum ordnungsgem aufzurumen.',0,172),(691,'(A) Der Besprechungsraum sollte fr andere Projektteams sofort wieder nutzbar sein.',1,173),(692,'(B) Nur berechtigte Personen drfen Zugang zu den Produktionsdaten erhalten.',2,173),(693,'(C) Um dem Facility Management diese Arbeit abzunehmen.',0,173),(694,'(A) Das Flipchartpapier mit den Produktionsdaten in den Mlleimer werfen.',0,174),(695,'(B) Das Flipchartpapier mit den Produktionsdaten im Aktenvernichter vernichten und alle Informationen, die sich im Raum befinden, entfernen.',2,174),(696,'(C) Das Flipchart wegrumen und in Ihr Bro stellen.',1,174),(697,'(D) Das Flipchartpapier mit den Produktionsdaten abfotografieren und anschlieend vernichten.',0,174),(698,'(A) Produktionsdaten nie im Besprechungsraum diskutieren.',0,175),(699,'(B) Eine Checkliste fr das ordnungsgeme Hinterlassen eines Besprechungsraumes erstellen.',2,175),(700,'(C) Den Datenschutzbeauftragten ber das ordnungsgeme Hinterlassen des Besprechungsraums informieren.',0,175),(701,'(D) Die Projektbeteiligten bitten, in Zukunft nach Team-Besprechungen gemeinsam daran zu denken, den Raum aufzurumen.',1,175),(702,'Szenario 1',0,176),(703,'Szenario 2',1,176),(704,'Szenario 3',2,176),(706,'Auf dem Notizblock befinden sich die Uhrzeit und der Kanal eines Kollaborations-Meetings.',0,177),(707,'Der Ordner liegt ffentlich zugnglich auf dem Tisch.',1,177),(708,'Im Ordner liegt eine Preisliste der neuen nachhaltigen Industrieventilatoren.',2,177),(709,'Mark Kistner Einsicht in die Preisliste gewhren und eine Verschwiegenheitserklrung ausfllen lassen.',1,179),(710,'Mark Kistner bitten, auf dem Gang zu warten.',0,179),(711,'Die Berechtigung von Mark Kistner, in den Ordner reinzuschauen, berprfen.',2,179),(712,'Den Ordner mit der Preisliste im Schrank einschlieen.',0,179),(713,'Durch die Offenlegung der Preisliste knnte eine Phishing-Attacke vorbereitet werden.',1,178),(714,'Durch die Offenlegung der Preisliste knnten Sie wegen des Verstoes gegen die Datenschutzvorschriften belangt werden.',1,178),(715,'Durch die Offenlegung der Preisliste knnte der Ruf der Arneo GmbH geschdigt werden.',2,178),(716,'Durch das Einsehen der Preisliste knnte Mark Kistner anhand der Herstellungskosten berprfen, ob er angemessen bezahlt wird.',0,178),(717,'Da es sich bei der Preisliste der Smarten Ventilatoren um sensible Daten handelt, drfen nur berechtigte Personen Zugang zu ihnen erhalten.',2,180),(718,'Da es sein knnte, dass Mark Kistner diese Informationen schnellstmglich fr seine eigene Arbeit bentigt.',1,180),(719,'Da es sich bei der Preisliste der Smarten Ventilatoren um sensible Daten handelt, darf ich niemandem Zugang zu ihnen gewhren.',0,180),(720,'Ich frage Mark Kistner, ob er berechtigt ist, die Preisliste der Smarten Ventilatoren einzusehen.',0,181),(721,'Ich frage meine Vorgesetzte, ob Mark Kistner bezglich seiner Aufgaben und Rolle in der Arneo GmbH Einsicht in solche sensiblen Daten des Projekts Smarte Ventilatoren haben darf.',2,181),(722,'Ich frage einen erfahrenen Kollegen aus meiner Abteilung, ob Mark Kistner Einsicht in die Preisliste haben darf.',1,181),(723,'Sensible Daten nicht offen zugnglich herumliegen lassen.',2,182),(724,'Nicht mehr mit Mark Kistner Kaffee trinken gehen.',0,182),(725,'Wichtige Dokumente nur digital, nie in Papierform ablegen.',1,182),(726,'Mark Kistner sagen, dass er nicht berechtigt ist, die Preisliste anzusehen.',1,182),(727,'Szenario 1 ist am bedrohlichsten.',1,191),(728,'Szenario 2 ist am bedrohlichsten.',2,191),(729,'Szenario 3 ist am bedrohlichsten.',0,191),(730,'\"Die Frau zeigt keine Personalkarte ihres Mannes vor.,\"',2,192),(731,'\"Die Frau knnte Corona haben.,\"',0,192),(732,'\"Es liegt nur eine telefonische Besttigung fr die Ausleihe vor.\"',0,192),(733,'\"Die Frau stellt sich nicht vor.\"',2,192),(734,'\"Sie kennen diese Frau nicht.\"',2,192),(735,'\"Durch den Diebstahl des Dienstrechners knnte ein finanzieller Schaden in Hhe des Geldwertes des Dienstrechners entstehen.\"',0,193),(736,'\"Durch den Diebstahl des Dienstrechners knnte eine Phishing-Attacke vorbereitet werden.\"',1,193),(737,'\"Durch den Diebstahl des Dienstrechners knnten Einblicke in die Strategieplanung genutzt werden, um die Arneo GmbH zu sabotieren, wodurch Verluste zu erwarten wren.\"',2,193),(738,'\"Durch die Weitergabe des Dienstrechners knnten Sie wegen des Verstoes gegen die Datenschutzvorschriften belangt werden.\"',1,193),(739,'\"Die Identitt der Frau und ihre Berechtigung, einen Rechner auszuleihen, berprfen.\"',2,194),(740,'\"Den Dienstrechner holen und die Ausleihe protokollieren.\"',0,194),(741,'\"Die Frau bitten, auf den Kollegen zu warten und weiter zu Ihrem Meeting gehen.\"',1,194),(742,'\"Die Frau bei der Security melden und aus dem Gebude schicken.\"',0,194),(743,'\"Da nur berechtigte Personen Zugang zu Dienstrechnern erhalten drfen.\"',2,195),(744,'\"Ressourcenschonendes Verhalten setzt voraus, zunchst selbst festzustellen, ob ein Angriff vorliegt, bevor man die Frau meldet.\"',1,195),(745,'\"Da es sich um die Frau eines Kollegen handeln knnte, der schnellstmglich einen Dienstrechner bentigt, um aus dem Home-Office arbeiten zu knnen.\"',0,195),(746,'\"Ich lasse mir von der Personalabteilung die Telefonnummer des Ehemannes der Frau geben und rufe ihn selbst an. Ich lasse mir von der Frau ihren Personalausweis zeigen und frage meine Vorgesetzte nach der Berechtigung fr das Ausleihen von Endgerten.\"',2,196),(747,'\"Ich lasse mir von der Frau die Telefonnummer ihres Ehemannes geben, berprfe ihren Personalausweis und frage meine Vorgesetzte bezglich der Berechtigung fr das Ausleihen von Endgerten.\"',1,196),(748,'\"Ich lasse mir von der Frau ihren Personalausweis zeigen und frage einen Kollegen nach den Berechtigungen fr das Ausleihen von Endgerten.\"',0,196),(749,'\"Richtlinien ber das Ausleihen von Endgerten entwickeln lassen.\"',0,197),(750,'\"Den Vorfall dem IT-Sicherheitsexperten melden, damit andere Mitarbeitende der Arneo GmbH ber den Angriff und entsprechendes Verhalten informiert werden.\"',2,197),(751,'\"Die Abteilung IT & EDV ber den Vorfall und Identittsdiebstahl informieren.\"',1,197),(752,'Szenario 1.',2,198),(753,'Szenario 2.',1,198),(754,'Szenario 3.',0,198),(755,'Die Anruferin vermittelt ein Gefhl der Dringlichkeit.',2,199),(756,'Die Anruferin nennt weder das Thema noch den Verwendungszweck des Interviews.',2,199),(757,'Die Anruferin hat schon mit einer Kollegin gesprochen.',0,199),(758,'Die Anruferin nennt weder Dauer noch Zeitpunkt des Interviews.',0,199),(759,'Durch ein spontanes Interview knnten Informationen fr zuknftige Social Engineering Angriffe abgegriffen werden.',2,200),(760,'Durch ein spontanes Interview knnten Unternehmensinformationen an die Presse gelangen.',1,200),(761,'Durch ein spontanes Interview knnte ich Aussagen treffen, die nicht den Unternehmensrichtlinien der Arneo GmbH entsprechen.',0,200),(762,'Thema und Echtheit der Interviewanfrage berprfen.',2,201),(763,'Das Interview verweigern.',1,201),(764,'Nachfragen, um welches Thema es geht und das Interview schnell durchfhren, um Zeit zu sparen.',0,201),(765,'Die Anruferin an die Assistentin verweisen, um einen Termin zu vereinbaren.',1,201),(766,'So lasse ich mich nicht auf ein Gesprch ein, in dem sensible Unternehmensinformationen in falsche Hnde geraten knnten.',2,202),(767,'So hinterlasse ich einen professionellen Eindruck in der Auenkommunikation.',0,202),(768,'So kann ich berprfen, ob es eine solche Anfrage bereits in der Abteilung gab, die schon bearbeitet wird.',1,202),(769,'Ich bitte die Anruferin, eine schriftliche Anfrage per E-Mail mit genauen Details zum Interview zu senden.',2,203),(770,'Ich frage die Kollegin, mit der die Anruferin zuvor gesprochen hat.',1,203),(771,'Ich beende das Gesprch und recherchiere den Namen der Anruferin im Internet.',0,203),(772,'Ich recherchiere den Namen und die Telefonnummer der Anruferin online.',2,204),(773,'Ich halte mit Kolleg*innen oder meinem Vorgesetzten Rcksprache, bevor ich einem Interview zustimme.',1,204),(774,'Ich schreibe eine Rundmail an die ganze Arneo GmbH und berichte von dem bevorstehenden Interview.',0,204),(778,'Die Nachricht wird als \"Extern\" bezeichnet.',0,206),(779,'Der Absender vermittelt ein Gefhl der Dringlichkeit.',2,206),(780,'Die Nachricht wurde kurz nach Mitternacht versendet.',0,206),(781,'Sie sollen Kundendaten verschicken.',2,206),(782,'Die Anrede ist unpersnlich.',2,206),(783,'Kunden der Arneo GmbH knnten von der Konkurrenz abgeworben und dadurch der Umsatz der Arneo GmbH gemindert werden.',1,207),(784,'Das Vertrauen der Stammkunden gegenber der Arneo GmbH knnte verletzt werden.',1,207),(785,'Bei Herausgabe der Kundendaten knnte der Ruf der Arneo GmbH geschdigt werden.',2,207),(786,'Durch den Diebstahl von Kundendaten knnte der Absender der Nachricht mehr ber die Branchenverteilung der Kufer:innen erfahren.',0,207),(787,'Die IT-Sicherheitsbeauftragten informieren.',1,208),(788,'Die Identitt des Absenders berprfen.',2,208),(789,'Die Nachricht am besten ignorieren.',0,208),(790,'Ressourcenschonendes Verhalten setzt voraus, sich zunchst selbst zu vergewissern, ob ein Angriff vorliegt.',1,209),(791,'Nur Personen aus der Arneo GmbH drfen Zugang zu den Kundendaten des Projekts \"smarte Ventilatoren\" erhalten.',0,209),(792,'Nur berechtigte Personen drfen Zugang zu den Kundendaten erhalten.',2,209),(793,'Es knnte sich um einen Kollegen handeln, der Zugang zu den Kundendaten bentigt, um weiterarbeiten zu knnen.',1,209),(794,'Ich bitte um ein Telefonat, in dem ich die Person frage, warum sie die Kundendaten bentigt.',0,210),(795,'Ich frage bei den Projektbeteiligten der Technik GmbH nach, ob sie einen neuen Projektmitarbeiter haben, der Rolf Schneider heit.',2,210),(796,'Ich lade die Person in mein Bro ein und lasse mir den Unternehmensausweis mit Lichtbild zeigen.',2,210),(797,'Ich berprfe die Liste der Personen, die am Projekt beteiligt sind und vergleiche diese mit dem angegebenen Namen der Person.',0,210),(798,'Ich melde den Vorfall dem IT-Sicherheitsexperten.',2,211),(799,'Die Projektgruppe Smarte Ventilatoren inklusive der externen Projektbeteiligten ber den Vorfall informieren.',2,211),(800,'Ich lasse mir vom Projektleiter der Technik GmbH die Liste der Personen schicken, die am Projekt beteiligt sind, damit ich beim nchsten Mal die Identitt sofort klren kann.',0,211),(801,'Dem IT-Admin auftragen, dass die Einstellungen so angepasst werden, dass externe Personen mich nicht abschreiben knnen.',0,211),(834,'Szenario 1 ist am bedrohlichsten.',2,219),(835,'Szenario 2 ist am bedrohlichsten.',1,219),(836,'Szenario 3 ist am bedrohlichsten.',0,219),(837,'Das Schlsselwort \"berwachung gescheitert\" deutet darauf hin, dass mein System nicht hinreichend geschtzt ist.',0,220),(838,'Die Vielzahl von gescheiterten Anmeldeversuchen in krzester Zeit deuten auf eine automatische Attacke auf das Passwort hin.',2,220),(839,'Anmeldungen auerhalb der Geschftszeiten sind uerst ungewhnlich und deuten auf eine (versuchte) Kompromittierung hin.',1,220),(840,'Da das Adminkonto kompromittiert wurde, ist es wahrscheinlich, dass Angreifer vollen Zugriff auf das System haben.',2,220),(841,'Die Ereignis-ID 4625 bedeutet, dass eine Anmeldung fehlgeschlagen ist und das System angegriffen wird.',0,220),(842,'Durch die Wiederverwendung von Passwrtern sind potenziell mehrere Systeme gefhrdet.',2,221),(843,'Es knnen neue Benutzerkonten unerkannt hinzugefgt werden, um Aktivitten noch mehr zu verschleiern (falls Admin Rechte vorhanden).',2,221),(844,'Unbefugte Vorgnge knnen gestartet werden / Backdoor installiert werden.',2,221),(845,'Verkauf von Zugangsdaten im Internet/Darknet.',1,221),(846,'Angreifer knnen durch den Zugriff auf das System die Reputation der Firma schaden (Cybervandalism).',1,221),(847,'Durch das Passwort knnen Rckschlsse auf Passwrter anderer Mitarbeiter geschlossen werden.',0,221),(848,'Brute-Forcing funktioniert nur bei Systemen, die mit dem Internet verbunden sind.',0,221),(849,'Internetverbindung des Servers unterbrechen.',1,222),(850,'Verbindung zum eingeloggten Gert unterbrechen und Passwort des Kontos ndern.',2,222),(851,'Nach neu hinzugefgten Benutzern (Admins) suchen.',2,222),(852,'Prozessliste aufrufen und nach unbekannten Prozessen suchen.',1,222),(853,'Kollegen aus der IT fragen, ob sie die Verbindung aufgebaut haben.',0,222),(854,'Die Verbindung zurcksetzen und das Adminkonto lschen.',0,222),(855,'Nach krzlich genderten Passwrtern suchen.',1,222),(856,'Auch Konten ohne Adminrechte sind sehr gefhrlich.',1,223),(857,'Wenn der Server offline ist, kann keine Brute-Force Attacke mehr erfolgen (Stichwort Pivoting).',0,223),(858,'Ein neues Adminkonto htte die Berechtigung, Passwrter anderer Konten zu ndern, und ist daher ein Indikator dafr, ob ein Einbruch in das System erfolgt ist.',2,223),(859,'Das ndern des Passworts fr ein Konto sperrt den Angreifer automatisch aus.',0,223),(860,'System vom Netzwerk trennen und Nutzerliste aufrufen.',2,224),(861,'Nach Lateral Movement Ausschau halten.',1,224),(862,'IP Adresse des Angreifers sperren.',1,224),(863,'Besprechung einberufen, um  alle Kollegen zu befragen.',0,224),(864,'Nach geleakten Kontoinformationen im Darknet suchen.',0,224),(865,'Schwache Passwrter firmenintern verffentlichen, um neue Passwortgenerierung anzuregen.',0,225),(866,'Einrichten und Konfigurieren einer Certificate Authority.',1,225),(867,'Wichtige Passwrter aufschreiben anstatt sie abzuspeichern.',0,225),(868,'Portnummern von ffentlich erreichbaren Diensten abndern.',1,225),(869,'Periodische Penetrationtests durchfhren, um Effektivitt neuer Manahmen zu bewerten.',2,225),(870,'Benachrichtigungen bei ungewhnlichen Einlogversuchen (Ort, Zeit, Anzahl Versuche, ...) einstellen.',1,225),(871,'Best-Practice anwenden (2FA, CAPTCHA, Passwortmanager, etc.).',2,225),(872,'Szenario 1 ist am bedrohlichsten.',2,232),(873,'Szenario 2 ist am bedrohlichsten.',1,232),(874,'Szenario 3 ist am bedrohlichsten.',0,232),(875,'Verschlsselte und versteckte Dateien, die Datenverkehr versursachen, sind sehr untypisch und wahrscheinlich gefhrlich.',2,226),(876,'Unbekannte Prozesse, die einen hohen Datenverkehr verursachen, knnen auf eine Kompromittierung hindeuten.',2,226),(877,'XLS und CSV Dateien knnen Makros enthalten und sollten daher vermieden werden.',1,226),(878,'Versteckte Dateien (vor allem Executables) sind von keinem Nutzen und sind daher malizise Dateien.',1,226),(879,'Der hohe Datenverkehr deutet auf eine DDoS Attack hin.',0,226),(880,'Das System knnte mittels Ransomware oder hnlichem zerstrt werden.',2,227),(881,'Geschftsdaten knnten ausgeleitet werden.',1,227),(882,'Keystrokes (Passwrter und Usernames) knnten mitgezeichnet werden.',1,227),(883,'Netzwerkinfiltration und Infizierung zustzlicher Hardware (pivoting) knnten auftreten.',1,227),(884,'Zero-Day-Attacken betrifft nur groe Unternehmen, daher muss die Arneo GmbH diese nicht bercksichtigen.',0,227),(885,'Ich kappe die Internetverbindung des Servers und untersuche die Ursache.',2,228),(886,'Ich lsche die unbekannten Dateien sofort (vorher informieren bei Unwissenheit).',1,228),(887,'Der beste Schutz wird geboten, wenn der Server ausgeschaltet ist und keinen Schaden verursachen kann, selbst wenn die modernste Anti-Viren Technik angewendet wird.',1,228),(888,'Durch das Benutzen von Anti-Viren Software und Installieren von Patches sind die Systeme bestens geschtzt.',1,228),(889,'Ich fhre die Datei aus, um zu sehen was sie tut.',0,228),(890,'Da die Anti-Viren Software nicht alles erkennen kann, muss mitgedacht und hinterfragt werden.',2,229),(891,'Durch die Installation vieler Software fr den Geschftsprozess knnen unbekannte Dateien schon mal vorkommen. Dennoch gibt es einen Grund fr den hohen Datenverkehr, der untersucht werden sollte.',1,229),(892,'Unbekannte Dateien auf dem System sind sehr unwahrscheinlich und damit bedrohlich.',0,229),(893,'Ich berprfe, ob die Datei legitim ist, indem ich sie untersuche und danach recherchiere.',2,230),(894,'Ich informiere meinen Vorgesetzen, dass unbekannte Dateien oder genderte Einstellungen vorgenommen wurden.',1,230),(895,'Bei Betroffenheit informiere ich jegliche Abteilungen, damit z.B. Zahlungen an unbekannte Stellen gesperrt werden.',1,230),(896,'Ich melde mich bei einem legitimen Newsletter fr  Neuigkeiten im Bereich IT Security an, um immer aktuell zu bleiben.',1,230),(897,'Ich suche im Internet nach ungewollt verffentlichten Daten der Arneo GmbH.',0,230),(898,'Einfhrung von Incident Response Plnen (SANS oder NIST Version).',2,231),(899,'Eine Installation von IDS/IPS und Firewall sowie das Hardening von Severn erscheint mir am sinnvollsten.',2,231),(900,'Moderne und bekannte Securitylsungen anschaffen.',1,231),(901,'Proaktives Patchmanagment.',1,231),(902,'Implementierung von Verschlsselung und Berechtigungssystemen.',1,231),(903,'Man sollte in diesem Szenario eher auf Detektion setzen und Honeypots benutzen, um Angreifer schnell aufspren zu knnen.',1,231),(904,'Lieber eine Firewallregel zu viel als zu wenig.',0,231),(905,'Szenario 1.',2,233),(906,'Szenario 2.',1,233),(907,'Szenario 3.',0,233),(908,'Type=\"hidden\" und die vielen Zeichen und Zahlen deuten auf eine malizse Absicht hin.',0,234),(909,'Das Actionfeld enthlt ein Kommando zum ndern des Passworts, das durch den Cookie im Browser ausgefhrt wird.',2,234),(910,'Ein unbekannter Newsletter ist untypisch und sollte daher mit Vorsicht betrachtet werden.',1,234),(911,'Eine externe Webseite, die nichts mit Outlook zu tun hat, bentigt normalerweise keine Outlook Authentifikation (Outlook-Cookies).',1,234),(912,'Es knnen firmeninterne Informationen ausgeleitet werden.',1,235),(913,'Durch malizse E-Mails an intere Mitarbeiter knnen Systeme bernommen werden.',2,235),(914,'Es knnen malizse E-Mails an interne und externe Personen mit dem kompromitierten E-Mailkonto gesendet werden (Teil eines Botnets).',1,235),(915,'Extrahierung von anderen Passwrtern aus E-Mails.',2,235),(916,'Kontodetails knnen weiterverkauft werden (und von Konkurrenten benutzt werden).',1,235),(917,'Es knnen Passwrter der anderen Mitarbeiter gendert werden.',0,235),(918,'Mitarbeiter und Vorgesetzte in Kenntnis setzen und diese bitten, nicht auf E-Mails zu reagieren.',1,236),(919,'System vom Internet trennen.',0,236),(920,'E-Mail-Konto nach vernderten Einstellungen durchsuchen (E-Mail-Weiterleitung, etc.).',1,236),(921,'Benutzername, Passwrter und Sicherheitsfragen sofort ndern.',2,236),(922,'Den Netzwerkverkehr beobachten.',1,236),(923,'Es schliet den Angreifer sofort aus dem Konto aus.',2,237),(924,'Es verhindert das sptere erneute Zugreifen.',1,237),(925,'Es verhindert das Versenden von E-Mails.',1,237),(927,'Ich scanne meinen PC nach Malware und bitte dann den Provider, die Zugangsdaten zu ndern.',2,238),(928,'Ich benutze das \"Passwort vergessen\" Feld und benutze ein anderes Firmen-E-Mail-Konto.',0,238),(929,'Ich benutze das \"Passwort vergessen\" Feld und benutze ein neu erstelltes E-Mailkonto.',1,238),(930,'Ich scanne meinen PC nach Malware und setze dann das Passwort ber das\" Passwort vergessen\" Feld zurck.',1,238),(931,'Ich kontaktiere den Provider und bitte diesen, die Daten zu ndern.',1,238),(932,'ndern der E-Mailadresse.',0,239),(933,'Benutzen eines Passwortmanagers gekoppelt mit starken Passwrtern und Multifaktor-Authentifikation.',2,239),(934,'Periodisches Backup der Daten.',1,239),(935,'Passwrter anderer Konten sollten gendert werden.',2,239),(936,'Benutzte Passwrter berprfen, ob diese in Dataleaks zu finden sind.',1,239),(937,'Szenario 1.',2,240),(938,'Szenario 3.',1,240),(939,'Szenario 2.',0,240),(940,'Makros knnen im Hintergrund zustzliche Dateien automatisch herunterladen und knnen daher gefhrlich sein.',2,241),(941,'Makros werden meistens nur fr malizise Zwecke benutzt.',0,241),(942,'Rechnungen per .xls Datei sind nicht alltglich. Man erwartet eher PDF Dateien.',1,241),(943,'Email-Kontakte knnen verffentlicht werden.',1,242),(944,'Makros knnen Einstellungen am System vornehmen.',0,242),(945,'Die durch Makros heruntergeladenen Tools knnen Daten ausleiten oder Passwrter ausspionieren.',2,242),(946,'Der Postkorb kann ausgespht und malizise E-Mails an Kollegen/externe Kontakte weitergesendet werden.',2,242),(947,'Kollegen und externe Kontakte informieren, dass auf keine E-Mail reagiert werden soll.',1,243),(948,'System von Netzwerk und Internet trennen.',1,243),(949,'Registry Keys berprfen und nach neu angelegten Keys suchen (Auto-Run).',0,243),(950,'Scan des Systems durch Anti-Viren Software.',2,243),(951,'Es ist besser, eine spezielle Software fr das Scannen zu verwenden als manuell zu suchen.',2,244),(952,'Die Datenbank der Anti-Viren Software werden regelmig aktualisiert und erkennt daher die Infektionen.',1,244),(953,'Die Software kann erkennen, ob eine Infektion vorliegt und entfernt gleichzeitig alle schdlichen/genderten Werte.',1,244),(954,'Durch eine Anti-Viren Software bin ich auch in Zukunft geschtzt.',1,244),(955,'Die Software sieht auch, ob ausgehend von meinem System andere Systeme infiziert wurden.',0,244),(956,'Ich scanne das System mit der Software.',0,245),(957,'Ich versuche zu ermitteln, welche Schadsoftware das System infiziert hat und suche nach spezifischer Software zum Entfernen im Internet.',2,245),(958,'Ich scanne das System und die im Netzwerk verbundenen Gerte.',2,245),(959,'Ich recherchiere nach gut bewerteten Anti-Viren Lsungen und verwende diese.',1,245),(960,'Ich versuche, zu ermitteln, welche Schadsoftware das System infiziert hat und suche nach spezifischen Lsungen im Internet.',1,245),(961,'Netzwerk-Segmentierung einfhren.',1,246),(962,'Automatisches Ausfhren von Makros ausschalten und Makroschutz aktivieren.',2,246),(963,'Automatisches Konvertieren von .doc und .xml Dateien zu .pdf.',0,246),(964,'Least-Privilege Prinzip einfhren.',1,246),(965,'Regelmige Offline-Backups durchfhren.',2,246),(966,'Szenario 1.',2,247),(967,'Szenario 2.',0,247),(968,'Szenario 3.',1,247),(969,'Zufllige Zeichen und Zahlen im Dateinamen deuten auf eine Schadstoffdatei hin.',1,248),(970,'Das Weiterleiten auf eine Webseite, um einen Anhang runterzuladen, ist sehr untypisch und kann gefhrlich sein.',2,248),(971,'XML und CSV Dateien knnen Makros enthalten und sollten daher vermieden werden.',1,248),(972,'Das Duzen im E-Mailverlauf ist unfrmlich und ein starkes Indiz, dass die E-Mail nicht von der ursprnglichen Person stammt.',0,248),(973,'Komisch aussehende E-Mail Adressen sind ungewhnlich.',1,248),(974,'Das System kann mittels Ransomware oder hnlichem zerstrt werden.',2,249),(975,'Zero-Day-Attacken betreffen nur groe Unternehmen, daher muss die Arneo GmbH diese nicht bercksichtigen.',0,249),(976,'Geschftsdaten knnen ausgeleitet werden.',1,249),(977,'Keystrokes (Passwrter und Usernames) knnen mitgezeichnet werden.',1,249),(978,'Netzwerkinfiltration und Infizierung zustzlicher Hardware (pivoting/lateral movement).',1,249),(979,'Durch das Benutzen von Anti-Viren Software und Installieren von Patches sind die Systeme bestens geschtzt.',0,250),(980,'Ich lasse keine Dateien in das Netzwerk, die Makros enthalten knnen.',1,250),(981,'Der beste Schutz wird geboten, wenn der Server ausgeschaltet ist und keinen Schaden verursachen kann, selbst wenn die modernste Anti-Viren Technik angewendet wird.',1,250),(982,'Ich kappe die Internetverbindung des Netzwerkes sowie die Verbindungen zwischen einzelnen Systemen und untersuche die Ursache.',2,250),(983,'Ich fhre die Datei in geschtzter Umgebung aus, um zu sehen was sie tut.',1,250),(984,'Die Malware kann sich auch ohne Internet durch das Netzwerk verbreiten und muss aufgehalten werden.',2,251),(985,'Da die Anti-Viren Software nicht alles erkennen kann, muss mitgedacht und hinterfragt werden.',1,251),(986,'So knnen keine Geschftsdaten ausgeleitet werden.',1,251),(987,'Die Malware ldt meist Daten aus dem Internet nach oder erhlt Kommandos von einem C2 Server.',1,251),(988,'Verbleibt das Netzwerk am Internetanschluss, so knnen immer mehr Angreifer eindringen.',0,251),(989,'Ich trenne jedes Gert vom Netzwerk und untersuche es nach den typischen Kennzeichen von Angriffen.',2,252),(990,'Ich suche im Internet nach ungewollt verffentlichten Daten der Arneo GmbH.',0,252),(991,'Ich berprfe, ob die Datei legitim ist, indem ich in Schadstoffdatenbanken nach der Datei recherchiere.',1,252),(992,'Ich informiere meinen Vorgesetzen, dass unbekannte Dateien oder genderte Einstellungen vorgenommen wurden (neue Registry Keys, Stoppen von Prozessen, etc.).',1,252),(993,'Bei Betroffenheit informiere ich jegliche Abteilungen, damit z.B. Zahlungen an unbekannte Stellen gesperrt werden.',1,252),(994,'Einfhrung von Incident Response Plnen (SANS oder NIST Version).',2,253),(995,'Implementierung von Verschlsselung und Berechtigungssystemen.',2,253),(996,'Auf Detektion setzen und Honeypots benutzen, um Angreifer schnell aufspren zu knnen.',1,253),(997,'Inbound traffic blocken (SMB, FTP, etc.).',1,253),(998,'Moderne und bekannte Securitylsungen anschaffen.',1,253),(999,'Lieber eine Firewallregel zu viel als zu wenig.',0,253),(1000,'Szenario 1',0,254),(1001,'Szenario 2',2,254),(1002,'Szenario 3',1,254),(1003,'Klickgerusche gepaart mit abnehmenden Schreibraten deuten hufig auf eine defekte Festplatte hin.',2,255),(1004,'Schnell laufende Lfter gepaart mit einer langsamen Schreibrate deuten hufig auf eine berhitze Festplatte hin. Die Festplatte ist wahrscheinlich defekt.',1,255),(1005,'Langsame Schreibraten deuten auf eine berfllte Festplatte hin, die durch das erhhte Arbeitspensum berhitzen kann.',1,255),(1006,'Staub kann in Festplatten eindringen und den sterilen Raum kontaminieren, und so einen Defekt verursachen.',0,255),(1007,'Da Serverracks ber zustzliche Khlungen verfgen und zudem verschlossen sind, knnen Festplatten weder verstauben noch berhitzen.',0,255),(1008,'Es besteht die Gefahr einer Beschdigung an anderen Komponenten des Systems.',0,256),(1009,'Generelle Arbeitsunfhigkeit anderer Bereiche durch Nichtereichbarkeit des Servers.',1,256),(1010,'Die Kundenunzufriedenheit steigt durch die Nichterreichbarkeit.',1,256),(1011,'Es gibt einen Datenverlust durch die korrumpierte Festplatte.',1,256),(1012,'Es entsteht ein finanzieller Schaden durch die Nichterreichbarkeit des Servers.',1,256),(1013,'Es besteht eine Schwachstelle im Gesamtsystem (z.B. Ausfall/Strung des Firewallservers).',2,256),(1014,'Auf ungewhnliche Aktivitten im System achten.',1,257),(1015,'Das (Gesamt-)System herunterfahren und auf neue Festplatten warten.',1,257),(1016,'Solange Ersatzfestplatten eingebaut sind (Hot Spare) kann das System vorerst laufen bis neue Festplatten zur Verfgung stehen.',1,257),(1017,'Nach Festplattenwechsel das System neu aufsetzen.',2,257),(1018,'System so lange laufen lassen, bis neue Festplatten verfgbar sind.',0,257),(1019,'Es ist besser, das System neu aufzusetzen, da Fehlkonfigurationen entstanden sein knnen und/oder das System unwiederherstellbar ist.',2,258),(1020,'Durch die ausgefallene Festplatte knnen auch andere zusammenhngende Dateien auf anderen Festplatten defekt sein (z.B. durch RAID-Verbindung).',1,258),(1021,'Weil die RAID-Konfiguration es so vorschreibt.',1,258),(1022,'Bei einem Festplattenwechsel muss das System neu aufgesetzt werden, da sonst die Festplatte nicht partitioniert werden kann.',0,258),(1023,'Ich benutze ein neues Betriebssystem und installiere es auf der neue Festplatten.',1,259),(1024,'Ich verwende die neueste Version des Betriebssystems, nutze aber diesmal ein RAID5.',2,259),(1025,'Ich installiere die gleiche Version des zuvor installierten Betriebssystems, um eventuelle Komplikationen zu vermeiden.',0,259),(1026,'Ich installiere die gleiche Version des zuvor installierten Betriebssystems, konfiguriere jedoch diesmal ein RAID5.',1,259),(1027,'Ich verwende die neueste Version des Betriebssystems, nutze aber diesmal ein RAID0.',1,259),(1028,'Periodisches (und automatisches) Anlegen von Backups.',2,260),(1029,'Festplatten von verschiedenen Herstellern nutzen.',2,260),(1030,'Festplatten zu unterschiedlichen Zeitpunkten kaufen, um Festplatten aus verschiedenen Chargen zu erhalten.',1,260),(1031,'Eventlog-Weiterleitung an zentrale Stelle zur Auswertung.',1,260),(1032,'SSDs und HDDs mischen um Diversifikation einzubringen.',0,260),(1033,'Szenario 1.',0,261),(1034,'Szenario 2.',1,261),(1035,'Szenario 3.',2,261),(1036,'Es knnte sich um einen bertragungsfehler handeln, wodurch zu viele Serveranfragen gestellt wurden.',1,262),(1037,'Das kurze Zeitintervall des Anstiegs des Netzwerkverkehrs ist ungewhnlich.',1,262),(1038,'Die Hhe und der oftmalige Anstieg der ausgehenden Bits ist nicht gewhnlich fr einen Server.',0,262),(1039,'Die Hhe der eingehenden Bits ist nicht gewhnlich fr einen Server.',2,262),(1040,'Konsequenzen sind nur temporr.',0,263),(1041,'Ausfall der Server.',2,263),(1042,'Bugelder/Unzufriedenheit aufgrund der Nichterreichbarkeit.',1,263),(1043,'Mitarbeiter knnen ihre Arbeit nicht fortfhren.',1,263),(1044,'Nutzung von DDoS Protection.',1,264),(1045,'Konfiguration des Routers berprfen.',1,264),(1046,'Die IP-Adresse des Angreifers blockieren.',1,264),(1047,'Das System vom Internet separieren, um den Server vor den Angriffen zu schtzen.',2,264),(1048,'Die Zugangsdaten ndern und alle Mitarbeiter ber die neuen Zugangsdaten informieren.',0,264),(1049,'Ohne Internetzugang knnen keine Angreifer auf das System zugreifen, wodurch erst einmal Zeit gewonnen  und weiterer Schaden verhindert wird.',2,265),(1050,'Wenn das System online ist, kann man die Zugriffsdaten nicht auswerten.',1,265),(1051,'Das System ist momentan nicht erreichbar, weil es berlastet ist. Daher mssen wir zuerst die berlastung beheben.',0,265),(1052,'Die angegriffenen Ports deaktivieren.',1,266),(1053,'Serverdaten auf eine Festplatte bertragen, die nicht mit dem Internet verbunden ist.',0,266),(1054,'Den Stecker vom Server ziehen, um alle Zugriffe zu verhindern.',2,266),(1055,'Individuelle Best-Practices fr Server-Hardening anfertigen.',2,267),(1056,'IP-Listing/Packet Filter stetig fortfhren und verbessern.',1,267),(1057,'Server bei Nichtbenutzung ausschalten.',0,267),(1058,'Alle Login-Daten ndern.',0,267),(1059,'Szenario 1',1,268),(1060,'Szenario 2',2,268),(1061,'Szenario 3',0,268),(1062,'Da der PC zu lange angemeldet war, wurde das Konto aus dem Active Directory ausgesperrt.',0,269),(1063,'Eine Sperrung des Accounts kann nur durch automatische Passworterratungsangriffe geschehen.',1,269),(1064,'Da kein Anmeldeversuch erfolgt ist, ist die berschreitung der Versuche ungewhnlich.',2,269),(1065,'Der Laptop knnte einem Botnetz hinzugefgt und fr illegale Aktivitten genutzt werden. Dies knnte negative Konsequenzen fr die Firma haben.',1,270),(1066,'Es knnten neue Benutzerkonten unerkannt hinzugefgt werden, um Aktivitten noch besser zu verschleiern.',2,270),(1067,'Da das Konto gesperrt ist, gibt es keine ernsthaften Konsequenzen.',0,270),(1068,'berprfen, ob der Zugang zu anderen Gerten noch gewhrleistet ist.',1,271),(1069,'Das Betriebssystem neu installieren, um Zugriff auf das System zu erhalten.',0,271),(1070,'Nach neu hinzugefgten Benutzern (Admins) suchen und smtliche Passwrter ndern.',2,271),(1071,'Durch das ndern von Passwrtern wird der Angreifer ausgesperrt.',1,272),(1072,'Durch das Zurcksetzen der Passwrter sieht man, welche Konten noch benutzt werden und welche malizis sind.',0,272),(1073,'Durch das Hinzufgen von privilegierten Konten sind auch Konten von anderen Mitarbeitern und andere Systeme gefhrdet.',2,272),(1074,'IP Adresse des Angreifers sperren.',1,273),(1075,'Warten bis die Sperrung aufgehoben ist und einen erneuten Anmeldeversuch starten.',0,273),(1076,'Passwortzurcksetzung fr alle Konten im Netzwerk und Vergleich mit Benutzerlisten von Backups.',2,273),(1077,'Passwortpolicy aktualisieren/einfhren.',2,274),(1078,'Fehlgeschlagene Anmeldeversuche in zentralen Logsystem loggen.',1,274),(1079,'Schwache Passwrter firmenintern verffentlichen, um neue Passwortgenerierung anzuregen.',0,274),(1080,'Szenario 1',0,275),(1081,'Szenario 2',1,275),(1082,'Szenario 3',2,275),(1083,'Oft werden Extrabuttons eingefgt, die auf andere Software verweisen und diese zustzlich downloaden  (Adware,etc.).',1,276),(1084,'Da die Updatenachricht vom Browseranbieter stammt, wurde die Herstellerseite kompromittiert (Watering-Hole Attack).',1,276),(1085,'Die Safe-Link-Funktion des Browsers erkennt bsartige Links. Daher ist die Webseite legitim, jedoch die zu downloadende Datei nicht.',0,276),(1086,'Kryptische Links deuten oft auf einen malizisen Hintergrund hin.',2,276),(1087,'Zugriff zum kompletten System und potenziell zu weiteren im Netzwerk befindlichen Systemen.',2,277),(1088,'Solange keine Datei heruntergeladen wird, besteht keine Gefahr.',0,277),(1089,'Executables (.exe) stellen die grte Gefahr dar.',1,277),(1090,'Es knnen ein Keylogger oder eine Backdoor installiert werden.',2,277),(1091,'Automatischer Scan von Dateien, die von externen Quellen in das System gelangen.',1,278),(1092,'Sofortiges Abtrennen von Netzwerk- und Internetverbindungen.',2,278),(1093,'Patchen aller Soft- und Hardware.',1,278),(1094,'Keine Weitergabe von Informationen ber verwendete Hardware/ Software im Unternehmen.',1,278),(1095,'Zurcksetzen von allen Zugangsdaten.',1,278),(1096,'Durch Deinstallation des infizierten Browsers wird die Gefahr beseitigt.',0,278),(1097,'Andere Mitarbeiter knnen nicht mehr infiziert werden, wenn sie die Datei herunterladen.',0,279),(1098,'Es soll das Verbreiten der Malware und Ausleiten von Daten verhindern.',2,279),(1099,'Es soll das Eindringen von weiteren Angreifern verhindern.',1,279),(1100,'So kann ein Backup des Systems erstellt werden, ohne dass Dateien verndert werden.',1,279),(1101,'Es kann ein Systemabbild erstellt werden, das spter forensisch untersucht werden kann.',1,279),(1102,'Die Netzwerkkabel, die mit dem Gert verbunden sind, werden physisch abgetrennt.',2,280),(1103,'Firewallregeln einstellen, die ein- und ausgehenden Netzwerkverkehr verhindern.',1,280),(1104,'Sie informieren Ihren Vorgesetzten und relevante Abteilungen ber den Vorfall.',1,280),(1105,'Sie sperren die IP-Adresse des Angreifers.',1,280),(1106,'Sie halten nach Bewegungen des Angreifers im Netzwerk Ausschau.',1,280),(1107,'Sie deaktivieren die Netzwerkverbindung im Betriebssystem.',0,280),(1108,'Backup von Daten erstellen.',2,281),(1109,'Segmentierung und Monitoring des Netzwerks.',2,281),(1110,'Blacklisting von bekannten malizisen Links.',1,281),(1111,'Mehrere Browseralternativen zur Verfgung stellen.',0,281),(1112,'Einfhren von Multi-Faktor-Authentifizierung.',1,281),(1113,'Einfhren von mehreren Endpoint Protections mit verschiedenen Signaturdatenbanken.',1,281),(1139,'Szenario 1',0,289),(1140,'Szenario 2',1,289),(1141,'Szenario 3',2,289),(1142,'Der USB-Stick ist mit dem Messelogo bedruckt.',0,290),(1143,'Der USB-Stick liegt auf einem Parkplatz, der allen Menschen zugnglich ist.',2,290),(1144,'Der USB-Stick kann auf dem Parkplatz beschdigt werden.',0,290),(1145,'Der*die Inhaber*in des USB-Sticks ist nicht bekannt.',2,290),(1146,'Wenn Sie den fremden USB-Stick mit Ihrem Rechner verbinden und die Prsentation darauf speichern, knnten Sie wegen Versto gegen den Datenschutz angezeigt werden.',0,291),(1147,'Wenn Sie den USB-Stick mit Ihrem Rechner verbinden, knnte Schadsoftware auf den Rechner gespielt werden.',2,291),(1148,'Wenn Sie den USB-Stick mit Ihrem Rechner verbinden, knnte der Rechner abstrzen.',1,291),(1149,'Den USB-Stick dem IT-Sicherheitsbeauftragten der Messe bergeben.',2,292),(1150,'Den USB-Stick mit meinem Dienstlaptop verbinden und auf Schadsoftware berprfen.',0,292),(1151,'Den USB-Stick im nchstgelegenen Mlleimer entsorgen.',1,292),(1152,'Den*die Besitzer*in des USB-Sticks ber die Lautsprechanlage ausfindig machen lassen.',0,292),(1153,'Damit der USB-Stick bei der nchsten Messe wieder vergeben werden kann.',0,293),(1154,'Damit der USB-Stick nicht von jemand anderem gefunden werden kann.',1,293),(1155,'Damit der USB-Stick auf Schadsoftware berprft werden kann.',2,293),(1156,'Damit der USB-Stick ordentlich ber den Elektromll entsorgt werden kann.',0,293),(1157,'Ich gehe persnlich zum Info-Point und informiere die Organisatoren ber den Fundort des USB-Sticks.',2,294),(1158,'Ich gebe einem Bekannten auf der Messe den USB-Stick, da er sowieso gerade auf dem Weg zum Info-Point ist.',1,294),(1159,'Ich sende der Messe-Organisation die Dateien auf dem USB-Stick per E-Mail.',0,294),(1160,'Ich lasse die USB-Ports an meinen Laptop von der IT-Abteilung deaktivieren.',0,295),(1161,'Ich lasse mir die Einstellung am Laptop vornehmen, die nur unternehmensinterne USB-Sticks erlaubt.',1,295),(1162,'Ich informiere meinen Kollegen auf der Messe, dass USB-Sticks mit Schadsoftware auf dem Parkplatz ausgelegt werden.',1,295),(1163,'Ich kann nicht sicher sein, einen sicheren Datentrger aufzutreiben und schicke der Administration meine Prsentationsfolien fr den Pitch per E-Mail.',2,295),(1190,'Szenario 1',2,303),(1191,'Szenario 2',0,303),(1192,'Szenario 3',1,303),(1193,'Die Forderung nach einem Passwort ber Social Media ist untypisch.',2,304),(1194,'Paula entwickelt ein Gefhl der Dringlichkeit.',2,304),(1195,'Berufliche Kommunikation erfolgt nicht ber Social Media Netzwerke.',0,304),(1196,'Die bermittlung von sensiblen Daten erfolgt nie digital.',0,304),(1197,'Der Diebstahl von Kundendaten kann der Vorbereitung einer Phishing-Attacke dienen.',1,305),(1198,'Der unbefugte Zugang zu Kundendaten kann dazu fhren, dass diese gelesen, verndert oder gelscht wird.',2,305),(1199,'Es kann zu Rufschdigungen der Arneo GmbH fhren, wenn Kundendaten verffentlicht wird.',1,305),(1200,'Die Weitergabe des Passworts kann dazu fhren, dass der Zugang zum Projektordner nicht mehr verfgbar ist.',0,305),(1201,'Die Echtheit der Nachricht und die Identitt von Paula berprfen.',2,306),(1202,'Die Nachricht von Paula  der Plattform melden.',0,306),(1203,'Eine zweite Meinung einholen, wenn Unklarheit ber eine Nachricht in sozialen Netzwerken besteht.',1,306),(1204,'Die Nachricht von Paula ignorieren.',0,306),(1205,'Paulas Freundschaftsanfrage annehmen und ihr Profil sichten.',0,306),(1206,'Bevor man die Nachricht meldet, sollte man sich zunchst selbst vergewissern, ob Paulas Identitt gestohlen wurde.',1,307),(1207,'Um die Vertraulichkeit der Kundendaten zu gewhrleisten.',2,307),(1208,'Nur Personen der Arneo GmbH erhalten ein Passwort ber Social Media.',0,307),(1209,'Paula bitten, ber den gngigen Kommunikationsweg (geschftliche E-Mail Adresse) weiter zu kommunizieren und eine Signatur anzufgen.',2,308),(1210,'Paula eine personenbezogene Frage stellen, die nur die echte Paula beantworten kann.',1,308),(1211,'Paula eine projektbezogene Frage stellen, die nur die echte Paula beantworten kann.',0,308),(1212,'Einen Kollegen fragen, ob Paula in dem Social Network aktiv ist.',0,308),(1213,'Keine Freundschaftsanfragen oder Nachrichten auf Social Media Plattformen akzeptieren.',0,309),(1214,'Paula bitten, nicht mehr ber Social Networks solche Anfragen zu stellen.',1,309),(1215,'Paulas Berechtigung, das Passwort zu erhalten, prfen.',2,309),(1216,'Paula das Passwort senden.',0,309),(1244,'Szenario 1',2,317),(1245,'Szenario 2',1,317),(1246,'Szenario 3',0,317),(1247,'Es wird nur ein Modell im ganzen Unternehmen genutzt und es wurde bei der Bestellung auf den Preis und nicht auf die Qualitt des Produktes geachtet.',1,318),(1248,'Unterschiedliche Modelle sorgen fr Verwirrung in der Belegschaft und alternative Speicheroption sind nicht praktikabel.',0,318),(1249,'USB Sticks knnen nach 10 Jahren bereits das Ende Ihrer Nutzbarkeit erreichen und es wird nur ein Modell im ganzen Unternehmen genutzt.',2,318),(1250,'Die USB Sticks sind wichtige Bestandteile der Arbeitsablufe. Wenn gleichzeitig viele USB-Sticks unbenutzbar werden, kann das die Arbeitsfhigkeit des Unternehmens einschrnken.',1,319),(1251,'Groe Mengen an Daten knnen pltzlich verloren gehen, wenn mehrere USB Sticks im Unternehmen gleichzeitig das Maximum ihrer Lebensdauer erreichen.',2,319),(1252,'Wenn eine grere Menge an USB-Sticks das Ende seiner Laufzeit erreicht, mssen schnell neue angeschafft werden, was unvorhergesehene Kosten fr das Unternehmen bedeutet.',0,319),(1253,'Sofort den/die IT-Sicherheitsbeauftagte*n und eine/n Kolleg*In aus Ihrer Abteilung kontaktieren.',2,320),(1254,'Zunchst dem dienstlichen Termin bestmglich gerecht werden.',1,320),(1255,'Die Abteilung kontaktieren, die fr Hardware-Einkufe zustndig ist.',0,320),(1256,'Den nicht mehr funktionierenden USB-Stick sofort entsorgen.',0,320),(1257,'Es ist unklar warum der USB Stick nicht funktioniert. Es knnte auch Malware oder Spyware im Spiel sein.',2,321),(1258,'Ich mchte mich offiziell beschweren, der Fehler schrnkt mich in meiner Arbeitsweise ein.',0,321),(1259,'Der Termin kann nicht so wichtig sein, besser sich auch vor Kunden IT-Sicherheits-kompetent zu verhalten.',1,321),(1260,'Der Fehler kann weitverbreitet sein, andere Kolleg*Innen mssen gewarnt werden.',1,321),(1261,'Ich schreibe eine E-Mail an den/die IT-Sicherheitsbeauftragte*n und setzte meine*n Kolleg*In ins CC., dann konzentriere ich mich auf den dienstlichen Termin.',2,322),(1262,'Ich rufe den IT-Sicherheitbeauftragten an, der Termin kann warten.',1,322),(1263,'Ich trete sofort die Rckreise an, damit der USB-Stick untersucht werden kann.',0,322),(1264,'Nach dem Termin den/die IT-Sicherheitsbeauftragten anrufen, um sich ber das weitere Vorgehen zu informieren.',0,323),(1265,'Bei der Hardware-Anschaffungsabteilung einen neuen USB Stick ordern.',1,323),(1266,'Den USB-Stick selber nicht weiter testen und mit keinem weiteren Gert verbinden.',2,323),(1267,'Ein Gedchtnis-Protokoll der verlorenen Daten anlegen.',1,323),(1290,'Szenario 1',0,331),(1291,'Szenario 2',2,331),(1292,'Szenario 3',1,331),(1293,'Die Nachricht wirkt auto-genereriert, der Absender ist mir unbekannt, der Link wirkt verdchtig und die Nachricht ist komisch formuliert. Generell sollte man mit dem Diensthandy nicht bei sowas mitmachen.',2,332),(1294,'Apple mchte an jedem Laptop etwas verdienen, das kann also kein echtes Gewinnspiel sein.',0,332),(1295,'Mit meinem Diensthandy sollte ich sowieso an keinen Gewinnspielen teilnehmen, bei denen ich private Preise gewinne.',1,332),(1296,'Die Nachricht wirkt auto-generiert und von einem Computerprogramm bersetzt und im Link wurde eine mir unbekannte Sprache verwendet. Die Nachricht muss aus dem Ausland kommen und ist damit sofort verdchtig.',1,332),(1297,'Erst durch das Speichern der angehngten Datei auf dem Computer kann der Angreifer sich Zugang verschaffen, Malware und Spyware einschleusen oder auch Daten gegen Lsegeld verschlsseln.',0,333),(1298,'Durch das ffnen des Links knnte direkt ein Virus geladen werden, der das Smartphone zerstrt. Der/die Mitarbeiter*In wird so kurzfristig weniger arbeitsfhig und Daten und Kontakte, fr die keine Sicherheitskopie existiert, knnten unwiderruflich verloren gehen.',0,333),(1299,'Durch das ffnen des Links kann der Angreifer sich Zugnge sichern, Malware und Spyware einschleusen oder auch Daten gegen Lsegeld verschlsseln.',2,333),(1300,'Durch das ffnen des Links kann Zugang zu allen auf dem Smartphone gespeicherten Daten erlangt werden. Das Unternehmen wird im groen Stil ausspioniert.',1,333),(1301,'Sie leiten die Nachricht einfach an den IT-Sicherheitsbeauftragten weiter, der wollte auch einen neuen Laptop haben.',1,334),(1302,'Sie leiten die Nachricht auf ihr Privattelefon weiter, um so an dem Gewinnspiel teilnehmen zu knnen.',0,334),(1303,'Sie kontaktieren den IT-Sicherheitsbeauftragten.',2,334),(1304,'Sie lschen die Nachricht und blockieren den Absender.',2,334),(1305,'Sie googeln die Absender-Handynummer und informieren sich so ber die potenzielle Gefahr.',1,334),(1306,'Den Link nicht mit dem Diensthandy zu ffnen ist wichtig, aber auch fr das private Handy ist Malware oder Spyware gefhrlich. Das Weiterleiten solcher Nachrichten an den/die IT-Sicherheitsbeauftragte/n ist wichtig fr dessen/deren Arbeit, auch wenn ich persnlich erkannt habe, dass es sich bei der Nachricht um Spam handelt.',2,335),(1307,'Von der Nachricht geht eine groe Gefahr fr die Firma aus. Deshalb muss sofort der/die IT-Sicherheitsbeauftragte kontaktiert werden, vielleicht sind ja auch noch mehrere Kolleg*Innen betroffen.',1,335),(1308,'Mich mit dem Fall zu beschftigen ist nicht meine Aufgabe, das ist die Aufgabe des/der IT-Sicherheitsbeauftragten. Wenn ich mir unsicher bin, frage ich da lieber einmal zu viel nach, als einmal zu wenig.',1,335),(1309,'Ich htte genauso gut irgendjemandem aus der IT-Abteilung Bescheid sagen knnen. Die kommen dann am besten in mein Bro und kmmern sich darum.',0,335),(1310,'Sie leiten die Nachricht kommentarlos an die Dienstnummer des/der IT-Sicherheitsbeauftragten weiter.',0,336),(1311,'Sie machen einen Screenshot von der Nachricht und schreiben dem/der IT-Sicherheitsbeauftragten eine E-Mail mit dem Foto und einer kurzen Schilderung des Sachverhaltes. Anschlieend lschen Sie die Nachricht und blockieren den Kontakt.',1,336),(1312,'Sie machen einen Screenshot von der Nachricht und schreiben dem/der IT-Sicherheitsbeauftragten eine E-Mail mit dem Foto und einer kurzen Schilderung des Sachverhaltes. Auerdem fragen Sie, wie Sie mit dieser und zuknftigen Nachrichten umgehen sollen.',2,336),(1313,'Rundmail oder Schulung durch IT-Sicherheitsbeauftragten, damit alle Mitarbeiter*Innen sensibilisiert werden.',2,337),(1314,'Den Messenger nicht weiter als Kommunikationsmittel nutzen.',0,337),(1315,'Auch Dienst-Smartphones regelmig auf Malware und Spyware kontrollieren lassen.',1,337),(1316,'Szenario 1',1,338),(1317,'Szenario 2',0,338),(1318,'Szenario 3',2,338),(1319,'Die Nachricht wirkt autogeneriert, der Absender ist mir unbekannt, der Link wirkt verdchtig und die Nachricht ist komisch formuliert.',2,339),(1320,'Ich habe von dem Anbieter YourSecurity noch nie gehrt, also kann er nicht der Anbieter Deutschlands sein und ist deswegen verdchtig.',1,339),(1321,'Falls ich eine Form von Antivirus Programm auf meinem Diensthandy brauchen wrde, wrde sich die Firma darum kmmern. Werbung ber einen Messenger fr sowas kommt mir generell verdchtig vor.',1,339),(1322,'Die Nachricht wirkt autogeneriert und von einem Computerprogramm bersetzt. Die Nachricht muss aus dem Ausland kommen, da sie eine auslndische Nummer benutzt und ist damit sofort verdchtig.',0,339),(1323,'Erst durch das Speichern einer angehngten Datei auf dem Computer kann der Angreifer sich Zugang verschaffen oder Malware und/oder Spyware einschleusen. Der Link selbst ist zunchst unproblematisch.',0,340),(1324,'Durch das ffnen des Links knnte direkt ein Virus geladen werden, der das Smartphone zerstrt. Der/die Mitarbeiter*In wird so kurzfristig weniger arbeitsfhig und Daten oder Kontakte knnten unwiderruflich verloren sein.',1,340),(1325,'Durch das ffnen des Links kann sich der Angreifer Zugnge sichern, Malware und/oder Spyware einschleusen und/oder auch Daten gegen Lsegeld verschlsseln.',2,340),(1326,'Sie googeln die Absender-Handynummer und informieren sich so ber die potentielle Gefahr.',1,341),(1327,'Sie leiten die Nachricht auf ihr Privattelefon weiter, um dort die Anti-Virus Software zu testen.',0,341),(1328,'Sie kontaktieren den/die IT-Sicherheitsbeauftragte/n.',2,341),(1329,'Sie lschen die Nachricht und blockieren den Absender.',2,341),(1330,'Den Link nicht mit dem Diensthandy zu ffnen ist wichtig, aber auch fr das private Handy ist Malware oder Spyware gefhrlich. Das Weiterleiten solcher Nachrichten ist wichtig fr die Arbeit des/der IT-Sicherheitsbeauftragte/n auch wenn ich persnlich erkannt habe, dass es sich bei der Nachricht um Spam handelt.',2,342),(1331,'Von der Nachricht geht eine groe Gefahr fr die Firma aus, deswegen muss sofort der IT-Sicherheitsbeauftragte kontaktiert werden, vielleicht sind ja auch noch mehrere Kolleg*Innen betroffen.',1,342),(1332,'Mich mit dem Fall zu beschftigen ist nicht meine Aufgabe, das ist die Aufgabe des IT-Sicherheitsbeauftragten. Wenn ich mir unsicher bin, frage ich da lieber einmal zu viel nach, als einmal zu wenig.',1,342),(1333,'Ich htte genauso gut irgendjemandem aus der IT-Abteilung Bescheid sagen knnen. Die kommen dann am besten in mein Bro und kmmern sich darum.',0,342),(1334,'Sie leiten die Nachricht kommentarlos an die Dienstnummer des IT-Sicherheitsbeauftragten weiter.',0,343),(1335,'Sie machen einen Screenshot von der Nachricht und schreiben dem IT-Sicherheitsbeauftragten eine E-Mail mit dem Foto und einer kurzen Schilderung des Sachverhaltes. Anschlieend lschen Sie die Nachricht und blockieren den Kontakt.',1,343),(1336,'Sie machen einen Screenshot von der Nachricht und schreiben dem IT-Sicherheitsbeauftragten eine E-Mail mit dem Foto und einer kurzen Schilderung des Sachverhaltes. Auerdem fragen Sie wie Sie mit dieser und zuknftigen Nachrichten umgehen sollen und befolgen diese Anweisungen.',2,343),(1337,'Rundmail oder Schulung durch IT-Sicherheitsbeauftragten, damit alle Arbeitnehmer*Innen gewarnt werden.',2,344),(1338,'Den Messenger nicht weiter als Kommunikationsmittel nutzen.',0,344),(1339,'Auch Dienst-Smartphones regelmig auf Malware und Spyware kontrollieren lassen.',1,344),(1340,'Szenario 1',2,345),(1341,'Szenario 2',1,345),(1342,'Szenario 3',0,345),(1343,'Mein Diensthandy knnte gestohlen werden, wenn ich es unbeaufsichtigt irgendwo zum Laden lasse.',1,346),(1344,'Nur ber Steckdosen wird nur Strom bermittelt, USB-Ports knnen auch Daten bermitteln.',2,346),(1345,'Offizielle Ladesulen, wie von einem bekannten Stromanbieter, vertraue ich mehr als Bckerei-Mitarbeitenden.',1,346),(1346,'ber Steckdosen und auch ber USB-Ports kann hier nur Strom bermittelt werden. Es Ist gefhrlicher das Handy unbeaufsichtigt zu lassen.',0,346),(1347,'In Ladestationen in denen man sich ber einen USB-Port verbindet, kann Malware installiert sein dass ihr Diensthandy zerstrt.',1,347),(1348,'Auf dem Diensthandy ist genug Schutzsoftware, dass es gegen jede Art von Malware geschtzt ist.',0,347),(1349,'In Ladestationen in denen man sich ber einen USB-Port verbindet, kann Malware installiert sein dass ihr Diensthandy zerstrt.',1,347),(1350,'In Ladestationen in denen man sich ber einen USB-Port verbindet, kann Malware oder Spyware installiert sein. Alle vertraulichen Daten auf dem Handy wie Bankdaten, E-Mails, Kontakte, Passwrter knnen gestohlen oder verschlsselt werden.',2,347),(1351,'Sie suchen eine andere Lademglichkeit und leiten fr den Fall das Sie wirklich nicht erreichbar sind, das wichtige Telefonat an jemand anderen aus der Firma weiter.',2,348),(1352,'Sie leiten das wichtige Telefonat an jemand anderen aus der Firma weiter und lassen es darauf ankommen das Ihr Diensthandy ausgeht.',1,348),(1353,'Sie lassen es drauf ankommen, dass ihr Handy ausgeht und leiten fr den Notfall ihre Privatnummer an den Kunden weiter.',0,348),(1354,'Sie benutzen die Ladestation trotzdem und warten das Telefonat ab und schalten ihr Handy danach aus.',0,348),(1355,'Sie warten auf das wichtige Telefonat und lassen es darauf ankomme, dass Ihr Handy ausgeht.',1,348),(1356,'Nur Powerbanks und Steckdosen geben wirklich nur Strom weiter und keine Daten. Deswegen nur eine solche Lademglichkeit verwenden. Im Zweifelsfall besser einen Kollegen das Gesprch hndeln lassen, als gar nicht erreichbar sein oder das ungeschtzte Privathandy.',2,349),(1357,'Nur Powerbanks und Steckdosen geben wirklich nur Strom weiter und keine Daten. Das Privathandy zu nutzen wre auch kein Problem, aber mein Kollege kann im Zweifelsfall den Deal besser abwickeln als ich.',1,349),(1358,'So kann ich im Zweifelsfall glaubhaft beteuern, dass ich eine sichere Stromquelle gesucht habe. Wenn ich das Gesprch an einen Kollegen abtrete, habe ich frher Feierabend.',0,349),(1359,'Sie benutzen Ihre ebenfalls nicht mehr aufgeladenen Power Bank und schalten Sie zwischen die Ladestation und ihr Diensthandy.',2,350),(1360,'Sie geben Ihrem Meeting Partner den Kontakt Ihres Vorgesetzten. Er soll sich telefonisch dort melden, da sie nicht mehr erreichbar sind. Dann laufen Sie durchs Terminal um eine andere Lademglichkeit zu suchen.',1,350),(1361,'Sie kontaktieren Ihren Vorgesetzten und leiten alle wichtige Informationen fr das anstehende Telefonat an Ihn weiter. Dann geben Sie Ihrem Meeting Partner den Kontakt Ihres Vorgesetzten und laufen durchs Terminal um eine andere Lademglichkeit zu suchen.',1,350),(1362,'Sie geben Ihrem Meeting Partner den Kontakt Ihres Vorgesetzten. Er soll sich telefonisch dort melden, da sie nicht mehr erreichbar sind. Dann laufen Sie durch den gesamten Flughafen um auf jeden Fall eine andere Lademglichkeit zu finden.',0,350),(1363,'Power Bank zur Standardausrstung auf Dienstreisen machen.',2,351),(1364,'Kunden immer einen zweiten Notfallkontakt geben.',1,351),(1365,'Jedem Kollegen auf Dienstreise zwei Diensthandys mitgeben.',0,351),(1366,'Sobald Handy aufgeladen bei Kollegen/Vorgesetzten informieren wie wichtiges Telefonat lief.',1,351),(1367,'Sich beim Knden fr die Umstnde entschuldigen.',1,351),(1397,'Szenario 1',1,359),(1398,'Szenario 2',2,359),(1399,'Szenario 3',0,359),(1400,'Die Begrung ist unpersnlich, die Angabe des Namens des Absenders ist ungewhnlich und es wird zur Herausgabe von persnlichen Daten aufgefordert.',1,360),(1401,'Die Begrung ist anonym, die Absenderadresse unbekannt und es wird um vertrauliche Daten gebeten.',2,360),(1402,'Die Begrung ist unpersnlich, die Namensnennung des Absenders ist ungewhnlich und die Schreibweise ist unhflich.',0,360),(1403,'Es handelt sich um eine Person, die Insiderinformationen an die Presse verkaufen will. Das Bekanntwerden wrde den Unternehmenserfolg gefhrden.',1,361),(1404,'Die Richtlinien zur Zugangsberechtigung wrden missachtet werden. Ihr Ansehen bei den Kollegen wrde darunter leiden.',0,361),(1405,'Der Absender ist ein Erpresser, der durch die Zugangsdaten sensible Informationen aus der Cloud stehlen mchte, mit denen er Druck auf Ihr Unternehmen ausben kann. Dadurch wrde ein finanzieller Schaden entstehen.',2,361),(1406,'Die Identitt des Absenders muss berprft werden.',2,362),(1407,'Den Vorgesetzten fragen, was getan werden soll.',1,362),(1408,'Die Nachricht sollte am besten ignoriert werden.',0,362),(1409,'Mitarbeiter*Innen bekommen ihre Zugangsdaten zur Cloud nicht automatisiert. Daher muss die Identitt und bisherige Anstellungsdauer in Erfahrung gebracht werden.',1,363),(1410,'Die Identitt muss klar sein, damit berprft werden kann, ob die Person berhaupt Zugangsdaten haben darf.',2,363),(1411,'Der Mitarbeiter muss ins Kontaktbuch eingetragen werden, damit er fr neue Projekte zur Verfgung steht. Daher muss zuerst die Identitt feststehen.',0,363),(1412,'Es msste eine Person ausfindig gemacht werden, die den Absender kennt und identifizieren kann.',2,364),(1413,'Eine Telefonnummer erfragen, damit der Absender ber zwei Kommunikationswege erreichbar ist.',0,364),(1414,'Den Absender der E-Mail ins Bro bitten, um ihn in persona sehen zu knnen.',1,364),(1415,'Dem Vorgesetzten vorschlagen, unternehmensweit ein aktuelles Adressbuch der Belegschaft zu erstellen, um eine berprfung mglich zu machen.',2,365),(1416,'Dem Vorgesetzten vorschlagen, unternehmensweit neue Mitarbeitenden in der Mitarbeiterzeitschrift bekannt zu geben, um eine berprfung mglich zu machen.',1,365),(1417,'Es sind keine weiteren Manahmen notwendig.',0,365),(1443,'Szenario 1',2,373),(1444,'Szenario 2',1,373),(1445,'Szenario 3',0,373),(1446,'Die Person steht gezielt neben einem Eingang, der nicht so hufig genutzt und nicht berwacht wird.',0,374),(1447,'Die Person ist Ihnen unbekannt.',2,374),(1448,'Die Person ist Ihnen unauffllig gefolgt.',0,374),(1449,'Die Person spricht Sie whrend stressigen Stozeiten an.',2,374),(1450,'Ein erfolgreicher Angriff auf die Arneo GmbH wrde das Vertrauen der Kunden beeintrchtigen.',1,375),(1451,'Ein erfolgreicher Angriff und die Offenlegung sensibler Daten knnten zu Datenschutzversten und entsprechenden Strafen fhren.',2,375),(1452,'Als Konsequenz eines erfolgreichen Angriffs auf die Arneo GmbH wrde fr sie eine geringe Geldstrafe drohen.',0,375),(1453,'Ich rufe den Sicherheitsdienst an und melde die mir unbekannte Person.',1,376),(1454,'Die Identitt der Person feststellen, um zu berprfen, ob sie sich in dem Bereich aufhalten darf.',2,376),(1455,'Ich rufe die Polizei an und melde die mir unbekannte Person.',0,376),(1456,'Ich rufe beim Empfang an und frage, ob fr heute externe Gste angemeldet sind.',1,376),(1457,'Fr ein positives Arbeitsklima ist es wichtig, seine Kolleg*Innen gut zu kennen.',0,377),(1458,'Um sicherzustellen, dass die Person keine Diebsthle im Unternehmen begeht.',1,377),(1459,'Um sicherzustellen, dass sich nur autorisierte Personen in dem Bereich aufhalten, damit keine Datenschutzverletzungen auftreten.',2,377),(1460,'Ich bitte die Person hflich um Angabe ihrer Adresse und Telefonnummer, um ihre Identitt zu verifizieren.',0,378),(1461,'Ich frage nach dem Personalausweis, um zu erfahren, wie die Person heit.',0,378),(1462,'Ich frage nach dem Mitarbeiterausweis, falls dieser nicht ersichtlich ist.',2,378),(1463,'Ich frage einen Kollegen oder eine Kollegin, ob er/sie die Person kennt.',1,378),(1464,'Den Vorfall umgehend dem/der IT-Sicherheitsbeauftragten melden, damit der Vorfall gem der Vorschrift dokumentiert wird.',2,379),(1465,'Ich kontaktiere meine Kolleginnen und Kollegen telefonisch und informiere sie ber den Vorfall.',1,379),(1466,'Es bedarf keiner weiteren Manahmen, da von der Person keine weitere Gefahr ausgeht.',0,379),(1467,'Der Person mitteilen, dass sie nicht befugt ist, sich in der Abteilung aufzuhalten, und hflich darum bitten, das Firmengelnde zu verlassen.',2,379),(1468,'Szenario 1',0,380),(1469,'Szenario 2',1,380),(1470,'Szenario 3',2,380),(1471,'Die Nachricht ist automatisch generiert, der Link sieht verdchtig aus (redirect) und die Nachricht fordert mich direkt auf sie weiterzuleiten, wie ein Kettenbrief.',2,381),(1472,'Es passt nicht zu der Deutschen Bahn ein solches Gewinnspiel auszurufen, das ist verdchtig. Auerdem wird gefordert die Nachricht an Kontakte weiterzusenden.',1,381),(1473,'Es wird nichts genaueres ber das Gewinnspiel berichtet, das ist verdchtig. Die Seite dbmobil kenne ich nicht.',0,381),(1474,'Der Angreifer kann sich durch das ffnen des Links Zugang zum Smartphone und allen Daten, die auf dem Gert gespeichert sind, sichern. Malware und Spyware kann eingeschleust werden.',2,382),(1475,'Der Angreifer kann sich so uneingeschrnkten Zugang zu Ihrem Deutsche Bahn Log-In verschaffen und im schlimmsten Fall zu Ihren Kontodaten.',1,382),(1476,'Der Angreifer kann sich so den Zugang der Firma sichern, Malware oder Spyware einschleusen, Daten gegen Lsegeld verschlsseln oder auch Geldbewegungen der Firmenkonten anweisen.',0,382),(1477,'Sie kontaktieren den/die IT-Sicherheitsbeauftragte/n.',2,383),(1478,'Sie googeln die Handynummer um herauszufinden, ob es sich um einen bekannten Spam handelt.',1,383),(1479,'Sie leiten die Nachricht an Ihre/n Vorgesetzte/n weiter.',0,383),(1480,'Es ist wichtig fr die Arbeit des/der IT-Sicherheitsbeauftragten ber aktuelle Phishing-Attacken und deren Gateways informiert zu werden. Auch wenn ich die Attacke erkannt habe, bedeutet das nicht, dass das allen gelingt. Eine Weiterleitung der Nachricht an andere Kolleg*Innen wrde diese nur gefhrden.',2,384),(1481,'Wenn ich unsicher, bin frage ich lieber bei dem/der IT-Sicherheitsbeauftragte/n nach.',1,384),(1482,'Ich htte genauso gut irgendjemandem aus der IT-Abteilung Bescheid sagen knnen. Die kommen dann am besten in mein Bro und kmmern sich darum.',0,384),(1483,'Ich rufe den/die IT-Sicherheitsbeauftragte/n an.',1,385),(1484,'Ich mache einen Screenshot der Nachricht und schicke eine E-Mail an den/die IT-Sicherheitsbeauftragte/n bzw. direkt an die \"Report-Environment\".',2,385),(1485,'Ich melde mich bei dem Messenger auf meinem Dienstcomputer an, rufe die Einstellungen meines Laptops auf und prfe diese auf Aufflligkeiten. Dann mache ich einen Screenshot von der Nachricht und schicke diesen dem/der IT-Sicherheitsbeauftragte/n mit einer kurzen Beschreibung des Sachverhalts per E-Mail.',0,385),(1486,'Den Messenger nicht mehr als Kommunikations-Tool nutzen.',0,386),(1487,'Sowohl den Messenger als auch das Smartphone regelmig updaten. Die Nachricht lschen und die Nummer blockieren.',1,386),(1488,'Vorschlag einer Rundmail oder Schulung durch IT-Sicherheitsbeauftragte/n, damit alle Arbeitnehmer*Innen gewarnt werden. Die Nachricht lschen und die Nummer blockieren.',2,386),(1489,'Szenario 1',2,387),(1490,'Szenario 2',1,387),(1491,'Szenario 3',0,387),(1492,'Es wird kein Profilbild angezeigt und Sie sollen einer Person ohne Kenntnis ihrer Identitt Unternehmensdaten preisgeben.',2,388),(1493,'Es ist ungewhnlich, dass Diensthandy und Koffer gleichzeitig verschwinden.',1,388),(1494,'Der unbekannte Absender stellt sich nicht vor und schickt keinen Identittsnachweis mit/ kann keinen Identittsnachweis vorlegen.',2,388),(1495,'Die Nachricht der unbekannten Nummer ist sehr allgemein gehalten, der Absender nennt nicht die bentigten Namen der Stammkunden.',2,388),(1496,'Die Nummer ist unbekannt. Auerdem ist die fehlende Anrede merkwrdig.',0,388),(1497,'Die Nummer ist unbekannt, es fehlt ein Profilbild und es gibt eine Warnung im Chat.',0,388),(1498,'Bei Herausgabe der Kundendaten knnte der Ruf der Arneo GmbH geschdigt werden.',2,389),(1499,'Kunden der Arneo GmbH knnten von der Konkurrenz abgeworben und dadurch der Umsatz der Arneo GmbH gemindert werden.',1,389),(1500,'Skizzen des Projekts Smarte Ventilatoren knnten an die ffentlichkeit geraten.',0,389),(1501,'Das Vertrauen der Stammkunden gegenber der Arneo GmbH knnte verletzt werden.',1,389),(1502,'Die Echtheit der Nachricht und die Identitt des Absenders mssen berprft werden.',2,390),(1503,'Die Nachricht sollte am besten ignoriert werden.',1,390),(1504,'Die Nachricht an den Provider des Messengers melden.',1,390),(1505,'Den Absender zu den Kontakten hinzufgen.',0,390),(1506,'Um schnell einen Suchauftrag nach dem Dienstkoffer und -handy aufsetzten zu knnen.',0,391),(1507,'Ressourcenschonendes Verhalten bedeutet zunchst selbst festzustellen, ob ein Angriff vorliegt, bevor man die Nachricht meldet.',1,391),(1508,'Es knnte ein Kollege sein, der die Kundendaten dringend fr einen Kundentermin bentigt.',1,391),(1509,'Da nur berechtigte Personen die Kundendaten erhalten drfen.',2,391),(1510,'Indem man einen Videoanruf mit dem Absender durchfhrt.',2,392),(1511,'Indem man dem Absender im Chat eine Frage stellt, die er nur beantworten kann, wenn er ein Kollege ist.',1,392),(1512,'Indem man den Absender ber die Telefonnummer anruft.',1,392),(1513,'Indem man den Absender mittels offizieller Schriftform seine Identitt besttigen lsst.',0,392),(1514,'Damit die anderen Mitarbeiter*Innen der Arneo GmbH ber den Cyberangriff und das richtige Verhalten geschult werden, sollte der/die IT-Sicherheitsexpert*In ber den Vorfall informiert werden.',2,393),(1515,'Die Telefonnummer blockieren, um von ihr keine weiteren Nachrichten mehr zu bekommen.',1,393),(1516,'Die Personalabteilung um eine Liste der privaten Telefonnummern aller Mitarbeiter bitten, damit ich beim nchsten Mal die Identitt sofort klren kann.',0,393),(1517,'Die Projektgruppe Smarte Ventilatoren inklusive der Auenmitarbeiter*Innen ber den Vorfall informieren.',1,393),(1518,'Szenario 1',2,394),(1519,'Szenario 2',1,394),(1520,'Szenario 3',0,394),(1521,'Es handelt sich um eine private E-Mail-Adresse, obwohl der Absender behauptet, ein Mitarbeiter der Arneo GmbH zu sein.',2,395),(1522,'Fr den Hyperlink wird anscheinend ein unverschlsseltes Protokoll \"http\" anstelle von \"https\" verwendet.',2,395),(1523,'Die Adresse entspricht nicht der offiziellen \"drive.google.com\".',2,395),(1524,'In der E-Mail wird dazu aufgefordert, eine ausstehende Rechnung zu begleichen.',0,395),(1525,'Bei einem erfolgreichen Phishing Angriff knnen Sie wegen Versten gegen die Datenschutz-Grundverordnung belangt werden.',0,396),(1526,'Bei einem erfolgreichen Phishing Angriff kann es zu Identittsdiebstahl, Passwort- und Datenverlust fhren.',2,396),(1527,'Bei einem erfolgreichen Phishing Angriff knnen bspw. Ihre Online-Banking-Daten abgegriffen werden.',1,396),(1528,'Bei einem erfolgreichen Phishing Angriff erhalten Sie zuknftig vermehrt unerwnschte Werbung und Spam Mails.',0,396),(1529,'Die Echtheit der E-Mail und der Identitt des Absenders berprfen.',2,397),(1530,'Die E-Mail dem/der IT-Sicherheitsbeauftragten melden.',1,397),(1531,'Die E-Mail an den/die Vorgesetzte/n und den First-Level-Support weiterleiten.',0,397),(1532,'Schnellstmglich eine zweite Meinung durch eine/n andere/n Mitarbeiter*Inn einholen.',1,397),(1533,'Ressourcenschonendes Verhalten setzt voraus, dass man sich selbst ein Bild davon macht, ob ein Angriff vorliegt.',1,398),(1534,'Da es sich um das Angebot handelt, auf das ich warte, sollte ich mir aufgrund der privaten E-Mail-Adresse ganz sicher sein, dass der Absender wirklich der echte Lukas Maier ist, bevor ich den Link anklicke.',2,398),(1535,'Ich darf den/die IT-Sicherheitsbeauftragte/n nur in besonderen Fllen um Hilfe bitten, z.B. wenn es sich um vllig unbekannte Namen von E-Mail-Absendern handelt.',0,398),(1536,'Ich achte auf das Vorhandensein einer digitalen Signatur in der E-Mail.',1,399),(1537,'Ich erkundige mich bei meinem/r Vorgesetzten, ob das wirklich Lukas Maier ist.',0,399),(1538,'Ich kontaktiere den vermeintlichen Lukas Maier ber einen anderen Weg als die angegeben E-Mail-Adresse.',2,399),(1539,'Den eingebetteten Link in der E-Mail nicht ffnen.',1,400),(1540,'Automatische Umleitungen ber Links vom E-Mail-Programm grundstzlich blockieren lassen.',0,400),(1541,'Den Vorfall dem/der IT-Sicherheitsexpert*In melden, damit andere Mitarbeitende der Arneo GmbH ber den Cyberangriff und ber situationsgerechtes Verhalten informiert werden.',2,400),(1542,'Die E-Mail-Adresse lukas.maier2000@gmail.com blockieren, um von ihr keine weiteren Nachrichten mehr zu bekommen.',1,400),(1543,'Szenario 1',0,401),(1544,'Szenario 2',1,401),(1545,'Szenario 3',2,401),(1546,'Neue lokale Datentrger werden irgendwann auch veralten, wodurch Daten verloren gehen. Auerdem ist die Speicherung auf vielen kleinen Datentrgern viel zu umstndlich.',1,402),(1547,'Neue lokale Datentrger werden irgendwann auch veralten, wodurch Daten verloren gehen. Die Gefahr von Diebstahl oder Verlust der physischen Datentrger ist ebenfalls vorhanden.',2,402),(1548,'Neue lokale Datentrger sind nicht sicher, da die meisten Computer heutzutage keine USB-Ports haben und daher keine Datenbertragung mglich ist.',0,402),(1549,'Angreifer knnen sich Zugang zu den Unternehmensgebuden verschaffen und dann die Datentrger entwenden.',2,403),(1550,'Angreifer knnen sich Zugang zu den Unternehmensgebuden verschaffen und mit Elektromagneten die Datentrger zerstren.',0,403),(1551,'Angreifer knnen sich Zugang zu den Unternehmensgebuden verschaffen und dort identisch aussehende USB-Sticks verteilen, die Schadsoftware enthalten.',1,403),(1552,'Es sollten keine wichtigen Daten auf externen Datentrgern gespeichert werden.',1,404),(1553,'Wenn Daten auf Datentrgern transportiert werden, sollten sie gelscht werden, sobald man diese nicht mehr bentigt.',0,404),(1554,'Beim Verlassen des Bros darauf achten, dass der Arbeitsplatz aufgerumt ist und keine sensiblen Daten(-trger) herumliegen.',2,404),(1555,'Offen herumliegende Datentrger knnen versehentlich von anderen Kollegen eingesteckt werden.',1,405),(1556,'Offen herumliegende Datentrger stellen ein Ziel fr Angreifer dar.',2,405),(1557,'Datentrger knnen durch ueren Einfluss zerstrt werden.',0,405),(1558,'Die Datentrger in einem abschliebaren Schrank einschlieen.',2,406),(1559,'Die Datentrger mit nach Hause nehmen.',0,406),(1560,'Die Datentrger in einen blickdichten Schrank legen.',1,406),(1561,'Wichtige Daten doppelt abspeichern.',1,407),(1562,'Eine Cloud-Lsung vorschlagen.',2,407),(1563,'Wichtige Daten lschen, wenn sie nicht gebraucht werden.',0,407),(1564,'Szenario 1',2,408),(1565,'Szenario 2',0,408),(1566,'Szenario 3',1,408),(1567,'Es hat nur ein sehr kleiner Mitarbeiter*Innen-Kreis Zugriff zur Buchhaltungssoftware, es ist also ungewhnlich ein Krzel nicht zu kennen, das ist sehr verdchtig. Unter \"Sonstiges\" sollten eigentlich auch nicht viele Buchungen vermerkt werden.',1,409),(1568,'Es ist ungewhnlich, dass Buchungen nachts vorgenommen werden und den ausfhrenden Mitarbeiter nicht zu kennen, die Buchung ist auerdem nicht sehr genau beschrieben und es gibt in letzter Zeit vermehrt Aufflligkeiten unter den Buchungen.',2,409),(1569,'Die Buchhaltungssoftware sollte nicht nachts verwendet werden, da sie das fr Cyber-Angriffe anflliger macht. Auerdem ist es ungewhnlich den ausfhrenden Mitarbeiter nicht zu kennen.',0,409),(1570,'Es hat bereits einen Angriff auf das Buchhaltungssystem gegeben und nicht verffentlichte Schwachstellen wurden ausgenutzt, um sich Zugriff auf alle Daten im Buchhaltungssystem zu sichern und neue Eintrge anzulegen. Die Firma kann ernsthafte Probleme mit der Wirtschaftsprfung bekommen und die gewonnenen Daten knnen fr Social Engineering Angriffe genutzt werden.',2,410),(1571,'Es hat bereits einen Angriff auf die IT der Arneo GmbH gegeben und es wurde Zugang zu allen Unternehmensdaten gewonnen. Besonders die Verffentlichung von Produktionsdaten oder Firmengeheimnissen ist jetzt besonders kritisch. Die gewonnenen Daten knnen auerdem fr zuknftige Social Engineering Angriffe genutzt werden.',0,410),(1572,'Genau in diesem Augenblick wird die Buchhaltungssoftware mit Malware infiziert und alle Daten im Buchhaltungssystem sind gefhrdet. Der ffentliche Auftritt des Unternehmens kann kompromittiert werden und zu wirtschaftlichen Einbrchen fhren.',1,410),(1573,'Sie kontaktieren Ihre/n Vorgesetzte/n.',1,411),(1574,'Sie kontaktieren den/die externe/n Administrator*in des Buchhaltungssystems.',0,411),(1575,'Sie kontaktieren den/die IT-Sicherheitsbeauftragte/n.',2,411),(1576,'Sie starten das Buchhaltungssystem einmal neu und berprfen, ob die Buchungen immer noch eingetragen sind.',0,411),(1577,'Sie kontaktieren eine/n Kolleg*in aus der Buchhaltung.',1,411),(1578,'Mein/e Vorgesetzte/r ist weniger IT-Sicherheits-Kompetent als ich und ich habe den Kontakt des externen Buchhaltungssoftware Anbieters gar nicht.',1,412),(1579,'Den Vorfall sofort an Externe weiter zu tragen, kann den Ruf des Unternehmens weiter schdigen. Der/die IT-Sicherheitsbeauftragte wird dem Vorfall nachgehen. Ein/e Vorgesetzte/r wird sich auch an den/die IT-Sicherheitsbeauftragte/n wenden.',2,412),(1580,'Ich htte genauso gut irgendjemandem aus der IT-Abteilung Bescheid sagen knnen. Die kommen dann am besten in mein Bro und kmmern sich darum.',0,412),(1581,'Ich rufe den/die IT-Sicherheitsbeauftragte/n an.',2,413),(1582,'Ich mache einen Screenshot von den aufflligen Buchungen und schicke eine E-Mail an den/die IT-Sicherheitsbeauftragte/n bzw. direkt an die \"Report-Environment\".',0,413),(1583,'Ich telefoniere mich durch das Kollegium, um das Krzel in Erfahrung zu bringen.',1,413),(1584,'Im Ernstfall, auch Ihre/n Vorgesetzte/n informieren und allen Anweisungen folgen. Auerdem eine Sensibilisierungsschulung fr alle Mitarbeitenden anregen.',2,414),(1585,'Im Ernstfall auch Ihre/n Vorgesetzte/n informieren und allen Anweisungen folgen. Auerdem den Kauf einer neuen Buchhaltungssoftware anregen.',1,414),(1586,'Buchungen in der Buchhaltungssoftware in Zukunft nur noch im Vier-Augen-Prinzip anlegen.',0,414),(1587,'Szenario 1 ist am bedrohlichsten.',2,415),(1588,'Szenario 2 ist am bedrohlichsten.',0,415),(1589,'Szenario 3 ist am bedrohlichsten.',1,415),(1590,'Dass all Ihre Anmeldeversuche verbraucht sind, deutet darauf hin, dass sich eine unbekannte Person einloggen wollte, um mit ihrem USB-Stick zu arbeiten.',1,416),(1591,'Der falsche Auswurf eines USB-Sticks knnte darauf hindeuten, dass jemand versucht hat, Ihren Computer anzugreifen.',2,416),(1592,'Die ungewhnlichen Fehlermeldungen knnten auf einen schwerwiegenden Serverfehler hindeuten.',0,416),(1593,'Auch ohne das Passwort geknackt zu haben, htte ein Angreifer wichtige Daten von Ihrem Computer auf seinen USB-Stick ziehen knnen.',0,417),(1594,'Ein Angreifer hatte anscheinend Zutritt zum Gebude und somit auch Zugang zu anderen Rechnern, die er angreifen konnte.',2,417),(1595,'Durch den bsartigen USB-Stick wurde Ihr Computer bereits mit Malware oder Spyware infiziert.',1,417),(1596,'Sie sorgen dafr, dass das Sicherheitsproblem intern behandelt wird.',2,418),(1597,'Sie geben Ihrer Sekretrin Bescheid.',0,418),(1598,'Sie rufen den Notruf der Polizei.',1,418),(1599,'Sie warten, bis die Sperrung Ihres Accounts aufgehoben ist.',0,418),(1600,'So knnen Sie groe Aufmerksamkeit verhindern, falls es doch ein falscher Alarm war.',0,419),(1601,'Die internen Sicherheitsbeauftragten knnen schneller reagieren und kennen sich hier besser aus, als externe (z. B. die Polizei).',2,419),(1602,'Dass es ein Sicherheitsproblem im Unternehmen gibt, sollte zunchst vertraulich gehandhabt werden.',1,419),(1603,'Sie rufen den IT-Sicherheitsbeauftragten an, weil jemand einen Cyber-Angriff auf Ihren Computer ausgefhrt hat.',2,420),(1604,'Sie rufen den Sicherheitsdienst an, weil eine unbefugte Person Zutritt zu Ihrem Bro hatte.',2,420),(1605,'Sie bergeben die Situation an Ihre Sekretrin, da Ihre Aufmerksamkeit mglicherweise woanders dringender gebraucht wird.',1,420),(1606,'Sie planen eine Betriebsversammlung, bei der Sie das Sicherheitsproblem ansprechen, um alle in der Arneo GmbH zu erreichen.',0,420),(1607,'Die Polizei einschalten, um das mgliche Verbrechen zu melden.',1,421),(1608,'Eine maximale Anzahl der Anmeldeversuche auf jedem Gert festlegen lassen und Sicherheitsfragen nutzen.',2,421),(1609,'Eine IT-Sicherheitsschulung, die alle Mitarbeitenden fr die Zeichen eines solchen Angriffes sensibilisiert.',2,421),(1610,'Ihren Computer nach jedem Arbeitstag in einen Safe einschlieen lassen.',0,421),(1611,'Personalienkontrolle beim Zutritt zum Unternehmensgebude verbessern.',1,421),(1612,'Szenario 1 ist am bedrohlichsten.',2,422),(1613,'Szenario 2 ist am bedrohlichsten.',1,422),(1614,'Szenario 3 ist am bedrohlichsten.',0,422),(1615,'Ihr Diensthandy knnte gestohlen werden, wenn Sie es unbeaufsichtigt zum Laden dalassen.',1,423),(1616,'ber Steckdosen wird nur Strom bertragen, aber USB-Ports knnen auch Daten bermitteln.',2,423),(1617,'Die USB-Ladestation knnte defekt sein und Ihr Ladekabel beschdigen.',0,423),(1618,'Falls Ihr Handy nicht schnell genug aufgeladen wird, knnen Sie den wichtigen Anruf nicht annehmen.',0,423),(1619,'Auf der Ladestation knnte Malware installiert sein, die Ihr Handy unbrauchbar macht.',1,424),(1620,'Die Schutzsoftware auf Ihrem Handy wird die Verbindung zur Ladesule ablehnen und Ihr Akku kann nicht geladen werden.',0,424),(1621,'Auf der Ladestation knnte Malware installiert sein, die vertrauliche Daten auf Ihrem Handy verschlsselt oder stiehlt.',2,424),(1622,'Auf der Ladestation werden Daten von Ihrem Handy gespeichert, welche die nchste Person beim Aufladen ihres Handys lesen kann.',1,424),(1623,'Sie benutzen die Ladestation trotzdem, aber prfen sofort, ob Ihre Schutzsoftware Alarm schlgt.',0,425),(1624,'Sie suchen eine andere Lademglichkeit und informieren Ihren Gesprchspartner, dass Sie eventuell nicht erreichbar sein werden.',2,425),(1625,'Sie senden Ihrem Gesprchspartner die Telefonnummer Ihres Privathandys, damit Sie darber telefonieren knnen.',0,425),(1626,'Sie laden Ihr Handy nicht auf und hoffen, dass der Akku nicht zu frh leer sein wird.',1,425),(1627,'Sie fragen andere Personen am Flughafen, ob sie Ihnen eine Powerbank zum Aufladen Ihres Handys ausleihen knnen.',0,425),(1628,'Da sich auf Ihrem Diensthandy vertrauliche Daten befinden, mssen Sie damit an ffentlichen USB-Ladestationen vorsichtig sein.',2,426),(1629,'Der Flughafen ist ein ffentlicher Ort. Die Gefahr, dass jemand Ihr Handy an der Ladestation stiehlt, ist zu gro.',1,426),(1630,'Ladestationen auf Flughfen sind hufig manipuliert. Sicherer wre es, Ihr Handy im Zug aufzuladen.',0,426),(1631,'Eine USB-Ladestation ist sicherer, als eine Steckdose, bei der sie einen Stromadapter nutzen mssen.',0,427),(1632,'Eine Steckdose, bei der Sie Ihren Stromadapter nutzen mssen, ist sicherer als eine USB-Ladestation.',2,427),(1633,'ffentliche Lademglichkeiten sind sicherer, weil sie von so vielen anderen Personen genutzt und getestet werden.',0,427),(1634,'Lademglichkeiten, die nicht ffentlich zugnglich sind, sind sicherer, weil sie wahrscheinlich nicht manipuliert wurden.',2,427),(1635,'Powerbanks sind die einzig sicheren Lademglichkeiten, weil sie keine Daten bertragen knnen.',1,427),(1636,'Sie nehmen von nun an immer eine Powerbank auf Dienstreisen mit.',2,428),(1637,'Sie vereinbaren whrend Dienstreisen keine Telefontermine mehr.',1,428),(1638,'Sie laden sich die beste Anti-Virus-Software auf Ihr Diensthandy, die Sie finden knnen.',1,428),(1639,'Sie kaufen ein Ladekabel fr Ihr Diensthandy, das gegen Malware schtzen soll.',0,428),(1640,'Die E-Mail-Adresse des Absenders ist nicht unternehmensintern, sondern \"\"gmail.com\".',2,430),(1641,'Niemand auer Ihnen darf ber Aktivitten Ihres Log-Ins informiert sein.',1,430),(1642,'Sie werden nicht mit Ihrem Namen angesprochen.',2,430),(1643,'Automatisch generierte E-Mails sind fast immer Spam.',0,430),(1644,'Sie sollen auf einen Link klicken, der nicht direkt einsichtbar ist.',2,430),(1645,'Das ffnen der E-Mail in Ihrem Mail-Programm knnte Ihren Computer mit Malware infiziert haben.',2,431),(1646,'Das Klicken des Links in der E-Mail knnte Ihren Computer mit Malware infizieren.',1,431),(1647,'Das Antworten auf die E-Mail knnte Ihren Computer mit Malware infizieren.',0,431),(1648,'Auf der Seite, zu der der Link in der E-Mail fhrt, knnte eine Download fr Malware ausgelst werden.',1,431),(1649,'Falls Sie nicht reagieren, wird ein Angreifer Ihren Computer mit Malware infizieren.',0,431),(1650,'Sie lschen die E-Mail und blockieren den Absender.',1,432),(1651,'Sie fhren einen Anti-Virus-Scan auf Ihrem Computer durch.',1,432),(1652,'Sie kontaktieren den IT-Sicherheitsbeauftragten.',2,432),(1653,'Sie antworten auf die E-Mail, um zu prfen, ob der Absender eine echte Person ist.',0,432),(1654,'Sollte Ihr Computer mit Malware infiziert sein, muss schnell verhindert werden, dass Informationssysteme und Daten der Arneo GmbH kompromittiert werden.',2,433),(1655,'So knnen Sie dem IT-Sicherheitsbeauftragten die bsartige E-Mail zeigen, damit dieser verhindern kann, dass Mitarbeiter in Zukunft solche Mails erhalten.',1,433),(1656,'Der IT-Sicherheitsbeauftragte ist in der Lage, den Angreifer durch die Meta-Daten der Mail ausfindig zu machen. Dann knnen Sie die Polizei verstndigen.',0,433),(1657,'Sie weisen einen Mitarbeitenden an, ihn zu informieren, damit Sie weiterhin ein Auge auf Ihrem Computer haben knnen.',1,434),(1658,'Sie leiten die E-Mail an Ihn weiter, damit er sich direkt ein Bild von der Bedrohung machen kann.',0,434),(1659,'Sie rufen ihn per Telefon an, damit er unverzglich informiert ist und agieren kann.',2,434),(1660,'Sie klren mit dem Sicherheitsbeauftragten, ob andere Mitarbeiter der Arneo GmbH hnliche Mails erhalten und gewarnt werden mssen.',2,434),(1661,'Sie prfen gemeinsam mit dem IT-Sicherheitsbeauftragten, ob der Link in der Mail tatschlich Malware enthlt.',0,435),(1662,'Sie lschen die E-Mail und blockieren den Absender, damit Sie nicht erneut von ihm angegriffen werden.',1,435),(1663,'Szenario 1',2,429),(1664,'Szenario 2',0,429),(1665,'Szenario 3',1,429),(1666,'Szenario 1.',1,436),(1667,'Szenario 2.',0,436),(1668,'Szenario 3.',2,436),(1669,'Auf Smartphones sollten generell nur Apps aus dem systemeigenen Store geladen werden, da diese bereits eingebaute Sicherheitsvorkehrungen haben.',1,437),(1670,'Der Link ist eine https Link und damit keine gesicherte Verbindung. Auerdem ist der Link ein direkter Download und fhrt nicht auf eine Website.',0,437),(1671,'Die App wird nicht ber den Appstore/Google Playstore geladen, der Link inkludiert direkt einen Download-Befehl und der Syntax und Vokabeln des Textes wirken kryptisch.',2,437),(1672,'Wird die App aus dem Browser geladen, kann Malware oder Spyware installiert sein. Alle vertraulichen Daten auf dem Handy wie Bankdaten, E-Mails, Kontakte, Passwrter knnen gestohlen oder verschlsselt werden.',2,438),(1673,'Wird die App aus dem Browser geladen, kann Malware installiert werden dass ihr Diensthandy zerstrt.',1,438),(1674,'Wird die App aus dem Browser geladen, kann Malware installiert sein, die Informationen und Daten auf dem Diensthandy unbemerkt verndern.',1,438),(1675,'Auf dem Diensthandy ist genug Schutzsoftware, dass es gegen alle schwerwiegenden Angriffe aus dem Internet geschtzt ist.',0,438),(1676,'Sie laden die App herunter und vertrauen auf ihr Erfahrung im Erkennen von Scams und auf die Sicherheitssoftware auf Ihrem Diensthandy.',0,439),(1677,'Sie laden die App auf Ihr privates Telefon um Sie zuerst dort zu testen, bevor Sie die App auf ihr Diensthandy laden.',1,439),(1678,'Sie laden die angezeigte App nicht herunter und prfen ob diese berhaupt die wirklich empfohlene ist und ob die App auch fr Ihr Betriebssystem und in Ihrem Appstore verfgbar ist.',1,439),(1679,'Sie recherchieren nach einem serisen Testbericht ber die App und versuchen Rezensionen zu finden.',2,439),(1680,'Ich mchte ja die App testen, die mir mein Freund empfohlen hat. Wenn die App nicht fr mein Betriebssystem verfgbar ist wrde das erklren, warum ich die App nicht in meinem Appstore finden kann. Es sollten nur Apps aus dem Appstore herunter geladen werden.',2,440),(1681,'Ich mchte die App in jedem Fall nicht herunterladen, weil ich der angezeigten Website nicht vertraue.',1,440),(1682,'Ich vertraue nur Apps die mir von realen Menschen empfohlen werden, die ich auch persnlich kenne. Wenn die App nicht fr mein Betriebssystem verfgbar ist wrde das erklren, warum ich die App nicht in meinem Appstore finden kann.',0,440),(1683,'Sie geben den Namen der im Browser angezeigten App in der Suchfunktion Ihres Appstores ein und berprfen so, ob diese da verfgbar ist.',1,441),(1684,'Sie melden sich nochmal bei Ihrem Freund und erfragen den genauen Namen und recherchieren online die Kompatibilitt der App mit verschiedenen Betriebssystemen.',1,441),(1685,'Sie melden sich nochmal bei Ihrem Freund und erfragen den genauen Namen und welches Betriebssystem er nutzt.',2,441),(1686,'Sie beauftragen Ihre Sekretrin diese Dinge zu berprfen.',0,441),(1687,'Die richtige App mit Hilfe Ihres Freundes aus dem App Store herunterladen. Die App bei Ihren Software Admin zur Prfung geben und der Belegschaft ans Herz legen.',2,442),(1688,'Vor jedem App-Kauf Rcksprache mit dem Software Administrator halten.',1,442),(1689,'Den Namen der App direkt an die gesamte Belegschaft weiterleiten um bei allen die Konzentration und den Fokus zu verbessern.',0,442),(1690,'Szenario 1.',2,443),(1691,'Szenario 2.',1,443),(1692,'Szenario 3.',0,443),(1693,'Die Nachricht enthlt einen ungewhnlichen Link.',2,444),(1694,'Der Absender ist eine unbekannte Handynummer.',2,444),(1695,'Werbung auf einem Messenger ist verdchtig.',1,444),(1696,'Der Absender hat Sie nicht mit Ihrem Namen angesprochen.',1,444),(1697,'Die Nachricht hat eine Push-Mitteilung ausgelst.',0,444),(1698,'Die Daten, die Sie auf der angebotenen Cloud speichern, knnen vom Anbieter gelesen und manipuliert werden.',1,445),(1699,'Die Seite, zu der der Link fhrt, knnte Malware auf Ihr Smartphone einschleusen.',2,445),(1700,'Der Absender erhlt alle Login-Daten Ihres Dienst-Smartphones.',0,445),(1701,'Sie kontaktieren den IT-Sicherheitsbeauftragten.',2,446),(1702,'Sie lschen die Nachricht und blockieren den Absender.',1,446),(1703,'Sie leiten die Nachricht an den Sicherheitsdienst weiter.',0,446),(1704,'Sie antworten auf die Nachricht, um zu prfen, ob der Absender eine echte Person ist.',0,446),(1705,'Sie recherchieren im Internet, ob die Absendernummer bekannter Spam ist.',1,446),(1706,'Damit er berprfen kann, ob es sich tatschlich um einen Angriff handelt.',1,447),(1707,'Damit er die Webseite hinter dem Link auf ihre Sicherheit prft.',0,447),(1708,'Damit er unternehmensweite Manahmen gegen diese Art Angriff einleitet.',2,447),(1709,'Sie schreiben ihm eine E-Mail mit einem Screenshot der Nachricht im Anhang.',2,448),(1710,'Sie leiten die Nachricht an ihn weiter.',0,448),(1711,'Sie weisen einen Mitarbeitenden an, ihn zu informieren, whrend Sie ein Auge auf Ihr Smartphone haben.',1,448),(1712,'Mittels einer Rundmail alle Mitarbeiter vor derartigen Phishing-Nachrichten warnen.',2,449),(1713,'Unternehmensweit bessere Anti-Virus-Software einfhren.',0,449),(1714,'Die Nachricht lschen und den Absender blockieren.',1,449),(1715,'In der nchsten Mitarbeiterschulung zur IT-Sicherheit Awareness zu Phishing erhhen.',1,449),(1716,'Szenario 1 ist am bedrohlichsten.',0,450),(1717,'Szenario 2 ist am bedrohlichsten.',1,450),(1718,'Szenario 3 ist am bedrohlichsten.',2,450),(1719,'Es handelt sich um eine firmenexterne E-Mail-Adresse.',2,451),(1720,'Sie sollen auf einen ungewhnlichen Link klicken.',2,451),(1721,'Die E-Mail besitzt keine digitale Signatur.',2,451),(1722,'Niemand hat Ihnen vorzuschreiben, wann Sie Office-Anwendungen aktualisieren.',1,451),(1723,'Das Aktualisieren von Office-Anwendungen kann Sicherheitsprobleme verursachen.',0,451),(1724,'Szenario 3',1,457),(1725,'Szenario 2',0,457),(1726,'Szenario 1',2,457),(1727,'Jemand der mir unbekannt ist, hat Zugang zu vertraulichen Daten. Bewerber*Innendaten enthalten mehr vertrauliche Informationen als die Gehaltskalkulation. Die bentigte Sicherheitsfreigabe ist hher.',1,458),(1728,'Jemand der mir unbekannt ist, hat Zugang zu Daten. Es wurde gegen den Datenschutz verstoen.',0,458),(1729,'Jemand der mir unbekannt ist, hat Zugang zu vertraulichen Daten. Es wurde gegen den Datenschutz verstoen, allerdings sind die Bewerber*innendaten anonymisiert worden und daher etwas weniger delikat als die Gehaltskalkulationen.',2,458),(1730,'Der Vorfall knnte der Presse berichtet werden und das Image des Unternehmens ber den Umgang mit vertraulichen Daten knnte leiden.',1,459),(1731,'Die persnlichen Daten knnten an die Konkurrenz verkauft und fr zuknftige Social Engineering Angriffe genutzt werden.',2,459),(1732,'Der Unbekannte knnte ein neuer Kollege sein, der mit den neu gewonnenen Gehaltsinformationen, sein Gehalt neu verhandeln will.',0,459),(1733,'Die Personalabteilung kontaktieren und den/die IT-Sicherheitsbeauftragte/n informieren.',2,460),(1734,'Sofort den/die IT-Administrator*In kontaktieren.',1,460),(1735,'Den eigenen Cloudzugang nach weiteren Unregelmigkeiten untersuchen.',1,460),(1736,'Stephan Mller googeln um herauszufinden, wer er ist.',0,460),(1737,'Es ist nicht mein Aufgabenfeld, den Vorfall weiter zu verfolgen. Ich gebe das an meine Angestellten ab. Der/die IT-Sicherheitsexpert*In und die Personalabteilung knnen alle weiteren Schritte im Falle eines tatschlichen Angriffes durchfhren.',0,461),(1738,'Die Personalabteilung kann mir Auskunft geben, ob Stepfan Mller ein neuer Mitarbeiter ist oder ein externer Eindringling. Der/die IT-Sicherheitsexpert*In kann alle weiteren Schritte im Falle eines tatschlichen Angriffes durchfhren.',2,461),(1739,'Es ist wahrscheinlich der Fehler des IT-Admins. Daher diesen nicht sofort kontaktieren.  Der/die IT-Sicherheitsexpert*In kann alle weiteren Schritte im Falle eines tatschlichen Angriffes durchfhren.',1,461),(1740,'Ich rufe zuerst den/die IT-Sicherheitsbeauftragte/n an und beauftrage ihn/sie der Sache nachzugehen und sich mit der Personalabteilung unter einem Vorwand in Verbindung zu setzten: z.B. eine IT-Sicherheitsschulung fr Stepfan Mller.',2,462),(1741,'Ich rufe zuerst den IT-Sicherheitsbeauftragten an und beauftrage ihn der Sache nachzugehen und sich mit der Personalabteilung direkt in Verbindung zusetzten.',1,462),(1742,'Ich rufe die Personalabteilung an und frage ob Ihnen ein Stephan Mller bekannt ist, er habe anscheinend uneingeschrnkten Cloud Zugang. Dann schreibe ich eine E-Mail an den/die IT-Sicherheitsexpert*In und schildere den Vorfall.',0,462),(1743,'Ich rufe die Personalabteilung unter einem Vorwand an, z.B. \"Ich habe besonderes Lob ber unseren neuen Kollegen Stephan Mller gehrt, knnen Sie mir seine Personalakte zukommen lassen.\"  Dann schreibe ich eine E-Mail an den/die IT-Sicherheitsexpert*In und schildere den Vorfall.',1,462),(1744,'Es sind keine weiteren Manahmen ntig.',0,463),(1745,'Alle Cloud-Freigaben von IT-Admin prfen lassen.',1,463),(1746,'Ordner mit sehr wichtigen Unterlagen nur passwortgeschtzt ablegen.',1,463),(1747,'Im Falle eines tatschlichen externen Angriffes, Stepfan Mller polizeilich verfolgen.',2,463),(1748,'Szenario 1.',1,464),(1749,'Szenario 2.',0,464),(1750,'Szenario 3.',2,464),(1751,'Die URL hat die ungewhnliche Endung \"-de.org\".',2,465),(1752,'Links aus E-Mails sind immer gefhrlich.',1,465),(1753,'Am Anfang der URL steht \"http://\" statt \"https://\".',2,465),(1754,'Der Link fhrt nicht zur Hauptseite, sondern zur Login-Seite.',0,465),(1755,'In der URL fehlt ein Buchstabe.',2,465),(1756,'Die Informationen zu den Umstzen der Arneo GmbH auf der geflschten Webseite sind falsch.',1,466),(1757,'Sie mssen die richtige Webseite auf einem anderen Weg finden.',0,466),(1758,'Die Person, welche die Seite geflscht hat, erhlt Ihre Login-Daten und bernimmt die Kontrolle ber den Bank-Account der Arneo GmbH.',2,466),(1759,'Den Link anklicken und die Webseite genau betrachten.',0,467),(1760,'Beim Absender der E-Mail die Echtheit des Links erfragen.',1,467),(1761,'Die Identitt des Absenders der E-Mail mit dem Link prfen.',2,467),(1762,'Den Link kopieren und in eine Suchmaschine eingeben.',2,467),(1763,'Wenn Sie dem Absender vertrauen, knnen Sie auch dem versendeten Link trauen.',2,468),(1764,'Wenn Sie eine Telefonnummer des Absenders finden, knnen Sie ihn anrufen.',1,468),(1765,'Wenn der Absender unter einer anderen E-Mail-Adresse in Ihrem Adressbuch ist, knnen Sie dem Link trauen.',0,468),(1766,'Sie kontaktieren die Finanzabteilung ber eine Mail-Adresse in Ihrem Adressbuch, um nach dem Absender und der Verlinkung zu fragen.',1,469),(1767,'Sie schreiben eine E-Mail an den Unbekannten zurck und fragen Ihn nach der Korrektheit des Links.',0,469),(1768,'Sie leiten die E-Mail an die IT-Abteilung weiter, damit diese sie prfen kann.',0,469),(1769,'Sie berprfen die E-Mail-Adresse des Absenders und vergleichen deren Aufbau und Schreibweise mit denen der unternehmerischen Adressen.',2,469),(1770,'Sie ignorieren die Mail und fahren mit Ihrer Arbeit fort.',1,470),(1771,'Sie beantragen bei der IT-Abteilung eine Blockierung der E-Mail-Adresse und Webseite.',2,470),(1772,'Sie ffnen den Link auf Ihrem Handy, um die Webseite zu prfen.',0,470),(1773,'Sie lschen die Mail und blockieren den Absender.',1,470),(1774,'Ihre Version von der Office-Anwendung wird unbrauchbar.',0,452),(1775,'Die Seite, zu der der Link fhrt, knnte Malware auf Ihren Computer einschleusen.',1,452),(1776,'Ihr Single-Sign-On wird kompromittiert, womit ein Angreifer Kontrolle ber Ihre Informationssysteme bernehmen knnte.',2,452),(1777,'Die Echtheit der E-Mail und der Identitt des Absenders berprfen.',2,453),(1778,'Die E-Mail dem IT-Sicherheitsbeauftragten melden.',1,453),(1779,'Schnellstmglich eine zweite Meinung durch einen anderen Mitarbeiter einholen.',1,453),(1780,'Die E-Mail an den First-Level-Support weiterleiten.',0,453),(1781,'Ressourcenschonendes Verhalten setzt voraus, dass man sich selbst ein Bild davon macht, ob ein Angriff vorliegt.',1,447),(1782,'Ressourcenschonendes Verhalten setzt voraus, dass man sich selbst ein Bild davon macht, ob ein Angriff vorliegt.',1,454),(1783,'Sie sollten sich ganz sicher sein, dass der Absender wirklich die echte Claudia Schmidt ist, bevor Sie den Link anklicken.',2,454),(1784,'Sie kontaktieren Claudia Schmidt ber einen anderen Weg als die angegebene E-Mail-Adresse.',2,455),(1785,'Sie fragen in der Personalabteilung nach, ob das eine neue E-Mail-Adresse der IT-Abteilung ist.',0,455),(1786,'Der vermeintlichen Claudia Schmidt eine personenbezogene Frage stellen, die nur die richtige Person beantworten kann.',1,455),(1787,'Den IT-Sicherheitsbeauftragten nach seiner Einschtzung der Lage fragen.',0,456),(1788,'Den IT-Sicherheitsbeauftragten nach seiner Einschtzung der Lage fragen.',1,456),(1789,'Eine Rundmail schreiben, in der die Mitarbeitern vor solchen Phishing-Mails gewarnt werden.',2,456),(1790,'Alle E-Mails, die Sie erhalten, zuerst durch den IT-Sicherheitsbeauftragten prfen lassen.',0,456),(1791,'Szenario 1 ist am bedrohlichsten.',1,471),(1792,'Szenario 2 ist am bedrohlichsten.',0,471),(1793,'Szenario 3 ist am bedrohlichsten.',2,471),(1794,'Der Schlerpraktikant ist erst seit einer Woche da.',0,472),(1795,'Der Schlerpraktikant wusste nicht, was zu tun ist.',1,472),(1796,'Der Schlerpraktikant kann auf das Lohnabrechnungssystem zugreifen.',2,472),(1797,'Der Praktikant knnte Lohn- und Gehaltsabrechnungsdaten (versehentlich) verndern, auch wenn dies nicht im Sinne der Arneo GmbH ist.',2,473),(1798,'Der Praktikant knnte Lohn- und Gehaltsabrechnungsdaten (versehentlich) lschen, auch wenn dies nicht im Sinne der Arneo GmbH ist.',1,473),(1799,'Die zustzliche Berechtigung vom Praktikanten knnte dazu fhren, dass sich die Bearbeitung der Lohnabrechnungen verlangsamt.',0,473),(1800,'Ich melde, dass der Praktikant flschlicherweise eine Berechtigung fr das Lohnabrechnungssystem hat.',2,474),(1801,'Ich dokumentiere den Sachverhalt, um im Fall einer Prfung nachweisen zu knnen, dass alle notwendigen Schritte unternommen wurden, um die Situation zu beheben.',1,474),(1802,'Ich zeige dem Praktikanten den richtigen Ordnerpfad, damit er die Bestellungen der letzten Monate zhlen und Schwankungen daraus ermitteln kann.',0,474),(1803,'Um den Praktikanten mit dem Umgang des Lohnabrechnungssystems entsprechend zu schulen.',0,475),(1804,'Um die Ursache der flschlicherweise zugewiesenen Berechtigung auf das Lohnabrechnungssystem zu erfahren.',1,475),(1805,'Um dem Praktikanten die zustzliche Berechtigung auf das Lohnabrechnungssystem nach Prfung wieder zu entziehen.',2,475),(1806,'Ich schicke den Praktikanten mit dem Computer zur IT-Abteilung.',1,476),(1807,'Ich gehe mit dem Praktikanten persnlich in die IT-Abteilung und schildere den Vorfall.',2,476),(1808,'Ich schildere dem Geschftsfhrer den Vorfall und bitte den Praktikanten, nicht mehr auf das Lohnabrechnungssystem zuzugreifen.',1,476),(1809,'Ich schreibe meinen Kolleg*innen eine Rund-Mail und schildere den Vorfall.',0,476),(1810,'Prfen lassen, ob die falsch zugewiesene Berechtigung fr das Lohnabrechnungssystem noch vorhanden ist.',2,477),(1811,'Sich informieren, wie es zu der versehentlichen Zuweisung der Schreibrechte kam.',0,477),(1812,'Die anderen Mitarbeitenden in der Abteilung fragen, ob sie neuerdings ebenfalls falsche Berechtigungen haben.',2,477),(1813,'Den Sachverhalt dokumentieren, um im Fall einer Prfung nachweisen zu knnen, dass alle notwendigen Schritte unternommen wurden, um die Situation zu beheben.',2,477),(1814,'Szenario 1',2,106),(1815,'Szenario 2',1,106),(1816,'Szenario 3',0,106),(1817,'Szenario 1',2,205),(1818,'Szenario 2',1,205),(1819,'Szenario 3',0,205),(1820,'Sie testen den Link in einem privaten Browserfenster und prfen die Webseite auf ihre Sicherheit.',0,432),(1821,'Sie sollten den IT-Sicherheitsbeauftragten nur in besonderen Fllen um Hilfe bitten.',0,454),(1822,'Szenario 1',1,478),(1823,'Szenario 2',0,478),(1824,'Szenario 3',2,478),(1825,'(A) ffentliches WLAN kann gefhrlich sein. Der Anbieter wirkt am vertrauensvollsten und die E-Mail-Identifikation verringert das Missbrauch Risiko.',2,479),(1826,'(B) Es ist gefhrlich die eigene E-Mail Adresse einfach so herauszugeben. Besonders die Daten der Geschftsfhrung knnten missbraucht werden.',1,479),(1827,'(C) ffentliche WLAN Netzwerke sind in der Regel nicht gefhrlich. Ich kann Sie bedenkenlos nutzen.',0,479),(1828,'(D) Ich vertraue lieber einem kleinen Unternehmen wie dem Caf, als ein groes ffentliches Netzwerk zu nutzen.',1,479),(1829,'(A) Je nach Einstellungen des Hotspots, kann Ihr Laptop fr andere Teilnehmer sichtbar sein. Es knnten von anderen Teilnehmern auf alle Dateien Ihres Laptops zugegriffen werden und/oder den Datenstrom zwischen Ihrem Gert und den Laptop mitlesen. So knnen vertrauliche Daten die nur fr die Geschftsfhrung bestimmt sind an die ffentlichkeit geraten.',1,480),(1830,'(B) Malware lsst sich ber ffentliche WLAN Hotspots leicht einschleusen, weil zumeist ausreichende Sicherheitsmanahmen wie eine Firewall und Passwortverschlsselung nicht gegeben sind. Besonders Gerte der Geschftsfhrung haben sehr breite Zugangsberechtigungen und sind, wenn kompromittiert, besonders schdlich fr das Unternehmen.',2,480),(1831,'(C) Je nach Einstellung des ffentlichen Hotspots, knnen Brute-Force Angriffe durchgefhrt werden, die alle Daten des Servers kompromittieren knnten. Mit Hilfe hoher Rechenleistungen werden abgesicherte Zugnge durch wiederholte systematische Passtworteingaben aufgebrochen.',0,480),(1832,'(A) Sie treffen in Ihrem Verhalten und an Ihrem Gert Vorsichtsmanahmen um ein sicheres Nutzen eines ffentlichen Netzwerkes zu ermglichen.',2,481),(1833,'(B) Sie nutzen als Geschftsfhrer nie ffentliche WLAN-Netzwerke oder Hotspots. Keine Vorsichtsmanahme kann sicheres Nutzen eines ffentlichen Netzwerkes garantieren.',1,481),(1834,'(C) Sie nutzen nur ffentliche Netzwerke von vertrauenswrdigen Anbietern und treffen an Ihrem Gert Vorsichtsmanahmen um ein sicheres Nutzen eines ffentlichen Netzwerkes zu ermglichen.',2,481),(1835,'(D) Sie nutzen ffentliche Netzwerke nur auf Ihrem Smartphone, als Vorsichtsmanahme um Ihren Laptop vor Malware zu schtzen.',0,481),(1836,'(A) Zunchst den Anbieter einzuschtzen, ist ein sinnvoller supplementrer Schritt bevor ich alle Mglichkeiten auslote um ffentliche Netzwerke sicher nutzen zu knnen.',2,482),(1837,'(B) Es gibt Schritte und Mglichkeiten, die ein sicheres Nutzen von ffentlichen Netzwerken ermglicht.',2,482),(1838,'(C) berhaupt keine ffentliches Netzwerk zu nutzen, ist in meinem Berufsalltag schlicht nicht umsetzbar.',1,482),(1839,'(D) Ich vertraue meinem Instinkt was solche Netzwerke angeht, man kann sehr schnell erkennen welche sicher sind und welche nicht.',0,482),(1840,'(A) Zuerst recherchieren Sie kurz den Anbieter online ber die mobilen Daten Ihres Smartphones. Sie schalten auf Ihrem Laptop \"Datei-und Verzeichnisfreigabe\" aus. Sobald Sie sich in das ffentliche WLAN einwhlen, schalten Sie auf Ihrem Laptop einen VPN an. Sobald Sie fertig sind lschen Sie das jetzt gespeicherte ffentliche Netzwerk.',2,483),(1841,'(B) Zuerst recherchieren Sie kurz den Anbieter online ber die mobilen Daten Ihres Smartphones. Sobald Sie mit Ihrem Gert in dem ffentlichen WLAN sind, achten Sie darauf nur noch verschlsselte Websites zu nutzen (https: ...). Sobald Sie fertig sind, lschen Sie das Netzwerk aus Ihren gespeicherten Netzwerken.',1,483),(1842,'(C) Sie fragen andere Nutzer um sich herum, ob das Netzwerk vertrauenswrdig ist. Sobald Sie mit dem ffentlichen WLAN verbunden sind, geben Sie nur direkt URLs ein und nutzen keine Suchmaschinen.',0,483),(1843,'(D) Sie fragen andere Nutzer um sich herum, ob das Netzwerk vertrauenswrdig ist. Sie schalten auf Ihrem Gert \"Datei-und Verzeichnisfreigabe\" ein. Sobald Sie in dem ffentlichen WLAN sind, achten Sie darauf nur noch verschlsselte Websites zu nutzen (http: ...).',0,483),(1844,'(A) \"Datei-und Verzeichnisfreigabe\" muss wieder ermglicht werden, wenn Sie sich im unternehmensinternen Netzwerk befinden.',1,484),(1845,'(B) Der VPN muss sofort wieder ausgeschaltet werden, sobald Ihre Online-Sitzung beendet ist und Sie zu Ihrem Termin aufbrechen.',0,484),(1846,'(C) Es sollten regelmige Viren-, Spy- und Malware-Checks auf Ihrem Dienstcomputer durchgefhrt werden, besonders da auf den Gerten der Geschftsfhrung oft sehr vertrauliche Daten genutzt werden.',2,484),(1847,'Szenario 1',2,485),(1848,'Szenario 2',1,485),(1849,'Szenario 3',0,485),(1850,'Es handelt sich um eine private E-Mail-Adresse, obwohl der Absender behauptet, ein Mitarbeiter der Arneo GmbH zu sein.',2,486),(1851,'Fr den Hyperlink wird anscheinend ein unverschlsseltes Protokoll \"http\" anstelle von \"https\" verwendet.',2,486),(1852,'Die Adresse entspricht nicht der offiziellen \"drive.google.com\".',2,486),(1853,'In der E-Mail wird dazu aufgefordert, eine ausstehende Rechnung zu begleichen.',0,486),(1854,'Mein persnlicher Ruf innerhalb der Arneo GmbH kann geschdigt werden.',0,487),(1855,'Ein erfolgreicher Phishing-Angriff kann zu Identittsdiebstahl, Passwort- und Datenverlust fhren.',2,487),(1857,'Durch die Weiterleitung auf externe Internetseiten knnen bspw. meine Online-Banking-Daten abgegriffen werden.',1,487),(1858,'Die Echtheit der E-Mail und der Identitt des Absenders berprfen.',2,488),(1859,'Die E-Mail dem/der IT-Sicherheitsbeauftragten melden.',1,488),(1860,'Die E-Mail an den/die Vorgesetzte/n und den First-Level-Support weiterleiten.',0,488),(1861,'Schnellstmglich eine zweite Meinung durch eine/n andere/n Mitarbeiter*Inn einholen.',1,488),(1862,'Ressourcenschonendes Verhalten setzt voraus, dass man sich selbst ein Bild davon macht, ob ein Angriff vorliegt.',1,489),(1863,'Da es sich um das Angebot handelt, auf das ich warte, sollte ich mir aufgrund der privaten E-Mail-Adresse ganz sicher sein, dass der Absender wirklich der echte Lukas Maier ist, bevor ich den Link anklicke.',2,489),(1864,'Ich darf den/die IT-Sicherheitsbeauftragte/n nur in besonderen Fllen um Hilfe bitten, z.B. wenn es sich um vllig unbekannte Namen von E-Mail-Absendern handelt.',0,489),(1865,'Ich achte auf das Vorhandensein einer digitalen Signatur in der E-Mail.',1,490),(1866,'Ich erkundige mich bei meinem/r Vorgesetzten, ob das wirklich Lukas Maier ist.',0,490),(1867,'Ich kontaktiere den vermeintlichen Lukas Maier ber einen anderen Weg als die angegeben E-Mail-Adresse.',2,490),(1868,'Den eingebetteten Link in der E-Mail nicht ffnen.',1,491),(1869,'Automatische Umleitungen ber Links vom E-Mail-Programm grundstzlich blockieren lassen.',0,491),(1870,'Den Vorfall dem/der IT-Sicherheitsexpert*In melden, damit andere Mitarbeitende der Arneo GmbH ber den Cyberangriff und ber situationsgerechtes Verhalten informiert werden.',2,491),(1871,'Die E-Mail-Adresse lukas.maier2000@gmail.com blockieren, um von ihr keine weiteren Nachrichten mehr zu bekommen.',1,491),(1872,'Szenario 1',1,492),(1873,'Szenario 2',0,492),(1874,'Szenario 3',2,492),(1875,'Die Benutzerkennung ist leicht zu erraten.',0,493),(1876,'Das Passwort ist leicht zu erraten.',2,493),(1877,'Das Passwort gehrt zu den Top 10 der meistgewhlten Passwrtern in Deutschland.',2,493),(1878,'Das Passwort kann zurckgesetzt werden.',0,493),(1879,'Ein unbekannter Dritter knnte Ihr Passwort erraten und wichtige Patientinnen- und Patientendaten lschen.',1,494),(1880,'Ein unbekannter Dritter knnte Ihr Passwort erraten und ihr Konto missbrauchen, um beleidigende oder unangemessene Inhalte zu verbreiten.',0,494),(1881,'Ein unbekannter Dritter knnte Ihr Passwort erraten und wichtige Patientinnen- und Patientendaten unbemerkt ndern.',2,494),(1882,'Ich frage meine/n Vorgesetzte/n nach einem Passwort.',0,495),(1883,'Ich whle ein sicheres Passwort.',2,495),(1884,'Ich frage den/die IT-Sicherheitsbeauftrage/n nach einem Passwort.',0,495),(1885,'Um es leicht an Kolleginnen und Kollegen weitergeben zu knnen.',0,496),(1886,'Um sicherzustellen, dass nur autorisierte Personen Zugang zu sensiblen Daten und Informationen haben.',2,496),(1887,'Um es in anderen Konten wiederverwenden zu knnen.',0,496),(1888,'Ich verwende ein schwer zu merkendes Passwort.',0,497),(1889,'Ich verwende eine Kombination aus Buchstaben, Zahlen und Symbolen.',2,497),(1890,'Ich verwende ein langes Passwort mit einer Lnge von mindestens 12 Zeichen oder mehr.',2,497),(1891,'Ich verwende persnliche Informationen wie z. B. meinen Geburtstag.',0,497),(1892,'Ich merke mir das Passwort.',2,498),(1893,'Ich schreibe mir das Passwort auf einen Post-It und bewahre es unter der Tastatur auf.',0,498),(1894,'Ich speichere das Passwort auf meinem Smartphone.',0,498),(1895,'Ich informiere den IT-Sicherheitsbeauftragten ber mein neues Passwort und teile es ihm mit.',0,498),(1896,'Ich nutze einen Passwortmanager.',2,498),(1897,'Szenario 1.',1,499),(1898,'Szenario 2',2,499),(1899,'Szenario 3',0,499),(1900,'Ich habe es an der anonymen Begrung \"Benutzer\", der mir bisher unbekannten Meldung und der hohen Geldforderung erkannt.',2,500),(1901,'Ich habe es an der Aufforderung zum sofortigen Bezahlen, der anonymen Begrung \"Benutzer\" und der Tatsache erkannt, dass Smartphones weniger sicher sind als zum Beispiel Computer.',1,500),(1902,'Ich habe es an der Aufforderung zur sofortigen Bezahlung, dem Medium Smartphone und der Tatsache erkannt, dass Malware eher auf Computern verbreitet wird.',0,500),(1903,'Die Malware kann sensible Inhalte lesen. Dies knnte zum Verlust der Daten fhren.',2,501),(1904,'Die Malware kann sensible Inhalte lesen. Dies knnte zu finanziellem Schaden fr das Unternehmen fhren.',2,501),(1905,'Die Malware knnte sich auf weiteren Gerten verbreiten. Mehrere Gerte knnten unbenutzbar werden, wodurch die Produktivitt des Unternehmens sinken wrde.',0,501),(1906,'Die Malware knnte sensible Informationen vom Gert lesen. Bei ffentlichem Bekanntwerden des Angriffs knnte das Vertrauen der Kunden in das Unternehmen verschwinden.',1,501),(1907,'Handy mit anderem Virenscanner scannen.',1,502),(1908,'Betrag bezahlen um schnell weiter arbeiten zu knnen.',0,502),(1909,'Handy dem Sicherheitsbeauftragten geben.',2,502),(1910,'Malware kann gefhrlich sein, muss es aber nicht. Das ist abhngig vom Endgert. Ich lasse es trotzdem lieber vom Profi beurteilen.',1,503),(1911,'Die Gefahr, dass sich Malware verbreitet ist so hoch, dass dieser Fall fachmnnisch untersucht werden muss.',2,503),(1912,'Malware gibt es nur auf Computern. Auf dem Handy geht davon keine Gefahr aus.',0,503),(1913,'Ich klicke nichts an und bringe das Handy sofort dem Sicherheitsbeauftragten.',2,504),(1914,'Ich nutze das Handy noch bis Feierabend weil ich sonst nicht weiter arbeiten kann und bringe es dann dem Sicherheitsbeauftragten.',0,504),(1915,'Ich schliee das Fenster, schreibe meinen Text noch fertig und bringe das Handy dann dem Sicherheitsbeauftragten.',1,504),(1916,'Ich frage an, ob es einen einheitlichen Virenscanner im Unternehmen fr Smartphones gibt.',2,505),(1917,'Ich frage meinen Chef, wie ich in solchen Situationen vorgehen soll.',1,505),(1918,'Ich frage Kolleg*innen, ob sie auch schon einmal so eine Meldung hatten.',0,505),(1919,'Die App, die ber die URL/den QR Code auf dem Flyer heruntergeladen wird, knnte eine Menge verdeckte Kosten haben, um funktionstchtig zu sein.',0,129),(1920,'Es verhindert automatische Angriffe mit Zugangsdaten aus Leaks.',0,237),(1921,'(F) Die Nummer ist unbekannt, es fehlt ein Profilbild und es gibt eine Warnung im Chat.',0,23);
/*!40000 ALTER TABLE `competence_tests_choiceitem` ENABLE KEYS */;
UNLOCK TABLES;

--
-- Table structure for table `competence_tests_competencedimension`
--

DROP TABLE IF EXISTS `competence_tests_competencedimension`;
/*!40101 SET @saved_cs_client     = @@character_set_client */;
/*!50503 SET character_set_client = utf8mb4 */;
CREATE TABLE `competence_tests_competencedimension` (
  `id` bigint NOT NULL AUTO_INCREMENT,
  `dimension_name` varchar(140) NOT NULL,
  `dimension_description` longtext,
  PRIMARY KEY (`id`)
) ENGINE=InnoDB AUTO_INCREMENT=8 DEFAULT CHARSET=utf8mb4 COLLATE=utf8mb4_0900_ai_ci;
/*!40101 SET character_set_client = @saved_cs_client */;

--
-- Dumping data for table `competence_tests_competencedimension`
--

LOCK TABLES `competence_tests_competencedimension` WRITE;
/*!40000 ALTER TABLE `competence_tests_competencedimension` DISABLE KEYS */;
INSERT INTO `competence_tests_competencedimension` VALUES (1,'Threat Awareness','Lokalisierung von Gefahrenquellen in typischen Handlungssituationen des eigenen Stellenprofils.'),(2,'Threat Identification','Erkennen konkreter, konstitutiver Merkmale der Gefahrenquelle.'),(3,'Threat Impact Assessment','Abwgen/Bewerten der Konsequenzen des Nicht- oder / Fehlhandelns fr Mitarbeiter & Organisation.'),(4,'Tactic Choice','Entscheidung ber die ersten Schritte zur Gefahrenabwehr im eigenen Handlungs- /Verantwortungsbereich.'),(5,'Tactic Justification','Fachliche Begrndung der richtigen Strategie, um einer Bedrohung zu begegnen.'),(6,'Tactic Mastery','Realisierung/Durchfhrung der richtigen Manahme.'),(7,'Tactic Check & Follow-Up','Ergnzende Manahmen zur Wirkungskontrolle (absichernd) oder Prvention (zukunftsorientiert).');
/*!40000 ALTER TABLE `competence_tests_competencedimension` ENABLE KEYS */;
UNLOCK TABLES;

--
-- Table structure for table `competence_tests_competencetest`
--

DROP TABLE IF EXISTS `competence_tests_competencetest`;
/*!40101 SET @saved_cs_client     = @@character_set_client */;
/*!50503 SET character_set_client = utf8mb4 */;
CREATE TABLE `competence_tests_competencetest` (
  `id` bigint NOT NULL AUTO_INCREMENT,
  `job_profile_id` bigint NOT NULL,
  PRIMARY KEY (`id`),
  UNIQUE KEY `job_profile_id` (`job_profile_id`),
  CONSTRAINT `competence_tests_com_job_profile_id_4f7980b9_fk_job_profi` FOREIGN KEY (`job_profile_id`) REFERENCES `job_profiles_jobprofile` (`id`)
) ENGINE=InnoDB AUTO_INCREMENT=9 DEFAULT CHARSET=utf8mb4 COLLATE=utf8mb4_0900_ai_ci;
/*!40101 SET character_set_client = @saved_cs_client */;

--
-- Dumping data for table `competence_tests_competencetest`
--

LOCK TABLES `competence_tests_competencetest` WRITE;
/*!40000 ALTER TABLE `competence_tests_competencetest` DISABLE KEYS */;
INSERT INTO `competence_tests_competencetest` VALUES (1,1),(7,3),(4,4),(5,6),(2,7);
/*!40000 ALTER TABLE `competence_tests_competencetest` ENABLE KEYS */;
UNLOCK TABLES;

--
-- Table structure for table `competence_tests_competencetest_threat_situations`
--

DROP TABLE IF EXISTS `competence_tests_competencetest_threat_situations`;
/*!40101 SET @saved_cs_client     = @@character_set_client */;
/*!50503 SET character_set_client = utf8mb4 */;
CREATE TABLE `competence_tests_competencetest_threat_situations` (
  `id` bigint NOT NULL AUTO_INCREMENT,
  `competencetest_id` bigint NOT NULL,
  `threatsituation_id` bigint NOT NULL,
  PRIMARY KEY (`id`),
  UNIQUE KEY `competence_tests_compete_competencetest_id_threat_3a87ea80_uniq` (`competencetest_id`,`threatsituation_id`),
  KEY `competence_tests_com_threatsituation_id_954c1d58_fk_threats_t` (`threatsituation_id`),
  CONSTRAINT `competence_tests_com_competencetest_id_8dd95a5d_fk_competenc` FOREIGN KEY (`competencetest_id`) REFERENCES `competence_tests_competencetest` (`id`),
  CONSTRAINT `competence_tests_com_threatsituation_id_954c1d58_fk_threats_t` FOREIGN KEY (`threatsituation_id`) REFERENCES `threats_threatsituation` (`id`)
) ENGINE=InnoDB AUTO_INCREMENT=143 DEFAULT CHARSET=utf8mb4 COLLATE=utf8mb4_0900_ai_ci;
/*!40101 SET character_set_client = @saved_cs_client */;

--
-- Dumping data for table `competence_tests_competencetest_threat_situations`
--

LOCK TABLES `competence_tests_competencetest_threat_situations` WRITE;
/*!40000 ALTER TABLE `competence_tests_competencetest_threat_situations` DISABLE KEYS */;
INSERT INTO `competence_tests_competencetest_threat_situations` VALUES (129,1,1),(124,1,3),(116,1,26),(130,1,28),(128,1,53),(110,2,11),(140,2,43),(141,2,44),(142,2,45),(139,2,48),(125,4,16),(82,4,31),(93,4,57),(133,4,58),(134,4,60),(126,5,34),(127,5,35),(87,5,36),(135,5,37),(136,5,38),(138,7,63),(137,7,65),(119,7,66),(120,7,67),(102,7,72);
/*!40000 ALTER TABLE `competence_tests_competencetest_threat_situations` ENABLE KEYS */;
UNLOCK TABLES;

--
-- Table structure for table `competence_tests_competencetestitem`
--

DROP TABLE IF EXISTS `competence_tests_competencetestitem`;
/*!40101 SET @saved_cs_client     = @@character_set_client */;
/*!50503 SET character_set_client = utf8mb4 */;
CREATE TABLE `competence_tests_competencetestitem` (
  `id` bigint NOT NULL AUTO_INCREMENT,
  `competence_dimension_id` bigint NOT NULL,
  `impulse_item_id` bigint DEFAULT NULL,
  `threat_situation_id` bigint NOT NULL,
  PRIMARY KEY (`id`),
  KEY `competence_tests_com_competence_dimension_4e7a5aeb_fk_competenc` (`competence_dimension_id`),
  KEY `competence_tests_com_impulse_item_id_692e0e8d_fk_competenc` (`impulse_item_id`),
  KEY `competence_tests_com_threat_situation_id_143e0877_fk_threats_t` (`threat_situation_id`),
  CONSTRAINT `competence_tests_com_competence_dimension_4e7a5aeb_fk_competenc` FOREIGN KEY (`competence_dimension_id`) REFERENCES `competence_tests_competencedimension` (`id`),
  CONSTRAINT `competence_tests_com_impulse_item_id_692e0e8d_fk_competenc` FOREIGN KEY (`impulse_item_id`) REFERENCES `competence_tests_impulse` (`id`),
  CONSTRAINT `competence_tests_com_threat_situation_id_143e0877_fk_threats_t` FOREIGN KEY (`threat_situation_id`) REFERENCES `threats_threatsituation` (`id`)
) ENGINE=InnoDB AUTO_INCREMENT=504 DEFAULT CHARSET=utf8mb4 COLLATE=utf8mb4_0900_ai_ci;
/*!40101 SET character_set_client = @saved_cs_client */;

--
-- Dumping data for table `competence_tests_competencetestitem`
--

LOCK TABLES `competence_tests_competencetestitem` WRITE;
/*!40000 ALTER TABLE `competence_tests_competencetestitem` DISABLE KEYS */;
INSERT INTO `competence_tests_competencetestitem` VALUES (1,1,1,1),(2,2,NULL,1),(3,3,NULL,1),(4,4,NULL,1),(5,5,NULL,1),(6,6,NULL,1),(7,7,NULL,1),(8,1,2,2),(9,1,3,3),(10,2,NULL,3),(11,3,NULL,3),(12,4,NULL,3),(13,5,NULL,3),(14,6,NULL,3),(15,7,NULL,3),(16,2,NULL,2),(17,3,NULL,2),(18,4,NULL,2),(19,5,NULL,2),(20,6,NULL,2),(21,7,NULL,2),(30,1,5,5),(31,2,NULL,5),(32,3,NULL,5),(33,4,NULL,5),(34,5,NULL,5),(35,6,NULL,5),(36,7,NULL,5),(66,1,10,11),(67,2,NULL,11),(68,3,NULL,11),(69,4,NULL,11),(70,5,NULL,11),(71,6,NULL,11),(72,7,NULL,11),(101,1,16,16),(102,2,NULL,16),(103,3,NULL,16),(104,4,NULL,16),(105,5,NULL,16),(106,6,NULL,16),(107,7,NULL,16),(108,1,15,17),(109,2,NULL,17),(110,3,NULL,17),(111,4,NULL,17),(112,5,NULL,17),(113,6,NULL,17),(114,7,NULL,17),(172,1,26,26),(173,2,NULL,26),(174,3,NULL,26),(175,4,NULL,26),(176,5,NULL,26),(177,6,NULL,26),(178,7,NULL,26),(179,1,27,28),(180,2,NULL,28),(181,3,NULL,28),(182,4,NULL,28),(183,5,NULL,28),(184,6,NULL,28),(185,7,NULL,28),(186,1,29,30),(187,2,NULL,30),(188,3,NULL,30),(189,4,NULL,30),(190,5,NULL,30),(191,6,NULL,30),(192,7,NULL,30),(193,1,83,31),(194,2,NULL,31),(195,3,NULL,31),(196,4,NULL,31),(197,5,NULL,31),(198,6,NULL,31),(199,7,NULL,31),(200,1,30,32),(201,2,NULL,32),(202,3,NULL,32),(203,4,NULL,32),(206,5,NULL,32),(214,1,32,34),(215,2,NULL,34),(216,3,NULL,34),(217,4,NULL,34),(218,5,NULL,34),(219,6,NULL,34),(220,7,NULL,34),(221,1,33,35),(222,2,NULL,35),(223,3,NULL,35),(224,4,NULL,35),(225,5,NULL,35),(226,6,NULL,35),(227,7,NULL,35),(228,1,34,36),(229,2,NULL,36),(230,3,NULL,36),(231,4,NULL,36),(232,5,NULL,36),(233,6,NULL,36),(234,7,NULL,36),(235,1,35,37),(236,2,NULL,37),(237,3,NULL,37),(238,4,NULL,37),(239,5,NULL,37),(240,6,NULL,37),(241,7,NULL,37),(242,1,36,38),(243,2,NULL,38),(244,3,NULL,38),(245,4,NULL,38),(246,5,NULL,38),(247,6,NULL,38),(248,7,NULL,38),(249,1,37,39),(250,2,NULL,39),(251,3,NULL,39),(252,4,NULL,39),(253,5,NULL,39),(254,6,NULL,39),(255,7,NULL,39),(256,1,39,41),(257,2,NULL,41),(258,3,NULL,41),(259,4,NULL,41),(260,5,NULL,41),(261,6,NULL,41),(262,7,NULL,41),(263,1,40,42),(264,2,NULL,42),(265,3,NULL,42),(266,4,NULL,42),(267,5,NULL,42),(268,6,NULL,42),(269,7,NULL,42),(270,1,6,43),(271,2,NULL,43),(272,3,NULL,43),(273,4,NULL,43),(274,5,NULL,43),(275,6,NULL,43),(276,7,NULL,43),(277,1,42,44),(278,2,NULL,44),(279,3,NULL,44),(280,4,NULL,44),(281,5,NULL,44),(282,6,NULL,44),(283,7,NULL,44),(284,1,43,45),(285,2,NULL,45),(286,3,NULL,45),(287,4,NULL,45),(288,5,NULL,45),(289,6,NULL,45),(290,7,NULL,45),(291,1,44,46),(292,2,NULL,46),(293,3,NULL,46),(294,4,NULL,46),(295,5,NULL,46),(296,6,NULL,46),(297,7,NULL,46),(298,1,46,48),(299,2,NULL,48),(300,3,NULL,48),(301,4,NULL,48),(302,5,NULL,48),(303,6,NULL,48),(304,7,NULL,48),(313,2,NULL,50),(314,3,NULL,50),(315,4,NULL,50),(316,5,NULL,50),(317,6,NULL,50),(318,7,NULL,50),(320,2,NULL,51),(321,3,NULL,51),(322,4,NULL,51),(323,5,NULL,51),(324,6,NULL,51),(325,7,NULL,51),(326,1,50,52),(327,2,NULL,52),(328,3,NULL,52),(329,4,NULL,52),(330,5,NULL,52),(331,6,NULL,52),(332,7,NULL,52),(334,2,NULL,53),(335,3,NULL,53),(336,4,NULL,53),(337,5,NULL,53),(338,6,NULL,53),(339,7,NULL,53),(340,1,73,54),(341,2,NULL,54),(342,3,NULL,54),(343,4,NULL,54),(344,5,NULL,54),(345,6,NULL,54),(346,7,NULL,54),(354,1,54,56),(355,2,NULL,56),(356,3,NULL,56),(357,4,NULL,56),(358,5,NULL,56),(359,6,NULL,56),(360,7,NULL,56),(362,2,NULL,57),(363,3,NULL,57),(364,4,NULL,57),(365,5,NULL,57),(366,6,NULL,57),(367,7,NULL,57),(369,2,NULL,58),(370,3,NULL,58),(371,4,NULL,58),(372,5,NULL,58),(373,6,NULL,58),(374,7,NULL,58),(376,2,NULL,59),(377,3,NULL,59),(378,4,NULL,59),(379,5,NULL,59),(380,6,NULL,59),(381,7,NULL,59),(382,1,58,60),(383,2,NULL,60),(384,3,NULL,60),(385,4,NULL,60),(386,5,NULL,60),(387,6,NULL,60),(388,7,NULL,60),(389,1,59,61),(390,2,NULL,61),(391,3,NULL,61),(392,4,NULL,61),(393,5,NULL,61),(394,6,NULL,61),(395,7,NULL,61),(396,1,60,62),(397,2,NULL,62),(398,3,NULL,62),(399,4,NULL,62),(400,5,NULL,62),(401,6,NULL,62),(402,7,NULL,62),(403,1,61,63),(404,2,NULL,63),(405,3,NULL,63),(406,4,NULL,63),(407,5,NULL,63),(408,6,NULL,63),(409,7,NULL,63),(410,1,62,65),(412,2,NULL,65),(413,3,NULL,65),(414,4,NULL,65),(415,5,NULL,65),(416,6,NULL,65),(417,7,NULL,65),(418,1,63,66),(419,2,NULL,66),(420,3,NULL,66),(421,4,NULL,66),(422,5,NULL,66),(423,6,NULL,66),(424,7,NULL,66),(425,1,64,67),(426,2,NULL,67),(427,3,NULL,67),(428,4,NULL,67),(429,5,NULL,67),(430,6,NULL,67),(431,7,NULL,67),(432,1,65,70),(433,2,66,70),(434,3,NULL,70),(435,4,NULL,70),(436,5,NULL,70),(437,6,NULL,70),(438,7,NULL,70),(439,1,80,72),(441,3,NULL,72),(442,4,NULL,72),(443,5,NULL,72),(444,6,NULL,72),(445,7,NULL,72),(446,1,69,69),(447,2,NULL,69),(448,3,NULL,69),(449,4,NULL,69),(450,5,NULL,69),(451,6,NULL,69),(452,7,NULL,69),(453,1,70,73),(454,2,71,73),(455,3,NULL,73),(456,4,NULL,73),(457,5,NULL,73),(458,6,NULL,73),(459,7,NULL,73),(460,6,NULL,32),(461,7,NULL,32),(462,1,72,74),(463,2,NULL,74),(464,3,NULL,74),(465,4,NULL,74),(466,5,NULL,74),(467,6,NULL,74),(468,7,NULL,74),(469,1,38,40),(470,2,NULL,40),(471,3,NULL,40),(472,4,NULL,40),(473,5,NULL,40),(474,6,NULL,40),(475,7,NULL,40),(476,1,4,53),(477,1,74,57),(478,1,75,58),(479,1,76,50),(480,1,77,51),(481,1,78,59),(482,1,79,75),(483,2,NULL,75),(484,3,NULL,75),(485,4,NULL,75),(486,5,NULL,75),(487,6,NULL,75),(488,7,NULL,75),(489,1,47,49),(490,2,NULL,49),(491,3,NULL,49),(492,4,NULL,49),(493,5,NULL,49),(494,6,NULL,49),(495,7,NULL,49),(496,1,82,20),(497,2,NULL,20),(498,3,NULL,20),(499,4,NULL,20),(500,5,NULL,20),(501,6,NULL,20),(502,7,NULL,20),(503,2,NULL,72);
/*!40000 ALTER TABLE `competence_tests_competencetestitem` ENABLE KEYS */;
UNLOCK TABLES;

--
-- Table structure for table `competence_tests_competencetestitem_question_item`
--

DROP TABLE IF EXISTS `competence_tests_competencetestitem_question_item`;
/*!40101 SET @saved_cs_client     = @@character_set_client */;
/*!50503 SET character_set_client = utf8mb4 */;
CREATE TABLE `competence_tests_competencetestitem_question_item` (
  `id` bigint NOT NULL AUTO_INCREMENT,
  `competencetestitem_id` bigint NOT NULL,
  `questionitem_id` bigint NOT NULL,
  PRIMARY KEY (`id`),
  UNIQUE KEY `competence_tests_compete_competencetestitem_id_qu_b04fd1b5_uniq` (`competencetestitem_id`,`questionitem_id`),
  KEY `competence_tests_com_questionitem_id_2d59299d_fk_competenc` (`questionitem_id`),
  CONSTRAINT `competence_tests_com_competencetestitem_i_2611a1bb_fk_competenc` FOREIGN KEY (`competencetestitem_id`) REFERENCES `competence_tests_competencetestitem` (`id`),
  CONSTRAINT `competence_tests_com_questionitem_id_2d59299d_fk_competenc` FOREIGN KEY (`questionitem_id`) REFERENCES `competence_tests_questionitem` (`id`)
) ENGINE=InnoDB AUTO_INCREMENT=538 DEFAULT CHARSET=utf8mb4 COLLATE=utf8mb4_0900_ai_ci;
/*!40101 SET character_set_client = @saved_cs_client */;

--
-- Dumping data for table `competence_tests_competencetestitem_question_item`
--

LOCK TABLES `competence_tests_competencetestitem_question_item` WRITE;
/*!40000 ALTER TABLE `competence_tests_competencetestitem_question_item` DISABLE KEYS */;
INSERT INTO `competence_tests_competencetestitem_question_item` VALUES (1,1,1),(2,2,2),(3,3,3),(4,4,4),(5,5,5),(6,6,6),(7,7,7),(22,8,8),(9,9,15),(10,10,16),(11,11,17),(12,12,18),(13,13,5),(14,14,20),(15,15,21),(16,16,9),(17,17,10),(18,18,11),(19,19,12),(20,20,13),(21,21,14),(31,30,29),(32,31,30),(33,32,31),(34,33,32),(35,34,33),(36,35,34),(37,36,35),(67,66,64),(68,67,65),(69,68,66),(70,69,67),(71,70,68),(72,71,69),(73,72,70),(102,101,99),(103,102,100),(104,103,101),(105,104,102),(106,105,103),(107,106,104),(108,107,105),(109,108,106),(110,109,107),(111,110,108),(468,111,109),(113,112,110),(114,113,111),(115,114,112),(173,172,169),(174,173,170),(175,174,171),(176,175,172),(177,176,173),(178,177,174),(179,178,175),(180,179,176),(181,180,177),(182,181,178),(183,182,179),(184,183,180),(185,184,181),(186,185,182),(187,186,191),(188,187,192),(189,188,193),(190,189,194),(191,190,195),(192,191,196),(193,192,197),(194,193,198),(195,194,199),(196,195,200),(197,196,201),(198,197,202),(199,198,203),(200,199,204),(201,200,205),(202,201,206),(203,202,207),(204,203,208),(207,206,209),(215,214,219),(216,215,220),(217,216,221),(471,217,222),(219,218,223),(220,219,224),(221,220,225),(222,221,232),(223,222,226),(224,223,227),(225,224,228),(226,225,229),(227,226,230),(228,227,231),(229,228,233),(230,229,234),(231,230,235),(232,231,236),(233,232,237),(234,233,238),(235,234,239),(236,235,240),(237,236,241),(238,237,242),(239,238,243),(240,239,244),(241,240,245),(242,241,246),(243,242,247),(244,243,248),(245,244,249),(246,245,250),(247,246,251),(248,247,252),(249,248,253),(250,249,254),(251,250,255),(252,251,256),(253,252,257),(254,253,258),(255,254,259),(256,255,260),(257,256,268),(258,257,269),(259,258,270),(260,259,271),(261,260,272),(262,261,273),(264,262,274),(265,263,275),(266,264,276),(267,265,277),(268,266,278),(269,267,279),(270,268,280),(271,269,281),(479,270,36),(480,271,37),(481,272,38),(482,273,39),(483,274,40),(484,275,41),(485,276,42),(279,277,289),(280,278,290),(281,279,291),(282,280,292),(283,281,293),(284,282,294),(285,283,295),(486,284,50),(462,285,51),(463,286,52),(464,287,53),(465,288,54),(466,289,55),(467,290,56),(293,291,303),(294,292,304),(295,293,305),(296,294,306),(297,295,307),(298,296,308),(299,297,309),(300,298,317),(301,299,318),(302,300,319),(303,301,320),(304,302,321),(305,303,322),(306,304,323),(315,313,332),(316,314,333),(317,315,334),(318,316,335),(319,317,336),(320,318,337),(322,320,339),(323,321,340),(324,322,341),(325,323,342),(326,324,343),(327,325,344),(328,326,345),(329,327,346),(330,328,347),(331,329,348),(332,330,349),(333,331,350),(334,332,351),(473,334,23),(474,335,24),(475,336,25),(478,337,26),(476,338,27),(477,339,28),(342,340,359),(343,341,360),(344,342,361),(345,343,362),(346,344,363),(347,345,364),(348,346,365),(356,354,373),(357,355,374),(358,356,375),(359,357,376),(360,358,377),(361,359,378),(362,360,379),(364,362,381),(365,363,382),(366,364,383),(367,365,384),(368,366,385),(369,367,386),(371,369,388),(372,370,389),(373,371,390),(374,372,391),(375,373,392),(376,374,393),(513,376,486),(512,377,487),(511,378,488),(510,379,489),(508,380,490),(509,381,491),(384,382,401),(385,383,402),(386,384,403),(387,385,404),(388,386,405),(389,387,406),(390,388,407),(391,389,408),(392,390,409),(393,391,410),(394,392,411),(395,393,412),(396,394,413),(397,395,414),(398,396,415),(399,397,416),(400,398,417),(401,399,418),(402,400,419),(403,401,420),(404,402,421),(405,403,422),(406,404,423),(407,405,424),(408,406,425),(409,407,426),(410,408,427),(411,409,428),(412,410,429),(414,412,430),(415,413,431),(416,414,432),(417,415,433),(418,416,434),(419,417,435),(420,418,436),(421,419,437),(422,420,438),(423,421,439),(424,422,440),(425,423,441),(426,424,442),(427,425,443),(428,426,444),(429,427,3),(430,428,446),(431,429,447),(432,430,448),(433,431,449),(434,432,457),(435,433,458),(436,434,459),(437,435,460),(438,436,461),(439,437,462),(440,438,463),(441,439,464),(443,441,466),(444,442,467),(445,443,468),(446,444,469),(447,445,470),(448,446,450),(449,447,451),(450,448,452),(451,449,453),(452,450,454),(453,451,455),(454,452,456),(455,453,471),(456,454,472),(457,455,473),(458,456,474),(459,457,475),(460,458,476),(461,459,477),(469,460,210),(470,461,211),(487,462,478),(488,463,479),(489,464,480),(490,465,481),(491,466,482),(492,467,483),(493,468,484),(494,469,261),(495,470,262),(496,471,263),(497,472,264),(498,473,265),(499,474,266),(500,475,267),(501,476,22),(502,477,380),(503,478,387),(504,479,331),(505,480,338),(506,481,485),(514,482,492),(515,483,493),(516,484,494),(517,485,495),(518,486,496),(519,487,497),(520,488,498),(536,489,499),(522,490,500),(523,491,501),(524,492,502),(525,493,503),(526,494,504),(527,495,505),(528,496,127),(529,497,128),(530,498,129),(531,499,130),(532,500,131),(533,501,132),(534,502,133),(537,503,465);
/*!40000 ALTER TABLE `competence_tests_competencetestitem_question_item` ENABLE KEYS */;
UNLOCK TABLES;

--
-- Table structure for table `competence_tests_emailimpulse`
--

DROP TABLE IF EXISTS `competence_tests_emailimpulse`;
/*!40101 SET @saved_cs_client     = @@character_set_client */;
/*!50503 SET character_set_client = utf8mb4 */;
CREATE TABLE `competence_tests_emailimpulse` (
  `impulse_ptr_id` bigint NOT NULL,
  `impulse_text` varchar(800) DEFAULT NULL,
  PRIMARY KEY (`impulse_ptr_id`),
  CONSTRAINT `competence_tests_ema_impulse_ptr_id_717cee83_fk_competenc` FOREIGN KEY (`impulse_ptr_id`) REFERENCES `competence_tests_impulse` (`id`)
) ENGINE=InnoDB DEFAULT CHARSET=utf8mb4 COLLATE=utf8mb4_0900_ai_ci;
/*!40101 SET character_set_client = @saved_cs_client */;

--
-- Dumping data for table `competence_tests_emailimpulse`
--

LOCK TABLES `competence_tests_emailimpulse` WRITE;
/*!40000 ALTER TABLE `competence_tests_emailimpulse` DISABLE KEYS */;
INSERT INTO `competence_tests_emailimpulse` VALUES (3,'Schauen Sie sich die dargestellen E-Mails bitte genau an und lassen sich erst danach die erste Frage zu der ITS-Bedrohungssituation anzeigen.'),(5,'Schauen Sie sich die dargestellen E-Mails bitte genau an und lassen sich erst danach die erste Frage zu der ITS-Bedrohungssituation anzeigen.'),(6,'Schauen Sie sich die dargestellen E-Mails bitte genau an und lassen sich erst danach die erste Frage zu der ITS-Bedrohungssituation anzeigen.'),(15,'Schauen Sie sich die dargestellen E-Mails bitte genau an und lassen sich erst danach die erste Frage zu der ITS-Bedrohungssituation anzeigen.'),(62,'Schauen Sie sich die dargestellten E-Mails bitte genau an und lassen Sie sich erst danach die erste Frage zu der ITS-Bedrohungssituation anzeigen.'),(69,'Schauen Sie sich die dargestellten E-Mails bitte genau an und lassen Sie sich erst danach die erste Frage zu der ITS-Bedrohungssituation anzeigen.'),(73,'Schauen Sie sich die dargestellten E-Mails bitte genau an und lassen Sie sich erst danach die erste Frage zu der ITS-Bedrohungssituation anzeigen.'),(78,NULL),(80,NULL);
/*!40000 ALTER TABLE `competence_tests_emailimpulse` ENABLE KEYS */;
UNLOCK TABLES;

--
-- Table structure for table `competence_tests_emailimpulse_email`
--

DROP TABLE IF EXISTS `competence_tests_emailimpulse_email`;
/*!40101 SET @saved_cs_client     = @@character_set_client */;
/*!50503 SET character_set_client = utf8mb4 */;
CREATE TABLE `competence_tests_emailimpulse_email` (
  `id` bigint NOT NULL AUTO_INCREMENT,
  `emailimpulse_id` bigint NOT NULL,
  `emailitem_id` bigint NOT NULL,
  PRIMARY KEY (`id`),
  UNIQUE KEY `competence_tests_emailim_emailimpulse_id_emailite_4a3171eb_uniq` (`emailimpulse_id`,`emailitem_id`),
  KEY `competence_tests_ema_emailitem_id_403e202a_fk_competenc` (`emailitem_id`),
  CONSTRAINT `competence_tests_ema_emailimpulse_id_a7d52e8f_fk_competenc` FOREIGN KEY (`emailimpulse_id`) REFERENCES `competence_tests_emailimpulse` (`impulse_ptr_id`),
  CONSTRAINT `competence_tests_ema_emailitem_id_403e202a_fk_competenc` FOREIGN KEY (`emailitem_id`) REFERENCES `competence_tests_emailitem` (`id`)
) ENGINE=InnoDB AUTO_INCREMENT=33 DEFAULT CHARSET=utf8mb4 COLLATE=utf8mb4_0900_ai_ci;
/*!40101 SET character_set_client = @saved_cs_client */;

--
-- Dumping data for table `competence_tests_emailimpulse_email`
--

LOCK TABLES `competence_tests_emailimpulse_email` WRITE;
/*!40000 ALTER TABLE `competence_tests_emailimpulse_email` DISABLE KEYS */;
INSERT INTO `competence_tests_emailimpulse_email` VALUES (1,3,1),(2,3,2),(3,3,3),(4,5,4),(5,5,5),(6,5,6),(9,6,7),(7,6,8),(8,6,9),(10,15,10),(11,15,11),(12,15,12),(16,62,16),(17,62,17),(18,62,18),(19,69,19),(20,69,20),(21,69,21),(23,73,22),(24,73,23),(22,73,24),(25,78,25),(26,78,26),(27,78,27),(28,80,28),(29,80,29),(30,80,30);
/*!40000 ALTER TABLE `competence_tests_emailimpulse_email` ENABLE KEYS */;
UNLOCK TABLES;

--
-- Table structure for table `competence_tests_emailitem`
--

DROP TABLE IF EXISTS `competence_tests_emailitem`;
/*!40101 SET @saved_cs_client     = @@character_set_client */;
/*!50503 SET character_set_client = utf8mb4 */;
CREATE TABLE `competence_tests_emailitem` (
  `id` bigint NOT NULL AUTO_INCREMENT,
  `email_sender` varchar(140) DEFAULT NULL,
  `email_recipient` varchar(140) DEFAULT NULL,
  `email_regarding` varchar(140) DEFAULT NULL,
  `email_content` longtext,
  `email_image_sender` varchar(100) DEFAULT NULL,
  `email_date` time(6) NOT NULL,
  `email_teaser` longtext,
  `email_is_signed_image` varchar(100) DEFAULT NULL,
  `threat_situation_id` bigint DEFAULT NULL,
  `impulse_number` varchar(140) DEFAULT NULL,
  PRIMARY KEY (`id`),
  KEY `competence_tests_ema_threat_situation_id_3c3f8b96_fk_threats_t` (`threat_situation_id`),
  CONSTRAINT `competence_tests_ema_threat_situation_id_3c3f8b96_fk_threats_t` FOREIGN KEY (`threat_situation_id`) REFERENCES `threats_threatsituation` (`id`)
) ENGINE=InnoDB AUTO_INCREMENT=33 DEFAULT CHARSET=utf8mb4 COLLATE=utf8mb4_0900_ai_ci;
/*!40101 SET character_set_client = @saved_cs_client */;

--
-- Dumping data for table `competence_tests_emailitem`
--

LOCK TABLES `competence_tests_emailitem` WRITE;
/*!40000 ALTER TABLE `competence_tests_emailitem` DISABLE KEYS */;
INSERT INTO `competence_tests_emailitem` VALUES (1,'lukas.maier2000@gmail.com','Christian Mller','Angebot fr 2022','Hallo, hier ist das Dokument, nach dem Sie gefragt haben. Melden Sie sich bitte, falls Sie noch Fragen haben.\r\nLukas Mller hat einen Link freigegeben:\r\n\r\n<a href=\"#\" style=\"color: #007bff; text-decoration: underline;\">http://www1.drive-google.ru/lukas.maier/angebot/</a>\r\n\r\nViele Gre\r\nLukas Maier\r\nArneo GmbH','','20:13:46.000000','Hallo, hier ist das Dokument, nach dem Sie gefragt haben. Melden Sie sich bitte, falls Sie noch Fragen haben.\r\nLukas Mller hat einen Link freigegeben:','',3,'E-Mail 1'),(2,'christian.schlosser22@gmail.com','Christian Mller','Deine Angestelltenakte','Hallo, Herr Mller, nicht wundern, ich habe Probleme mit unserem Firmenpostfach. Ich aktualisiere Ihre Angestelltenakte und muss sicherstellen, dass Ihr Geburtsdatum und Ihre Wohnadresse noch aktuell sind.\r\nKnnen Sie mir das so schnell wie mglich zukommen lassen?\r\n\r\nFreundliche Gre\r\nChristina Schlosser\r\nHuman Resources Department\r\nchristina.schlosser@arneo.com','','20:31:14.000000','Hallo, Herr Mller, nicht wundern, ich habe Probleme mit unserem Firmenpostfach. Ich aktualisiere Ihre Angestelltenakte und muss sicherstellen, dass Ihr Geburtsdatum und Ihre Wohnadresse noch aktuell sind.','',3,'E-Mail 2'),(3,'mark.kistner@arneo.com','Christian Mller','Telefonnummer','Hi, kannst du mir bitte deine private Nummer schicken - ich mchte dich um einen Gefallen bitten.','','20:32:29.000000','Hi, kannst du mir bitte deine private Nummer schicken - ich mchte dich um einen Gefallen bitten.','',3,'E-Mail 3'),(4,'anna.brand@gmail.com','Sven Mller','Plankosten','Guten Tag, \r\n\r\nanbei finden Sie die vorlufigen Plankosten 2022 zur Prfung. \r\n\r\nBitte melden Sie sich unmittelbar, wenn Korrekturen vorgenommen werden sollen. \r\n\r\n<a href=\"#\" style=\"color: #007bff; text-decoration: underline;\">http://personal.pt/t/f8k5talbrxxe/Plankosten2022.xlsx</a>\r\n\r\nDanke und viele Gre\r\nAnna Brand\r\nAbteilung Buchhaltung & Finanzen\r\nanna.brand@arneo.com','','14:16:09.000000','Guten Tag, anbei finden Sie die vorlufigen Plankosten 2022 zur Prfung. Bitte melden Sie sich unmittelbar, wenn Korrekturen vorgenommen werden sollen.','',5,'E-Mail 1'),(5,'denise.miller@gmail.com','Sven Mller','Updated INV# 312821','Hello,\r\nPlease see the attached invoice.\r\n\r\n<a href=\"#\" style=\"color: #007bff; text-decoration: underline;\">http://www1.drive-google.com/denise.miller8328/INV312821.html</a>\r\n\r\nDenise Miller','','14:17:35.000000','Hello,\r\nPlease see the attached invoice.','',5,'E-Mail 2'),(6,'anna.brand@arneo.com','Sven Mller','Nutzung dienstliche E-Mail','Guten Tag, \r\n\r\ndamit kostbare Ressourcen geschont werden, soll in allen Arbeitsbereichen der Einsatz von Papierausdrucken reduziert werden. \r\nDer Informationsaustausch in elektronischer Form wird daher weiter ausgebaut. Weitere Informationen entnehmen Sie bitte folgendem PDF-Dokument: \r\n\r\n<a href=\"#\" style=\"color: #007bff; text-decoration: underline;\">https://mydocs.xtech.com/sites/281/Informationen_zu_Papierausdruck.pdf</a>\r\n\r\nMit freundlichen Gren\r\nIhre Abteilung Buchhaltung & Finanzen','','14:18:31.000000','Guten Tag, damit kostbare Ressourcen geschont werden, soll in allen Arbeitsbereichen der Einsatz von Papierausdrucken reduziert werden','',5,'E-Mail 3'),(7,'sven.mueller@gmail.com','Sebastian Schmidt','Ausstellungsmessen fr die smarten Ventilatoren','Guten Tag, anbei finden Sie die die weiteren Ausstellungsmessen, auf denen wir unsere smarten Ventilatoren prsentieren und Kunden akquirieren knnen. Bitte melden Sie sich unmittelbar, wenn Sie auf eine der genannten Messen nicht vor Ort sein knnen.\r\n\r\n<a href=\"#\" style=\"color: #007bff; text-decoration: underline;\">http://personal.pt/t/f8k5talbrxxe/Austellungsmessen2022.xlsx</a>\r\n\r\nDanke und viele Gre\r\nSven Mller\r\nAbteilung Vertrieb & Marketing\r\nsven.mueller@arneo.com','','14:24:08.000000','Guten Tag, anbei finden Sie die die weiteren Ausstellungsmessen, auf denen wir unsere smarten Ventilatoren prsentieren und Kunden akquirieren knnen. Bitte melden Sie sich unmittelbar, wenn Sie auf eine der genannten Messen nicht vor Ort sein knnen.','',43,'E-Mail 1'),(8,'denise.miller@gmail.com','Sebastian Schmidt','Updated INV# 312821','Hello,\r\nPlease see the attached invoice.\r\n\r\n<a href=\"#\" style=\"color: #007bff; text-decoration: underline;\">http://www1.drive-google.com/denise.miller8328/INV312821.html</a>\r\n\r\nDenise Miller','','14:25:14.000000','Hello,\r\nPlease see the attached invoice.','',43,'E-Mail 2'),(9,'anna.brand@arneo.com','Sebastian Schmidt','Nutzung dienstliche E-Mail','Guten Tag, damit kostbare Ressourcen geschont werden, soll in allen Arbeitsbereichen der Einsatz von Papierausdrucken reduziert werden. Der Informationsaustausch in elektronischer Form wird daher weiter ausgebaut. Weitere Informationen entnehmen Sie bitte folgendem PDF-Dokument: \r\n\r\n<a href=\"#\" style=\"color: #007bff; text-decoration: underline;\">https://mydocs.xtech.com/sites/281/Informationen_zu_Papierausdruck.pdf</a>\r\n\r\nMit freundlichen Gren\r\nIhre Abteilung Buchhaltung & Finanzen','','14:26:09.000000','Guten Tag, damit kostbare Ressourcen geschont werden, soll in allen Arbeitsbereichen der Einsatz von Papierausdrucken reduziert werden. Der Informationsaustausch in elektronischer Form wird daher weiter ausgebaut.','',43,'E-Mail 3'),(10,'f.schuhmann@gmx.de','Frau Blitz','Apero Einladung','Hallo Frau Blitz,\r\nvielen Dank fr die gute Zusammenarbeit in den letzten Monaten. Das Projekt \"Smarte Ventilatoren\" war ein voller Erfolg, weshalb ich gerne im Anschluss des nchsten Meetings zu einem Apro einladen mchte.\r\n\r\nZur Terminplanung bitte hier klicken: <a href=\"#\" style=\"color: #007bff; text-decoration: underline;\">https://terminplaner.dfn.de//NSD(BSAm2qnleyayNIP</a>\r\n\r\nMit den besten Gren\r\nFabian Schuhmann \r\nGeschftsfhrer \r\nfabian.schuhmann@arneo.com','','06:00:00.000000','Hallo Frau Blitz,\r\nvielen Dank fr die gute Zusammenarbeit in den letzten Monaten. Das Projekt \"Smarte Ventilatoren\" war ein voller Erfolg, weshalb ich gerne im Anschluss des nchsten Meetings zu einem Apro einladen mchte.','',17,'E-Mail 1'),(11,'fabian.schuhmann@arneo.com','Frau Blitz','Prsentation der Verkaufszahlen','Liebes Projektteam, \r\nvielen Dank fr die gute Zusammenarbeit in den letzten Monaten. Das Projekt \"Smarte Ventilatoren\" war ein voller Erfolg, weshalb ich Ihnen gerne im nchsten Meeeting die Verkaufszahlen prsentieren mchte. \r\nIch danke Ihnen im Namen der ganzen Arneo GmbH fr Ihren Einsatz!\r\n\r\nMit den besten Gren \r\nFabian Schuhmann \r\nGeschftsfhrer\r\nfabian.schuhmann@arneo.com','','14:37:58.000000','Liebes Projektteam, \r\nvielen Dank fr die gute Zusammenarbeit in den letzten Monaten. Das Projekt \"Smarte Ventilatoren\" war ein voller Erfolg, weshalb ich Ihnen gerne im nchsten Meeeting die Verkaufszahlen prsentieren mchte.','',17,'E-Mail 2'),(12,'fabian.schuhmann@gmx.ru','Frau Blitz','Erfolgreiches Projekt','Hallo Frau Blitz, \r\nvielen Dank fr die gute Zusammenarbeit in den letzten Monaten. Das Projekt \"Smarte Ventilatoren\" war ein voller Erfolg, weshalb ich Ihnen gerne die Verkaufszahlen prsentieren mchte. \r\nHierzu klicken Sie bitte auf den folgenden Link. \r\n\r\n<a href=\"#\" style=\"color: #007bff; text-decoration: underline;\">http://www1.drive-google.ru/arneogmbh/verkaufszahlen/</a>\r\n\r\nMit den besten Gren \r\nFabian Schuhmann \r\nGeschftsfhrer \r\nfabian.schuhmann@arneo.com','','14:43:37.000000','Hallo Frau Blitz, \r\nvielen Dank fr die gute Zusammenarbeit in den letzten Monaten. Das Projekt \"Smarte Ventilatoren\" war ein voller Erfolg, weshalb ich Ihnen gerne die Verkaufszahlen prsentieren mchte.','',17,'E-Mail 3'),(16,'IT-Bot@gmail.com','maria.arneo@arneo.com','Problem mit Passwort','Guten Morgen,\r\ndies ist eine automatisch generierte Nachricht aus Ihrer IT-Abteilung. Es hat verdchtige Unregelmigkeiten im Log-In Ihres Cloud-Zugangs gegeben. Bitte klicken Sie <a href=\"#\" style=\"color: #007bff; text-decoration: underline;\">hier</a>, um Ihr Passwort zu erneuern.\r\n\r\n\r\nMit freundlichen Gren\r\nIhre IT-Abteilung','','11:54:00.000000','Guten Morgen,\r\ndies ist eine automatisch generierte Nachricht aus Ihrer IT-Abteilung.','',65,'E-Mail 1'),(17,'j.mller@it_arneo.com','maria.arneo@arneo.com','Problem mit Paswort','Sehr geehrte Frau Arneo,\r\n\r\nmein Name ist Joachim Mller und ich bin Teil der IT-Abteilung. Es hat verdchtige Unregelmigkeiten im Log-In ihres Cloud-Zugangs gegeben.\r\n\r\nBitte kontaktieren Sie mich telefonisch unter +49 040 73206783.\r\n\r\nMit freundlichen Gren\r\nJoachim Mller','','11:54:00.000000','Sehr geehrte Frau Arneo,\r\n\r\nmein Name ist Joachim Mller und ich bin Teil der IT-Abteilung. Es hat verdchtige Unregelmigkeiten im Log-In ihres Cloud-Zugangs gegeben.','',65,'E-Mail 2'),(18,'j.mller@it_arneo.com','maria.arneo@arneo.com','Problem mit Passwort','Sehr geehrter Frau Arneo,\r\n\r\nmein Name ist Joachim Mller und ich bin Teil der IT-Abteilung. Es hat verdchtige Unregelmigkeiten im Log-In ihres Cloud-Zugangs gegeben.\r\nBitte klicken Sie <a href=\"#\" style=\"color: #007bff; text-decoration: underline;\">hier</a>, um Ihr Passwort zu erneuern.\r\n\r\nMit freundlichen Gren\r\nJoachim Mller','','11:54:00.000000','Sehr geehrter Frau Arneo,\r\n\r\nmein Name ist Joachim Mller und ich bin Teil der IT-Abteilung. Es hat verdchtige Unregelmigkeiten im Log-In ihres Cloud-Zugangs gegeben.','',65,'E-Mail 3'),(19,'it.arneo@gmail.com','maria.arneo@arneo.com','Microsoft Office','Guten Morgen Frau Arneo,\r\n\r\nim Name der IT-Abteilung mchte ich Sie darauf hinweisen, dass Sie die Microsoft Office Software auf Ihrem Computer updaten mssen. Bitte klicken Sie dafr auf den folgenden Link und melden sich mit Ihrem Single Sign-on der Arneo GmbH an.\r\nVielen Dank fr Ihre Mitarbeit!\r\n\r\n<a href=\"#\" style=\"color: #007bff; text-decoration: underline;\">https://www.microsoft.com/de-de/microsoft-356/get-started-with-office-2021?market=de</a>\r\n\r\nMit freundlichen Gren\r\nClaudia Schmidt','','11:54:00.000000','Guten Morgen Frau Arneo,\r\n\r\nim Name der IT-Abteilung mchte ich Sie darauf hinweisen, dass Sie die Microsoft Office Software auf Ihrem Computer updaten mssen.','',69,'E-Mail 1'),(20,'it-arneo.gmbh@gmail.com','maria.arneo@arneo.com','Microsoft Office','Guten Morgen Frau Arneo,\r\n\r\nim Namen der IT-Abteilung mchte ich Sie darauf hinweisen, dass Sie die Microsoft Office Software auf Ihrem Computer updaten mssen. Bitte klicken Sie dafr auf den folgenden Link und melden sich mit Ihrem Single Sign-on der Arno GmbH an.\r\nVielen Dank fr Ihre Mitarbeit!\r\n\r\n<a href=\"#\" style=\"color: #007bff; text-decoration: underline;\">https://www.microsoft.com/de-de/microsoft-356/get-started-with-office-2021?market=de</a>\r\nMit freundlichen Gren, \r\nClaudia Schmidt','','11:54:00.000000','Guten Morgen Frau Arneo,\r\n\r\nim Namen der IT-Abteilung mchte ich Sie darauf hinweisen, dass Sie die Microsoft Office Software auf Ihrem Computer updaten mssen.','static/images/email-not-signed.png',69,'E-Mail 2'),(21,'claudia.schmidt@arneo.com','maria.arneo@arneo.com','Microsoft Office','Guten Morgen Frau Arneo,\r\n\r\nim Name der IT-Abteilung mchte ich Sie darauf hinweisen, dass Sie die Microsoft Office Software auf Ihrem Computer updaten mssen. Bitte klicken Sie dafr auf den folgenden Link und melden sich mit Ihrem Single Sign-on der Arneo GmbH an.\r\nVielen Dank fr Ihre Mitarbeit!\r\n\r\n<a href=\"#\" style=\"color: #007bff; text-decoration: underline;\">https://www.microsoft.com/de-de/microsoft-356/get-started-with-office-2021?market=de</a>\r\nMit freundlichen Gren\r\nClaudia','','11:54:00.000000','Guten Morgen Frau Arneo,\r\n\r\nim Name der IT-Abteilung mchte ich Sie darauf hinweisen, dass Sie die Microsoft Office Software auf Ihrem Computer updaten mssen.','static/images/email-signed.png',69,'E-Mail 3'),(22,'schmidt.thomas@gmx.de','sven.mueller@arneo.com','Problem mit Passwort','Sehr geehrter Herr Mller,\r\n\r\nich bin der neue Mitarbeiter im Vortrieb und habe den Zettel mit meinem Passwort fr den Cloud Speicher verloren. Knnten Sie das Passwort bitte zurcksetzen und an diese E-Mail Adresse schicken?\r\n\r\nVielen Dank im Voraus.\r\n\r\nMfg.\r\nThomas Schmidt\r\n\r\nDiese Nachricht wurde von meinem Android Mobiltelefon mit GM% Mail gesendet.','','11:54:00.000000','Sehr geehrter Herr Mller,\r\n\r\nich bin der neue Mitarbeiter im Vortrieb und habe den Zettel mit meinem Passwort fr den Cloud Speicher verloren.','',54,'Impuls 1'),(23,'thomas_78@gmail.com','sven.mueller@arneo.com','Problem mit Passowrt','Hallo,\r\n\r\nknnten Sie mir bitte ein neues Passwort fr den Cloud Speicher zuschicken und mir nochmal die zugehrige E-Mail Adresse nennen?\r\n\r\nmein Name ist: Thomas Schmidt\r\n\r\nVielen Dank.','','11:54:00.000000','Hallo,\r\n\r\nknnten Sie mir bitte ein neues Passwort fr den Cloud Speicher zuschicken und mir nochmal die zugehrige E-Mail Adresse nennen?','',54,'Impuls 2'),(24,'schmidt.thomas@arneo.de','sven.mueller@arneo.com','Problem mit Passwort','Hallo Herr Mller,\r\n\r\nich bin der neue Mitarbeiter im Vertrieb. Fr den Zugang zum Cloud Speicher habe ich bereits ein Passwort erhalten, dieses jedoch verloren (war auf einem Zettel notiert). Knnten Sie mir dieses bitte sperren und ein neues generieren?\r\n\r\nIch kann es leider nicht persnlich abholen. Wir knnen aber ein online Meeting vereinbaren in dem Sie es mir mitteilen. Mein Gesicht sollten Sie bereits auf der Willkommensveranstaltung gesehen haben um mich identifizieren zu knnen.\r\n\r\nKlappt heute 14:30 Uhr fr Sie?\r\n\r\nMfg.\r\nThomas','','11:54:00.000000','Hallo Herr Mller,\r\n\r\nich bin der neue Mitarbeiter im Vertrieb. Fr den Zugang zum Cloud Speicher habe ich bereits ein Passwort erhalten, dieses jedoch verloren (war auf einem Zettel notiert).','',54,'Impuls 3'),(25,'lukas.maier2000@gmail.com','inga.blitz@arneo.com','Angebot fr 2022','Hallo,\r\n\r\nhier ist das Dokument, nach dem Sie gefragt haben. Melden Sie sich bitte, falls Sie noch Fragen haben.\r\nLukas Mller hat einen Link freigegeben:\r\n\r\n<a href=\"#\" style=\"color: #007bff; text-decoration: underline;\">http://www1.drive-google.ru/lukas.maier/angebot/</a>\r\n\r\nViele Gre\r\nLukas Maier\r\nArneo GmbH','','11:02:00.000000','Hallo,\r\n\r\nhier ist das Dokument, nach dem Sie gefragt haben. Melden Sie sich bitte, falls Sie noch Fragen haben.\r\nLukas Mller hat einen Link freigegeben:','',59,'E-Mail 1'),(26,'christina.schlosser22@gmail.com','inga.blitz@arneo.com','Deine Angestelltenakte','Hallo, Frau Blitz,\r\n\r\nnicht wundern, ich habe Probleme mit unserem Firmenpostfach. Ich aktualisiere Ihre Angestelltenakte und muss sicherstellen, dass Ihr\r\nGeburtsdatum und Ihre Wohnadresse noch aktuell sind.\r\nKnnen Sie mir das so schnell wie mglich zukommen lassen?\r\n\r\nFreundliche Gre \r\nChristina Schlosser\r\nHuman Resources Department\r\nchristina.schlosser@arneo.com','','11:25:00.000000','Hallo, Frau Blitz,\r\n\r\nnicht wundern, ich habe Probleme mit unserem Firmenpostfach. Ich aktualisiere Ihre Angestelltenakte und muss sicherstellen, dass Ihr\r\nGeburtsdatum und Ihre Wohnadresse noch aktuell sind.','',59,'E-Mail 2'),(27,'mark.kistner@arneo.com','inga.blitz@arneo.com','Telefonnummer','Hi, kannst du mir bitte deine private Nummer schicken - ich mchte dich um einen Gefallen bitten.\r\n\r\nViele Gre\r\nMark','','11:54:00.000000','Hi, kannst du mir bitte deine private Nummer schicken - ich mchte dich um einen Gefallen bitten.\r\n\r\nViele Gre\r\nMark','',59,'E-Mail 3'),(28,'gnter.widmann@sicherbank.com','maria.arneo@arneo.com','Authentifizierung des Areno GmbH - Kontos','Sehr geehrte Frau Arneo,\r\n\r\nich hoffe, diese Nachricht erreicht Sie wohlauf. Mein Name ist Gnter Widmann, und ich arbeite in der Finanzabteilung der Sicherbank GmbH.\r\nWir haben festgestellt, dass eine dringende Authentifizierung Ihres Kontos erforderlich ist, um sicherzustellen, dass alle finanziellen Transaktionen reibungslos und sicher abgewickelt werden knnen. Um diesen Prozess zu starten, bitten wir Sie, sich ber den folgenden Link einzuloggen:\r\n\r\n<a href=\"#\" style=\"color: #007bff; text-decoration: underline;\">https://sicherbank-de.org/login/</a>\r\n\r\n\r\nWir danken Ihnen im Voraus fr Ihre Zusammenarbeit, um sicherzustellen, dass alle finanziellen Angelegenheiten ordnungsgem bearbeitet werden knnen. Falls Sie Fragen oder Bedenken haben, stehen wir Ihnen gerne zur Verfgung.\r\n\r\nMit freundlichen Gren,\r\n\r\nGnter Widmann\r\nFinanzabteilung Sicherbank','','11:54:00.000000','Sehr geehrte Frau Arneo,\r\nich hoffe, diese Nachricht erreicht Sie wohlauf. Mein Name ist Gnter Widmann, und ich arbeite in der Finanzabteilung der Sicherbank.','',72,'E-Mail 1'),(29,'gnter.widmann@sicherbank.com','maria.arneo@arneo.com','Authentifizierung des Arneo GmbH - Kontos','Sehr geehrte Frau Arneo,\r\n\r\nich hoffe, diese Nachricht erreicht Sie wohlauf. Mein Name ist Gnter Widmann, und ich arbeite in der Finanzabteilung der Sicherbank GmbH.\r\nWir haben festgestellt, dass eine dringende Authentifizierung Ihres Kontos erforderlich ist, um sicherzustellen, dass alle finanziellen Transaktionen reibungslos und sicher abgewickelt werden knnen. Um diesen Prozess zu starten, bitten wir Sie, sich ber den folgenden Link einzuloggen:\r\n\r\n<a href=\"#\" style=\"color: #007bff; text-decoration: underline;\">https://sicherbank-de/login/</a>\r\n\r\n\r\nWir danken Ihnen im Voraus fr Ihre Zusammenarbeit, um sicherzustellen, dass alle finanziellen Angelegenheiten ordnungsgem bearbeitet werden knnen. Falls Sie Fragen oder Bedenken haben, stehen wir Ihnen gerne zur Verfgung.\r\n\r\nMit freundlichen Gren,\r\n\r\nGnter Widmann\r\nFinanzabteilung Sicherbank','','11:54:00.000000','Sehr geehrte Frau Arneo,\r\n\r\nich hoffe, diese Nachricht erreicht Sie wohlauf. Mein Name ist Gnter Widmann, und ich arbeite in der Finanzabteilung der Sicherbank GmbH.','',72,'E-Mail 2'),(30,'gnter.widmann@sicherbank.com','maria.arneo@arneo.com','Authentifizierung des Arneo GmbH - Kontos','Sehr geehrte Frau Arneo,\r\n\r\nich hoffe, diese Nachricht erreicht Sie wohlauf. Mein Name ist Gnter Widmann, und ich arbeite in der Finanzabteilung der Sicherbank GmbH.\r\nWir haben festgestellt, dass eine dringende Authentifizierung Ihres Kontos erforderlich ist, um sicherzustellen, dass alle finanziellen Transaktionen reibungslos und sicher abgewickelt werden knnen. Um diesen Prozess zu starten, bitten wir Sie, sich ber den folgenden Link einzuloggen:\r\n\r\n<a href=\"#\" style=\"color: #007bff; text-decoration: underline;\">http://sicherbank-de.org/login/</a>\r\n\r\n\r\nWir danken Ihnen im Voraus fr Ihre Zusammenarbeit, um sicherzustellen, dass alle finanziellen Angelegenheiten ordnungsgem bearbeitet werden knnen. Falls Sie Fragen oder Bedenken haben, stehen wir Ihnen gerne zur Verfgung.\r\n\r\nMit freundlichen Gren,\r\n\r\nGnter Widmann\r\nFinanzabteilung Sicherbank','','11:54:00.000000','Sehr geehrte Frau Arneo,\r\n\r\nich hoffe, diese Nachricht erreicht Sie wohlauf. Mein Name ist Gnter Widmann, und ich arbeite in der Finanzabteilung der Sicherbank GmbH.','',72,'E-Mail 3');
/*!40000 ALTER TABLE `competence_tests_emailitem` ENABLE KEYS */;
UNLOCK TABLES;

--
-- Table structure for table `competence_tests_imageimpulse`
--

DROP TABLE IF EXISTS `competence_tests_imageimpulse`;
/*!40101 SET @saved_cs_client     = @@character_set_client */;
/*!50503 SET character_set_client = utf8mb4 */;
CREATE TABLE `competence_tests_imageimpulse` (
  `impulse_ptr_id` bigint NOT NULL,
  `impulse_text` longtext,
  PRIMARY KEY (`impulse_ptr_id`),
  CONSTRAINT `competence_tests_ima_impulse_ptr_id_eb582100_fk_competenc` FOREIGN KEY (`impulse_ptr_id`) REFERENCES `competence_tests_impulse` (`id`)
) ENGINE=InnoDB DEFAULT CHARSET=utf8mb4 COLLATE=utf8mb4_0900_ai_ci;
/*!40101 SET character_set_client = @saved_cs_client */;

--
-- Dumping data for table `competence_tests_imageimpulse`
--

LOCK TABLES `competence_tests_imageimpulse` WRITE;
/*!40000 ALTER TABLE `competence_tests_imageimpulse` DISABLE KEYS */;
INSERT INTO `competence_tests_imageimpulse` VALUES (1,'Hierzu werden Ihnen im Folgenden drei unterschiedliche Szenarien skizziert. Bitte schauen Sie sich diese in Ruhe an und lassen sich erst danach die erste Frage zu der ITS-Bedrohungssituation anzeigen.'),(2,'Hierzu werden Ihnen im Folgenden drei unterschiedliche Szenarien skizziert. Bitte schauen Sie sich diese in Ruhe an und lassen sich erst danach die erste Frage zu der ITS-Bedrohungssituation anzeigen.'),(9,'Hierzu werden Ihnen im Folgenden drei unterschiedliche Szenarien skizziert. Bitte schauen Sie sich diese in Ruhe an und lassen sich erst danach die erste Frage zu der ITS-Bedrohungssituation anzeigen.'),(16,'Hierzu werden Ihnen im Folgenden drei unterschiedliche Szenarien skizziert. Bitte schauen Sie sich diese in Ruhe an und lassen sich erst danach die erste Frage zu der ITS-Bedrohungssituation anzeigen.'),(26,'Hierzu werden Ihnen im Folgenden drei unterschiedliche Szenarien skizziert. Bitte schauen Sie sich diese in Ruhe an und lassen sich erst danach die erste Frage zu der ITS-Bedrohungssituation anzeigen.'),(27,'Hierzu werden Ihnen im Folgenden drei unterschiedliche Szenarien skizziert. Bitte schauen Sie sich diese in Ruhe an und lassen sich erst danach die erste Frage zu der ITS-Bedrohungssituation anzeigen.'),(29,'Hierzu werden Ihnen im Folgenden drei unterschiedliche Szenarien skizziert. Bitte schauen Sie sich diese in Ruhe an und lassen sich erst danach die erste Frage zu der ITS-Bedrohungssituation anzeigen.'),(30,'Hierzu werden Ihnen im Folgenden drei unterschiedliche Szenarien skizziert. Bitte schauen Sie sich diese in Ruhe an und lassen sich erst danach die erste Frage zu der ITS-Bedrohungssituation anzeigen.'),(32,'Hierzu werden Ihnen im Folgenden drei unterschiedliche Szenarien skizziert. Bitte schauen Sie sich diese in Ruhe an und lassen sich erst danach die erste Frage zu der ITS-Bedrohungssituation anzeigen.'),(33,'Hierzu werden Ihnen im Folgenden drei unterschiedliche Szenarien skizziert. Bitte schauen Sie sich diese in Ruhe an und lassen sich erst danach die erste Frage zu der ITS-Bedrohungssituation anzeigen.'),(34,'Hierzu werden Ihnen im Folgenden drei unterschiedliche Szenarien skizziert. Bitte schauen Sie sich diese in Ruhe an und lassen sich erst danach die erste Frage zu der ITS-Bedrohungssituation anzeigen.'),(35,'Hierzu werden Ihnen im Folgenden drei unterschiedliche Szenarien skizziert. Bitte schauen Sie sich diese in Ruhe an und lassen sich erst danach die erste Frage zu der ITS-Bedrohungssituation anzeigen.'),(36,'Hierzu werden Ihnen im Folgenden drei unterschiedliche Szenarien skizziert. Bitte schauen Sie sich diese in Ruhe an und lassen sich erst danach die erste Frage zu der ITS-Bedrohungssituation anzeigen.'),(37,'Hierzu werden Ihnen im Folgenden drei unterschiedliche Szenarien skizziert. Bitte schauen Sie sich diese in Ruhe an und lassen sich erst danach die erste Frage zu der ITS-Bedrohungssituation anzeigen.'),(38,'Hierzu werden Ihnen im Folgenden drei unterschiedliche Szenarien skizziert. Bitte schauen Sie sich diese in Ruhe an und lassen sich erst danach die erste Frage zu der ITS-Bedrohungssituation anzeigen.'),(39,'Hierzu werden Ihnen im Folgenden drei unterschiedliche Szenarien skizziert. Bitte schauen Sie sich diese in Ruhe an und lassen sich erst danach die erste Frage zu der ITS-Bedrohungssituation anzeigen.'),(40,'Hierzu werden Ihnen im Folgenden drei unterschiedliche Szenarien skizziert. Bitte schauen Sie sich diese in Ruhe an und lassen sich erst danach die erste Frage zu der ITS-Bedrohungssituation anzeigen.'),(41,'Hierzu werden Ihnen im Folgenden drei unterschiedliche Szenarien skizziert. Bitte schauen Sie sich diese in Ruhe an und lassen sich erst danach die erste Frage zu der ITS-Bedrohungssituation anzeigen.'),(42,'Hierzu werden Ihnen im Folgenden drei unterschiedliche Szenarien skizziert. Bitte schauen Sie sich diese in Ruhe an und lassen sich erst danach die erste Frage zu der ITS-Bedrohungssituation anzeigen.'),(43,'Hierzu werden Ihnen im Folgenden drei unterschiedliche Szenarien skizziert. Bitte schauen Sie sich diese in Ruhe an und lassen sich erst danach die erste Frage zu der ITS-Bedrohungssituation anzeigen.'),(44,'Hierzu werden Ihnen im Folgenden drei unterschiedliche Szenarien skizziert. Bitte schauen Sie sich diese in Ruhe an und lassen sich erst danach die erste Frage zu der ITS-Bedrohungssituation anzeigen.'),(45,'Hierzu werden Ihnen im Folgenden drei unterschiedliche Szenarien skizziert. Bitte schauen Sie sich diese in Ruhe an und lassen sich erst danach die erste Frage zu der ITS-Bedrohungssituation anzeigen.'),(46,'Hierzu werden Ihnen im Folgenden drei unterschiedliche Szenarien skizziert. Bitte schauen Sie sich diese in Ruhe an und lassen sich erst danach die erste Frage zu der ITS-Bedrohungssituation anzeigen.'),(47,'Hierzu werden Ihnen im Folgenden drei unterschiedliche Szenarien skizziert. Bitte schauen Sie sich diese in Ruhe an und lassen sich erst danach die erste Frage zu der ITS-Bedrohungssituation anzeigen.'),(50,'Hierzu werden Ihnen im Folgenden drei unterschiedliche Szenarien skizziert. Bitte schauen Sie sich diese in Ruhe an und lassen sich erst danach die erste Frage zu der ITS-Bedrohungssituation anzeigen.'),(53,'Hierzu werden Ihnen im Folgenden drei unterschiedliche Szenarien skizziert. Bitte schauen Sie sich diese in Ruhe an und lassen sich erst danach die erste Frage zu der ITS-Bedrohungssituation anzeigen.'),(54,'Hierzu werden Ihnen im Folgenden drei unterschiedliche Szenarien skizziert. Bitte schauen Sie sich diese in Ruhe an und lassen sich erst danach die erste Frage zu der ITS-Bedrohungssituation anzeigen.'),(58,'Hierzu werden Ihnen im Folgenden drei unterschiedliche Szenarien skizziert. Bitte schauen Sie sich diese in Ruhe an und lassen sich erst danach die erste Frage zu der ITS-Bedrohungssituation anzeigen.'),(59,'Hierzu werden Ihnen im Folgenden drei unterschiedliche Szenarien skizziert. Bitte schauen Sie sich diese in Ruhe an und lassen sich erst danach die erste Frage zu der ITS-Bedrohungssituation anzeigen.'),(60,'Hierzu werden Ihnen im Folgenden drei unterschiedliche Szenarien skizziert. Bitte schauen Sie sich diese in Ruhe an und lassen sich erst danach die erste Frage zu der ITS-Bedrohungssituation anzeigen.'),(61,'Hierzu werden Ihnen im Folgenden drei unterschiedliche Szenarien skizziert. Bitte schauen Sie sich diese in Ruhe an und lassen sich erst danach die erste Frage zu der ITS-Bedrohungssituation anzeigen.'),(63,'Hierzu werden Ihnen im Folgenden drei unterschiedliche Szenarien skizziert. Bitte schauen Sie sich diese in Ruhe an und lassen sich erst danach die erste Frage zu der ITS-Bedrohungssituation anzeigen.'),(64,'Hierzu werden Ihnen im Folgenden drei unterschiedliche Szenarien skizziert. Bitte schauen Sie sich diese in Ruhe an und lassen sich erst danach die erste Frage zu der ITS-Bedrohungssituation anzeigen.'),(65,'Hierzu werden Ihnen im Folgenden drei unterschiedliche Szenarien skizziert. Bitte schauen Sie sich diese in Ruhe an und lassen sich erst danach die erste Frage zu der ITS-Bedrohungssituation anzeigen.'),(66,'Bitte betrachten Sie nochmals diese Situation:'),(70,'Hierzu werden Ihnen im Folgenden drei unterschiedliche Szenarien skizziert. Bitte schauen Sie sich diese in Ruhe an und lassen sich erst danach die erste Frage zu der ITS-Bedrohungssituation anzeigen.'),(71,'Hierzu werden Ihnen im Folgenden drei unterschiedliche Szenarien skizziert. Bitte schauen Sie sich diese in Ruhe an und lassen sich erst danach die erste Frage zu der ITS-Bedrohungssituation anzeigen.'),(72,'Hierzu werden Ihnen im Folgenden drei unterschiedliche Szenarien skizziert. Bitte schauen Sie sich diese in Ruhe an und lassen sich erst danach die erste Frage zu der ITS-Bedrohungssituation anzeigen.'),(79,'Hierzu werden Ihnen im Folgenden drei unterschiedliche Szenarien skizziert. Bitte schauen Sie sich diese in Ruhe an und lassen sich erst danach die erste Frage zu der ITS-Bedrohungssituation anzeigen.'),(82,''),(83,'');
/*!40000 ALTER TABLE `competence_tests_imageimpulse` ENABLE KEYS */;
UNLOCK TABLES;

--
-- Table structure for table `competence_tests_imageimpulse_image`
--

DROP TABLE IF EXISTS `competence_tests_imageimpulse_image`;
/*!40101 SET @saved_cs_client     = @@character_set_client */;
/*!50503 SET character_set_client = utf8mb4 */;
CREATE TABLE `competence_tests_imageimpulse_image` (
  `id` bigint NOT NULL AUTO_INCREMENT,
  `imageimpulse_id` bigint NOT NULL,
  `imageitem_id` bigint NOT NULL,
  PRIMARY KEY (`id`),
  UNIQUE KEY `competence_tests_imageim_imageimpulse_id_imageite_fb24790d_uniq` (`imageimpulse_id`,`imageitem_id`),
  KEY `competence_tests_ima_imageitem_id_9e687a5b_fk_competenc` (`imageitem_id`),
  CONSTRAINT `competence_tests_ima_imageimpulse_id_e6360aad_fk_competenc` FOREIGN KEY (`imageimpulse_id`) REFERENCES `competence_tests_imageimpulse` (`impulse_ptr_id`),
  CONSTRAINT `competence_tests_ima_imageitem_id_9e687a5b_fk_competenc` FOREIGN KEY (`imageitem_id`) REFERENCES `competence_tests_imageitem` (`id`)
) ENGINE=InnoDB AUTO_INCREMENT=195 DEFAULT CHARSET=utf8mb4 COLLATE=utf8mb4_0900_ai_ci;
/*!40101 SET character_set_client = @saved_cs_client */;

--
-- Dumping data for table `competence_tests_imageimpulse_image`
--

LOCK TABLES `competence_tests_imageimpulse_image` WRITE;
/*!40000 ALTER TABLE `competence_tests_imageimpulse_image` DISABLE KEYS */;
INSERT INTO `competence_tests_imageimpulse_image` VALUES (8,1,8),(9,1,9),(10,1,10),(5,2,5),(6,2,6),(7,2,7),(18,9,18),(19,9,19),(32,16,32),(33,16,33),(34,16,34),(56,26,57),(57,26,58),(58,26,59),(59,27,60),(60,27,61),(61,27,62),(65,29,66),(66,29,67),(67,29,68),(68,30,69),(69,30,70),(70,30,71),(74,32,75),(75,32,76),(76,32,77),(78,33,78),(79,33,79),(77,33,80),(80,34,81),(81,34,82),(82,34,83),(83,35,84),(84,35,85),(85,35,86),(88,36,87),(86,36,88),(87,36,89),(89,37,90),(90,37,91),(91,37,92),(92,38,93),(93,38,94),(94,38,95),(95,39,96),(96,39,97),(97,39,98),(98,40,99),(99,40,100),(100,40,101),(104,42,105),(105,42,106),(106,42,107),(107,43,108),(108,43,109),(109,43,110),(112,44,111),(110,44,112),(111,44,113),(113,45,114),(114,45,115),(115,45,116),(116,46,117),(117,46,118),(118,46,119),(119,47,120),(120,47,121),(121,47,122),(128,50,129),(129,50,130),(130,50,131),(137,53,138),(138,53,139),(139,53,140),(140,54,141),(141,54,142),(142,54,143),(152,58,153),(153,58,154),(154,58,155),(155,59,156),(156,59,157),(157,59,158),(160,60,159),(158,60,160),(159,60,161),(161,61,162),(162,61,163),(163,61,164),(164,63,165),(165,63,166),(166,63,167),(167,64,168),(168,64,169),(169,64,170),(170,65,171),(171,65,173),(172,65,174),(173,66,171),(178,70,178),(179,70,179),(180,70,180),(181,71,180),(182,72,181),(183,72,182),(184,72,183),(185,79,184),(186,79,185),(187,79,186),(189,82,188),(190,82,189),(191,82,190),(194,83,191),(192,83,192),(193,83,193);
/*!40000 ALTER TABLE `competence_tests_imageimpulse_image` ENABLE KEYS */;
UNLOCK TABLES;

--
-- Table structure for table `competence_tests_imageitem`
--

DROP TABLE IF EXISTS `competence_tests_imageitem`;
/*!40101 SET @saved_cs_client     = @@character_set_client */;
/*!50503 SET character_set_client = utf8mb4 */;
CREATE TABLE `competence_tests_imageitem` (
  `id` bigint NOT NULL AUTO_INCREMENT,
  `image_field` varchar(100) NOT NULL,
  `image_description` longtext,
  `threat_situation_id` bigint DEFAULT NULL,
  `impulse_number` varchar(140) DEFAULT NULL,
  PRIMARY KEY (`id`),
  KEY `competence_tests_ima_threat_situation_id_ea74f812_fk_threats_t` (`threat_situation_id`),
  CONSTRAINT `competence_tests_ima_threat_situation_id_ea74f812_fk_threats_t` FOREIGN KEY (`threat_situation_id`) REFERENCES `threats_threatsituation` (`id`)
) ENGINE=InnoDB AUTO_INCREMENT=194 DEFAULT CHARSET=utf8mb4 COLLATE=utf8mb4_0900_ai_ci;
/*!40101 SET character_set_client = @saved_cs_client */;

--
-- Dumping data for table `competence_tests_imageitem`
--

LOCK TABLES `competence_tests_imageitem` WRITE;
/*!40000 ALTER TABLE `competence_tests_imageitem` DISABLE KEYS */;
INSERT INTO `competence_tests_imageitem` VALUES (5,'static/images/Impuls_1_jkbCvAC.png','',2,'Impuls 1'),(6,'static/images/Impuls_2_65DlUFW.png','',2,'Impuls 2'),(7,'static/images/Impuls_3_UXtemSy.png','',2,'Impuls 3'),(8,'static/images/Impuls_1_VXObtUr.png','',1,'Impuls 1'),(9,'static/images/Impuls_2_T7g6hLZ.png','',1,'Impuls 2'),(10,'static/images/Impuls_3_5L4uXLi.png','',1,'Impuls 3'),(18,'static/images/Impuls_2_bj8MjIh.png','',2,'Impuls 2'),(19,'static/images/Impuls_3_kDDL4gs.png','',2,'Impuls 3'),(32,'static/images/AP_3.1_Impuls_1___weniger_zutreffend.png','Die Kundendaten wurden gelscht.',16,'Impuls 1'),(33,'static/images/AP_3.1_Impuls_2___zutreffend.png','Die IBAN wurde auf allen Rechnungen gendert.',16,'Impuls 2'),(34,'static/images/AP_3.1_Impuls_3___am_wenigsten_zutreffend.png','Das Belegdatum im Buchhaltungssystem wurde gelscht.',16,'Impuls 3'),(57,'static/images/AP_2.8_Impuls_1.png','',26,'Bild Impuls 1'),(58,'static/images/AP_2.8_Impuls_2.png','',26,'Bild Impuls 2'),(59,'static/images/AP_2.8_Impuls_3.png','',26,'Bild Impuls 3'),(60,'static/images/AP_2.5_Impuls_1_Pos._3.png','',28,'Implus 1'),(61,'static/images/AP_2.5_Impuls_2_Pos._2.png','',28,'Implus 2'),(62,'static/images/AP_2.5_Impuls_3_Pos._3.png','',28,'Implus 3'),(66,'static/images/AP_2.7_Impuls_1_Pos._1_MgqtNcs.png','',30,'Impuls 1'),(67,'static/images/AP_2.7_Impuls_2_Pos._2.png','',30,'Impuls 2'),(68,'static/images/AP_2.7_Impuls_3_Pos._3_xcNF5tF.png','',30,'Impuls 3'),(69,'static/images/Impuls_1.png','',32,'Impuls 1'),(70,'static/images/Impuls_2.png','',32,'Impuls 2'),(71,'static/images/Impuls_3.png','',32,'Impuls 3'),(75,'static/images/AP_1.3_Impuls_1_Pos._2_VjsQsYS.png','',34,'Impuls 1'),(76,'static/images/AP_1.3_Impuls_2_Pos._1_FIpGTgG.png','',34,'Impuls 2'),(77,'static/images/AP_1.3_Impuls_3_Pos._3_NX3cygz.png','',34,'Impuls 3'),(78,'static/images/AP_1.4_1.19_Impuls_1_Pos._1_2PFeohM.PNG','',35,'Impuls 1'),(79,'static/images/AP_1.4_1.19_Impuls_2_Pos._2_2WUTyXj.PNG','',35,'Impuls 2'),(80,'static/images/AP_1.4_1.19_Impuls_3_Pos._3_vTzLp34.PNG','',35,'Impuls 3'),(81,'static/images/AP_1.7_Impuls_1_Pos._2_D8qdOnu.PNG','',36,'Impuls 1'),(82,'static/images/AP_1.7_Impuls_2_Pos._3_NVJRgPd.PNG','Sie klicken auf den Link der zur Rechnung fhrt. Dort wird Ihnen eine Downloadanzeige zum Herunterladen der .doc Datei angeboten.',36,'Impuls 2'),(83,'static/images/AP_1.7_Impuls_3_Pos._1_CAuadfd.PNG','Sie laden die .pdf Datei herunter. Als Sie diese ffnen mchten, wird Ihnen angezeigt, dass Sie zum ffnen der Datei eine zustzliche Applikation installieren mssen.',36,'Impuls 3'),(84,'static/images/AP_1.8_Impuls_1_Pos._1_neu.png','Sie erhalten die Rechnung als .xls Datei. Als Sie diese ffnen, werden Sie gefragt, ob Sie die enthaltenen Makros ausfhren mchten. Sie sehen, dass anstatt Zahlen nur Fragezeichen angezeigt werden und entscheiden sich daher, die Makros auszufhren, um die Endsummen berprfen zu knnen.',37,'Impuls 1'),(85,'static/images/AP_1.8_Impuls_2_Pos._3_neu.png','Sie klicken auf den Link der zur Rechnung fhrt. Dort wird Ihnen eine Downloadanzeige zum Herunterladen der .doc Datei angeboten.',37,'Impuls 2'),(86,'static/images/AP_1.8_Impuls_3_Pos._2_neu.png','Sie laden die .pdf Datei herunter. Als Sie diese ffnen mchten, wird Ihnen angezeigt, dass Sie zum ffnen der Datei eine zustzliche Applikation installieren mssen.',37,'Impuls 3'),(87,'static/images/AP_1.12_Impuls_1_Pos._3_V1J6Jcz.png','',38,'Impuls 1'),(88,'static/images/AP_1.12_Impuls_2_Pos._1_icouctl.png','',38,'Impuls 2'),(89,'static/images/AP_1.12_Impuls_3_Pos._2_f9yecZq.png','',38,'Impuls 3'),(90,'static/images/AP_1.1_Impuls_1.png','',39,'Impuls 1'),(91,'static/images/AP_1.1_Impuls_2.png','',39,'Impuls 2'),(92,'static/images/AP_1.1_Impuls_3.png','',39,'Impuls 3'),(93,'static/images/AP_1.2_Impuls_1.png','',40,'Impuls 1'),(94,'static/images/AP_1.2_Impuls_2.png','',40,'Impuls 2'),(95,'static/images/AP_1.2_Impuls_3.png','',40,'Impuls 3'),(96,'static/images/AP_1.5_Impuls_1.png','',41,'Impuls 1'),(97,'static/images/AP_1.5_Impuls_2.png','',41,'Impuls 2'),(98,'static/images/AP_1.5_Impuls_3.png','',41,'Impuls 3'),(99,'static/images/AP_1.6_Impuls_1.png','',42,'Impuls 1'),(100,'static/images/AP_1.6_Impuls_2.png','',42,'Impuls 2'),(101,'static/images/AP_1.6_Impuls_3.png','',42,'Impuls 3'),(105,'static/images/AP_4.8_Impuls_1_Pos_3.png','',44,'Impuls 1'),(106,'static/images/AP_4.8_Impuls_2_Pos_2.png','',44,'Impuls 2'),(107,'static/images/AP_4.8_Impuls_3_Pos_1.png','',44,'Impuls 3'),(108,'static/images/AP_4.11_Impuls_1.png','Sie setzten sich in ein nettes Caf. Das Passwort fr das Caf eigene WLAN ist auf die Getrnkekarte gedruckt.',45,'Impuls 1'),(109,'static/images/AP_4.11_Impuls_2.png','Sie setzten sich in ein Caf. Leider bietet das Caf kein eigenes WLAN an. Der Barista weist Sie aber darauf hin, dass die rtlichen Stadtwerke ein ffentliches Netzwerk in diesem Bereich betreiben. Sie mssen via einer E-Mail-Adresse identifizieren und knnen anschlieend fr eine Stunde kostenlos das Internet nutzen.',45,'Impuls 2'),(110,'static/images/AP_4.11_Impuls_3.png','Sie setzten sich in ein Caf. Auf der Getrnkekarte steht, dass das Caf kein WLAN hat. Sie sehen aber ein Netzwerk auf das Sie in diesem Bereich zugreifen knnen.',45,'Impuls 3'),(111,'static/images/AP_4.13_Impuls_2__Pos_1_7yWj5Oy.png','',46,'Impuls 1'),(112,'static/images/AP_4.13_Impuls_1_Pos_3_BAYhVaO.png','',46,'Impuls 2'),(113,'static/images/AP_4.13_Impuls_3__Pos_2_D0ivK1c.png','',46,'Impuls 3'),(114,'static/images/AP_4.14_Impuls_1_Pos_1.png','',11,'Impuls 1'),(115,'static/images/AP_4.14_Impuls_2_Pos_2.png','',11,'Impuls 2'),(116,'static/images/AP_4.14_Impuls_3_Pos_3.png','',11,'Impuls 3'),(117,'static/images/AP_4.2_Impuls_1.png','',48,'Impuls 1'),(118,'static/images/AP_4.2_Impuls_2.png','',48,'Impuls 2'),(119,'static/images/AP_4.2_Impuls_3.png','',48,'Impuls 3'),(120,'static/images/AP_4.5_Impuls_1_lfx3EQs.png','',49,'Impuls 1'),(121,'static/images/AP_4.5_Impuls_2_n0GFEcx.png','',49,'Impuls 2'),(122,'static/images/AP_4.5_Impuls_3_ptyJHMC.png','',49,'Impuls 3'),(123,'static/images/AP_4.6_Impuls_1.png','',50,'Impuls 1'),(124,'static/images/AP_4.6_Impuls_2.png','',50,'Impuls 2'),(125,'static/images/AP_4.6_Impuls_3.png','',50,'Impuls 3'),(126,'static/images/AP_4.7_Impuls_1.png','',51,'Impuls 1'),(127,'static/images/AP_4.7_Impuls_2.png','',51,'Impuls 2'),(128,'static/images/AP_4.7_Impuls_3.png','',51,'Impuls 3'),(129,'static/images/AP_4.12_Impuls_1.png','',52,'Impuls 1'),(130,'static/images/AP_4.12_Impuls_2.png','',52,'Impuls 2'),(131,'static/images/AP_4.12_Impuls_3.png','',52,'Impuls 3'),(132,'static/images/AP_2.9_Impuls_1.png','',53,'Impuls 1'),(133,'static/images/AP_2.9_Impuls_2.png','',53,'Impuls 2'),(134,'static/images/AP_2.9_Impuls_3.png','',53,'Impuls 3'),(135,'static/images/AP_2.10_Impuls_1.png','',54,'Impuls 1'),(136,'static/images/AP_2.10_Impuls_2.png','',54,'Impuls 2'),(137,'static/images/AP_2.10_Impuls_3.png','',54,'Impuls 3'),(138,'static/images/AP_2.12_Impuls_1.png','',2,'Impuls 1'),(139,'static/images/AP_2.12_Impuls_2.png','',2,'Impuls 2'),(140,'static/images/AP_2.12_Impuls_3.png','',2,'Impuls 3'),(141,'static/images/AP_2.13_Impuls_1.png','',56,'Impuls 1'),(142,'static/images/AP_2.13_Impuls_2.png','',56,'Impuls 2'),(143,'static/images/AP_2.13_Impuls_3.png','',56,'Impuls 3'),(144,'static/images/AP_3.6_Impuls_1.png','',57,'Impuls 1'),(145,'static/images/AP_3.6_Impuls_2.png','',57,'Impuls 2'),(146,'static/images/AP_3.6_Impuls_3.png','',57,'Impuls 3'),(147,'static/images/AP_3.9_Impuls_1.png','',58,'Impuls 1'),(148,'static/images/AP_3.9_Impuls_2.png','',58,'Impuls 2'),(149,'static/images/AP_3.9_Impuls_3.png','',58,'Impuls 3'),(150,'static/images/AP_3.10_Impuls_1.png','',59,'Impuls 1'),(151,'static/images/AP_3.10_Impuls_2.png','',59,'Impuls 2'),(152,'static/images/AP_3.10_Impuls_3.png','',59,'Impuls 3'),(153,'static/images/AP_3.13_Impuls_1.png','',60,'Impuls 1'),(154,'static/images/AP_3.13_Impuls_2.png','',60,'Impuls 2'),(155,'static/images/AP_3.13_Impuls_3.png','',60,'Impuls 3'),(156,'static/images/AP_3.2_Impuls_1.png','',61,'Impuls 1'),(157,'static/images/AP_3.2_Impuls_2.png','',61,'Impuls 2'),(158,'static/images/AP_3.2_Impuls_3.png','',61,'Impuls 3'),(159,'static/images/AP_5.2_Impuls_1_Pos._1.png','Die Log-In-Maske Ihres Computers zeigt an, dass die maximale Anzahl an Anmeldeversuchen berschritten wurde. Die Anmeldung ist fr mehrere Stunden gesperrt. Der Bildschirm zeigt auerdem an, dass ein USB-Stick falsch ausgeworfen wurde.',62,'Impuls 1'),(160,'static/images/AP_5.2_Impuls_3_Pos._2.png','Die Log-In-Maske Ihres Computers zeigt an, dass Sie Ihr Passwort aus Sicherheitsgrnden ndern mssen. Sie sind irritiert, da Sie das schon vor 3 Monaten machen mussten.',62,'Impuls 2'),(161,'static/images/AP_5.2_Impuls_2_Pos._3.png','Nach dem Einloggen mit ihrem gewhnlichen Log-In, werden Sie aufgefordert, eine Sicherheitsfrage zu beantworten. Sie knnen sich nicht erinnern, je eine Sicherheitsfrage eingestellt zu haben.',62,'Impuls 3'),(162,'static/images/AP_5.6_Impuls_1_Pos._1.png','Sie finden auf dem Flughafen eine Ladesule, an der Sie ber einen USB-Port ihr Handy aufladen knnen. Dazu verbinden Sie ihr Diensthandy ber ein USB-C- oder Lightning-Kabel direkt mit der Ladesule.',63,'Impuls 1'),(163,'static/images/AP_5.6_Impuls_2_Pos._2.png','Sie finden auf dem Flughafen eine Ladesule von einem bekannten Stromanbieter. Es ist eine Werbeaktion und eine Mitarbeitende steht dabei, die fr gnstige Stromvertrge wirbt. Hier knnen Sie ihr Handy ber einen USB-Port und ein USB-C- oder Lightning-Kabel aufladen.',63,'Impuls 2'),(164,'static/images/AP_5.6_Impuls_3_Pos._3.png','Sie fragen bei einer Bckerei nach und drfen eine der Steckdosen der Bckerei nutzen. Sie benutzen ihren eigenen Ladeadapter zustzlich zu Ihrem USB-C- oder Lightning-Kabel um Ihr Diensthandy zu laden.',63,'Impuls 3'),(165,'static/images/AP_5.4_Impuls_1_Wt5EuQt.png','',66,'Impuls 1'),(166,'static/images/AP_5.4_Impuls_2_zv4jH3Y.png','',66,'Impuls 2'),(167,'static/images/AP_5.4_Impuls_3_ClK3H7T.png','',66,'Impuls 3'),(168,'static/images/AP_5.20_Impuls_1_Pos._1_lbX0w2j.png','',67,'Impuls 1'),(169,'static/images/AP_5.20_Impuls_2_Pos._2_XFOP6aS.png','',67,'Impuls 2'),(170,'static/images/AP_5.20_Impuls_3_Pos._3_0XFh2Px.png','',67,'Impuls 3'),(171,'static/images/AP_5.12_Impuls_1.png','',70,'Impuls 1'),(173,'static/images/AP_5.12_Impuls_2.png','',70,'Impuls 2'),(174,'static/images/AP_5.12_Impuls_3.png','',70,'Impuls 3'),(178,'static/images/AP_3.14_Impuls_1.png','',73,'Impuls 1'),(179,'static/images/AP_3.14_Impuls_2.png','',73,'Impuls 2'),(180,'static/images/AP_3.14_Impuls_3.png','',73,'Impuls 3'),(181,'static/images/AP_5.5_Impuls_1.png','',74,'Impuls 1'),(182,'static/images/AP_5.5_Impuls_2.png','',74,'Impuls 2'),(183,'static/images/AP_5.5_Impuls_3.png','',74,'Impuls 3'),(184,'static/images/AP_2.3_Impuls_1.png','',75,'Impuls 1'),(185,'static/images/AP_2.3_Impuls_2.png','',75,'Impuls 2'),(186,'static/images/AP_2.3_Impuls_3.png','',75,'Impuls 3'),(188,'static/images/AP_5.1_Impuls_1.png','',20,'Impuls 1'),(189,'static/images/AP_5.1_Impuls_2_vIBkIgv.png','',20,'Impuls 2'),(190,'static/images/AP_5.1_Impuls_3.png','',20,'Impuls 3'),(191,'static/images/AP_3.8_Anruf_1.png','',31,'Impuls 1'),(192,'static/images/AP_3.8_Anruf_2.png','',31,'Impuls 2'),(193,'static/images/AP_3.8_Anruf_3.png','',31,'Impuls 3');
/*!40000 ALTER TABLE `competence_tests_imageitem` ENABLE KEYS */;
UNLOCK TABLES;

--
-- Table structure for table `competence_tests_impulse`
--

DROP TABLE IF EXISTS `competence_tests_impulse`;
/*!40101 SET @saved_cs_client     = @@character_set_client */;
/*!50503 SET character_set_client = utf8mb4 */;
CREATE TABLE `competence_tests_impulse` (
  `id` bigint NOT NULL AUTO_INCREMENT,
  `impulse_name` varchar(140) DEFAULT NULL,
  `polymorphic_ctype_id` int DEFAULT NULL,
  PRIMARY KEY (`id`),
  KEY `competence_tests_imp_polymorphic_ctype_id_44a7b769_fk_django_co` (`polymorphic_ctype_id`),
  CONSTRAINT `competence_tests_imp_polymorphic_ctype_id_44a7b769_fk_django_co` FOREIGN KEY (`polymorphic_ctype_id`) REFERENCES `django_content_type` (`id`)
) ENGINE=InnoDB AUTO_INCREMENT=84 DEFAULT CHARSET=utf8mb4 COLLATE=utf8mb4_0900_ai_ci;
/*!40101 SET character_set_client = @saved_cs_client */;

--
-- Dumping data for table `competence_tests_impulse`
--

LOCK TABLES `competence_tests_impulse` WRITE;
/*!40000 ALTER TABLE `competence_tests_impulse` DISABLE KEYS */;
INSERT INTO `competence_tests_impulse` VALUES (1,'Social Engineering/Kollborationssystem/Sachbearbeiter*in Innendienst/Bild Impuls 1',21),(2,'Social Engineering/Social Media System/Sachbearbeiter*in Innendienst/Bild Impuls 1',21),(3,'E-Mail Impuls1',22),(4,'Chat Impuls/Social Engineering/Instantmessenger',23),(5,'E-Mail Impuls 2',22),(6,'SA/Malware/Mailsystem/Impuls',22),(9,'Social Engineering/Social Media System/Sachbearbeiter*in Auendienst/Bild Impuls 1',21),(10,'Chat Impuls/Social Engineering/Instantmessenger2',23),(15,'FK/Phishing/Mailsystem/Impulse',22),(16,'FK/Kompromittierung von Informationssystemen/Internes Informationssystem (Buchhaltungssystem)/Impulse',21),(26,'Falscher Umgang mit kritischen und/oder sensiblen Informationen/Mitarbeiter/Sachbearbeiter*in Innendienst/Bild Impuls',21),(27,'Weitergabe sensibler Informationen/Mitarbeiter/Sachbearbeiter*in Innendienst/Bild Impulse',21),(29,'Sachbearbeiter innen/social engineering/Mitarbeiter/Impulse',21),(30,'Fhrungskraft/Social Engineering/Kollaborationssystem/Impulse',21),(32,'IT Admin/Durchfhrung von Brute-Force-Anmeldeversuchen/Passworterratungsangriffen/Sever/Impulse',21),(33,'IT Admin/Durchfhrung von nicht zielgerichteten Zero-Day-Angriffen/Sever/Impulse',21),(34,'IT Admin/Bereitstellung (modifizierter) Malware fr interne Informationssysteme der Organisation/Mailsystem/Impulse',21),(35,'IT Admin/Bereitstellung gezielter Schadsoftware zur Kontrolle interner Systeme und zur Exfiltration von Daten/Mailsystem/Impulse',21),(36,'IT Admin/Durchfhrung von nicht zielgerichteten Zero-Day-Angriffen/Netzwerk/Impulse',21),(37,'IT Admin/Umfassende Laufwerksfehler/Server/Impulse',21),(38,'IT Admin/Durchfhrung einfacher/verteilter/gezielter Denial-of-Service-Angriffe/Server/Impulse',21),(39,'IT Admin/Durchfhrung von Brute-Force-Anmeldeversuchen/Laptop/Impulse',21),(40,'IT Admin/Bereitstellung (modifizierter) Malware fr interne Informationssysteme der Organisation/Browser/Impulse',21),(41,'SBA/Einschleusen bekannter Malware in interne Informationssysteme der Organisation/Mailsystem/Impulse',21),(42,'SBA/Verbreitung von Malware durch Bereitstellung von Wechselmedien/USB-Stick/Impulse',21),(43,'SBA/Kompromittierung von Informationssystemen/Laptop/Impulse',21),(44,'SBA/Phishing/Social Media Systeme/Impulse',21),(45,'SBA/Phishing/Instantmessenger/Impulse',21),(46,'SBA/Festplattenfehler/USB/Impulse',21),(47,'SBA/Einschleusen bekannter Malware in interne Informationssysteme der Organisation/Instantmessenger/Impulse',21),(50,'SBA/Kompromittierung von Informationssystemen oder Gerten/Telefon/Impulse',21),(53,'SBI/Social Engineering/Social Media Systeme/Impulse',21),(54,'SBI/Unzureichende Zugangskontrolle/Mitarbeiter/Impulse',21),(58,'FK/Festplattenfehler/USB-Stick/Impulse',21),(59,'FK/Durchfhrung von nicht zielgerichteten Zero-Day-Angriffen/Buchhaltungssystem/Impulse',21),(60,'GF/Durchfhrung von Brute-Force-Anmeldeversuchen/PC/Impulse',21),(61,'GF/Kompromittierung von Informationssystemen oder Gerten/Telefon/Impulse',21),(62,'GF/Einschleusen von Malware/Mailsystem/Email Impulse',22),(63,'GF/Ausnutzen bekannter Schwachstellen/Smartphone/Impulse',21),(64,'GF/Phishing/Instantmessenger/Impulse',21),(65,'GF/Falsche Berechtigungseinstellungen/Mitarbeiter/Impulse',21),(66,'GF/Falsche Berechtigungseinstellungen/Mitarbeiter/Impuls 1',21),(69,'GF/(Speer)-Phishing/Mailsystem/Emails',22),(70,'FK/Falsche Berechtigungseinstellungen/Mitarbeiter/Impulse',21),(71,'FK/Falsche Berechtigungseinstellungen/Mitarbeiter/Impuls 3',21),(72,'5.5',21),(73,'None',22),(74,'None',23),(75,'None',23),(76,'None',23),(77,'None',23),(78,'None',22),(79,'None',21),(80,'5.23',22),(82,'5.1 / Angriffe auf persnliche Gerte kritischer Mitarbeiter*innen / Kompromittierung / PC / Geschftsfhrer*in	-',21),(83,'3.8',21);
/*!40000 ALTER TABLE `competence_tests_impulse` ENABLE KEYS */;
UNLOCK TABLES;

--
-- Table structure for table `competence_tests_questionitem`
--

DROP TABLE IF EXISTS `competence_tests_questionitem`;
/*!40101 SET @saved_cs_client     = @@character_set_client */;
/*!50503 SET character_set_client = utf8mb4 */;
CREATE TABLE `competence_tests_questionitem` (
  `id` bigint NOT NULL AUTO_INCREMENT,
  `question` longtext,
  `type` int NOT NULL,
  `threat_situation_id` bigint DEFAULT NULL,
  `competence_dimension_id` bigint DEFAULT NULL,
  PRIMARY KEY (`id`),
  KEY `competence_tests_que_threat_situation_id_631c2581_fk_threats_t` (`threat_situation_id`),
  KEY `competence_tests_que_competence_dimension_5e29bf1a_fk_competenc` (`competence_dimension_id`),
  CONSTRAINT `competence_tests_que_competence_dimension_5e29bf1a_fk_competenc` FOREIGN KEY (`competence_dimension_id`) REFERENCES `competence_tests_competencedimension` (`id`),
  CONSTRAINT `competence_tests_que_threat_situation_id_631c2581_fk_threats_t` FOREIGN KEY (`threat_situation_id`) REFERENCES `threats_threatsituation` (`id`)
) ENGINE=InnoDB AUTO_INCREMENT=506 DEFAULT CHARSET=utf8mb4 COLLATE=utf8mb4_0900_ai_ci;
/*!40101 SET character_set_client = @saved_cs_client */;

--
-- Dumping data for table `competence_tests_questionitem`
--

LOCK TABLES `competence_tests_questionitem` WRITE;
/*!40000 ALTER TABLE `competence_tests_questionitem` DISABLE KEYS */;
INSERT INTO `competence_tests_questionitem` VALUES (1,'Bei welcher der folgenden mglichen Anfragen gehen Sie am ehesten von einem Angriff aus?\r\n\r\nBitte sortieren Sie nach diesem Schema: \r\n[1] Ich gehe am ehesten davon aus, dass ein ausgefeilter Angriff vorliegt.  \r\n[2] Ich gehe weniger davon aus, dass ein ausgefeilter Angriff vorliegt. \r\n[3] Ich gehe nicht davon aus, dass ein ausgefeilter Angriff vorliegt.',3,1,1),(2,'Bitte betrachten Sie nochmals dieses Szenario genauer. Was konkret macht DIESE Nachricht zu einem Sicherheitsrisiko?  Whlen Sie die zutreffenden zwei Antworten aus.',2,1,2),(3,'Gehen Sie davon aus, dass diese Nachricht einen Cyberangriff darstellt. Welche Konsequenz knnte ein Fehlverhalten schlimmstenfalls nach sich ziehen?',1,1,3),(4,'Welche der aufgefhrten Manahmen sollten Sie angesichts dieser Bedrohung als Erstes ergreifen?',1,1,4),(5,'Der erste Schritt besteht darin, die Identitt des Absenders zu berprfen. Warum ist das in dieser Situation wichtig?',1,1,5),(6,'Wie geht man konkret vor, um die Identitt des Absenders zu berprfen?',1,1,6),(7,'Sie haben durch die Identittsprfung festgestellt, dass die Nachricht einen Angriff darstellt. Welche ergnzende Manahme zur Gefahrenabwehr ist in dieser Situation notwendig?',1,1,7),(8,'Bei welcher der folgenden Nachrichten gehen Sie am ehesten davon aus, dass ein solch ausgefeilter Angriff vorliegt? \r\n\r\nBitte sortieren Sie nach diesem Schema: \r\n[1] Ich gehe am ehesten davon aus,dass ein ausgefeilter Angriff vorliegt. \r\n[2] Ich gehe weniger davon aus, dass ein ausgefeilter Angriff vorliegt. \r\n[3] Ich gehe nicht davon aus, dass ein ausgefeilter Angriff vorliegt.',3,2,1),(9,'Bitte betrachten Sie nochmals dieses Szenario genauer. Was konkret macht DIESE Nachricht zu einem Sicherheitsrisiko?  Whlen Sie die richtigen zwei Antworten aus.',2,2,2),(10,'Gehen Sie davon aus, dass diese Nachricht einen Cyberangriff darstellt. Welche Konsequenz knnte ein Fehlverhalten schlimmstenfalls nach sich ziehen?',1,2,3),(11,'Welche der aufgefhrten Manahmen sollten Sie angesichts dieser Bedrohung als Erstes ergreifen?',1,2,4),(12,'Der erste Schritt besteht darin, die Identitt von Paula zu berprfen. Warum ist das in dieser Situation wichtig?',1,2,5),(13,'Wie geht man konkret vor, die Identitt von Paula zu berprfen?',1,2,6),(14,'Sie haben durch die Identittsprfung festgestellt, dass die Nachricht nicht von der echten Paula stammt. Welche ergnzende Manahme zur Gefahrenabwehr ist in dieser Situation notwendig?',1,2,7),(15,'Bei welcher der folgenden E-Mails gehen Sie am ehesten davon aus, dass ein ausgefeilter Angriff vorliegt? \r\n\r\nBitte sortieren Sie nach diesem Schema: \r\n[1] Ich gehe am ehesten davon aus, dass ein ausgefeilter Angriff vorliegt. \r\n[2] Ich gehe weniger davon aus, dass ein ausgefeilter Angriff vorliegt. \r\n[3] Ich gehe nicht davon aus, dass ein ausgefeilter Angriff vorliegt.',3,3,1),(16,'Bitte betrachten Sie nochmals diese Nachricht genauer. Was konkret macht DIESE Nachricht zu einem Sicherheitsrisiko?  Whlen Sie die richtigen drei Antworten aus.',2,3,2),(17,'Gehen Sie davon aus, dass diese Nachricht einen Cyberangriff darstellt. Welche Konsequenz knnte ein Fehlverhalten schlimmstenfalls nach sich ziehen?',1,3,3),(18,'Welche der aufgefhrten Manahmen sollten Sie angesichts dieser Bedrohung als Erstes ergreifen?',1,3,4),(19,'Der erste Schritt besteht darin, die Echtheit der Nachricht und die Identitt des Absenders zu berprfen. Warum ist das in dieser Situation wichtig?',1,3,5),(20,'Wie geht man konkret vor, um die Echtheit der Nachricht und die Identitt des Absenders zu berprfen?',1,3,6),(21,'Sie haben durch die Identittsprfung festgestellt, dass die Nachricht nicht von Lukas Maier stammt. Welche ergnzende Manahme zur Gefahrenabwehr ist in dieser Situation notwendig?',1,3,7),(22,'Bei welcher der folgenden mglichen Anfragen gehen Sie am ehesten von einem Angriff aus?\r\n\r\nBitte sortieren Sie nach diesem Schema: \r\n[1] Ich gehe am ehesten davon aus, dass ein ausgefeilter Angriff vorliegt.  \r\n[2] Ich gehe weniger davon aus, dass ein ausgefeilter Angriff vorliegt. \r\n[3] Ich gehe nicht davon aus, dass ein ausgefeilter Angriff vorliegt.',3,53,1),(23,'Was konkret macht DIESE Nachricht zu einem Sicherheitsrisiko? \r\nWhlen Sie die zwei zutreffenden Antworten aus.',1,53,2),(24,'Gehen Sie davon aus, dass diese Nachricht einen Cyberangriff darstellt. Welche Konsequenz knnte ein Fehlverhalten schlimmstenfalls nach sich ziehen?',1,53,3),(25,'Welche der aufgefhrten Manahmen sollten Sie angesichts dieser Bedrohung als Erstes ergreifen?',1,53,4),(26,'Der erste Schritt besteht darin, die Echtheit der Nachricht und die Identitt des Absenders zu berprfen. Warum ist das in dieser Situation wichtig?',1,53,5),(27,'Wie geht man konkret vor, um die Echtheit der Nachricht und die Identitt des Absenders zu berprfen?',1,53,6),(28,'Sie haben durch die Identittsprfung festgestellt, dass die Nachricht nicht von dem Auendienstmitarbeiter Sebastian Schmidt stammt. Welche ergnzende Manahme zur Gefahrenabwehr ist in dieser Situation notwendig?',1,53,7),(29,'Bei welcher der folgenden E-Mails gehen Sie am ehesten davon aus, dass ein solch ausgefeilter Angriff vorliegt?\r\n\r\nBitte sortieren Sie nach diesem Schema: \r\n[1] Ich gehe am ehesten davon aus, dass ein ausgefeilter Angriff vorliegt.  \r\n[2] Ich gehe weniger davon aus, dass ein ausgefeilter Angriff vorliegt. \r\n[3] Ich gehe nicht davon aus, dass ein ausgefeilter Angriff vorliegt.',3,5,1),(30,'Bitte betrachten Sie nochmals diese Nachricht genauer. Was konkret macht DIESE Nachricht zu einem Sicherheitsrisiko? \r\nWhlen Sie die zutreffenden drei Antworten aus.',2,5,2),(31,'Gehen Sie davon aus, dass diese Nachricht einen Cyberangriff darstellt. Welche Konsequenz knnte ein Fehlverhalten schlimmstenfalls nach sich ziehen?',1,5,3),(32,'Welche der aufgefhrten Manahmen sollten Sie angesichts dieser Bedrohung als Erstes ergreifen?',1,5,4),(33,'Der erste Schritt besteht darin, die Echtheit der Nachricht und die Identitt des Absenders zu berprfen. Warum ist das in dieser Situation wichtig?',1,5,5),(34,'Wie geht man konkret vor, um die Echtheit der Nachricht und die Identitt des Absenders zu berprfen?',1,5,6),(35,'Sie haben durch die Identittsprfung festgestellt, dass die Nachricht nicht von Anna Brandt stammt. Welche ergnzende Manahme zur Gefahrenabwehr ist in dieser Situation notwendig?',1,5,7),(36,'Bei welcher der folgenden E-Mails gehen Sie am ehesten davon aus, dass ein solch ausgefeilter Angriff vorliegt?',3,43,1),(37,'Bitte betrachten Sie nochmals diese Nachricht genauer. Was konkret macht DIESE Nachricht zu einem Sicherheitsrisiko? \r\nWhlen Sie drei Antworten aus.',2,43,2),(38,'Diese Nachricht knnte ein Cyberangriff darstellen. Welche Konsequenz knnte ein Fehlverhalten schlimmstenfalls nach sich ziehen?',1,43,3),(39,'Welche der aufgefhrten Manahmen sollten Sie angesichts dieser Bedrohung als Erstes ergreifen?',1,43,4),(40,'Der erste Schritt besteht darin, die Echtheit der Nachricht und die Identitt des Absenders zu berprfen. Warum ist das in dieser Situation wichtig?',1,43,5),(41,'Wie geht man konkret vor, um die Echtheit der Nachricht und die Identitt des Absenders zu berprfen?',1,43,6),(42,'Sie haben durch die Identittsprfung festgestellt, dass die Nachricht nicht von Sven Mller stammt. Welche ergnzende Manahme zur Gefahrenabwehr ist in dieser Situation notwendig?',1,43,7),(50,'Welche der folgenden mglichen Situationen ist die grte Bedrohung fr die IT-Sicherheit der Arneo GmbH?\r\n\r\n[1] Die Situation ist am bedrohlichsten. \r\n[2] Die Situation ist weniger bedrohlich.\r\n[3] Die Situation ist am wenigsten bedrohlich.',3,45,1),(51,'Bitte versetzen Sie sich in das dargestellte Szenario. Was macht DIESE Situation konkret zu einem Sicherheitsrisiko?\r\nWhlen Sie die zwei richtigen Antworten aus.',2,45,2),(52,'Welche Konsequenzen knnte die Nutzung des Netzwerks schlimmstenfalls nach sich ziehen?',1,45,3),(53,'Welche der aufgefhrten Manahmen sollten Sie als Erstes ergreifen?',1,45,4),(54,'Der erste Schritt besteht darin, die Vertrauenswrdigkeit des Netzwerks zu prfen. Warum ist das in dieser Situation wichtig?',1,45,5),(55,'Wie geht man konkret vor, um die Vertrauenswrdigkeit des Netzwerks zu prfen?',1,45,6),(56,'Sie haben durch die Berechtigungsprfung festgestellt, dass das Netzwerk vertrauenswrdig ist. Welche ergnzenden Manahmen zur Gefahrenabwehr sind in dieser Situation notwendig? \r\nWhlen Sie die drei richtigen Antworten aus.',2,45,7),(64,'Bei welcher der folgenden mglichen Anfragen gehen Sie am ehesten von einem Angriff aus? \r\nBitte sortieren Sie nach diesem Schema: \r\n\r\n[1] Ich gehe am ehesten davon aus, dass ein Angriff vorliegt.  \r\n[2] Ich gehe weniger davon aus, dass ein Angriff vorliegt\r\n[3] Ich gehe nicht davon aus, dass ein Angriff vorliegt.',3,11,1),(65,'Bitte betrachten Sie nochmals diese Nachricht genauer. Was konkret macht DIESE Nachricht zu einem Sicherheitsrisiko? \r\nWhlen Sie zwei Antworten aus.',2,11,2),(66,'Diese Nachricht knnte einen Cyberangriff darstellen. Welche Konsequenz fr die Arneo GmbH knnte ein Fehlverhalten schlimmstenfalls nach sich ziehen?',1,11,3),(67,'Welche der aufgefhrten Manahmen sollten Sie angesichts dieser Bedrohung als Erstes ergreifen?',1,11,4),(68,'Der erste Schritt besteht darin, die Echtheit der Nachricht und die Identitt des Absenders zu berprfen. Warum ist das in dieser Situation wichtig?',1,11,5),(69,'Wie geht man konkret vor, um die Echtheit der Nachricht und die Identitt des Absenders zu berprfen?',1,11,6),(70,'Sie haben durch die Identittsprfung festgestellt, dass die Nachricht nicht von dem Innendienstmitarbeiter Sven Mller stammt. Welche ergnzende Manahme zur Gefahrenabwehr ist in dieser Situation notwendig?',1,11,7),(99,'Welche der folgenden mglichen Situationen ist die grte Bedrohung fr die IT-Sicherheit der Arneo GmbH?   \r\n[1] Die Situation ist am bedrohlichsten.\r\n[2] Die Situation ist weniger bedrohlich.\r\n[3] Die Situation ist am wenigsten bedrohlich.',3,16,1),(100,'Bitte betrachten Sie nochmals diese Situation: Was macht diese Situation konkret zu einem IT-Sicherheitsrisiko fr die Arneo GmbH?\r\nWhlen Sie eine Antwort aus.',1,16,2),(101,'Diese Situation knnte einen Cyberangriff darstellen. Welche Konsequenzen fr die Arneo GmbH knnte eine unterlassene Handlung schlimmstenfalls nach sich ziehen?\r\nWhlen Sie eine Antwort aus.',1,16,3),(102,'Es wurden bereits manche Rechnungen verschickt. Welche der aufgefhrten Manahmen sollten Sie als Erstes ergreifen?\r\nWhlen Sie eine Antwort aus.',1,16,4),(103,'Der erste Schritt besteht darin, den finanziellen Schaden zu begrenzen. Warum ist das in dieser Situation wichtig? \r\nWhlen Sie eine Antwort aus.',1,16,5),(104,'Wie sollten Sie konkret vorgehen, um den finanziellen Schaden zu begrenzen?\r\nWhlen Sie eine Antwort aus.',1,16,6),(105,'Welche ergnzende Manahme zur Gefahrenabwehr ist in dieser Situation notwendig?\r\nWhlen Sie die dringlichste Antwort aus.',1,16,7),(106,'Bei welcher der folgenden E-Mails gehen Sie am ehesten davon aus, dass ein Angriff vorliegt?\r\nBitte sortieren Sie nach diesem Schema: \r\n[1] Ich gehe am ehesten davon aus, dass ein Angriff vorliegt.\r\n[2] Ich gehe weniger davon aus, dass ein Angriff vorliegt.\r\n[3] Ich gehe nicht davon aus, dass ein Angriff vorliegt.',3,17,1),(107,'Bitte betrachten Sie nochmals diese Nachricht: Was macht diese Nachricht konkret zu einem IT-Sicherheitsrisiko fr die Arneo GmbH?\r\nWhlen Sie drei Antworten aus.',2,17,2),(108,'Diese Nachricht knnte einen Cyberangriff darstellen. Welche Konsequenzen fr die Arneo GmbH knnte ein Fehlverhalten schlimmstenfalls nach sich ziehen?\r\nWhlen Sie eine Antwort aus.',1,17,3),(109,'Welche der aufgefhrten Manahmen sollten Sie als Erstes ergreifen?\r\nWhlen Sie eine Antwort aus.',1,17,4),(110,'Der erste Schritt besteht darin, die Echtheit der Nachricht und die Identitt des Absenders zu berprfen. Warum ist das in dieser Situation wichtig?\r\nWhlen Sie eine Antwort aus.',1,17,5),(111,'Wie sollten Sie konkret vorgehen, um die Echtheit der Nachricht und die Identitt des Absenders zu berprfen?\r\nWhlen Sie eine Antwort aus.',1,17,6),(112,'Sie haben durch die berprfung der Echtheit der Nachricht und Identitt des Absenders festgestellt, dass die E-Mail nicht von Ihrem Geschftsfhrer Fabian Schuhmann stammt. Welche ergnzenden Manahmen zur Gefahrenabwehr sind in dieser Situation notwendig?\r\nWhlen Sie die wichtigste Antwort aus.',1,17,7),(113,'Welche der folgenden mglichen Situationen ist die grte Bedrohung fr die IT-Sicherheit der Arneo GmbH?? \r\n[1] Die Situation ist am bedrohlichsten.\r\n[2] Die Situation ist weniger bedrohlich.\r\n[3] Die Situation ist am wenigsten bedrohlich.',3,35,1),(114,'Bitte betrachten Sie nochmals diese Situation:\r\nWas macht diese Situation konkret zu einem Sicherheitsrisiko?\r\nWhlen Sie die zwei richtigen Antworten aus.',2,35,2),(115,'Welche Konsequenzen knnte ein Fehlverhalten schlimmstenfalls nach sich ziehen?     \r\nWhlen Sie eine Antwort.',1,35,3),(116,'Welche der aufgefhrten Manahmen sollten Sie als Erstes ergreifen?    \r\nWhlen Sie eine Antwort.',1,35,4),(117,'Der erste Schritt besteht darin, die Internetverbindung zu kappen und die Ursache zu untersuchen.   Warum ist das in dieser Situation wichtig? \r\nWhlen Sie eine Antwort.',1,35,5),(118,'Wie sollten Sie konkret vorgehen? \r\nWhlen Sie eine Antwort.',1,35,6),(119,'Welche ergnzenden oder zuknftige Manahmen zur Gefahrenabwehr sind in dieser Situation notwendig?\r\nWhlen Sie die zwei richtigen Antworten aus.',2,35,7),(127,'Welche der folgenden mglichen Situationen ist die grte Bedrohung fr die IT-Sicherheit der Arneo GmbH? Bitte sortieren Sie nach diesem Schema:             \r\n[1] Die Situation ist am bedrohlichsten. \r\n[2] Die Situation ist weniger bedrohlich. \r\n[3] Die Situation ist am wenigsten bedrohlich.',3,20,1),(128,'Bitte betrachten Sie nochmals dieses Szenario. Was macht diese Situation konkret zu einem IT-Sicherheitsrisiko fr die Arneo GmbH?\r\nWhlen Sie zwei Antworten aus.',2,20,2),(129,'Welche Konsequenzen fr die Arneo GmbH knnte ein Fehlverhalten schlimmstenfalls nach sich ziehen?   \r\nWhlen Sie eine Antwort.',1,20,3),(130,'Welche der aufgefhrten Manahmen sollten Sie als Erstes ergreifen? \r\nWhlen Sie eine Antwort.',1,20,4),(131,'Der erste Schritt besteht darin, alle Flyer aus dem Foyer mitzunehmen und dem IT-Sicherheitsbeauftragten zukommen zu lassen. Warum ist das in dieser Situation wichtig? \r\nWhlen Sie zwei Antworten.',2,20,5),(132,'Wie sollten Sie konkret vorgehen, um alle Flyer aus dem Foyer mitzunehmen und dem IT-Sicherheitsbeauftragten zukommen zu lassen?\r\nWhlen Sie eine Antwort.',1,20,6),(133,'Der IT-Sicherheitsbeauftragte stellte fest, dass sich hinter der URL/dem QR Code des Flyers Schadsoftware befindet. Welche ergnzenden Manahmen zur Gefahrenabwehr sind in dieser Situation notwendig?   Whlen Sie zwei Antworten aus.',2,20,7),(169,'Welche der folgenden mglichen Situationen ist die grte Bedrohung fr die IT-Sicherheit der Arneo GmbH?\r\n\r\n[1] Die Situation ist am bedrohlichsten. \r\n[2] Die Situation ist weniger bedrohlich.\r\n[3] Die Situation ist am wenigsten bedrohlich.',3,26,1),(170,'Bitte versetzen Sie sich in die Situation: Was macht DIESE Situation konkret zu einem Sicherheitsrisiko? \r\nWhlen Sie die zwei richtigen Antworten aus.',2,26,2),(171,'Welche Konsequenzen knnte das Unterlassen einer Handlung schlimmstenfalls nach sich ziehen? \r\nWhlen Sie eine Antwort.',1,26,3),(172,'Welche der aufgefhrten Manahmen sollten Sie ergreifen? \r\nWhlen Sie eine Antwort.',1,26,4),(173,'Der erste Schritt besteht darin, den Besprechungsraum ordnungsgem zu hinterlassen. Warum ist das in dieser Situation wichtig? \r\nWhlen Sie eine Antwort.',1,26,5),(174,'Wie geht man konkret vor, um den Besprechungsraum ordnungsgem zu hinterlassen? \r\nWhlen Sie eine Antwort.',1,26,6),(175,'Welche ergnzende Manahme zur Gefahrenabwehr ist in dieser Situation notwendig? \r\nWhlen Sie die wichtigste aus.',1,26,7),(176,'Welche der folgenden mglichen Situationen ist die grte Bedrohung fr die IT-Sicherheit der Arneo GmbH? \r\n\r\n[1] Die Situation ist am bedrohlichsten.\r\n[2] Die Situation ist weniger bedrohlich. \r\n[3] Die Situation ist am wenigsten bedrohlich.',3,28,1),(177,'Bitte versetzen Sie sich in die Situation. Was macht diese Situation konkret zu einem Sicherheitsrisiko?\r\nWhlen Sie eine Antwort aus.',1,28,2),(178,'Welche Konsequenzen knnte ein Fehlverhalten schlimmstenfalls nach sich ziehen?   \r\nWhlen Sie eine Antwort aus.',1,28,3),(179,'Welche der aufgefhrten Manahmen sollten Sie als Erstes ergreifen?   \r\nWhlen Sie eine Antwort aus.',1,28,4),(180,'Warum ist es in dieser Situation wichtig, die Berechtigung von dem Kollegen zu berprfen? \r\nWhlen Sie eine Antwort aus.',1,28,5),(181,'Wie sollten Sie konkret vorgehen, um die Berechtigung von dem Kollegen zu berprfen?   \r\nWhlen Sie eine Antwort aus.',1,28,6),(182,'Sie haben durch die Berechtigungsprfung festgestellt, dass Mark Kistner nicht berechtigt ist, die Daten zu sehen. Welche ergnzende Manahme zur Gefahrenabwehr ist in dieser Situation notwendig?  \r\nWhlen Sie die wichtigste aus.',1,28,7),(191,'Bei welcher der folgenden mglichen Anfragen gehen Sie am ehesten von einem Angriff auf die IT-Sicherheit der Arneo GmbH aus? \r\n\r\nBitte sortieren Sie nach diesem Schema:   \r\n[1] Ich gehe am ehesten davon aus, dass ein Angriff vorliegt. \r\n[2] Ich gehe weniger davon aus, dass ein Angriff vorliegt. \r\n[3] Ich gehe nicht davon aus, dass ein Angriff vorliegt.',3,30,1),(192,'Bitte betrachten Sie nochmals dieses Szenario genauer. Was macht DIESES Szenario konkret zu einem IT-Sicherheitsrisiko fr die Arneo GmbH? Whlen Sie drei Antworten aus.',2,30,2),(193,'Welche Konsequenzen knnte ein Fehlverhalten schlimmstenfalls nach sich ziehen?   \r\nWhlen Sie eine Antwort aus.',1,30,3),(194,'Welche der aufgefhrten Manahmen sollten Sie angesichts dieser Bedrohung als Erstes ergreifen?   \r\nWhlen Sie eine Antwort aus.',1,30,4),(195,'Warum ist es in dieser Situation wichtig, die Identitt der Frau und ihre Berechtigung zu berprfen? \r\nWhlen Sie eine Antwort aus.',1,30,5),(196,'Wie geht man konkret vor, um die Identitt der Frau und ihre Berechtigung zu berprfen? \r\nWhlen Sie eine Antwort aus.',1,30,6),(197,'Sie haben durch die Identittsprfung festgestellt, dass die Frau nicht ist, fr wen sie sich ausgibt. Welche ergnzende Manahme zur Gefahrenabwehr ist in dieser Situation notwendig?   \r\nWhlen Sie die wichtigste aus.',1,30,7),(198,'Welche der folgenden mglichen Anrufe ist die grte Bedrohung fr die IT-Sicherheit der Arneo GmbH?   \r\n[1] Die Situation ist am bedrohlichsten. \r\n[2] Die Situation ist weniger bedrohlich. \r\n[3] Die Situation ist am wenigsten bedrohlich.',3,31,1),(199,'Was macht diesen Anruf konkret zu einem IT-Sicherheitsrisiko fr die Arneo GmbH?   \r\nWhlen Sie zwei Antworten aus.',2,31,2),(200,'Welche Konsequenzen fr die Arneo GmbH knnte ein Fehlverhalten schlimmstenfalls nach sich ziehen?   \r\nWhlen Sie eine Antwort aus.',1,31,3),(201,'Welche der aufgefhrten Manahmen sollten Sie als Erstes ergreifen?  \r\nWhlen Sie eine Antwort aus.',1,31,4),(202,'Warum ist es in dieser Situation wichtig, Thema und Echtheit der Interviewanfrage zu berprfen\r\nWhlen Sie eine Antwort aus.',1,31,5),(203,'Wie sollten Sie konkret vorgehen, um Thema und Echtheit der Interviewanfrage zu berprfen?\r\nWhlen Sie eine Antwort aus.',1,31,6),(204,'Nach einem Tag erhalten Sie eine E-Mail mit den genauen Details des Interviews. \r\nWelche ergnzenden Manahmen zur Gefahr aber sind in dieser Situation notwendig?\r\nWhlen Sie eine Antwort aus.',1,31,7),(205,'Welche der folgenden Nachrichten gehen Sie am ehesten davon aus, dass ein Angriff auf die IT-Sicherheit der Arneo GmbH vorliegt?\r\nBitte sortieren Sie nach diesem Schema:   \r\n[1] Ich gehe am ehesten davon aus, dass ein Angriff vorliegt. \r\n[2] Ich gehe weniger davon aus, dass ein Angriff vorliegt. \r\n[3] Ich gehe nicht davon aus, dass ein Angriff vorliegt.',3,32,1),(206,'Bitte betrachten Sie nochmals diese Nachricht genauer.              \r\nWas konkret macht diese Nachricht zu einem IT-Sicherheitsrisiko fr die Arneo GmbH?   \r\nWhlen Sie drei Antworten aus.',2,32,2),(207,'Diese Nachricht knnte einen Cyberangriff darstellen.   \r\nWelche Konsequenzen fr die Arneo GmbH knnte ein Fehlverhalten schlimmstenfalls nach sich ziehen?   \r\nWhlen Sie eine Antwort aus.',1,32,3),(208,'Welche der aufgefhrten Manahmen sollten Sie angesichts dieser Bedrohung als Erstes ergreifen?   Whlen Sie eine Antwort aus.',1,32,4),(209,'Warum ist es in dieser Situation wichtig, die Identitt des Absenders zu berprfen?   \r\nWhlen Sie eine Antwort aus.',1,32,5),(210,'Wie geht man konkret vor, um die Identitt des Absenders zu berprfen?   \r\nWhlen Sie zwei Antworten aus.',2,32,6),(211,'Sie haben durch die Identittsprfung festgestellt, dass die Nachricht einen Angriff darstellt. Welche ergnzende Manahme zur Gefahrenabwehr ist in dieser Situation notwendig?  \r\nWhlen Sie die wichtigste aus.',1,32,7),(219,'Welche der folgenden nachfolgenden Windows Eventlogs  ist die grte Bedrohung fr die IT-Sicherheit der Arneo GmbH?   \r\n[1] Die Situation ist am bedrohlichsten. \r\n[2] Die Situation ist weniger bedrohlich. \r\n[3] Die Situation ist am wenigsten bedrohlich.',3,34,1),(220,'Bitte betrachten Sie nochmals diese Situation:   Was macht diese Situation konkret zu einem Sicherheitsrisiko?\r\n Whlen Sie zwei Antworten aus.',2,34,2),(221,'Welche Konsequenzen knnte diese Attacke schlimmstenfalls nach sich ziehen?   \r\nWhlen Sie drei Antworten aus.',2,34,3),(222,'Welche der aufgefhrten Manahmen sollten Sie als Erstes ergreifen?   \r\nWhlen Sie zwei Antworten aus.',2,34,4),(223,'Warum ist es in dieser Situation wichtig  die Verbindung zu unterbrechen und Einwahldaten des Kontos zu ndern und nach neuen (Admin-)Konten zu suchen? \r\nWhlen Sie eine Antwort aus.',1,34,5),(224,'Wie sollten Sie konkret vorgehen  um das Anlegen neuer Adminkonten zu untersuchen?   \r\nWhlen Sie eine Antwort aus.',1,34,6),(225,'Angenommen  Sie konnten das Adminkonto rechtzeitig deaktivieren und Angreifer aus Ihrem System aussperren. Welche ergnzenden Manahmen zur Gefahrenabwehr sind in dieser Situation notwendig?   \r\nWhlen Sie zwei Antworten aus.',2,35,7),(226,'Bitte betrachten Sie nochmals diese Situation:   Was macht diese Situation konkret zu einem Sicherheitsrisiko? \r\nWhlen Sie zwei Antworten aus.',2,35,2),(227,'Welche Konsequenzen knnte ein Fehlverhalten schlimmstenfalls nach sich ziehen?     \r\nWhlen Sie eine Antwort aus.',1,35,3),(228,'Welche der aufgefhrten Manahmen sollten Sie als Erstes ergreifen?    \r\nWhlen Sie eine Antwort aus.',1,35,4),(229,'Warum ist es in dieser Situation wichtig,  die Internetverbindung zu kappen und die Ursache zu untersuchen? \r\nWhlen Sie eine Antwort aus.',1,35,5),(230,'Wie sollten Sie konkret vorgehen?   \r\nWhlen Sie eine Antwort aus.',1,35,6),(231,'Welche ergnzenden oder zuknftige Manahmen zur Gefahrenabwehr sind in dieser Situation notwendig?   \r\nWhlen Sie zwei Antworten aus.',2,35,7),(232,'Welche der folgenden mglichen Situationen ist die grte Bedrohung fr die IT-Sicherheit der Arneo GmbH?  \r\n[1] Die Situation ist am bedrohlichsten. \r\n[2] Die Situation ist weniger bedrohlich.\r\n[3] Die Situation ist am wenigsten bedrohlich.',3,35,1),(233,'Welche der folgenden mglichen Situationen ist die grte Bedrohung fr die IT-Sicherheit der Arneo GmbH?   \r\n[1] Die Situation ist am bedrohlichsten. \r\n[2] Die Situation ist weniger bedrohlich. \r\n[3] Die Situation ist am wenigsten bedrohlich.',3,36,1),(234,'Bitte betrachten Sie nochmals diese Situation:   Was macht diese Situation konkret zu einem Sicherheitsrisiko?\r\n Whlen Sie eine Antwort aus.',1,36,2),(235,'Welche Konsequenzen knnte ein Fehlverhalten schlimmstenfalls nach sich ziehen?  \r\nWhlen Sie zwei Antworten aus.',2,36,3),(236,'Welche der aufgefhrten Manahmen sollten Sie als Erstes ergreifen?    \r\nWhlen Sie eine Antwort aus.',1,36,4),(237,'Warum ist es in dieser Situation wichtig  Kontodaten zu ndern? \r\nWhlen Sie eine Antwort aus.',1,36,5),(238,'Wie sollten Sie konkret vorgehen?   \r\nWhlen Sie eine Antwort aus.',1,36,6),(239,'Welche ergnzenden Manahmen zur Gefahrenabwehr sind in dieser Situation notwendig?  \r\nWhlen Sie zwei Antworten aus.',2,36,7),(240,'Welche der folgenden mglichen Situationen ist die grte Bedrohung fr die IT-Sicherheit der Arneo GmbH?  \r\n[1] Die Situation ist am bedrohlichsten. \r\n[2] Die Situation ist weniger bedrohlich. \r\n[3] Die Situation ist am wenigsten bedrohlich.',3,37,1),(241,'Bitte betrachten Sie nochmals diese Situation:   Was macht diese Situation konkret zu einem Sicherheitsrisiko?\r\nWhlen Sie eine Antwort aus.',1,37,2),(242,'Welche Konsequenzen knnte ein Fehlverhalten schlimmstenfalls nach sich ziehen?   \r\nWhlen Sie zwei Antworten  aus.',2,37,3),(243,'Welche der aufgefhrten Manahmen sollten Sie als Erstes ergreifen?    \r\nWhlen Sie eine Antwort aus.',1,37,4),(244,'Warum ist das in dieser Situation wichtig? \r\nWhlen Sie eine Antwort aus.',1,37,5),(245,'Wie sollten Sie konkret vorgehen? \r\nWhlen Sie zwei Antworten aus.',2,37,6),(246,'Welche ergnzenden Manahmen zur Gefahrenabwehr sind in dieser Situation notwendig? \r\nWhlen Sie zwei Antworten aus.',2,37,7),(247,'Welche der folgenden mglichen Situationen ist die grte Bedrohung fr die IT-Sicherheit der Arneo GmbH?   \r\n[1] Die Situation ist am bedrohlichsten. \r\n[2] Die Situation ist weniger bedrohlich. \r\n[3] Die Situation ist am wenigsten bedrohlich.',3,38,1),(248,'Bitte betrachten Sie nochmals diese Situation:   Was macht diese Situation konkret zu einem Sicherheitsrisiko?\r\nWhlen Sie eine Antwort aus.',1,38,2),(249,'Welche Konsequenzen knnte ein Fehlverhalten schlimmstenfalls nach sich ziehen?    \r\nWhlen Sie eine Antwort aus.',1,38,3),(250,'Welche der aufgefhrten Manahmen sollten Sie als Erstes ergreifen?    \r\nWhlen Sie eine Antwort aus.',1,38,4),(251,'Der erste Schritt besteht darin, das System abzuschotten. Warum ist das in dieser Situation wichtig? \r\nWhlen Sie eine Antwort aus.',1,38,5),(252,'Wie sollten Sie konkret vorgehen, wenn Sie das Netzwerk komplett herunterfahren?   \r\nWhlen Sie eine Antwort aus.',1,38,6),(253,'Welche ergnzenden Manahmen zur Gefahrenabwehr sind in dieser Situation notwendig?   \r\nWhlen Sie zwei Antworten aus.',2,38,7),(254,'Welche der folgenden mglichen Situationen stellt die grte Bedrohung fr die IT-Sicherheit der Arneo GmbH dar?  Sortieren Sie bitte nach folgendem Schema: \r\n[1] Die Situation ist am bedrohlichsten.\r\n[2] Die Situation ist weniger bedrohlich.\r\n[3] Die Situation ist am wenigsten bedrohlich.',3,39,1),(255,'Betrachten Sie bitte nochmals die Situation der klickenden Festplatten Was macht diese Situation konkret zu einem IT-Sicherheitsrisiko fr die Arneo GmbH?\r\nWhlen Sie eine Antwort aus.',1,39,2),(256,'Welche Konsequenzen fr die Arneo GmbH knnte ein Fehlverhalten schlimmstenfalls nach sich ziehen?  \r\nWhlen Sie eine Antwort aus.',1,39,3),(257,'Nehmen Sie an, durch den Ausfall des Systems entsteht eine neue Schwachstelle fr Ihr Gesamtsystem. Welche der aufgefhrten Manahmen sollten Sie angesichts der skizzierten Bedrohung ergreifen?   \r\nWhlen Sie eine Antwort aus.',1,39,4),(258,'Warum ist es in dieser Situation wichtig das System neu aufzusetzen?   \r\nWhlen Sie eine Antwort aus.',1,39,5),(259,'Wie sollten Sie konkret vorgehen, um das System neu aufzusetzen und so Fehlkonfigurationen oder hnliches zu verhindern ?   \r\nWhlen Sie eine Antwort aus.',1,39,6),(260,'Angenommen, Sie installieren das neueste Betriebssystem und konfigurieren ein RAID5. Welche ergnzenden berprfungen oder prventiven Manahmen sind dann notwendig?   \r\nWhlen Sie zwei Antworten aus.',2,39,7),(261,'Welche der folgenden mglichen Situationen ist die grte Bedrohung fr die IT-Sicherheit der Arneo GmbH? Bitte sortieren Sie nach diesem Schema:   \r\n[1] Die Situation ist am bedrohlichsten. \r\n[2] Die Situation ist weniger bedrohlich. \r\n[3] Die Situation ist am wenigsten bedrohlich.',3,40,1),(262,'Bitte betrachten Sie nochmals diese Situation: (Szenario 3)  Was macht diese Situation konkret zu einer Bedrohung fr die IT-Sicherheit der Arneo GmbH? \r\nWhlen Sie eine Antwort aus.',1,40,2),(263,'Welche Konsequenzen fr die Arneo GmbH knnte ein Fehlverhalten schlimmstenfalls nach sich ziehen?   \r\nWhlen Sie eine Antwort aus.',1,40,3),(264,'Welche der aufgefhrten Manahmen sollten Sie als Erstes ergreifen?   \r\nWhlen Sie eine Antwort aus.',1,40,4),(265,'Warum ist es in dieser Situation wichtig, das System vom Internet zu separieren? \r\nWhlen Sie eine Antwort aus.',1,40,5),(266,'Wie sollten Sie dabei konkret vorgehen?  \r\nWhlen Sie eine Antwort aus.',1,40,6),(267,'Welche ergnzenden Manahmen zur Gefahrenabwehr sind in dieser Situation notwendig?   \r\nWhlen Sie eine Antwort aus.',1,40,7),(268,'Welche der folgenden mglichen Situationen ist die grte Bedrohung fr die IT-Sicherheit der Arneo GmbH? Bitte sortieren Sie nach diesem Schema:   \r\n[1] Die Situation ist am bedrohlichsten. \r\n[2] Die Situation ist weniger bedrohlich. \r\n[3] Die Situation ist am wenigsten bedrohlich.  \r\nZur vergrerten Ansicht bitte das Bild anklicken. Zum Verschieben in den grauen Hintergrund klicken.',3,41,1),(269,'Bitte betrachten Sie nochmals diese Situation: [Szenario 2] Was macht diese Situation konkret zu einem IT-Sicherheitsrisiko fr die Arneo GmbH? \r\nWhlen Sie eine Antwort aus.',1,41,2),(270,'Welche Konsequenzen knnte ein Fehlverhalten schlimmstenfalls nach sich ziehen?   \r\nWhlen Sie eine Antwort aus.',1,41,3),(271,'Welche der aufgefhrten Manahmen sollten Sie als Erstes ergreifen?   \r\nWhlen Sie eine Antwort aus.',1,41,4),(272,'Warum ist es in dieser Situation wichtig, nach neu hinzugefgten Benutzern (Admins) zu suchen und smtliche Passwrter zu ndern? \r\nWhlen Sie eine Antwort aus.',1,41,5),(273,'Wie sollten Sie konkret vorgehen, um nach neu hinzugefgten Benutzern (Admins) zu suchen und smtliche Passwrter zu ndern?   \r\nWhlen Sie eine Antwort aus.',1,41,6),(274,'Welche ergnzenden Manahmen zur Gefahrenabwehr sind in dieser Situation notwendig?   \r\nWhlen Sie eine Antworten aus.',1,41,7),(275,'Welche der folgenden mglichen Situationen ist die grte Bedrohung fr die IT-Sicherheit der Arneo GmbH? Versetzen Sie sich dabei in die Situation bevor Sie das Update herunterladen. Bitte sortieren Sie nach diesem Schema:           \r\n[1] Die Situation ist am bedrohlichsten. \r\n[2] Die Situation ist weniger bedrohlich. \r\n[3] Die Situation ist am wenigsten bedrohlich.',3,42,1),(276,'Bitte betrachten Sie nochmals diese Situation: [Szenario 3]  Was macht diese Situation konkret zu einem IT- Sicherheitsrisiko fr die Arneo GmbH? \r\nWhlen Sie eine Antwort aus.',1,42,2),(277,'Welche Konsequenzen fr die Arneo GmbH knnte ein Fehlverhalten schlimmstenfalls nach sich ziehen?   \r\nWhlen Sie zwei Antworten aus.',2,42,3),(278,'Welche der aufgefhrten Manahmen sollten Sie angesichts der Bedrohung als Erstes ergreifen?   \r\nWhlen Sie eine Antwort aus.',1,42,4),(279,'Warum ist es in dieser Situation wichtig, das Netzwerk abzuschotten? \r\nWhlen Sie eine Antwort aus.',1,42,5),(280,'Wie sollten Sie konkret vorgehen, um das System von der Auenwelt abzuschotten?   \r\nWhlen Sie eine Antwort aus.',1,42,6),(281,'Sie haben das System abgetrennt. Welche ergnzenden Manahmen zur Gefahrenabwehr sind in dieser Situation notwendig?   \r\nWhlen Sie zwei Antworten aus.',2,42,7),(289,'Welche der folgenden mglichen Situationen ist die grte Bedrohung fr die IT-Sicherheit der Arneo GmbH?\r\n \r\nBitte sortieren Sie die Bilder durch Verschieben nach diesem Schema:\r\n \r\n[1] Die Situation ist am bedrohlichsten.\r\n[2] Die Situation ist weniger bedrohlich.\r\n[3] Die Situation ist am wenigsten bedrohlich.\r\n\r\nZur vergrerten Ansicht bitte anklicken.',3,44,1),(290,'Bitte betrachten Sie nochmal diese Situation: Was macht DIESE Situation konkret zu einem Sicherheitsrisiko? \r\nWhlen Sie zwei Antworten aus.',2,44,2),(291,'Diese Situation knnte einen Cyberangriff darstellen. Welche Konsequenzen fr die Arneo GmbH knnte dann ein Fehlverhalten schlimmstenfalls nach sich ziehen?\r\nWhlen Sie eine Antwort aus.',1,44,3),(292,'Welche der aufgefhrten Manahmen sollten Sie als Erstes ergreifen?\r\n Whlen Sie eine Antwort aus.',1,44,4),(293,'Warum ist es in dieser Situation wichtig, den USB-Stick dem IT-Sicherheitsbeauftragten der Messe zu bergeben? \r\nWhlen Sie eine Antwort aus.',1,44,5),(294,'Wie geht man konkret vor, um dem IT-Sicherheitsbeauftragten der Messe den USB-Stick zu bergeben? \r\nWhlen Sie eine Antwort aus.',1,44,6),(295,'Welche ergnzenden Manahmen zur Gefahrenabwehr ist in dieser Situation notwendig? \r\nWhlen Sie eine Antwort aus.',1,44,7),(303,'Bei welcher der folgenden Nachrichten gehen Sie am ehesten davon aus, dass ein solch ausgefeilter Angriff vorliegt? \r\n\r\nBitte sortieren Sie nach diesem Schema: \r\n\r\n[1] Ich gehe am ehesten davon aus, dass ein ausgefeilter Angriff vorliegt.  \r\n[2] Ich gehe weniger davon aus, dass ein ausgefeilter Angriff vorliegt. \r\n[3] Ich gehe nicht davon aus, dass ein ausgefeilter Angriff vorliegt.',3,46,1),(304,'Bitte betrachten Sie nochmals die bedrohlichste Nachricht genauer. Was konkret macht DIESE Nachricht zu einem Sicherheitsrisiko? \r\nWhlen Sie zwei Antworten aus.',2,46,2),(305,'Diese Nachricht knnte einen Cyberangriff darstellen. Welche Konsequenzen fr die Arneo GmbH knnte ein Fehlverhalten schlimmstenfalls nach sich ziehen? \r\nWhlen Sie eine Antwort aus.',1,46,3),(306,'Welche der aufgefhrten Manahmen sollten Sie angesichts dieser Bedrohung als Erstes ergreifen? \r\nWhlen Sie eine Antwort.',1,46,4),(307,'Warum ist es in dieser Situation wichtig, die Echtheit der Nachricht und die Identitt von Paula zu berprfen?\r\nWhlen Sie eine Antwort.',1,46,5),(308,'Wie geht man konkret vor, die Echtheit der Nachricht und die Identitt von Paula zu berprfen? \r\nWhlen Sie eine Antwort.',1,46,6),(309,'Sie haben durch die Identittsprfung festgestellt, dass die Nachricht von der echten Paula stammt. Welche ergnzende Manahme zur Gefahrenabwehr ist in dieser Situation notwendig? \r\nWhlen Sie die Wichtigste aus.',1,46,7),(317,'Welche der folgenden mglichen Situationen stellt die grte Bedrohung fr die IT-Sicherheit der Arneo GmbH dar? Bitte sortieren Sie nach diesem Schema:   \r\n[1] Die Situation ist am bedrohlichsten. \r\n[2] Die Situation ist weniger bedrohlich. \r\n[3] Die Situation ist am wenigsten bedrohlich. \r\nZur vergrerten Ansicht bitte das Bild anklicken. Zum Verschieben in den grauen Hintergrund klicken.',3,48,1),(318,'Bitte betrachten Sie nochmals das bedrohlichste Szenario: Was macht diese Situation konkret zu einem IT-Sicherheitsrisiko fr die Arneo GmbH? \r\nWhlen Sie eine Antwort aus.',1,48,2),(319,'Welche Konsequenzen fr die Arneo GmbH knnte ein Fehlverhalten schlimmstenfalls haben? \r\nWhlen Sie eine Antwort aus.',1,48,3),(320,'Welche der aufgefhrten Manahmen sollten Sie angesichts der skizzierten Bedrohung als Erstes ergreifen? \r\nWhlen Sie eine Antwort aus.',1,48,4),(321,'Warum ist es in dieser Situation wichtig als Erstes den Sicherheitsbeauftragten zu kontaktieren?   \r\nWhlen Sie eine Antwort aus.',1,48,5),(322,'Wie sollten Sie in dieser Sitation konkret vorgehen, um den/die IT-Sicherheitsbeauftragte*n und eine/n Kolleg*In aus Ihrer Abteilung zu kontaktieren?   \r\nWhlen Sie eine Antwort aus.',1,48,6),(323,'Welche ergnzenden Manahmen zur Gefahrenabwehr sind in dieser Situation notwendig?   \r\nWhlen Sie eine Antwort aus.',1,48,7),(331,'Welches der folgenden Nachrichten stellt die grte Bedrohung fr die IT-Sicherheit der Arneo GmbH dar? Bitte sortieren Sie nach diesem Schema:   \r\n\r\n[1] Die Nachricht ist am bedrohlichsten. \r\n[2] Die Nachricht ist weniger bedrohlich. \r\n[3] Die Nachricht ist am wenigsten bedrohlich.',3,50,1),(332,'Bitte betrachten Sie nochmals die bedrohlichste Situation: Was macht diese Nachricht konkret zu einem IT-Sicherheitsrisiko fr die Arneo GmbH? \r\nWhlen Sie eine Antwort aus.',1,50,2),(333,'Welche Konsequenzen fr die Arneo GmbH knnte ein Fehlverhalten schlimmstenfalls nach sich ziehen?    \r\nWhlen Sie eine Antworte aus.',1,50,3),(334,'Welche der aufgefhrten Manahmen sollten Sie angesichts dieser Bedrohung als Erstes ergreifen?    \r\nWhlen Sie zwei Antworten aus.',2,50,4),(335,'Warum ist es in dieser Situation wichtig, den/die IT-Sicherheitsbeauftragte/n zu kontaktieren, die Nachricht zu lschen und den Absender zu blockieren?   \r\nWhlen Sie eine Antwort aus.',1,50,5),(336,'Sie haben sich entschieden, den/die IT-Sicherheitsbeauftragte/n zu kontaktieren. Wie gehen Sie dabei konkret vor?   \r\nWhlen Sie eine Antwort aus.',1,50,6),(337,'Welche ergnzenden Manahmen zur Gefahrenabwehr sind in dieser Situation notwendig?   \r\nWhlen Sie eine Antwort aus.',1,50,7),(338,'Welche der folgenden Nachrichten stellt die grte Bedrohung fr die IT-Sicherheit der Arneo GmbH dar? Bitte sortieren Sie nach diesem Schema:   \r\n\r\n[1] Die Situation ist am bedrohlichsten. \r\n[2] Die Situation ist weniger bedrohlich. \r\n[3] Die Situation ist am wenigsten bedrohlich.',3,51,1),(339,'Bitte betrachten Sie nochmals die bedrohlichste Situation: Was macht diese Nachricht konkret zu einem IT-Sicherheitsrisiko fr die Arneo GmbH? \r\nWhlen Sie eine Antwort aus.',1,51,2),(340,'Welche Konsequenzen fr die Arneo GmbH knnte ein Fehlverhalten schlimmstenfalls nach sich ziehen?    \r\nWhlen Sie eine Antworte aus.',1,51,3),(341,'Welche der aufgefhrten Manahmen sollten Sie angesichts dieser Bedrohung als Erstes ergreifen?    \r\nWhlen Sie zwei Antworten aus.',2,51,4),(342,'Warum ist es in dieser Situation wichtig als Erstes den/die IT-Sicherheitsbeauftragte/n zu kontaktieren?   \r\nWhlen Sie eine Antwort aus.',1,51,5),(343,'Wie sollten Sie konkret vorgehen, um den/die IT-Sicherheitsbeauftragte/n zu kontaktieren?   \r\nWhlen Sie eine Antwort aus.',1,51,6),(344,'Welche ergnzenden Manahmen zur Gefahrenabwehr sind in dieser Situation notwendig?  \r\nWhlen Sie eine Antwort aus.',1,51,7),(345,'Welche der folgenden mglichen Situationen ist die grte Bedrohung fr die IT-Sicherheit der Arneo GmbH?\r\nSortieren Sie nach folgendem Schema\r\n\r\n[1] Die Situation ist am bedrohlichsten.\r\n[2] Die Situation ist weniger bedrohlich.\r\n[3] Die Situation ist am wenigsten bedrohlich.',3,52,1),(346,'Bitte betrachten Sie nochmals die bedrohlichste Situation: Was macht diese Situation konkret zu einem IT-Sicherheitsrisiko fr die Arneo GmbH?   \r\nWhlen Sie eine Antwort.',1,52,2),(347,'Welche Konsequenzen fr die Arneo GmbH knnte es schlimmstenfalls haben, sollte die Ladestation zur Datenbertragung mit Ihrem Handy manipuliert sein?\r\nWhlen Sie eine Antwort.',1,52,3),(348,'Welche der aufgefhrten Manahmen sollten Sie angesichts der skizzierten Bedrohung ergreifen?\r\nWhlen Sie eine Antwort.',1,52,4),(349,'Warum ist es in dieser Situation wichtig, eine andere Lademglichkeit zu suchen? \r\nWhlen Sie eine Antwort aus.',1,52,5),(350,'Sie haben sich entschieden, eine andere Lademglichkeit zu suchen. Nach welchen Kriterien whlen Sie eine sichere Lademglichkeit aus? \r\nWhlen Sie zwei Antworten aus.',2,52,6),(351,'Sie suchen eine sichere Lademglichkeit. Was wre die sinnvollste Follow-Up-Manahme? \r\nWhlen Sie eine Antwort aus.',1,52,7),(359,'Welche der folgenden Nachrichten stellt die bedrohlichste Situation fr die IT-Sicherheit der Arneo GmbH dar? Bitte sortieren Sie nach diesem Schema:   \r\n\r\n[1] Die Situation ist am bedrohlichsten. \r\n[2] Die Situation ist weniger bedrohlich. \r\n[3] Die Situation ist am wenigsten bedrohlich.',3,54,1),(360,'Betrachten Sie nochmals die bedrohlichste Nachricht: Was konkret macht diese Nachricht zu einem IT-Sicherheitsrisiko fr die Arneo GmbH?  \r\nWhlen Sie eine Antwort aus.',1,54,2),(361,'Welche Konsequenzen fr die Arneo GmbH knnte ein Fehlverhalten schlimmstenfalls nach sich ziehen?   \r\nWhlen Sie eine Antwort aus.',1,54,3),(362,'Welche der aufgefhrten Manahmen sollten Sie angesichts der skizzierten Bedrohung ergreifen?   \r\nWhlen Sie eine Antwort aus.',1,54,4),(363,'Warum ist es im konkreten Kontext wichtig, die Identitt des Absenders zu berprfen?   \r\nWhlen Sie eine Antwort aus.',1,54,5),(364,'Wie sollten Sie in dieser Situation konkret die Identitt des Absenders berprfen?   \r\nWhlen Sie eine Antwort aus.',1,54,6),(365,'Die Identitt des Absenders sollte am besten berprft werden, indem Sie eine Person ausfindig machen, die den Absender kennt und identifizieren kann. Welche ergnzende berprfende oder prventive Manahme ist notwendig?   \r\nWhlen Sie eine Antwort aus.',1,54,7),(373,'Welche der folgenden mglichen Situationen ist die grte Bedrohung fr die IT-Sicherheit der Arneo GmbH? Sortieren Sie nach folgendem Schema: \r\n\r\n[1] Die Situation ist am bedrohlichsten. \r\n[2] Die Situation ist weniger bedrohlich. \r\n[3] Die Situation ist am wenigsten bedrohlich.',3,56,1),(374,'Bitte betrachten Sie nochmals die bedrohlichste Situation: Was macht diese Situation konkret zu einem Informationssicherheitsrisiko?   \r\nWhlen Sie zwei Antworten aus.',2,56,2),(375,'Welche Konsequenzen fr die Arneo GmbH knnte diese Bedrohung schlimmstenfalls nach sich ziehen?     \r\nWhlen Sie eine Antwort aus.',1,56,3),(376,'Welche der aufgefhrten Manahmen sollte angesichts dieser Bedrohung ausgewhlt werden?   \r\nWhlen Sie eine Antwort.',1,56,4),(377,'Warum ist es in dieser Situation  wichtig, die Identitt der Person festzustellen?   \r\nWhlen Sie eine Antwort.',1,56,5),(378,'Wie geht man konkret vor, um die Identitt der Person festzustellen?   \r\nWhlen Sie eine Antwort.',1,56,6),(379,'Sie haben durch die Prfung festgestellt, dass die Person keine Berechtigung besitzt, sich in dem Bereich aufzuhalten.   Welche ergnzenden Manahmen sind in dieser Situation noch notwendig?    \r\nWhlen Sie die beiden wichtigsten Manahmen aus.',2,56,7),(380,'Welche der folgenden mglichen Situationen ist die grte Bedrohung fr die IT-Sicherheit der Arneo GmbH?  Bitte sortieren Sie nach folgendem Schema:  \r\n\r\n[1] Die Situation ist am bedrohlichsten. \r\n[2] Die Situation ist weniger bedrohlich. \r\n[3] Die Situation ist am wenigsten bedrohlich.',3,57,1),(381,'Bitte betrachten Sie nochmals die bedrohlichste Situation: Was macht diese Situation konkret zu einer Bedrohung fr die IT-Sicherheit der Arneo GmbH?   \r\nWhlen Sie eine Antwort.',1,57,2),(382,'Welche Konsequenz fr die Arneo GmbH knnte ein Fehlverhalten schlimmsentfalls nach sich ziehen?  \r\nWhlen Sie eine Antwort aus.',1,57,3),(383,'Welche der aufgefhrten Manahmen wrden Sie angesichts der skizzierten Bedrohung ergreifen?   \r\nWhlen Sie eine Antwort.',1,57,4),(384,'Warum ist es in diesem konkreten Kontext richtig, den/die Sicherheitsbeauftragte/n zu kontaktieren?   \r\nWhlen Sie eine Antwort.',1,57,5),(385,'Wie gehen Sie in dieser Situation konkret vorgehen, um den/die Sicherheitsbeauftragte/n zu kontaktieren?   \r\nWhlen Sie eine Antwort aus.',1,57,6),(386,'Welche ergnzende berprfende oder prventive Manahme ist notwendig?   \r\nWhlen Sie eine Antwort aus.',1,57,7),(387,'Bei welcher der folgenden mglichen Anfragen gehen Sie am ehesten von einem Angriff auf die IT-Sicherheit der Arneo GmbH aus?     Bitte sortieren Sie nach diesem Schema: \r\n\r\n[1] Ich gehe am ehesten davon aus, dass ein Angriff vorliegt. \r\n[2] Ich gehe weniger davon aus, dass ein Angriff vorliegt. \r\n[3] Ich gehe nicht davon aus, dass ein Angriff vorliegt.',3,58,1),(388,'Was konkret macht diese Nachricht zu einer Bedrohung fr die IT-Sicherheit der Arneo GmbH?   \r\nWhlen Sie drei Antworten aus.',2,58,2),(389,'Gehen Sie davon aus, dass diese Nachricht einen Cyberangriff darstellt. Welche Konsequenz fr die Arneo GmbH knnte ein Fehlverhalten schlimmstenfalls nach sich ziehen?   \r\nWhlen Sie eine Antwort.',1,58,3),(390,'Welche der aufgefhrten Manahmen sollten Sie angesichts dieser Bedrohung als Erstes ergreifen?   \r\nWhlen Sie eine Antwort.',1,58,4),(391,'Warum ist es in dieser Situation wichtig, die Echtheit der Nachricht und die Identitt des Absenders zu berprfen?   \r\nWhlen Sie eine Antwort.',1,58,5),(392,'Wie geht man konkret vor, um die Echtheit der Nachricht und die Identitt des Absenders zu berprfen?    \r\nWhlen Sie eine Antwort.',1,58,6),(393,'Sie haben durch die Identittsprfung festgestellt, dass die Nachricht nicht von dem Auendienstmitarbeiter Sebastian Schmidt stammt. Welche ergnzende Manahme zur Gefahrenabwehr ist in dieser Situation notwendig?   \r\nWhlen Sie die Wichtigste aus.',1,58,7),(394,'Bei welcher der folgenden E-Mails gehen Sie am ehesten davon aus, dass ein Angriff auf die IT-Sicherheit der Arneo GmbH vorliegt?  Bitte sortieren Sie nach diesem Schema: \r\n\r\n[1] Ich gehe am ehesten davon aus, dass ein Angriff vorliegt.\r\n[2] Ich gehe weniger davon aus, dass ein Angriff vorliegt. \r\n[3] Ich gehe nicht davon aus, dass ein Angriff vorliegt.',3,17,1),(395,'Bitte betrachten Sie nochmals die bedrohlichste Nachricht genauer. Was konkret macht DIESE Nachricht zu einem Sicherheitsrisiko?   \r\nWhlen Sie drei Antworten aus.',2,17,2),(396,'Welche Konsequenzen knnte ein Fehlverhalten schlimmstenfalls nach sich ziehen?   \r\nWhlen Sie eine Antwort aus.',1,17,3),(397,'Welche der aufgefhrten Manahmen sollten Sie angesichts dieser Bedrohung als Erstes ergreifen?   \r\nWhlen Sie eine Antwort aus.',1,17,4),(398,'Warum ist es in dieser Situation wichtig, die Echtheit der Nachricht und die Identitt des Absenders zu berprfen?   \r\nWhlen Sie eine Antwort aus.',1,17,5),(399,'Wie geht man konkret vor, um die Echtheit der Nachricht und die Identitt des Absenders zu berprfen?    \r\nWhlen Sie eine Antwort aus.',1,17,6),(400,'Sie haben durch die Identittsprfung festgestellt, dass die Nachricht nicht von Lukas Maier stammt. Welche ergnzende Manahme zur Gefahrenabwehr ist in dieser Situation notwendig?  \r\nWhlen Sie die Wichtigste aus.',1,17,7),(401,'Welche der folgenden mglichen Situationen ist die grte Bedrohung fr die IT-Sicherheit der Arneo GmbH?  Bitte sortieren Sie nach folgendem Schema:    \r\n\r\n[1] Die Situation ist am bedrohlichsten. \r\n[2] Die Situation ist weniger bedrohlich. \r\n[3] Die Situation ist am wenigsten bedrohlich.',3,60,1),(402,'Bitte betrachten Sie die bedrohlichste Situation genauer: Was macht diese Situation konkret zu einem IT-Sicherheitsrisiko fr die Arneo GmbH?   \r\nWhlen Sie eine Antwort.',1,60,2),(403,'Welche Konsequenzen knnte ein Fehlverhalten schlimmstenfalls fr die Arneo GmbH nach sich ziehen?   \r\nWhlen Sie eine Antwort.',1,60,3),(404,'Welche der aufgefhrten Manahmen sollten Sie angesichts dieser Bedrohung ergreifen?   \r\nWhlen Sie eine Antwort.',1,60,4),(405,'Warum ist es in dieser Situation wichtig, das Bro ordnungsgem zu hinterlassen?   \r\nWhlen Sie eine Antwort.',1,60,5),(406,'Wie sollten Sie konkret vorgehen, um das Bro ordnungsgem zu hinterlassen?   \r\nWhlen Sie eine Antwort.',1,60,6),(407,'Welche ergnzenden Manahmen zur Gefahrenabwehr sind in dieser Situation notwendig?   \r\nWhlen Sie eine Antwort.',1,60,7),(408,'Welche der folgenden mglichen Situationen ist die grte Bedrohung fr die IT-Sicherheit der Arneo GmbH? Bitte sortieren Sie nach diesem Schema:   \r\n\r\n[1] Die Situation ist am bedrohlichsten. \r\n[2] Die Situation ist weniger bedrohlich. \r\n[3] Die Situation ist am wenigsten bedrohlich.',3,61,1),(409,'Bitte betrachten Sie nochmals die bedrohlichste Situation: Was macht diese Situation konkret zu einer Bedrohung fr die IT-Sicherheit der Arneo GmbH?   \r\nWhlen Sie eine Antwort aus.',1,61,2),(410,'Welche Konsequenzen knnte ein Fehlverhalten schlimmstenfalls fr die Arneo GmbH nach sich ziehen?   \r\nWhlen Sie eine Antwort aus.',1,61,3),(411,'Welche der aufgefhrten Manahmen wrden Sie angesichts der skizzierten Bedrohung ergreifen? \r\nWhlen Sie eine Antwort aus.',1,61,4),(412,'Warum ist es in dieser Situation wichtig, den/die IT-Sicherheitsbeauftragte/n zu kontaktieren.   \r\nWhlen Sie eine Antwort aus.',1,61,5),(413,'Wie gehen Sie konkret dabei vor, um den/die IT-Sicherheitsbeauftragte/n zu kontaktieren.   \r\nWhlen Sie eine Antwort aus.',1,61,6),(414,'Welche ergnzende oder prventive Manahme zur Gefahrenabwehr wre sinnvoll?   \r\nWhlen Sie eine Antwort aus.',1,61,7),(415,'Welche der folgenden mglichen Situationen ist die grte Bedrohung fr die IT-Sicherheit der Arneo GmbH?   \r\n[1] Die Situation ist am bedrohlichsten. \r\n[2] Die Situation ist weniger bedrohlich. \r\n[3] Die Situation ist am wenigsten bedrohlich.',3,62,1),(416,'Bitte betrachten Sie nochmals diese Situation. Was macht diese Situation konkret zu einem Sicherheitsrisiko?\r\nWhlen Sie eine Antwort aus.',1,62,2),(417,'Welche Konsequenzen fr die IT-Sicherheit der Arneo GmbH knnte es schlimmstenfalls haben?',1,62,3),(418,'Welche der aufgefhrten Manahmen sollten Sie angesichts dieser Bedrohung ergreifen?  \r\n Whlen Sie eine Antwort aus.',1,62,4),(419,'Warum sollte man in diesem konkreten Beispiel das Sicherheitsproblem intern behandeln? \r\nWhlen Sie eine Antwort aus.',1,62,5),(420,'Wie gehen Sie konkret dabei vor, um das Sicherheitsproblem zu lsen?\r\nWhlen Sie eine Antwort aus.',2,62,6),(421,'Welche ergnzenden Manahmen zur Gefahrenabwehr sind in dieser Situation notwendig? \r\nWhlen Sie zwei Antworten aus.',2,65,7),(422,'Welche der folgenden mglichen Situationen ist die grte Bedrohung fr die IT-Sicherheit der Arneo GmbH?  \r\n[1] Die Situation ist am bedrohlichsten. \r\n[2] Die Situation ist weniger bedrohlich.\r\n[3] Die Situation ist am wenigsten bedrohlich',3,63,1),(423,'Bitte betrachten Sie nochmals diese Situation. Was macht diese Situation konkret zu einem IT-Sicherheitsrisiko fr die Arneo GmbH?\r\nWhlen Sie eine Antwort aus.',1,63,2),(424,'Welche Konsequenzen knnte es schlimmstenfalls haben, sollte die Ladestation zur Datenbertragung mit Ihrem Handy manipuliert sein?  \r\nWhlen Sie eine Antwort aus.',1,63,3),(425,'Welche der aufgefhrten Manahmen sollten Sie angesichts der skizzierten Bedrohung ergreifen?\r\nWhlen Sie eine Antwort aus.',1,63,4),(426,'Warum ist es in dieser Situation wichtig, eine andere Lademglichkeit zu suchen? \r\nWhlen Sie eine Antwort aus.',1,63,5),(427,'Sie haben sich entschieden, eine andere Lademglichkeit zu suchen. Nach welchen Kriterien whlen Sie eine sichere Lademglichkeit aus? \r\nWhlen Sie zwei Antworten aus.',2,63,6),(428,'Sie suchen eine sichere Lademglichkeit. Was wre die sinnvollste Follow-Up-Manahme? \r\nWhlen Sie eine Antwort aus.',1,65,7),(429,'Welche der folgenden mglichen E-Mails ist die grte Bedrohung fr die IT-Sicherheit der Arneo GmbH?   \r\n[1] Die Situation ist am bedrohlichsten. \r\n[2] Die Situation ist weniger bedrohlich. \r\n[3] Die Situation ist am wenigsten bedrohlich.',3,65,1),(430,'Bitte betrachten Sie nochmals diese Situation. Was macht diese Situation konkret zu einem IT-Sicherheitsrisiko fr die Arneo GmbH?\r\nWhlen Sie drei Antworten aus.',2,65,2),(431,'Welche Konsequenzen fr die IT-Sicherheit der Arneo GmbH knnte ein Fehlverhalten schlimmstenfalls haben? \r\nWhlen Sie eine Antwort aus.',1,65,3),(432,'Welche der aufgefhrten Manahmen sollten Sie angesichts dieser Bedrohung fr die IT-Sicherheit der Arneo GmbH als Erstes ergreifen? \r\nWhlen Sie eine Antwort aus.',1,65,4),(433,'Warum ist es in dieser Situation wichtig, den IT-Sicherheitsbeauftragten zu kontaktieren? Whlen Sie eine Antwort aus.',1,65,5),(434,'Welche Schritte unternehmen Sie konkret, um den IT-Sicherheitsbeauftragten zu kontaktieren? \r\nWhlen Sie eine Antwort aus.',1,65,6),(435,'Angenommen, Sie kontaktieren den IT-Sicherheitsbeauftragten und dieser prft, ob Ihr Computer mit Malware infiziert wurde. Was wre die sinnvollste Follow-Up Manahme? \r\nWhlen Sie eine Antwort aus.',1,65,7),(436,'Welche der folgenden mglichen Situationen ist die grte Bedrohung fr die IT-Sicherheit der Arneo GmbH? Bitte sortieren Sie nach diesem Schema:  \r\n [1] Die Situation ist am bedrohlichsten. \r\n[2] Die Situation ist weniger bedrohlich. \r\n[3] Die Situation ist am wenigsten bedrohlich.',3,66,1),(437,'Bitte betrachten Sie nochmals diese Situation. Was macht diese Situation konkret zu einem Risiko fr die IT-Sicherheits der Arneo GmbH? \r\nWhlen Sie eine Antwort aus.',1,66,2),(438,'Welche Konsequenzen fr die Arneo GmbH knnte ein Fehlverhalten schlimmstenfalls nach sich ziehen?   \r\nWhlen Sie eine Antwort aus.',1,66,3),(439,'Welche der aufgefhrten Manahmen sollten Sie als Erstes ergreifen?   \r\nWhlen Sie eine Antwort aus.',1,66,4),(440,'Warum ist es in dieser Situation wichtig, einen Testbericht ber die App zu recherchieren und zu versuchen, Rezensionen zu finden? \r\nWhlen Sie eine Antwort aus.',1,66,5),(441,'Sie haben sich entschieden, die angezeigte App nicht herunterzuladen und prfen, ob diese berhaupt die wirklich empfohlene ist und ob die App auch fr Ihr Betriebssystem und in Ihrem Appstore verfgbar ist. Welche Schritte unternehmen Sie dafr konkret?   \r\nWhlen Sie eine Antwort aus.',1,66,6),(442,'Welche ergnzenden Manahmen zur Gefahrenabwehr sind in dieser Situation notwendig?  \r\nWhlen Sie eine Antwort aus.',1,66,7),(443,'Welche der folgenden mglichen Situationen ist die grte Bedrohung fr die IT-Sicherheit der Arneo GmbH?   \r\n[1] Die Situation ist am bedrohlichsten. \r\n[2] Die Situation ist weniger bedrohlich. \r\n[3] Die Situation ist am wenigsten bedrohlich.',3,67,1),(444,'Bitte betrachten Sie nochmals diese Situation. Was macht diese Situation konkret zu einem IT-Sicherheitsrisiko fr die Arneo GmbH?\r\nWhlen Sie zwei Antworten aus.',2,67,2),(445,'Welche Konsequenzen fr die IT-Sicherheit der Arneo GmbH knnte ein Fehlverhalten schlimmstenfalls haben?\r\nWhlen Sie eine Antwort aus.',1,67,3),(446,'Welche der aufgefhrten Manahmen wrden Sie angesichts der skizzierten Bedrohung ergreifen?   \r\nWhlen Sie eine Antwort aus.',1,67,4),(447,'Warum ist es in dieser Situation wichtig den IT-Sicherheitsbeauftragten zu kontaktieren?\r\nWhlen Sie eine Antwort aus.',1,67,5),(448,'Welche Schritte unternehmen Sie dafr konkret? \r\nWhlen Sie eine Antwort.',1,67,6),(449,'Was wre die sinnvollste Follow-Up Manahme?  \r\nWhlen Sie eine Antwort aus.',1,67,7),(450,'Welche der folgenden mglichen E-Mails ist die grte Bedrohung fr die IT-Sicherheit der Arneo GmbH?\r\n[1] Die Situation ist am bedrohlichsten. \r\n[2] Die Situation ist weniger bedrohlich. \r\n[3] Die Situation ist am wenigsten bedrohlich.',3,69,1),(451,'Bitte betrachten Sie nochmals diese Situation.  Was macht diese Situation konkret zu einem IT-Sicherheitsrisiko fr die Arneo GmbH? \r\nWhlen Sie drei Antworten aus.',2,69,2),(452,'Welche Konsequenzen fr die IT-Sicherheit der Arneo GmbH knnte ein Fehlverhalten schlimmstenfalls haben?   \r\nWhlen Sie eine Antwort aus.',1,69,3),(453,'Welche der aufgefhrten Manahmen wrden Sie angesichts der skizzierten Bedrohung ergreifen?   \r\nWhlen Sie eine Antwort aus.',1,69,4),(454,'Warum ist es in dieser Situation wichtig die Echtheit der E-Mail und die Identitt des Absenders zu berprfen?',1,69,5),(455,'Wie geht man konkret vor, um die  Echtheit der E-Mail und die Identitt des Absenders zu berprfen?',1,69,6),(456,'Sie haben durch die Identittsprfung festgestellt, dass die Nachricht nicht von Claudia Schmidt stammt. Welche ergnzende Manahme zur Gefahrenabwehr ist in dieser Situation notwendig?\r\nWhlen Sie die Wichtigste aus.',1,69,7),(457,'Welche der folgenden mglichen Situationen ist die grte Bedrohung fr die IT-Sicherheit der Arneo GmbH?  Bitte sortieren Sie nach diesem Schema:\r\n[1] Die Nachricht ist am bedrohlichsten. \r\n[2] Die Nachricht ist weniger bedrohlich. \r\n[3] Die Nachricht ist am wenigsten bedrohlich.',3,70,1),(458,'Bitte betrachten Sie nochmals diese Situation: Was macht diese Situation konkret zu einem Risiko fr die IT-Sicherheit der Arneo GmbH?   Whlen Sie eine Antwort.',1,70,2),(459,'Welche Konsequenzen knnte ein Fehlverhalten schlimmstenfalls nach sich ziehen? Whlen Sie eine Antwort.',1,70,3),(460,'Welche der aufgefhrten Manahmen sollten Sie als Erstes ergreifen? Whlen Sie eine Antwort.',1,70,4),(461,'Warum ist es in dieser Situation wichtig, die Personalabteilung zu kontaktieren und den/die IT-Sicherheitsbeauftragte/n zu informieren? Whlen Sie eine Antwort.',1,70,5),(462,'Was sollten Sie konkret unternehmen, um die Personalabteilung zu kontaktieren und den/die  IT-Sicherheitsbeauftragte/n zu informieren? Whlen Sie eine Antwort.',1,70,6),(463,'Welche ergnzenden Manahmen zur Gefahrenabwehr sind in dieser Situation notwendig? Whlen Sie eine Antwort aus.',1,70,7),(464,'Welche der folgenden Nachrichten schtzen Sie als am bedrohlichsten ein?  Bitte sortieren Sie nach folgendem Schema:   \r\n[1] Die Nachricht ist am bedrohlichsten. \r\n[2] Die Nachricht ist weniger bedrohlich. \r\n[3] Die Nachricht ist am wenigsten bedrohlich.',3,72,1),(465,'Was macht diese Nachricht konkret zu einem IT-Sicherheitsrisiko fr die Arneo GmbH? Whlen Sie drei Antworten.',2,72,2),(466,'Welche Konsequenzen fr die Arneo GmbH knnte ein Fehlverhalten schlimmstenfalls nach sich ziehen? Whlen Sie eine Anwort.',1,72,3),(467,'Welche der aufgefhrten Manahmen sollten Sie angesichts der Bedrohung ergreifen? Whlen Sie zwei Antworten aus.',2,72,4),(468,'Warum ist es in dieser Situation wichtig, die Identitt des Absenders zu prfen? Whlen Sie eine Antwort aus.',1,72,5),(469,'Wie gehen Sie konkret vor, um die Identitt des Absenders zu prfen? Whlen Sie eine Antwort aus.',1,72,6),(470,'Angenommen, Ihnen fllt auf, dass sowohl die fremde E-Mail-Adresse als auch der Link in der E-Mail geflscht sind. Was wre die sinnvollste  ergnzende Manahme zur Gefahrenabwehr? Whlen Sie eine Antwort aus.',1,72,7),(471,'Welche der folgenden mglichen Situationen ist die grte Bedrohung fr die IT-Sicherheit der Arneo GmbH? Bitte sortieren Sie nach diesem Schema:\r\n[1] Die Situation ist am bedrohlichsten. \r\n[2] Die Situation ist weniger bedrohlich. \r\n[3] Die Situation ist am wenigsten bedrohlich.',3,73,1),(472,'Bitte betrachten Sie nochmals diese Situation: Was macht diese Situation konkret zu einem IT- Sicherheitsrisiko fr die Arneo GmbH?\r\nWhlen Sie eine Antwort aus.',1,73,2),(473,'Welche Konsequenzen knnte ein Fehlverhalten schlimmstenfalls fr die Arneo GmbH nach sich ziehen? Whlen Sie eine Antwort aus.',1,73,3),(474,'Welche der aufgefhrten Manahmen sollten Sie als Erstes ergreifen? Whlen Sie eine Antwort aus.',1,73,4),(475,'Warum ist es in dieser Situation wichtig, zu melden, dass der Praktikant flschlicherweise eine Berechtigung fr das Lohnabrechnungssystem hat? Whlen Sie eine Antwort aus.',1,73,5),(476,'Wie sollten Sie konkret vorgehen, um zu melden, dass der Praktikant flschlicherweise eine Berechtigung fr das Lohnabrechnungssystem hat? Whlen Sie eine Antwort aus.',1,73,6),(477,'Die IT-Abteilung hat besttigt, dass der Praktikant flschlicherweise  Berechtigungen fr das Lohnabrechnungssystem besa und ihm diese wieder entzogen. Welche ergnzenden Manahmen zur Gefahrenabwehr sind in dieser Situation notwendig? Whlen Sie drei Antworten aus.',2,73,7),(478,'Welche der folgenden mglichen Situationen ist die grte Bedrohung fr die IT-Sicherheit der Arneo GmbH?   \r\nBitte sortieren Sie nach diesem Schema:  \r\n[1] Die Situation ist am bedrohlichsten. \r\n[2] Die Situation ist weniger bedrohlich. \r\n[3] Die Situation ist am wenigsten bedrohlich.',3,74,1),(479,'Was macht diese Situation konkret zu einem IT-Sicherheitsrisiko fr die Arneo GmbH? \r\nWhlen Sie eine Antwort aus.',1,74,2),(480,'Welche Konsequenzen fr die Arneo GmbH knnte die Nutzung des Neztwerks schlimmstenfalls nach sich ziehen? \r\nWhlen Sie eine Anwort.',1,74,3),(481,'Welche der aufgefhrten Manahmen sollten Sie als Erstes ergreifen? \r\nWhlen Sie eine Antwort.',1,74,4),(482,'Warum ist es in dieser Situation wichtig, die Vertrauenswrdigkeit des Netzwerks zu prfen? \r\nWhlen Sie eine Antwort.',2,74,5),(483,'Wie geht man konkret vor, um die Vertrauenswrdigkeit des Netzwerks zu prfen? \r\nWhlen Sie eine Antwort.',1,74,6),(484,'Welche ergnzenden Manahmen zur Gefahrenabwehr sind in dieser Situation notwendig?\r\nWhlen Sie eine Antwort.',1,74,7),(485,'Bei welcher der folgenden E-Mails gehen Sie am ehesten davon aus, dass ein Angriff auf die IT-Sicherheit der Arneo GmbH vorliegt?  \r\nBitte sortieren Sie nach diesem Schema: \r\n[1] Ich gehe am ehesten davon aus, dass ein Angriff vorliegt. \r\n[2] Ich gehe weniger davon aus, dass ein Angriff vorliegt.\r\n[3] Ich gehe nicht davon aus, dass ein Angriff vorliegt.',3,59,1),(486,'Bitte betrachten Sie nochmals diese Nachricht genauer. Was konkret macht DIESE Nachricht zu einem Sicherheitsrisiko?   \r\nWhlen Sie drei Antworten aus.',2,59,2),(487,'Welche Konsequenzen knnte ein Fehlverhalten schlimmstenfalls nach sich ziehen?\r\nWhlen Sie eine Antwort aus.',1,59,3),(488,'Welche der aufgefhrten Manahmen sollten Sie angesichts dieser Bedrohung als Erstes ergreifen?\r\nWhlen Sie eine Antwort aus.',1,59,4),(489,'Warum ist es in dieser Situation wichtig, die Echtheit der Nachricht und die Identitt des Absenders zu berprfen?   \r\nWhlen Sie eine Antwort aus.',1,59,5),(490,'Wie geht man konkret vor, um die Echtheit der Nachricht und die Identitt des Absenders zu berprfen?    \r\nWhlen Sie eine Antwort aus.',1,59,6),(491,'Sie haben durch die Identittsprfung festgestellt, dass die Nachricht nicht von Lukas Maier stammt. Welche ergnzende Manahme zur Gefahrenabwehr ist in dieser Situation notwendig?  \r\nWhlen Sie die wichtigste aus.',1,59,7),(492,'Welche der folgenden mglichen Situationen ist die grte Bedrohung fr die Informationssicherheit der Arneo GmbH? \r\nSortieren Sie nach folgendem Schema: \r\n[1] Die Situation ist am bedrohlichsten. \r\n[2] Die Situation ist weniger bedrohlich. \r\n[3] Die Situation ist am wenigsten bedrohlich.',3,75,1),(493,'Bitte betrachten Sie nochmals diese Situation. Was macht diese Situation konkret zu einem IT-Sicherheitsrisiko?  \r\nWhlen Sie zwei Antworten aus.',2,75,2),(494,'Welche Konsequenzen knnte die Wahl dieses Passworts schlimmstenfalls fr die Arneo GmbH nach sich ziehen?   \r\nWhlen Sie eine Antwort.',1,75,3),(495,'Welche der aufgefhrten Manahmen sollten Sie angesichts dieser Bedrohung ergreifen?\r\nWhlen Sie eine Antwort.',1,75,4),(496,'Warum ist es in dieser Situation wichtig, ein sicheres Passwort zu whlen?   \r\nWhlen Sie eine Antwort.',1,75,5),(497,'Wie geht man konkret vor, um ein sicheres Passwort zu whlen ?   \r\nWhlen Sie zwei Antworten aus.',2,75,6),(498,'Welche ergnzenden Manahmen zur Gefahrenabwehr sind in dieser Situation notwendig, nachdem Sie ein sicheres Passwort gewhlt haben? \r\nWhlen Sie zwei Antworten aus.',2,75,7),(499,'Welche der folgenden Nachrichten stellt die grte Bedrohung fr die IT-Sicherheit der Arneo GmbH dar? Bitte sortieren Sie diesem Schema:   \r\n[1] Die Situation ist am bedrohlichsten. \r\n[2] Die Situation ist weniger bedrohlich. \r\n[3] Die Situation ist am wenigsten bedrohlich.',3,49,1),(500,'Bitte betrachten Sie nochmals diese Nachricht: \r\n\r\nWas macht diese Nachricht konkret zu einem IT-Sicherheitsrisiko fr die Arneo GmbH?  Whlen Sie eine Antwort aus.',1,49,2),(501,'Welche Konsequenzen fr die Arneo GmbH knnte ein Fehlverhalten schlimmstenfalls haben? Whlen Sie zwei Antworten aus.',2,49,3),(502,'Welche der aufgefhrten Manahmen sollten Sie angesichts der skizzierten Bedrohung als Erstes ergreifen? Whlen Sie eine Antwort aus.',1,49,4),(503,'Warum ist es in dieser Situation wichtig, als Erstes das Handy dem Sicherheitsbeauftragten zu geben? Whlen Sie eine Antwort aus.',1,49,5),(504,'Wie sollten Sie dabei konkret vorgehen? Whlen Sie eine Antwort aus.',1,49,6),(505,'Welche ergnzenden Manahmen zur Gefahrenabwehr sind in dieser Situation notwendig? Whlen Sie eine Antwort aus.',1,49,7);
/*!40000 ALTER TABLE `competence_tests_questionitem` ENABLE KEYS */;
UNLOCK TABLES;

--
-- Table structure for table `django_admin_log`
--

DROP TABLE IF EXISTS `django_admin_log`;
/*!40101 SET @saved_cs_client     = @@character_set_client */;
/*!50503 SET character_set_client = utf8mb4 */;
CREATE TABLE `django_admin_log` (
  `id` int NOT NULL AUTO_INCREMENT,
  `action_time` datetime(6) NOT NULL,
  `object_id` longtext,
  `object_repr` varchar(200) NOT NULL,
  `action_flag` smallint unsigned NOT NULL,
  `change_message` longtext NOT NULL,
  `content_type_id` int DEFAULT NULL,
  `user_id` int NOT NULL,
  PRIMARY KEY (`id`),
  KEY `django_admin_log_content_type_id_c4bce8eb_fk_django_co` (`content_type_id`),
  KEY `django_admin_log_user_id_c564eba6_fk_auth_user_id` (`user_id`),
  CONSTRAINT `django_admin_log_content_type_id_c4bce8eb_fk_django_co` FOREIGN KEY (`content_type_id`) REFERENCES `django_content_type` (`id`),
  CONSTRAINT `django_admin_log_user_id_c564eba6_fk_auth_user_id` FOREIGN KEY (`user_id`) REFERENCES `auth_user` (`id`),
  CONSTRAINT `django_admin_log_chk_1` CHECK ((`action_flag` >= 0))
) ENGINE=InnoDB AUTO_INCREMENT=7002 DEFAULT CHARSET=utf8mb4 COLLATE=utf8mb4_0900_ai_ci;
/*!40101 SET character_set_client = @saved_cs_client */;

--
-- Dumping data for table `django_admin_log`
--

LOCK TABLES `django_admin_log` WRITE;
/*!40000 ALTER TABLE `django_admin_log` DISABLE KEYS */;
INSERT INTO `django_admin_log` VALUES (1,'2022-09-26 15:57:36.166640','1','Test',1,'[{\"added\": {}}]',7,1),(2,'2022-10-20 15:37:13.554306','1','Sachbearbeiter*in im Innendienst',2,'[{\"changed\": {\"fields\": [\"Bezeichnung\", \"Beschreibung\"]}}]',7,1),(3,'2022-10-24 08:29:41.055970','1','Kollaborationssysteme',1,'[{\"added\": {}}]',8,1),(4,'2022-10-24 08:30:01.859195','1','Social Engineering',1,'[{\"added\": {}}]',9,1),(5,'2022-10-24 08:30:10.094594','1','Social Engineering/Kollaborationssysteme',1,'[{\"added\": {}}]',10,1),(6,'2022-10-24 08:32:29.512326','1','Teams_Impuls1_SE_KO',1,'[{\"added\": {}}]',15,1),(7,'2022-10-24 08:34:07.390942','1','Social Engineering/Kollborationssystem/Sachbearbeiter*in Innendienst/Bild Impuls 1',1,'[{\"added\": {}}]',21,1),(8,'2022-10-24 08:35:44.989581','2','Teams_Impuls2_SE_KO',1,'[{\"added\": {}}]',15,1),(9,'2022-10-24 08:36:04.678636','3','Teams_Impuls3_SE_KO',1,'[{\"added\": {}}]',15,1),(10,'2022-10-24 08:36:12.602083','1','Social Engineering/Kollborationssystem/Sachbearbeiter*in Innendienst/Bild Impuls 1',2,'[{\"changed\": {\"fields\": [\"Bild\"]}}]',21,1),(11,'2022-10-24 08:36:30.311530','1','Threat Awareness',1,'[{\"added\": {}}]',13,1),(12,'2022-10-24 08:36:43.824041','2','Threat Identification',1,'[{\"added\": {}}]',13,1),(13,'2022-10-24 08:36:55.700342','3','Threat impact Assessment',1,'[{\"added\": {}}]',13,1),(14,'2022-10-24 08:37:06.653115','4','Tactic Choice',1,'[{\"added\": {}}]',13,1),(15,'2022-10-24 08:37:29.733311','5','Tactic Justification',1,'[{\"added\": {}}]',13,1),(16,'2022-10-24 08:37:40.292521','6','Tactic Mastery',1,'[{\"added\": {}}]',13,1),(17,'2022-10-24 08:37:56.414691','7','Tactic Check & Follow-Up',1,'[{\"added\": {}}]',13,1),(18,'2022-10-24 08:38:06.799464','1','Sachbearbeiter*in im Innendienst',1,'[{\"added\": {}}]',19,1),(19,'2022-10-24 08:38:37.164412','1','Social Engineering/Kollaborationssysteme/Sachbearbeiter*in im Innendienst',1,'[{\"added\": {}}]',11,1),(20,'2022-10-24 08:39:44.349660','1','Threat Awareness/Sachbearbeiter*in Innendienst/Social Engineering/Kollaborationssystem',1,'[{\"added\": {}}]',17,1),(21,'2022-10-24 08:41:45.248863','1','Threat Awareness/Sachbearbeiter*in Innendienst/Social Engineering/Kollaborationssystem',1,'[{\"added\": {}}]',20,1),(22,'2022-10-24 08:42:00.459172','2','Threat Awareness/Sachbearbeiter*in Innendienst/Social Engineering/Kollaborationssystem',1,'[{\"added\": {}}]',20,1),(23,'2022-10-24 08:42:09.157159','3','Threat Awareness/Sachbearbeiter*in Innendienst/Social Engineering/Kollaborationssystem',1,'[{\"added\": {}}]',20,1),(24,'2022-10-24 08:47:01.718257','1','Social Engineering/Kollaborationssysteme/Threat Awareness/Sachbearbeiter*in im Innendienst',1,'[{\"added\": {}}]',18,1),(25,'2022-10-24 11:05:08.266589','1','Threat Awareness/Sachbearbeiter*in Innendienst/Social Engineering/Kollaborationssystem',2,'[{\"changed\": {\"fields\": [\"Fragen-Typ\"]}}]',17,1),(26,'2022-10-24 12:45:02.243025','2','Threat Identification/Sachbearbeiter*in Innendienst/Social Engineering/Kollborationssystem',1,'[{\"added\": {}}]',17,1),(27,'2022-10-24 12:45:37.514998','2','Social Engineering/Kollaborationssysteme/Threat Identification/Sachbearbeiter*in im Innendienst',1,'[{\"added\": {}}]',18,1),(28,'2022-10-24 12:48:17.251767','4','Threat Identification/Sachbearbeiter*in Innendienst/Social Engineering/Kollborationssystem',1,'[{\"added\": {}}]',20,1),(29,'2022-10-24 12:48:30.160153','5','Threat Identification/Sachbearbeiter*in Innendienst/Social Engineering/Kollborationssystem',1,'[{\"added\": {}}]',20,1),(30,'2022-10-24 12:48:43.982450','6','Threat Identification/Sachbearbeiter*in Innendienst/Social Engineering/Kollborationssystem',1,'[{\"added\": {}}]',20,1),(31,'2022-10-24 12:48:57.882045','7','Threat Identification/Sachbearbeiter*in Innendienst/Social Engineering/Kollborationssystem',1,'[{\"added\": {}}]',20,1),(32,'2022-10-24 12:49:10.302164','8','Threat Identification/Sachbearbeiter*in Innendienst/Social Engineering/Kollborationssystem',1,'[{\"added\": {}}]',20,1),(33,'2022-10-24 13:54:50.753395','3','Threat impact Assessment/Sachbearbeiter*in Innendienst/Social Engineering/Kollaborationssystem',1,'[{\"added\": {}}]',17,1),(34,'2022-10-24 13:55:15.086662','9','Threat impact Assessment/Sachbearbeiter*in Innendienst/Social Engineering/Kollaborationssystem',1,'[{\"added\": {}}]',20,1),(35,'2022-10-24 13:55:34.028482','10','Threat impact Assessment/Sachbearbeiter*in Innendienst/Social Engineering/Kollaborationssystem',1,'[{\"added\": {}}]',20,1),(36,'2022-10-24 13:56:09.697217','11','Threat impact Assessment/Sachbearbeiter*in Innendienst/Social Engineering/Kollaborationssystem',1,'[{\"added\": {}}]',20,1),(37,'2022-10-24 13:56:23.779910','12','Threat impact Assessment/Sachbearbeiter*in Innendienst/Social Engineering/Kollaborationssystem',1,'[{\"added\": {}}]',20,1),(38,'2022-10-24 13:57:16.447016','4','Tactic Choice/Sachbearbeiter Innendienst/Social Engineering/Kollaborationssystem',1,'[{\"added\": {}}]',17,1),(39,'2022-10-24 13:58:01.370274','5','Tactic Justification/Sachbearbeiter*in Innendienst/Kollaborationssystem',1,'[{\"added\": {}}]',17,1),(40,'2022-10-24 13:58:37.049724','6','Tactic Mastery/Sachbearbeiter*in Innendienst/Kollaborationssystem',1,'[{\"added\": {}}]',17,1),(41,'2022-10-24 13:59:01.784541','7','Tactic Check & Follow-Up/Sachbearbeiter*in Innendienst/Kollaborationssystem',1,'[{\"added\": {}}]',17,1),(42,'2022-10-24 13:59:32.956017','13','Tactic Choice/Sachbearbeiter Innendienst/Social Engineering/Kollaborationssystem',1,'[{\"added\": {}}]',20,1),(43,'2022-10-24 13:59:47.674815','14','Tactic Choice/Sachbearbeiter Innendienst/Social Engineering/Kollaborationssystem',1,'[{\"added\": {}}]',20,1),(44,'2022-10-24 14:00:00.904759','15','Tactic Choice/Sachbearbeiter Innendienst/Social Engineering/Kollaborationssystem',1,'[{\"added\": {}}]',20,1),(45,'2022-10-24 14:00:18.829985','16','Tactic Justification/Sachbearbeiter*in Innendienst/Kollaborationssystem',1,'[{\"added\": {}}]',20,1),(46,'2022-10-24 14:00:41.489643','17','Tactic Justification/Sachbearbeiter*in Innendienst/Kollaborationssystem',1,'[{\"added\": {}}]',20,1),(47,'2022-10-24 14:01:00.597424','18','Tactic Justification/Sachbearbeiter*in Innendienst/Kollaborationssystem',1,'[{\"added\": {}}]',20,1),(48,'2022-10-24 14:01:18.914963','19','Tactic Justification/Sachbearbeiter*in Innendienst/Kollaborationssystem',1,'[{\"added\": {}}]',20,1),(49,'2022-10-24 14:01:38.405225','20','Tactic Mastery/Sachbearbeiter*in Innendienst/Kollaborationssystem',1,'[{\"added\": {}}]',20,1),(50,'2022-10-24 14:01:51.043240','21','Tactic Mastery/Sachbearbeiter*in Innendienst/Kollaborationssystem',1,'[{\"added\": {}}]',20,1),(51,'2022-10-24 14:02:03.499748','22','Tactic Mastery/Sachbearbeiter*in Innendienst/Kollaborationssystem',1,'[{\"added\": {}}]',20,1),(52,'2022-10-24 14:02:18.280766','23','Tactic Check & Follow-Up/Sachbearbeiter*in Innendienst/Kollaborationssystem',1,'[{\"added\": {}}]',20,1),(53,'2022-10-24 14:02:53.506909','24','Tactic Check & Follow-Up/Sachbearbeiter*in Innendienst/Kollaborationssystem',1,'[{\"added\": {}}]',20,1),(54,'2022-10-24 14:03:09.253627','25','Tactic Check & Follow-Up/Sachbearbeiter*in Innendienst/Kollaborationssystem',1,'[{\"added\": {}}]',20,1),(55,'2022-10-24 14:03:23.613670','26','Tactic Check & Follow-Up/Sachbearbeiter*in Innendienst/Kollaborationssystem',1,'[{\"added\": {}}]',20,1),(56,'2022-10-24 14:04:13.092419','3','Social Engineering/Kollaborationssysteme/Threat impact Assessment/Sachbearbeiter*in im Innendienst',1,'[{\"added\": {}}]',18,1),(57,'2022-10-24 14:04:21.280495','4','Social Engineering/Kollaborationssysteme/Tactic Choice/Sachbearbeiter*in im Innendienst',1,'[{\"added\": {}}]',18,1),(58,'2022-10-24 14:04:31.744752','5','Social Engineering/Kollaborationssysteme/Tactic Justification/Sachbearbeiter*in im Innendienst',1,'[{\"added\": {}}]',18,1),(59,'2022-10-24 14:04:43.841394','6','Social Engineering/Kollaborationssysteme/Tactic Mastery/Sachbearbeiter*in im Innendienst',1,'[{\"added\": {}}]',18,1),(60,'2022-10-24 14:04:56.562044','7','Social Engineering/Kollaborationssysteme/Tactic Check & Follow-Up/Sachbearbeiter*in im Innendienst',1,'[{\"added\": {}}]',18,1),(61,'2022-10-24 14:07:41.357916','2','Social Media Systeme',1,'[{\"added\": {}}]',8,1),(62,'2022-10-24 14:07:55.608313','2','Social Engineering/Social Media Systeme',1,'[{\"added\": {}}]',10,1),(63,'2022-10-24 14:08:17.260209','1','Sachbearbeiter*in im Innendienst',2,'[{\"changed\": {\"fields\": [\"Zugeordnete Bedrohungsvektoren\"]}}]',19,1),(64,'2022-10-24 14:08:50.441746','2','Social Engineering/Social Media Systeme/Sachbearbeiter*in im Innendienst',1,'[{\"added\": {}}]',11,1),(65,'2022-10-24 14:14:21.095244','4','Empty Image',1,'[{\"added\": {}}]',15,1),(66,'2022-10-24 14:14:37.094720','2','Test',1,'[{\"added\": {}}]',21,1),(67,'2022-10-24 14:14:56.837374','8','Social Engineering/Social Media Systeme/Threat Awareness/Sachbearbeiter*in im Innendienst',1,'[{\"added\": {}}]',18,1),(68,'2022-10-24 14:16:35.054321','4','Empty Image',2,'[{\"changed\": {\"fields\": [\"Bild-Datei\"]}}]',15,1),(69,'2022-10-24 14:21:02.252103','5','LinkedIn-Impuls1_SE_SM',1,'[{\"added\": {}}]',15,1),(70,'2022-10-24 14:21:16.960710','4','Empty Image',3,'',15,1),(71,'2022-10-24 14:21:24.857764','1','Teams_Impuls1_SE_KO',2,'[{\"changed\": {\"fields\": [\"Beschreibung des Bildes\"]}}]',15,1),(72,'2022-10-24 14:22:43.883749','6','LinkedIn_Impuls2_SE_SM',1,'[{\"added\": {}}]',15,1),(73,'2022-10-24 14:22:54.708177','7','LinkedIn_Impuls3_SE_SM',1,'[{\"added\": {}}]',15,1),(74,'2022-10-24 14:23:28.152432','2','Social Engineering/Social Media System/Sachbearbeiter*in Innendienst/Bild Impuls 1',2,'[{\"changed\": {\"fields\": [\"Name des Impulses\", \"Bild\"]}}]',21,1),(75,'2022-10-24 14:25:32.170989','8','Threat Awareness/Sachbearbeiter*in Innendienst/Social Engineering/Social Media System',1,'[{\"added\": {}}]',17,1),(76,'2022-10-24 14:26:42.886940','9','Threat Identification/Sachbearbeiter*in Innendienst/Social Engineering/Social Media System',1,'[{\"added\": {}}]',17,1),(77,'2022-10-24 14:27:05.775529','10','Tactic Choice/Sachbearbeiter*in Innendienst/Social Engineering/Social Media System',1,'[{\"added\": {}}]',17,1),(78,'2022-10-24 14:27:57.386550','10','Threat Impact Assessment/Sachbearbeiter*in Innendienst/Social Engineering/Social Media System',2,'[{\"changed\": {\"fields\": [\"Name der Frage\"]}}]',17,1),(79,'2022-10-24 14:28:34.728172','11','Tactic Choice/Sachbearbeiter*in Innendienst/Social Engineering/Social Media System',1,'[{\"added\": {}}]',17,1),(80,'2022-10-24 14:29:12.353609','12','Tactic Justification/Sachbearbeiter*in Innendienst/Social Engineering/Social Media System',1,'[{\"added\": {}}]',17,1),(81,'2022-10-24 14:29:44.562698','13','Tactic Mastery/Sachbearbeiter*in Innendienst/Social Engineering/Social Media System',1,'[{\"added\": {}}]',17,1),(82,'2022-10-24 14:30:12.608958','14','Tactic Check & Follow-Up/Sachbearbeiter*in Innendienst/Social Engineering/Social Media System',1,'[{\"added\": {}}]',17,1),(83,'2022-10-24 14:31:11.118505','27','Threat Awareness/Sachbearbeiter*in Innendienst/Social Engineering/Social Media System',1,'[{\"added\": {}}]',20,1),(84,'2022-10-24 14:31:25.156922','28','Threat Awareness/Sachbearbeiter*in Innendienst/Social Engineering/Social Media System',1,'[{\"added\": {}}]',20,1),(85,'2022-10-24 14:31:49.277816','29','Threat Awareness/Sachbearbeiter*in Innendienst/Social Engineering/Social Media System',1,'[{\"added\": {}}]',20,1),(86,'2022-10-24 14:31:56.951319','28','Threat Awareness/Sachbearbeiter*in Innendienst/Social Engineering/Social Media System',2,'[{\"changed\": {\"fields\": [\"Antwortoption\"]}}]',20,1),(87,'2022-10-24 14:32:27.436889','30','Threat Identification/Sachbearbeiter*in Innendienst/Social Engineering/Social Media System',1,'[{\"added\": {}}]',20,1),(88,'2022-10-24 14:32:47.241588','31','Threat Identification/Sachbearbeiter*in Innendienst/Social Engineering/Social Media System',1,'[{\"added\": {}}]',20,1),(89,'2022-10-24 14:33:14.375932','32','Threat Identification/Sachbearbeiter*in Innendienst/Social Engineering/Social Media System',1,'[{\"added\": {}}]',20,1),(90,'2022-10-24 14:33:40.356806','33','Threat Identification/Sachbearbeiter*in Innendienst/Social Engineering/Social Media System',1,'[{\"added\": {}}]',20,1),(91,'2022-10-24 14:34:09.518758','34','Threat Impact Assessment/Sachbearbeiter*in Innendienst/Social Engineering/Social Media System',1,'[{\"added\": {}}]',20,1),(92,'2022-10-24 14:34:33.784195','35','Threat Impact Assessment/Sachbearbeiter*in Innendienst/Social Engineering/Social Media System',1,'[{\"added\": {}}]',20,1),(93,'2022-10-24 14:34:53.126677','36','Threat Impact Assessment/Sachbearbeiter*in Innendienst/Social Engineering/Social Media System',1,'[{\"added\": {}}]',20,1),(94,'2022-10-24 14:35:09.914417','37','Threat Impact Assessment/Sachbearbeiter*in Innendienst/Social Engineering/Social Media System',1,'[{\"added\": {}}]',20,1),(95,'2022-10-24 14:35:34.553000','38','Tactic Choice/Sachbearbeiter*in Innendienst/Social Engineering/Social Media System',1,'[{\"added\": {}}]',20,1),(96,'2022-10-24 14:35:51.790426','39','Tactic Choice/Sachbearbeiter*in Innendienst/Social Engineering/Social Media System',1,'[{\"added\": {}}]',20,1),(97,'2022-10-24 14:36:12.388545','40','Tactic Choice/Sachbearbeiter*in Innendienst/Social Engineering/Social Media System',1,'[{\"added\": {}}]',20,1),(98,'2022-10-24 14:36:24.795987','41','Tactic Choice/Sachbearbeiter*in Innendienst/Social Engineering/Social Media System',1,'[{\"added\": {}}]',20,1),(99,'2022-10-24 14:36:53.889436','42','Tactic Justification/Sachbearbeiter*in Innendienst/Social Engineering/Social Media System',1,'[{\"added\": {}}]',20,1),(100,'2022-10-24 14:37:16.894106','43','Tactic Justification/Sachbearbeiter*in Innendienst/Social Engineering/Social Media System',1,'[{\"added\": {}}]',20,1),(101,'2022-10-24 14:37:37.753981','44','Tactic Justification/Sachbearbeiter*in Innendienst/Social Engineering/Social Media System',1,'[{\"added\": {}}]',20,1),(102,'2022-10-24 14:37:59.306312','45','Tactic Mastery/Sachbearbeiter*in Innendienst/Social Engineering/Social Media System',1,'[{\"added\": {}}]',20,1),(103,'2022-10-24 14:38:14.525718','46','Tactic Mastery/Sachbearbeiter*in Innendienst/Social Engineering/Social Media System',1,'[{\"added\": {}}]',20,1),(104,'2022-10-24 14:38:33.229705','47','Tactic Mastery/Sachbearbeiter*in Innendienst/Social Engineering/Social Media System',1,'[{\"added\": {}}]',20,1),(105,'2022-10-24 14:38:51.865535','48','Tactic Mastery/Sachbearbeiter*in Innendienst/Social Engineering/Social Media System',1,'[{\"added\": {}}]',20,1),(106,'2022-10-24 14:39:08.995038','49','Tactic Check & Follow-Up/Sachbearbeiter*in Innendienst/Social Engineering/Social Media System',1,'[{\"added\": {}}]',20,1),(107,'2022-10-24 14:39:27.872530','50','Tactic Check & Follow-Up/Sachbearbeiter*in Innendienst/Social Engineering/Social Media System',1,'[{\"added\": {}}]',20,1),(108,'2022-10-24 14:40:00.324996','51','Tactic Check & Follow-Up/Sachbearbeiter*in Innendienst/Social Engineering/Social Media System',1,'[{\"added\": {}}]',20,1),(109,'2022-10-24 14:41:13.922142','2','Social Engineering/Social Media System/Sachbearbeiter*in Innendienst/Bild Impuls 1',2,'[{\"changed\": {\"fields\": [\"Text zum Impuls\"]}}]',21,1),(110,'2022-10-24 15:07:03.411023','3','Threat Impact Assessment/Sachbearbeiter*in Innendienst/Social Engineering/Kollaborationssystem',2,'[{\"changed\": {\"fields\": [\"Name der Frage\"]}}]',17,1),(111,'2022-10-24 15:07:21.360578','9','Threat Impact Assessment/Sachbearbeiter*in Innendienst/Social Engineering/Kollaborationssystem',2,'[{\"changed\": {\"fields\": [\"Antwortoption\"]}}]',20,1),(112,'2022-10-24 16:58:02.876926','3','Threat Impact Assessment',2,'[{\"changed\": {\"fields\": [\"Kompetenzdimension\"]}}]',13,1),(113,'2022-10-24 19:17:49.811696','2','Phishing',1,'[{\"added\": {}}]',9,1),(114,'2022-10-24 19:18:01.413006','3','Mailsystem',1,'[{\"added\": {}}]',8,1),(115,'2022-10-24 19:18:13.576962','3','Phishing/Mailsystem',1,'[{\"added\": {}}]',10,1),(116,'2022-10-24 20:08:05.715456','3','Phishing/Mailsystem/Sachbearbeiter*in im Innendienst',1,'[{\"added\": {}}]',11,1),(117,'2022-10-24 20:08:18.546671','1','Sachbearbeiter*in im Innendienst',2,'[{\"changed\": {\"fields\": [\"Zugeordnete Bedrohungsvektoren\"]}}]',19,1),(118,'2022-10-24 20:23:15.660939','1','Phishing/Mailsystem/Impuls1',1,'[{\"added\": {}}]',14,1),(119,'2022-10-24 20:23:57.600816','3','E-Mail Impuls1',1,'[{\"added\": {}}]',22,1),(120,'2022-10-24 20:24:10.157052','1','Sachbearbeiter*in im Innendienst',2,'[{\"changed\": {\"fields\": [\"Zugeordnete Bedrohungsvektoren\"]}}]',19,1),(121,'2022-10-24 20:26:06.741128','15','Threat Awareness/Sachbearbeiter*in Innendienst/Phishing/Mailsystem',1,'[{\"added\": {}}]',17,1),(122,'2022-10-24 20:26:29.918506','9','Phishing/Mailsystem/Threat Awareness/Sachbearbeiter*in im Innendienst',1,'[{\"added\": {}}]',18,1),(123,'2022-10-24 20:31:18.263166','2','Phishing/Mailsystem/Impuls2',1,'[{\"added\": {}}]',14,1),(124,'2022-10-24 20:32:38.329570','3','Phishing/Mailsystem/Impuls3',1,'[{\"added\": {}}]',14,1),(125,'2022-10-24 20:32:58.648695','15','Threat Awareness/Sachbearbeiter*in Innendienst/Phishing/Mailsystem',2,'[{\"changed\": {\"fields\": [\"Frage\"]}}]',17,1),(126,'2022-10-24 20:33:54.779551','15','Threat Awareness/Sachbearbeiter*in Innendienst/Phishing/Mailsystem',2,'[{\"changed\": {\"fields\": [\"Frage\"]}}]',17,1),(127,'2022-10-24 20:36:01.255143','15','Threat Awareness/Sachbearbeiter*in Innendienst/Phishing/Mailsystem',2,'[{\"changed\": {\"fields\": [\"Frage\"]}}]',17,1),(128,'2022-10-24 20:37:34.119844','16','Threat Identification/Sachbearbeiter*in Innendienst/Phishing/Mailsystem',1,'[{\"added\": {}}]',17,1),(129,'2022-10-24 20:38:34.247932','17','Threat Impact Assessment/Sachbearbeiter*in Innendienst/Phishing/Mailsystem',1,'[{\"added\": {}}]',17,1),(130,'2022-10-24 20:39:15.730488','18','Tactic Control/Sachbearbeiter*in Innendienst/Phishing/Mailsystem',1,'[{\"added\": {}}]',17,1),(131,'2022-10-24 20:39:54.521373','19','Tactic Justification/Sachbearbeiter*in Innendienst/Phishing/Mailsystem',1,'[{\"added\": {}}]',17,1),(132,'2022-10-24 20:40:29.853348','20','Tactic Mastery/Sachbearbeiter*in Innendienst/Phishing/Mailsystem',1,'[{\"added\": {}}]',17,1),(133,'2022-10-24 20:41:29.538635','21','Tactic Check & Follow Up/Sachbearbeiter*in Innendienst/Phishing/Mailsystem',1,'[{\"added\": {}}]',17,1),(134,'2022-10-24 20:42:17.966188','52','Threat Awareness/Sachbearbeiter*in Innendienst/Phishing/Mailsystem',1,'[{\"added\": {}}]',20,1),(135,'2022-10-24 20:43:05.869107','53','Threat Awareness/Sachbearbeiter*in Innendienst/Phishing/Mailsystem',1,'[{\"added\": {}}]',20,1),(136,'2022-10-24 20:43:27.815379','54','Threat Awareness/Sachbearbeiter*in Innendienst/Phishing/Mailsystem',1,'[{\"added\": {}}]',20,1),(137,'2022-10-24 20:43:53.181147','55','Threat Identification/Sachbearbeiter*in Innendienst/Phishing/Mailsystem',1,'[{\"added\": {}}]',20,1),(138,'2022-10-24 20:44:17.213012','56','Threat Identification/Sachbearbeiter*in Innendienst/Phishing/Mailsystem',1,'[{\"added\": {}}]',20,1),(139,'2022-10-24 20:44:36.417261','57','Threat Identification/Sachbearbeiter*in Innendienst/Phishing/Mailsystem',1,'[{\"added\": {}}]',20,1),(140,'2022-10-24 20:45:00.218759','58','Threat Identification/Sachbearbeiter*in Innendienst/Phishing/Mailsystem',1,'[{\"added\": {}}]',20,1),(141,'2022-10-24 20:45:21.905322','59','Threat Impact Assessment/Sachbearbeiter*in Innendienst/Phishing/Mailsystem',1,'[{\"added\": {}}]',20,1),(142,'2022-10-24 20:45:48.313650','60','Threat Impact Assessment/Sachbearbeiter*in Innendienst/Phishing/Mailsystem',1,'[{\"added\": {}}]',20,1),(143,'2022-10-24 20:46:07.061937','61','Threat Impact Assessment/Sachbearbeiter*in Innendienst/Phishing/Mailsystem',1,'[{\"added\": {}}]',20,1),(144,'2022-10-24 20:46:24.328507','62','Threat Impact Assessment/Sachbearbeiter*in Innendienst/Phishing/Mailsystem',1,'[{\"added\": {}}]',20,1),(145,'2022-10-24 20:46:42.702948','63','Tactic Control/Sachbearbeiter*in Innendienst/Phishing/Mailsystem',1,'[{\"added\": {}}]',20,1),(146,'2022-10-24 20:46:58.371738','64','Tactic Control/Sachbearbeiter*in Innendienst/Phishing/Mailsystem',1,'[{\"added\": {}}]',20,1),(147,'2022-10-24 20:47:13.021058','65','Tactic Control/Sachbearbeiter*in Innendienst/Phishing/Mailsystem',1,'[{\"added\": {}}]',20,1),(148,'2022-10-24 20:47:31.483186','66','Tactic Control/Sachbearbeiter*in Innendienst/Phishing/Mailsystem',1,'[{\"added\": {}}]',20,1),(149,'2022-10-24 20:47:56.869612','67','Tactic Justification/Sachbearbeiter*in Innendienst/Phishing/Mailsystem',1,'[{\"added\": {}}]',20,1),(150,'2022-10-24 20:48:13.538385','68','Tactic Justification/Sachbearbeiter*in Innendienst/Phishing/Mailsystem',1,'[{\"added\": {}}]',20,1),(151,'2022-10-24 20:48:28.761189','69','Tactic Justification/Sachbearbeiter*in Innendienst/Phishing/Mailsystem',1,'[{\"added\": {}}]',20,1),(152,'2022-10-24 20:49:14.425582','70','Tactic Mastery/Sachbearbeiter*in Innendienst/Phishing/Mailsystem',1,'[{\"added\": {}}]',20,1),(153,'2022-10-24 20:49:31.544704','71','Tactic Mastery/Sachbearbeiter*in Innendienst/Phishing/Mailsystem',1,'[{\"added\": {}}]',20,1),(154,'2022-10-24 20:49:44.774136','72','Tactic Mastery/Sachbearbeiter*in Innendienst/Phishing/Mailsystem',1,'[{\"added\": {}}]',20,1),(155,'2022-10-24 20:50:17.385626','73','Tactic Check & Follow Up/Sachbearbeiter*in Innendienst/Phishing/Mailsystem',1,'[{\"added\": {}}]',20,1),(156,'2022-10-24 20:50:31.449075','74','Tactic Check & Follow Up/Sachbearbeiter*in Innendienst/Phishing/Mailsystem',1,'[{\"added\": {}}]',20,1),(157,'2022-10-24 20:50:46.877615','75','Tactic Check & Follow Up/Sachbearbeiter*in Innendienst/Phishing/Mailsystem',1,'[{\"added\": {}}]',20,1),(158,'2022-10-24 20:51:03.178917','76','Tactic Check & Follow Up/Sachbearbeiter*in Innendienst/Phishing/Mailsystem',1,'[{\"added\": {}}]',20,1),(159,'2022-10-24 20:51:40.082590','3','E-Mail Impuls1',2,'[{\"changed\": {\"fields\": [\"E-Mail\"]}}]',22,1),(160,'2022-10-24 20:59:44.103861','10','Phishing/Mailsystem/Threat Identification/Sachbearbeiter*in im Innendienst',1,'[{\"added\": {}}]',18,1),(161,'2022-10-24 20:59:57.169526','11','Phishing/Mailsystem/Threat Impact Assessment/Sachbearbeiter*in im Innendienst',1,'[{\"added\": {}}]',18,1),(162,'2022-10-24 21:01:02.577232','18','Tactic Choice/Sachbearbeiter*in Innendienst/Phishing/Mailsystem',2,'[{\"changed\": {\"fields\": [\"Name der Frage\"]}}]',17,1),(163,'2022-10-24 21:01:28.476868','12','Phishing/Mailsystem/Tactic Choice/Sachbearbeiter*in im Innendienst',1,'[{\"added\": {}}]',18,1),(164,'2022-10-24 21:01:39.450576','13','Phishing/Mailsystem/Tactic Justification/Sachbearbeiter*in im Innendienst',1,'[{\"added\": {}}]',18,1),(165,'2022-10-24 21:01:54.208580','14','Phishing/Mailsystem/Tactic Mastery/Sachbearbeiter*in im Innendienst',1,'[{\"added\": {}}]',18,1),(166,'2022-10-24 21:02:08.531794','15','Phishing/Mailsystem/Tactic Check & Follow-Up/Sachbearbeiter*in im Innendienst',1,'[{\"added\": {}}]',18,1),(167,'2022-10-24 21:02:21.453020','14','Phishing/Mailsystem/Tactic Mastery/Sachbearbeiter*in im Innendienst',2,'[{\"changed\": {\"fields\": [\"Zugeordneter Impuls\"]}}]',18,1),(168,'2022-10-24 21:02:28.616225','13','Phishing/Mailsystem/Tactic Justification/Sachbearbeiter*in im Innendienst',2,'[{\"changed\": {\"fields\": [\"Zugeordneter Impuls\"]}}]',18,1),(169,'2022-10-24 21:02:34.066179','12','Phishing/Mailsystem/Tactic Choice/Sachbearbeiter*in im Innendienst',2,'[{\"changed\": {\"fields\": [\"Zugeordneter Impuls\"]}}]',18,1),(170,'2022-10-24 21:02:39.314295','11','Phishing/Mailsystem/Threat Impact Assessment/Sachbearbeiter*in im Innendienst',2,'[{\"changed\": {\"fields\": [\"Zugeordneter Impuls\"]}}]',18,1),(171,'2022-10-24 21:19:24.251537','2','Phishing',2,'[{\"changed\": {\"fields\": [\"Beschreibung\"]}}]',9,1),(172,'2022-10-24 21:22:11.897654','1','Social Engineering',2,'[{\"changed\": {\"fields\": [\"Beschreibung\"]}}]',9,1),(173,'2022-10-24 21:24:20.429435','1','Threat Awareness',2,'[{\"changed\": {\"fields\": [\"Beschreibung der Kompetenzdimension\"]}}]',13,1),(174,'2022-10-24 21:24:32.740726','2','Threat Identification',2,'[{\"changed\": {\"fields\": [\"Beschreibung der Kompetenzdimension\"]}}]',13,1),(175,'2022-10-24 21:24:52.831333','3','Threat Impact Assessment',2,'[{\"changed\": {\"fields\": [\"Beschreibung der Kompetenzdimension\"]}}]',13,1),(176,'2022-10-24 21:25:03.373119','4','Tactic Choice',2,'[{\"changed\": {\"fields\": [\"Beschreibung der Kompetenzdimension\"]}}]',13,1),(177,'2022-10-24 21:25:24.968345','5','Tactic Justification',2,'[{\"changed\": {\"fields\": [\"Beschreibung der Kompetenzdimension\"]}}]',13,1),(178,'2022-10-24 21:25:37.814457','6','Tactic Mastery',2,'[{\"changed\": {\"fields\": [\"Beschreibung der Kompetenzdimension\"]}}]',13,1),(179,'2022-10-24 21:26:06.799875','7','Tactic Check & Follow-Up',2,'[{\"changed\": {\"fields\": [\"Beschreibung der Kompetenzdimension\"]}}]',13,1),(180,'2022-10-25 08:54:18.773136','1','Sachbearbeiter*in im Innendienst',2,'[{\"changed\": {\"fields\": [\"Beschreibung\"]}}]',7,1),(181,'2022-10-25 08:55:41.246312','1','Sachbearbeiter*in im Innendienst',2,'[{\"changed\": {\"fields\": [\"Zugeordnete Bedrohungsvektoren\"]}}]',19,1),(182,'2022-10-25 09:00:03.241161','16','Social Engineering/Social Media Systeme/Threat Identification/Sachbearbeiter*in im Innendienst',1,'[{\"added\": {}}]',18,1),(183,'2022-10-25 09:00:23.006994','17','Social Engineering/Social Media Systeme/Threat Impact Assessment/Sachbearbeiter*in im Innendienst',1,'[{\"added\": {}}]',18,1),(184,'2022-10-25 09:00:42.432073','18','Social Engineering/Social Media Systeme/Tactic Choice/Sachbearbeiter*in im Innendienst',1,'[{\"added\": {}}]',18,1),(185,'2022-10-25 09:01:19.393129','19','Social Engineering/Social Media Systeme/Tactic Justification/Sachbearbeiter*in im Innendienst',1,'[{\"added\": {}}]',18,1),(186,'2022-10-25 09:01:34.058428','20','Social Engineering/Social Media Systeme/Tactic Mastery/Sachbearbeiter*in im Innendienst',1,'[{\"added\": {}}]',18,1),(187,'2022-10-25 09:01:52.341768','21','Social Engineering/Social Media Systeme/Tactic Check & Follow-Up/Sachbearbeiter*in im Innendienst',1,'[{\"added\": {}}]',18,1),(188,'2022-10-25 09:16:41.855479','8','Threat Awareness/Sachbearbeiter*in Innendienst/Social Engineering/Social Media System',2,'[{\"changed\": {\"fields\": [\"Frage\"]}}]',17,1),(189,'2022-10-25 09:20:12.649594','8','Social Engineering/Social Media Systeme/Threat Awareness/Sachbearbeiter*in im Innendienst',2,'[{\"changed\": {\"fields\": [\"Zugeordnete Frage\"]}}]',18,1),(190,'2022-10-25 10:31:00.822999','2','Phishing/Mailsystem/Impuls2',2,'[{\"changed\": {\"fields\": [\"Sender der E-Mail\", \"Empf\\u00e4nger der E-Mail\"]}}]',14,1),(191,'2022-10-25 10:31:10.682647','1','Phishing/Mailsystem/Impuls1',2,'[{\"changed\": {\"fields\": [\"Empf\\u00e4nger der E-Mail\"]}}]',14,1),(192,'2022-10-25 10:31:19.567928','3','Phishing/Mailsystem/Impuls3',2,'[{\"changed\": {\"fields\": [\"Empf\\u00e4nger der E-Mail\"]}}]',14,1),(193,'2022-10-26 08:14:15.806699','1','Sachbearbeiter*in im Innendienst',2,'[{\"changed\": {\"fields\": [\"Zugeordnete Bedrohungsvektoren\"]}}]',19,1),(194,'2022-11-07 09:39:56.963488','15','Threat Awareness/Sachbearbeiter*in Innendienst/Phishing/Mailsystem',2,'[{\"changed\": {\"fields\": [\"Text zur Frage\"]}}]',17,1),(195,'2022-11-07 12:20:11.425226','1','Sachbearbeiter*in im Innendienst',2,'[{\"changed\": {\"fields\": [\"Zugeordnete Bedrohungsvektoren\"]}}]',19,1),(196,'2022-11-11 12:05:54.807154','2','Sachbearbeiter*in Auendienst',1,'[{\"added\": {}}]',7,1),(197,'2022-11-22 13:11:12.078069','3','Teams_Impuls3_SE_KO',3,'',15,1),(198,'2022-11-22 13:11:12.083740','2','Teams_Impuls2_SE_KO',3,'',15,1),(199,'2022-11-22 13:11:12.088350','1','Teams_Impuls1_SE_KO',3,'',15,1),(200,'2022-11-22 13:11:34.775940','8','Teams_Impuls_SE_KO_1',1,'[{\"added\": {}}]',15,1),(201,'2022-11-22 13:11:56.567904','9','Teams_Impuls_SE_KO_2',1,'[{\"added\": {}}]',15,1),(202,'2022-11-22 13:12:09.081703','10','Teams_Impuls_SE_KO_3',1,'[{\"added\": {}}]',15,1),(203,'2022-11-22 13:12:41.270429','1','Social Engineering/Kollborationssystem/Sachbearbeiter*in Innendienst/Bild Impuls 1',2,'[{\"changed\": {\"fields\": [\"Bild\"]}}]',21,1),(204,'2022-11-22 13:14:50.490446','4','Instantmessenger',1,'[{\"added\": {}}]',8,1),(205,'2022-11-22 13:16:12.174263','4','Social Engineering/Instantmessenger',1,'[{\"added\": {}}]',10,1),(206,'2022-11-22 13:16:19.742159','1','Sachbearbeiter*in im Innendienst',2,'[{\"changed\": {\"fields\": [\"Zugeordnete Bedrohungsvektoren\"]}}]',19,1),(207,'2022-11-22 13:17:18.020725','22','Threat Awareness/Sachbearbeiter*in Innendienst/Social Engineering/Instantmessenger',1,'[{\"added\": {}}]',17,1),(208,'2022-11-22 13:18:05.198010','23','Threat Identification/Sachbearbeiter*in Innendienst/Social Engineering/Instantmessenger',1,'[{\"added\": {}}]',17,1),(209,'2022-11-22 13:18:49.570489','24','Threat Impact Assesment/Sachbearbeiter*in Innendienst/Social Engineering/Instantmessenger',1,'[{\"added\": {}}]',17,1),(210,'2022-11-22 13:20:03.193224','25','Tactic Choice/Sachbearbeiter*in Innendienst/Social Engineering/Instantmessenger',1,'[{\"added\": {}}]',17,1),(211,'2022-11-22 13:20:47.796234','26','Tactic Justification/Sachbearbeiter*in Innendienst/Social Engineering/Instantmessenger',1,'[{\"added\": {}}]',17,1),(212,'2022-11-22 13:21:10.330639','27','Tactic Mastery/Sachbearbeiter*in Innendienst/Social Engineering/Instantmessenger',1,'[{\"added\": {}}]',17,1),(213,'2022-11-22 13:21:39.613145','28','Tactic Check&Follow Up/Sachbearbeiter*in Innendienst/Social Engineering/Instantmessenger',1,'[{\"added\": {}}]',17,1),(214,'2022-11-22 13:22:45.399716','77','Threat Awareness/Sachbearbeiter*in Innendienst/Social Engineering/Instantmessenger',1,'[{\"added\": {}}]',20,1),(215,'2022-11-22 13:23:16.667715','78','Threat Awareness/Sachbearbeiter*in Innendienst/Social Engineering/Instantmessenger',1,'[{\"added\": {}}]',20,1),(216,'2022-11-22 13:24:52.591450','77','Threat Identification/Sachbearbeiter*in Innendienst/Social Engineering/Instantmessenger',2,'[{\"changed\": {\"fields\": [\"Zugeordnete Frage\"]}}]',20,1),(217,'2022-11-22 13:25:04.477908','78','Threat Identification/Sachbearbeiter*in Innendienst/Social Engineering/Instantmessenger',2,'[{\"changed\": {\"fields\": [\"Zugeordnete Frage\", \"Bewertung der Antwortoption\"]}}]',20,1),(218,'2022-11-22 13:25:35.711645','79','Threat Identification/Sachbearbeiter*in Innendienst/Social Engineering/Instantmessenger',1,'[{\"added\": {}}]',20,1),(219,'2022-11-22 13:25:56.947149','80','Threat Identification/Sachbearbeiter*in Innendienst/Social Engineering/Instantmessenger',1,'[{\"added\": {}}]',20,1),(220,'2022-11-22 13:26:34.898719','81','Threat Identification/Sachbearbeiter*in Innendienst/Social Engineering/Instantmessenger',1,'[{\"added\": {}}]',20,1),(221,'2022-11-22 13:26:56.746793','78','Threat Identification/Sachbearbeiter*in Innendienst/Social Engineering/Instantmessenger',2,'[{\"changed\": {\"fields\": [\"Bewertung der Antwortoption\"]}}]',20,1),(222,'2022-11-22 13:27:29.570385','82','Threat Awareness/Sachbearbeiter*in Innendienst/Social Engineering/Instantmessenger',1,'[{\"added\": {}}]',20,1),(223,'2022-11-22 13:27:48.999907','83','Threat Awareness/Sachbearbeiter*in Innendienst/Social Engineering/Instantmessenger',1,'[{\"added\": {}}]',20,1),(224,'2022-11-22 13:28:01.763568','84','Threat Awareness/Sachbearbeiter*in Innendienst/Social Engineering/Instantmessenger',1,'[{\"added\": {}}]',20,1),(225,'2022-11-22 13:28:32.470953','85','Threat Impact Assesment/Sachbearbeiter*in Innendienst/Social Engineering/Instantmessenger',1,'[{\"added\": {}}]',20,1),(226,'2022-11-22 13:28:54.007085','86','Threat Impact Assesment/Sachbearbeiter*in Innendienst/Social Engineering/Instantmessenger',1,'[{\"added\": {}}]',20,1),(227,'2022-11-22 13:29:28.888046','87','Threat Impact Assesment/Sachbearbeiter*in Innendienst/Social Engineering/Instantmessenger',1,'[{\"added\": {}}]',20,1),(228,'2022-11-22 13:29:52.221207','88','Threat Impact Assesment/Sachbearbeiter*in Innendienst/Social Engineering/Instantmessenger',1,'[{\"added\": {}}]',20,1),(229,'2022-11-22 13:30:42.311925','89','Tactic Choice/Sachbearbeiter*in Innendienst/Social Engineering/Instantmessenger',1,'[{\"added\": {}}]',20,1),(230,'2022-11-22 13:31:00.692236','90','Tactic Choice/Sachbearbeiter*in Innendienst/Social Engineering/Instantmessenger',1,'[{\"added\": {}}]',20,1),(231,'2022-11-22 13:31:18.094113','91','Tactic Choice/Sachbearbeiter*in Innendienst/Social Engineering/Instantmessenger',1,'[{\"added\": {}}]',20,1),(232,'2022-11-22 13:32:14.069405','92','Tactic Choice/Sachbearbeiter*in Innendienst/Social Engineering/Instantmessenger',1,'[{\"added\": {}}]',20,1),(233,'2022-11-22 13:32:40.627668','93','Tactic Justification/Sachbearbeiter*in Innendienst/Social Engineering/Instantmessenger',1,'[{\"added\": {}}]',20,1),(234,'2022-11-22 13:33:00.005618','94','Tactic Justification/Sachbearbeiter*in Innendienst/Social Engineering/Instantmessenger',1,'[{\"added\": {}}]',20,1),(235,'2022-11-22 13:33:14.221815','95','Tactic Justification/Sachbearbeiter*in Innendienst/Social Engineering/Instantmessenger',1,'[{\"added\": {}}]',20,1),(236,'2022-11-22 13:33:28.643878','96','Tactic Justification/Sachbearbeiter*in Innendienst/Social Engineering/Instantmessenger',1,'[{\"added\": {}}]',20,1),(237,'2022-11-22 13:33:44.793884','97','Tactic Mastery/Sachbearbeiter*in Innendienst/Social Engineering/Instantmessenger',1,'[{\"added\": {}}]',20,1),(238,'2022-11-22 13:34:07.097865','98','Tactic Mastery/Sachbearbeiter*in Innendienst/Social Engineering/Instantmessenger',1,'[{\"added\": {}}]',20,1),(239,'2022-11-22 13:34:27.812066','99','Tactic Mastery/Sachbearbeiter*in Innendienst/Social Engineering/Instantmessenger',1,'[{\"added\": {}}]',20,1),(240,'2022-11-22 13:34:45.270965','100','Tactic Mastery/Sachbearbeiter*in Innendienst/Social Engineering/Instantmessenger',1,'[{\"added\": {}}]',20,1),(241,'2022-11-22 13:35:05.601539','101','Tactic Check&Follow Up/Sachbearbeiter*in Innendienst/Social Engineering/Instantmessenger',1,'[{\"added\": {}}]',20,1),(242,'2022-11-22 13:35:24.810179','102','Tactic Check&Follow Up/Sachbearbeiter*in Innendienst/Social Engineering/Instantmessenger',1,'[{\"added\": {}}]',20,1),(243,'2022-11-22 13:35:41.719857','103','Tactic Check&Follow Up/Sachbearbeiter*in Innendienst/Social Engineering/Instantmessenger',1,'[{\"added\": {}}]',20,1),(244,'2022-11-22 13:35:56.934413','104','Tactic Check&Follow Up/Sachbearbeiter*in Innendienst/Social Engineering/Instantmessenger',1,'[{\"added\": {}}]',20,1),(245,'2022-11-22 13:38:57.853572','1','ChatInterface object (1)',1,'[{\"added\": {}}]',12,1),(246,'2022-11-22 13:41:12.845044','2','ChatInterface object (2)',1,'[{\"added\": {}}]',12,1),(247,'2022-11-22 13:41:39.327976','3','ChatInterface object (3)',1,'[{\"added\": {}}]',12,1),(248,'2022-11-22 13:42:16.128413','4','Chat Impuls/Social Engineering/Instantmessenger',1,'[{\"added\": {}}]',23,1),(249,'2022-11-22 13:42:58.577922','4','Social Engineering/Instantmessenger/Sachbearbeiter*in im Innendienst',1,'[{\"added\": {}}]',11,1),(250,'2022-11-22 13:43:20.819675','22','Social Engineering/Instantmessenger/Threat Awareness/Sachbearbeiter*in im Innendienst',1,'[{\"added\": {}}]',18,1),(251,'2022-11-22 13:43:39.628850','23','Social Engineering/Instantmessenger/Threat Identification/Sachbearbeiter*in im Innendienst',1,'[{\"added\": {}}]',18,1),(252,'2022-11-22 13:44:07.529193','24','Social Engineering/Instantmessenger/Threat Identification/Sachbearbeiter*in im Innendienst',1,'[{\"added\": {}}]',18,1),(253,'2022-11-22 13:44:24.218915','25','Social Engineering/Instantmessenger/Threat Impact Assessment/Sachbearbeiter*in im Innendienst',1,'[{\"added\": {}}]',18,1),(254,'2022-11-22 13:44:40.156014','26','Social Engineering/Instantmessenger/Tactic Choice/Sachbearbeiter*in im Innendienst',1,'[{\"added\": {}}]',18,1),(255,'2022-11-22 13:45:00.513336','27','Social Engineering/Instantmessenger/Tactic Justification/Sachbearbeiter*in im Innendienst',1,'[{\"added\": {}}]',18,1),(256,'2022-11-22 13:45:11.746142','28','Social Engineering/Instantmessenger/Tactic Mastery/Sachbearbeiter*in im Innendienst',1,'[{\"added\": {}}]',18,1),(257,'2022-11-22 13:45:21.027315','29','Social Engineering/Instantmessenger/Tactic Check & Follow-Up/Sachbearbeiter*in im Innendienst',1,'[{\"added\": {}}]',18,1),(258,'2022-11-22 13:48:52.543291','1','Sachbearbeiter*in im Innendienst',2,'[{\"changed\": {\"fields\": [\"Zugeordnete Bedrohungsvektoren\"]}}]',19,1),(259,'2022-11-22 13:50:10.406432','24','Social Engineering/Instantmessenger/Threat Identification/Sachbearbeiter*in im Innendienst',3,'',18,1),(260,'2022-11-22 13:53:44.298443','3','Einschleusen von Malware',1,'[{\"added\": {}}]',9,1),(261,'2022-11-22 13:53:55.083207','5','Einschleusen von Malware/Mailsystem',1,'[{\"added\": {}}]',10,1),(262,'2022-11-22 13:54:32.587053','5','Einschleusen von Malware/Mailsystem/Sachbearbeiter*in im Innendienst',1,'[{\"added\": {}}]',11,1),(263,'2022-11-22 13:55:20.699834','29','Threat Awareness/Sachbearbeiter*in Innendienst/Malware/Mailsystem',1,'[{\"added\": {}}]',17,1),(264,'2022-11-22 13:55:59.557304','30','Threat Identification/Sachbearbeiter*in Innendienst/Malware/Mailsystem',1,'[{\"added\": {}}]',17,1),(265,'2022-11-22 13:56:29.267052','31','Threat Impact Assessment/Sachbearbeiter*in Innendienst/Malware/Mailsystem',1,'[{\"added\": {}}]',17,1),(266,'2022-11-22 13:57:16.504684','32','Tactic Choice/Sachbearbeiter*in Innendienst/Malware/Mailsystem',1,'[{\"added\": {}}]',17,1),(267,'2022-11-22 13:57:42.629309','33','Tactic Justification/Sachbearbeiter*in Innendienst/Malware/Mailsystem',1,'[{\"added\": {}}]',17,1),(268,'2022-11-22 13:57:59.765098','34','Tactic Mastery/Sachbearbeiter*in Innendienst/Malware/Mailsystem',1,'[{\"added\": {}}]',17,1),(269,'2022-11-22 13:58:27.557371','35','Tactic Check&Follow-Up/Sachbearbeiter*in Innendienst/Malware/Mailsystem',1,'[{\"added\": {}}]',17,1),(270,'2022-11-22 13:59:50.526783','105','Threat Awareness/Sachbearbeiter*in Innendienst/Malware/Mailsystem',1,'[{\"added\": {}}]',20,1),(271,'2022-11-22 14:00:23.878720','106','Threat Awareness/Sachbearbeiter*in Innendienst/Malware/Mailsystem',1,'[{\"added\": {}}]',20,1),(272,'2022-11-22 14:01:54.062297','106','Threat Awareness/Sachbearbeiter*in Innendienst/Malware/Mailsystem',2,'[]',20,1),(273,'2022-11-22 14:02:30.132624','107','Threat Awareness/Sachbearbeiter*in Innendienst/Malware/Mailsystem',1,'[{\"added\": {}}]',20,1),(274,'2022-11-22 14:03:32.290322','29','Threat Awareness/Sachbearbeiter*in Innendienst/Malware/Mailsystem',2,'[{\"changed\": {\"fields\": [\"Text zur Frage\"]}}]',17,1),(275,'2022-11-22 14:03:38.929953','22','Threat Awareness/Sachbearbeiter*in Innendienst/Social Engineering/Instantmessenger',2,'[{\"changed\": {\"fields\": [\"Text zur Frage\"]}}]',17,1),(276,'2022-11-22 14:03:51.913396','1','Threat Awareness/Sachbearbeiter*in Innendienst/Social Engineering/Kollaborationssystem',2,'[{\"changed\": {\"fields\": [\"Text zur Frage\"]}}]',17,1),(277,'2022-11-22 14:04:27.641395','108','Threat Identification/Sachbearbeiter*in Innendienst/Malware/Mailsystem',1,'[{\"added\": {}}]',20,1),(278,'2022-11-22 14:04:44.838318','109','Threat Identification/Sachbearbeiter*in Innendienst/Malware/Mailsystem',1,'[{\"added\": {}}]',20,1),(279,'2022-11-22 14:05:05.742413','110','Threat Identification/Sachbearbeiter*in Innendienst/Malware/Mailsystem',1,'[{\"added\": {}}]',20,1),(280,'2022-11-22 14:06:46.581683','111','Threat Identification/Sachbearbeiter*in Innendienst/Malware/Mailsystem',1,'[{\"added\": {}}]',20,1),(281,'2022-11-22 14:07:07.764015','112','Threat Identification/Sachbearbeiter*in Innendienst/Malware/Mailsystem',1,'[{\"added\": {}}]',20,1),(282,'2022-11-22 14:07:24.930469','113','Threat Identification/Sachbearbeiter*in Innendienst/Malware/Mailsystem',1,'[{\"added\": {}}]',20,1),(283,'2022-11-22 14:07:57.773830','114','Threat Impact Assessment/Sachbearbeiter*in Innendienst/Malware/Mailsystem',1,'[{\"added\": {}}]',20,1),(284,'2022-11-22 14:08:23.170418','115','Threat Impact Assessment/Sachbearbeiter*in Innendienst/Malware/Mailsystem',1,'[{\"added\": {}}]',20,1),(285,'2022-11-22 14:08:43.012106','116','Threat Impact Assessment/Sachbearbeiter*in Innendienst/Malware/Mailsystem',1,'[{\"added\": {}}]',20,1),(286,'2022-11-22 14:09:09.874700','117','Threat Impact Assessment/Sachbearbeiter*in Innendienst/Malware/Mailsystem',1,'[{\"added\": {}}]',20,1),(287,'2022-11-22 14:09:30.043279','118','Tactic Choice/Sachbearbeiter*in Innendienst/Malware/Mailsystem',1,'[{\"added\": {}}]',20,1),(288,'2022-11-22 14:09:52.783005','119','Tactic Choice/Sachbearbeiter*in Innendienst/Malware/Mailsystem',1,'[{\"added\": {}}]',20,1),(289,'2022-11-22 14:10:30.279396','120','Tactic Choice/Sachbearbeiter*in Innendienst/Malware/Mailsystem',1,'[{\"added\": {}}]',20,1),(290,'2022-11-22 14:11:21.842618','121','Tactic Justification/Sachbearbeiter*in Innendienst/Malware/Mailsystem',1,'[{\"added\": {}}]',20,1),(291,'2022-11-22 14:11:39.935005','122','Tactic Justification/Sachbearbeiter*in Innendienst/Malware/Mailsystem',1,'[{\"added\": {}}]',20,1),(292,'2022-11-22 14:11:58.739379','123','Tactic Justification/Sachbearbeiter*in Innendienst/Malware/Mailsystem',1,'[{\"added\": {}}]',20,1),(293,'2022-11-22 14:12:24.803051','124','Tactic Mastery/Sachbearbeiter*in Innendienst/Malware/Mailsystem',1,'[{\"added\": {}}]',20,1),(294,'2022-11-22 14:12:39.595697','125','Tactic Mastery/Sachbearbeiter*in Innendienst/Malware/Mailsystem',1,'[{\"added\": {}}]',20,1),(295,'2022-11-22 14:12:55.986733','126','Tactic Mastery/Sachbearbeiter*in Innendienst/Malware/Mailsystem',1,'[{\"added\": {}}]',20,1),(296,'2022-11-22 14:13:43.581942','127','Tactic Check&Follow-Up/Sachbearbeiter*in Innendienst/Malware/Mailsystem',1,'[{\"added\": {}}]',20,1),(297,'2022-11-22 14:13:59.561062','128','Tactic Check&Follow-Up/Sachbearbeiter*in Innendienst/Malware/Mailsystem',1,'[{\"added\": {}}]',20,1),(298,'2022-11-22 14:14:19.014923','129','Tactic Check&Follow-Up/Sachbearbeiter*in Innendienst/Malware/Mailsystem',1,'[{\"added\": {}}]',20,1),(299,'2022-11-22 14:14:33.346440','130','Tactic Check&Follow-Up/Sachbearbeiter*in Innendienst/Malware/Mailsystem',1,'[{\"added\": {}}]',20,1),(300,'2022-11-22 14:16:38.020959','4','Malware/Mailsystem/Impuls1',1,'[{\"added\": {}}]',14,1),(301,'2022-11-22 14:17:40.873381','5','Malware/Mailsystem/Impuls2',1,'[{\"added\": {}}]',14,1),(302,'2022-11-22 14:18:36.624609','6','Malware/Mailsystem/Impuls3',1,'[{\"added\": {}}]',14,1),(303,'2022-11-22 14:18:55.501208','5','E-Mail Impuls 2',1,'[{\"added\": {}}]',22,1),(304,'2022-11-22 14:19:24.123101','30','Einschleusen von Malware/Mailsystem/Threat Awareness/Sachbearbeiter*in im Innendienst',1,'[{\"added\": {}}]',18,1),(305,'2022-11-22 14:19:37.818352','31','Einschleusen von Malware/Mailsystem/Threat Identification/Sachbearbeiter*in im Innendienst',1,'[{\"added\": {}}]',18,1),(306,'2022-11-22 14:19:50.216837','32','Einschleusen von Malware/Mailsystem/Threat Impact Assessment/Sachbearbeiter*in im Innendienst',1,'[{\"added\": {}}]',18,1),(307,'2022-11-22 14:20:06.265526','33','Einschleusen von Malware/Mailsystem/Tactic Choice/Sachbearbeiter*in im Innendienst',1,'[{\"added\": {}}]',18,1),(308,'2022-11-22 14:20:21.386445','34','Einschleusen von Malware/Mailsystem/Tactic Justification/Sachbearbeiter*in im Innendienst',1,'[{\"added\": {}}]',18,1),(309,'2022-11-22 14:20:30.489754','35','Einschleusen von Malware/Mailsystem/Tactic Mastery/Sachbearbeiter*in im Innendienst',1,'[{\"added\": {}}]',18,1),(310,'2022-11-22 14:20:39.660110','36','Einschleusen von Malware/Mailsystem/Tactic Check & Follow-Up/Sachbearbeiter*in im Innendienst',1,'[{\"added\": {}}]',18,1),(311,'2022-11-22 14:20:54.851329','1','Sachbearbeiter*in im Innendienst',2,'[{\"changed\": {\"fields\": [\"Zugeordnete Bedrohungsvektoren\"]}}]',19,1),(312,'2022-11-22 16:35:50.116348','2','Sachbearbeiter*in Auendienst',3,'',7,1),(313,'2022-11-23 12:18:38.204488','29','Threat Awareness/Sachbearbeiter*in Innendienst/Malware/Mailsystem',2,'[]',17,1),(314,'2022-11-23 12:18:55.919653','1','ChatInterface object (1)',2,'[]',12,1),(315,'2022-11-23 12:18:59.439118','2','ChatInterface object (2)',2,'[]',12,1),(316,'2022-11-23 12:19:04.097195','3','ChatInterface object (3)',2,'[{\"changed\": {\"fields\": [\"Absender bekannt\"]}}]',12,1),(317,'2022-11-23 12:33:02.612636','3','E-Mail Impuls1',2,'[{\"changed\": {\"fields\": [\"Text zum Impuls\"]}}]',22,1),(318,'2022-11-23 12:33:47.566680','5','E-Mail Impuls 2',2,'[{\"changed\": {\"fields\": [\"Text zum Impuls\"]}}]',22,1),(319,'2022-11-23 12:34:22.922718','5','E-Mail Impuls 2',2,'[{\"changed\": {\"fields\": [\"Text zum Impuls\"]}}]',22,1),(320,'2022-11-23 12:34:27.650047','3','E-Mail Impuls1',2,'[{\"changed\": {\"fields\": [\"Text zum Impuls\"]}}]',22,1),(321,'2022-11-23 12:34:43.006822','4','Chat Impuls/Social Engineering/Instantmessenger',2,'[{\"changed\": {\"fields\": [\"Text zum Impuls\"]}}]',23,1),(322,'2022-11-23 12:35:08.580232','2','Social Engineering/Social Media System/Sachbearbeiter*in Innendienst/Bild Impuls 1',2,'[{\"changed\": {\"fields\": [\"Text zum Impuls\"]}}]',21,1),(323,'2022-11-23 12:35:13.256626','1','Social Engineering/Kollborationssystem/Sachbearbeiter*in Innendienst/Bild Impuls 1',2,'[{\"changed\": {\"fields\": [\"Text zum Impuls\"]}}]',21,1),(324,'2022-11-23 13:07:34.250745','1','Sachbearbeiter*in im Innendienst',2,'[{\"changed\": {\"fields\": [\"Zugeordnete Bedrohungsvektoren\"]}}]',19,1),(325,'2022-11-24 14:01:28.330331','35','Tactic Check&Follow-Up/Sachbearbeiter*in Innendienst/Malware/Mailsystem',2,'[{\"changed\": {\"fields\": [\"Text zur Frage\"]}}]',17,1),(326,'2022-11-24 14:01:33.793701','34','Tactic Mastery/Sachbearbeiter*in Innendienst/Malware/Mailsystem',2,'[{\"changed\": {\"fields\": [\"Text zur Frage\"]}}]',17,1),(327,'2022-11-24 14:01:40.359355','33','Tactic Justification/Sachbearbeiter*in Innendienst/Malware/Mailsystem',2,'[{\"changed\": {\"fields\": [\"Text zur Frage\"]}}]',17,1),(328,'2022-11-24 14:01:49.721000','32','Tactic Choice/Sachbearbeiter*in Innendienst/Malware/Mailsystem',2,'[{\"changed\": {\"fields\": [\"Text zur Frage\"]}}]',17,1),(329,'2022-11-24 14:01:59.846090','31','Threat Impact Assessment/Sachbearbeiter*in Innendienst/Malware/Mailsystem',2,'[{\"changed\": {\"fields\": [\"Text zur Frage\"]}}]',17,1),(330,'2022-11-24 14:02:22.374797','27','Tactic Mastery/Sachbearbeiter*in Innendienst/Social Engineering/Instantmessenger',2,'[{\"changed\": {\"fields\": [\"Text zur Frage\"]}}]',17,1),(331,'2022-11-24 14:02:29.682359','28','Tactic Check&Follow Up/Sachbearbeiter*in Innendienst/Social Engineering/Instantmessenger',2,'[{\"changed\": {\"fields\": [\"Text zur Frage\"]}}]',17,1),(332,'2022-11-24 14:02:37.000908','26','Tactic Justification/Sachbearbeiter*in Innendienst/Social Engineering/Instantmessenger',2,'[{\"changed\": {\"fields\": [\"Text zur Frage\"]}}]',17,1),(333,'2022-11-24 14:02:45.662459','25','Tactic Choice/Sachbearbeiter*in Innendienst/Social Engineering/Instantmessenger',2,'[{\"changed\": {\"fields\": [\"Text zur Frage\"]}}]',17,1),(334,'2022-11-24 14:02:55.550124','24','Threat Impact Assesment/Sachbearbeiter*in Innendienst/Social Engineering/Instantmessenger',2,'[{\"changed\": {\"fields\": [\"Text zur Frage\"]}}]',17,1),(335,'2022-11-24 14:03:39.505732','7','Tactic Check & Follow-Up/Sachbearbeiter*in Innendienst/Kollaborationssystem',2,'[{\"changed\": {\"fields\": [\"Text zur Frage\"]}}]',17,1),(336,'2022-11-24 14:13:03.221077','3','Einschleusen von Malware',2,'[{\"changed\": {\"fields\": [\"Beschreibung\"]}}]',9,1),(337,'2022-11-24 16:20:52.847271','15','Threat Awareness/Sachbearbeiter*in Innendienst/Phishing/Mailsystem',2,'[{\"changed\": {\"fields\": [\"Text zur Frage\"]}}]',17,1),(338,'2022-11-24 16:21:44.007867','9','Threat Identification/Sachbearbeiter*in Innendienst/Social Engineering/Social Media System',2,'[{\"changed\": {\"fields\": [\"Text zur Frage\"]}}]',17,1),(339,'2022-11-24 16:22:06.850329','1','Threat Awareness/Sachbearbeiter*in Innendienst/Social Engineering/Kollaborationssystem',2,'[{\"changed\": {\"fields\": [\"Antwortoption\"]}}]',20,1),(340,'2022-11-24 16:22:13.809361','2','Threat Awareness/Sachbearbeiter*in Innendienst/Social Engineering/Kollaborationssystem',2,'[{\"changed\": {\"fields\": [\"Antwortoption\"]}}]',20,1),(341,'2022-11-24 16:22:20.593046','3','Threat Awareness/Sachbearbeiter*in Innendienst/Social Engineering/Kollaborationssystem',2,'[{\"changed\": {\"fields\": [\"Antwortoption\"]}}]',20,1),(342,'2022-11-24 17:36:20.954027','2','Threat Identification/Sachbearbeiter*in Innendienst/Social Engineering/Kollborationssystem',2,'[{\"changed\": {\"fields\": [\"Text zur Frage\"]}}]',17,1),(343,'2022-11-24 17:38:57.103865','1','Threat Awareness/Sachbearbeiter*in Innendienst/Social Engineering/Kollaborationssystem',2,'[{\"changed\": {\"fields\": [\"Bewertung der Antwortoption\"]}}]',20,1),(344,'2022-11-24 17:39:06.627460','2','Threat Awareness/Sachbearbeiter*in Innendienst/Social Engineering/Kollaborationssystem',2,'[{\"changed\": {\"fields\": [\"Bewertung der Antwortoption\"]}}]',20,1),(345,'2022-11-24 17:48:15.698741','8','Threat Awareness/Sachbearbeiter*in Innendienst/Social Engineering/Social Media System',2,'[{\"changed\": {\"fields\": [\"Text zur Frage\"]}}]',17,1),(346,'2022-11-24 17:49:50.737258','1','Social Engineering/Kollborationssystem/Sachbearbeiter*in Innendienst/Bild Impuls 1',2,'[{\"changed\": {\"fields\": [\"Text zum Impuls\"]}}]',21,1),(347,'2022-11-24 17:50:16.205113','5','E-Mail Impuls 2',2,'[{\"changed\": {\"fields\": [\"Text zum Impuls\"]}}]',22,1),(348,'2022-11-24 17:50:31.126832','4','Chat Impuls/Social Engineering/Instantmessenger',2,'[{\"changed\": {\"fields\": [\"Text zum Impuls\"]}}]',23,1),(349,'2022-11-24 17:50:39.192659','3','E-Mail Impuls1',2,'[{\"changed\": {\"fields\": [\"Text zum Impuls\"]}}]',22,1),(350,'2022-11-24 17:50:42.446940','3','E-Mail Impuls1',2,'[]',22,1),(351,'2022-11-24 17:50:59.521348','2','Social Engineering/Social Media System/Sachbearbeiter*in Innendienst/Bild Impuls 1',2,'[{\"changed\": {\"fields\": [\"Text zum Impuls\"]}}]',21,1),(352,'2022-11-24 17:51:03.098075','1','Social Engineering/Kollborationssystem/Sachbearbeiter*in Innendienst/Bild Impuls 1',2,'[]',21,1),(353,'2022-11-24 17:56:48.975223','27','Threat Awareness/Sachbearbeiter*in Innendienst/Social Engineering/Social Media System',2,'[{\"changed\": {\"fields\": [\"Antwortoption\"]}}]',20,1),(354,'2022-11-24 17:57:00.355654','28','Threat Awareness/Sachbearbeiter*in Innendienst/Social Engineering/Social Media System',2,'[{\"changed\": {\"fields\": [\"Antwortoption\"]}}]',20,1),(355,'2022-11-24 17:57:05.459647','29','Threat Awareness/Sachbearbeiter*in Innendienst/Social Engineering/Social Media System',2,'[{\"changed\": {\"fields\": [\"Antwortoption\"]}}]',20,1),(356,'2022-11-24 18:09:01.814629','1','Sachbearbeiter*in im Innendienst',2,'[{\"changed\": {\"fields\": [\"Zugeordnete Bedrohungsvektoren\"]}}]',19,1),(357,'2022-11-24 18:10:59.961104','1','Sachbearbeiter*in im Innendienst',2,'[{\"changed\": {\"fields\": [\"Zugeordnete Bedrohungsvektoren\"]}}]',19,1),(358,'2022-11-24 18:11:37.325784','1','Sachbearbeiter*in im Innendienst',2,'[{\"changed\": {\"fields\": [\"Zugeordnete Bedrohungsvektoren\"]}}]',19,1),(359,'2022-11-24 19:13:47.381369','1','Social Engineering/Kollborationssystem/Sachbearbeiter*in Innendienst/Bild Impuls 1',2,'[{\"changed\": {\"fields\": [\"Text zum Impuls\"]}}]',21,1),(360,'2022-11-24 19:13:51.380292','1','Social Engineering/Kollborationssystem/Sachbearbeiter*in Innendienst/Bild Impuls 1',2,'[]',21,1),(361,'2022-11-24 19:13:55.162323','5','E-Mail Impuls 2',2,'[]',22,1),(362,'2022-11-24 19:13:58.502207','4','Chat Impuls/Social Engineering/Instantmessenger',2,'[]',23,1),(363,'2022-11-24 19:14:01.511790','3','E-Mail Impuls1',2,'[]',22,1),(364,'2022-11-24 19:33:42.862032','7','Threat Identification/Sachbearbeiter*in Innendienst/Social Engineering/Kollborationssystem',2,'[{\"changed\": {\"fields\": [\"Antwortoption\"]}}]',20,1),(365,'2022-11-24 19:33:49.202481','5','Threat Identification/Sachbearbeiter*in Innendienst/Social Engineering/Kollborationssystem',2,'[{\"changed\": {\"fields\": [\"Antwortoption\"]}}]',20,1),(366,'2022-11-24 19:33:55.984211','9','Threat Impact Assessment/Sachbearbeiter*in Innendienst/Social Engineering/Kollaborationssystem',2,'[{\"changed\": {\"fields\": [\"Antwortoption\"]}}]',20,1),(367,'2022-11-24 19:34:06.582032','24','Tactic Check & Follow-Up/Sachbearbeiter*in Innendienst/Kollaborationssystem',2,'[{\"changed\": {\"fields\": [\"Antwortoption\"]}}]',20,1),(368,'2022-11-24 19:34:21.721775','37','Threat Impact Assessment/Sachbearbeiter*in Innendienst/Social Engineering/Social Media System',2,'[{\"changed\": {\"fields\": [\"Antwortoption\"]}}]',20,1),(369,'2022-11-24 19:34:34.046364','54','Threat Awareness/Sachbearbeiter*in Innendienst/Phishing/Mailsystem',2,'[{\"changed\": {\"fields\": [\"Antwortoption\"]}}]',20,1),(370,'2022-11-24 19:34:40.823044','53','Threat Awareness/Sachbearbeiter*in Innendienst/Phishing/Mailsystem',2,'[{\"changed\": {\"fields\": [\"Antwortoption\"]}}]',20,1),(371,'2022-11-24 19:34:45.413799','52','Threat Awareness/Sachbearbeiter*in Innendienst/Phishing/Mailsystem',2,'[{\"changed\": {\"fields\": [\"Antwortoption\"]}}]',20,1),(372,'2022-11-24 19:34:58.178123','70','Tactic Mastery/Sachbearbeiter*in Innendienst/Phishing/Mailsystem',2,'[{\"changed\": {\"fields\": [\"Antwortoption\"]}}]',20,1),(373,'2022-11-24 19:35:06.981731','79','Threat Identification/Sachbearbeiter*in Innendienst/Social Engineering/Instantmessenger',2,'[{\"changed\": {\"fields\": [\"Antwortoption\"]}}]',20,1),(374,'2022-11-24 19:35:22.049976','100','Tactic Mastery/Sachbearbeiter*in Innendienst/Social Engineering/Instantmessenger',2,'[{\"changed\": {\"fields\": [\"Antwortoption\"]}}]',20,1),(375,'2022-11-24 19:39:26.561168','1','Sachbearbeiter*in im Innendienst',2,'[{\"changed\": {\"fields\": [\"Zugeordnete Bedrohungsvektoren\"]}}]',19,1),(376,'2022-11-25 13:39:56.125413','7','Tactic Check & Follow-Up',2,'[]',13,1),(377,'2022-11-25 13:40:07.207512','6','Tactic Mastery',2,'[{\"changed\": {\"fields\": [\"Beschreibung der Kompetenzdimension\"]}}]',13,1),(378,'2022-11-25 13:40:13.455259','7','Tactic Check & Follow-Up',2,'[{\"changed\": {\"fields\": [\"Beschreibung der Kompetenzdimension\"]}}]',13,1),(379,'2022-11-25 13:40:28.058090','3','Threat Impact Assessment',2,'[{\"changed\": {\"fields\": [\"Beschreibung der Kompetenzdimension\"]}}]',13,1),(380,'2022-11-28 16:29:46.180579','1','Sachbearbeiter*in im Innendienst',2,'[{\"changed\": {\"fields\": [\"Beschreibung\", \"Aufgaben\"]}}]',7,1),(381,'2022-11-28 16:30:33.757591','4','Social Engineering/Instantmessenger',2,'[{\"changed\": {\"fields\": [\"Beschreibung\"]}}]',10,1),(382,'2022-11-28 16:32:04.250002','5','Einschleusen von Malware/Mailsystem',2,'[{\"changed\": {\"fields\": [\"Beschreibung\"]}}]',10,1),(383,'2022-11-28 16:32:21.780913','3','Phishing/Mailsystem',2,'[{\"changed\": {\"fields\": [\"Beschreibung\"]}}]',10,1),(384,'2022-11-28 16:32:54.441254','2','Social Engineering/Social Media Systeme',2,'[{\"changed\": {\"fields\": [\"Beschreibung\"]}}]',10,1),(385,'2022-11-28 16:33:10.908493','1','Social Engineering/Kollaborationssysteme',2,'[{\"changed\": {\"fields\": [\"Beschreibung\"]}}]',10,1),(386,'2022-11-28 19:22:53.417611','1','Sachbearbeiter*in im Innendienst',2,'[{\"changed\": {\"fields\": [\"Anzeigen\"]}}]',7,1),(387,'2022-11-28 19:26:07.956717','1','Cyber Security Awareness Course',1,'new through import_export',25,1),(388,'2022-11-28 19:26:07.959518','2','Cybersecurity Awareness training',1,'new through import_export',25,1),(389,'2022-11-28 19:26:07.962849','3','Online-Kurs IT-Grundschutz',1,'new through import_export',25,1),(390,'2022-11-28 19:26:07.966606','4','IT-Grundlagen im Broalltag',1,'new through import_export',25,1),(391,'2022-11-28 19:26:07.969532','5','Netzwerksicherheit',1,'new through import_export',25,1),(392,'2022-11-28 19:26:07.971551','6','TISiM-App',1,'new through import_export',25,1),(393,'2022-11-28 19:26:07.975717','7','Security-Awareness-Platform-and-Offerings',1,'new through import_export',25,1),(394,'2022-11-28 19:26:07.979453','8','Human Risk Assessment',1,'new through import_export',25,1),(395,'2022-11-28 19:26:07.983504','9','Security Awareness Training',1,'new through import_export',25,1),(396,'2022-11-28 19:26:07.987667','10','Security Awareness Videos',1,'new through import_export',25,1),(397,'2022-11-28 19:26:07.996226','11','BEHRDEN-IT-SICHERHEITSTRAINING',1,'new through import_export',25,1),(398,'2022-11-28 19:26:08.000155','12','CISA VLP - 100W Cybersecurity Practices for Industrial Control Systems',1,'new through import_export',25,1),(399,'2022-11-28 19:26:08.003920','13','CISA VLP - 210W-01 Differences in Deployments of Industrial Control Systems (FY22) ',1,'new through import_export',25,1),(400,'2022-11-28 19:26:08.007743','14','CISA VLP - 210W-02 Influence of IT Components on Industrial Control Systems',1,'new through import_export',25,1),(401,'2022-11-28 19:26:08.011730','15','CISA VLP - 210W-03 Common ICS Components',1,'new through import_export',25,1),(402,'2022-11-28 19:26:08.015433','16','CISA VLP - 210W-04 Cybersecurity Within IT and ICS Domains (FY21)',1,'new through import_export',25,1),(403,'2022-11-28 19:26:08.018992','17','CISA VLP - 210W-05 ICS Cybersecurity Risk',1,'new through import_export',25,1),(404,'2022-11-28 19:26:08.023067','18','CISA VLP - 210W-06 ICS Cybersecurity Threats',1,'new through import_export',25,1),(405,'2022-11-28 19:26:08.027521','19','CISA VLP - 210W-07 ICS Cybersecurity Vulnerabilities',1,'new through import_export',25,1),(406,'2022-11-28 19:26:08.030986','20','CISA VLP - 210W-08 ICS Cybersecurity Consequences',1,'new through import_export',25,1),(407,'2022-11-28 19:26:08.034970','21','CISA VLP - 210W-09 Attack Methodologies in IT & ICS',1,'new through import_export',25,1),(408,'2022-11-28 19:26:08.038703','22','CISA VLP - 210W-10 Mapping IT Defense-In-Depth Security Solutions to ICS - Part I',1,'new through import_export',25,1),(409,'2022-11-28 19:26:08.042028','23','CISA VLP - 210W-11 Mapping IT Defense-In_Depth Security Solutions to ICS - Part II\nID: E-6023WV',1,'new through import_export',25,1),(410,'2022-11-28 19:26:08.046072','24','CISA VLP - RFE2115 ICS Cybersecurity Landscape for Managers',1,'new through import_export',25,1),(411,'2022-11-28 19:26:08.049564','25','Spezialisierung Cybersecurity: Developing a Program for Your Business',1,'new through import_export',25,1),(412,'2022-11-28 19:26:08.051879','26','Spezialisierung Cybersecurity Kurs 1: Cybersecurity and Mobility',1,'new through import_export',25,1),(413,'2022-11-28 19:26:08.057818','27','Spezialisierung Cybersecurity Kurs 2: Cybersecurity and the Internet of Things',1,'new through import_export',25,1),(414,'2022-11-28 19:26:08.061355','28','Spezialisierung Cybersecurity Kurs 3: Cybersecurity and the X-Factor',1,'new through import_export',25,1),(415,'2022-11-28 19:26:08.064072','29','Spezialisierung Cybersecurity Kurs 4: The Business of Cybersecurity Capstone',1,'new through import_export',25,1),(416,'2022-11-28 19:26:08.068226','30','Security Awareness Training',1,'new through import_export',25,1),(417,'2022-11-28 19:26:08.071223','31','Pricing Enterprice',1,'new through import_export',25,1),(418,'2022-11-28 19:26:08.075778','32','Pricing Free',1,'new through import_export',25,1),(419,'2022-11-28 19:26:08.079267','33','Learning Management System - Online Training Software',1,'new through import_export',25,1),(420,'2022-11-28 19:26:08.084624','34','Security Awareness Training',1,'new through import_export',25,1),(421,'2022-11-28 19:26:08.088639','35','Malware Threats',1,'new through import_export',25,1),(422,'2022-11-28 19:26:08.092558','36','Introduction to Evimetry_ the Controller',1,'new through import_export',25,1),(423,'2022-11-28 19:26:08.096581','37','Basic Evimetry Deadboot Forensic Acquisition',1,'new through import_export',25,1),(424,'2022-11-28 19:26:08.100929','38','Check Point Jump Start',1,'new through import_export',25,1),(425,'2022-11-28 19:26:08.104706','39','MITRE ATT&CK Defender (MAD) ATT&CK ',1,'new through import_export',25,1),(426,'2022-11-28 19:26:08.109143','40','MITRE ATT&CK Defender (MAD) ATT&CK SOC ',1,'new through import_export',25,1),(427,'2022-11-28 19:26:08.113905','41','Introduction to IT & Cybersecurity',1,'new through import_export',25,1),(428,'2022-11-28 19:26:08.117720','42','Security Awareness Training',1,'new through import_export',25,1),(429,'2022-11-28 19:26:08.123786','43','Cybersecurity Fundamentals',1,'new through import_export',25,1),(430,'2022-11-28 19:26:08.127637','44','Jump Start_ Network Security',1,'new through import_export',25,1),(431,'2022-11-28 19:26:08.131847','45','Introduction to Cybersecurity',1,'new through import_export',25,1),(432,'2022-11-28 19:26:08.136074','46','Information Security - Introduction to Information Security',1,'new through import_export',25,1),(433,'2022-11-28 19:26:08.140234','47','Cybersecurity Risk Management',1,'new through import_export',25,1),(434,'2022-11-28 19:26:08.145191','48','Network Security',1,'new through import_export',25,1),(435,'2022-11-28 19:26:08.149179','49','Social Engineering',1,'new through import_export',25,1),(436,'2022-11-28 19:26:08.152414','50','Home-Office',1,'new through import_export',25,1),(437,'2022-11-28 19:26:08.156637','51','Die Spione in der Hosentasche - Smartphones',1,'new through import_export',25,1),(438,'2022-11-28 19:26:08.162313','52','Security Update - Aktuelle Cyberangriffe & mehrschichtoge Abwehrstrategien',1,'new through import_export',25,1),(439,'2022-11-28 19:26:08.165898','53','Security Awareness Training',1,'new through import_export',25,1),(440,'2022-11-28 19:26:08.167842','54','Free Training',1,'new through import_export',25,1),(441,'2022-11-28 19:26:08.171342','55','Wunder Punkt Microsoft 365',1,'new through import_export',25,1),(442,'2022-11-28 19:26:08.174768','56','[Dis]connected',1,'new through import_export',25,1),(443,'2022-11-28 19:26:08.178091','57','Secuso Research - Results - S&P Awarness',1,'new through import_export',25,1),(444,'2022-11-28 19:26:08.181763','58','OpenSecurityTraining2',1,'new through import_export',25,1),(445,'2022-11-28 19:26:08.184092','59','Cyberthreats by Malware',1,'new through import_export',25,1),(446,'2022-11-28 19:26:08.188722','60','Internet Security for Beginners',1,'new through import_export',25,1),(447,'2022-11-28 19:26:08.192028','61','Sicher per E-Mail kommunizieren - Mitleser unerwnscht',1,'new through import_export',25,1),(448,'2022-11-28 19:26:08.196030','62','Sicherheit im Internet',1,'new through import_export',25,1),(449,'2022-11-28 19:26:08.199972','63','Security Awareness Trainings',1,'new through import_export',25,1),(450,'2022-11-28 19:26:08.207975','64','Cyber Aces Online Courses',1,'new through import_export',25,1),(451,'2022-11-28 19:26:08.214683','65','Security Awareness Kampange',1,'new through import_export',25,1),(452,'2022-11-28 19:26:08.219635','66','The Internet Security Guide',1,'new through import_export',25,1),(453,'2022-11-28 19:26:08.223269','67','Staying Safe Online_ Cyber Security ',1,'new through import_export',25,1),(454,'2022-11-28 19:26:08.227848','68','Protecting yourself online',1,'new through import_export',25,1),(455,'2022-11-28 19:26:08.232250','69','Computer Virus - Definition, Types, Spread and Prevention',1,'new through import_export',25,1),(456,'2022-11-28 19:26:08.236796','70','SSL/TLS Protocol and Handshake Process',1,'new through import_export',25,1),(457,'2022-11-28 19:26:08.240756','71','Security Awareness Campaigns (Lite)',1,'new through import_export',25,1),(458,'2022-11-28 19:26:08.245184','72','Cybersicherheit Cyber Security Course for Beginners - Level 01',1,'new through import_export',25,1),(459,'2022-11-28 19:26:08.250180','73','Cyber Security Threat Intelligen',1,'new through import_export',25,1),(460,'2022-11-28 19:26:08.254304','74','Cyber Security Training for Absolute Beginners ',1,'new through import_export',25,1),(461,'2022-11-28 19:26:08.258765','75','Cyber Security Stories_ Because of You!',1,'new through import_export',25,1),(462,'2022-11-28 19:26:08.279615','76','Cyber Security Advanced Persistent Threat Defender Preview',1,'new through import_export',25,1),(463,'2022-11-28 19:26:08.282992','77','Cyber Criminals Want Your Information: Stop Them Cold!',1,'new through import_export',25,1),(464,'2022-11-28 19:26:08.287141','78','Cyber Crimes and it\'s preventive measures- Mr. Rupesh Mittal',1,'new through import_export',25,1),(465,'2022-11-28 19:26:08.290798','79','(Security Operation Centre) SOC Essentials by SOC Experts',1,'new through import_export',25,1),(466,'2022-11-28 19:26:08.294469','80','Anti-Hacker Security | Step By Step Guide',1,'new through import_export',25,1),(467,'2022-11-28 19:26:08.297610','81','Security Awareness Trainingsplattform',1,'new through import_export',25,1),(468,'2022-11-28 19:26:08.299953','82','Wie knnen IT-Sicherheitsvorflle vermieden werden? - Praxistipps',1,'new through import_export',25,1),(469,'2022-11-28 19:26:08.303372','83','Webinar Grundlagen der IT-Sicherheit (Teil 1)',1,'new through import_export',25,1),(470,'2022-11-28 19:26:08.306935','84','Introduction to Cyber Security',1,'new through import_export',25,1),(471,'2022-11-28 19:26:08.310440','85','Ethical Hacking for Beginners',1,'new through import_export',25,1),(472,'2022-11-28 19:26:08.313872','86','Introduction to Cyber Security',1,'new through import_export',25,1),(473,'2022-11-28 19:26:08.316818','87','Datenschutz & IT-Security am Arbeitsplatz (Teil 7 - 10)',1,'new through import_export',25,1),(474,'2022-11-28 19:26:08.320812','88','Datenschutz Online Video Schulung',1,'new through import_export',25,1),(475,'2022-11-28 19:26:08.324071','89','Datenschutzschulung fr Mitarbeiter Basic',1,'new through import_export',25,1),(476,'2022-11-28 19:26:08.327511','90','COMPUTER SYSTEMS SECURITY',1,'new through import_export',25,1),(477,'2022-11-28 19:26:08.330872','91','Information security',1,'new through import_export',25,1),(478,'2022-11-28 19:26:08.334864','92','Network Security',1,'new through import_export',25,1),(479,'2022-11-28 19:26:28.838341','92','Network Security',3,'',25,1),(480,'2022-11-28 19:26:28.841972','91','Information security',3,'',25,1),(481,'2022-11-28 19:26:28.846729','90','COMPUTER SYSTEMS SECURITY',3,'',25,1),(482,'2022-11-28 19:26:28.852083','89','Datenschutzschulung fr Mitarbeiter Basic',3,'',25,1),(483,'2022-11-28 19:26:28.855867','88','Datenschutz Online Video Schulung',3,'',25,1),(484,'2022-11-28 19:26:28.859453','87','Datenschutz & IT-Security am Arbeitsplatz (Teil 7 - 10)',3,'',25,1),(485,'2022-11-28 19:26:28.862984','86','Introduction to Cyber Security',3,'',25,1),(486,'2022-11-28 19:26:28.866496','85','Ethical Hacking for Beginners',3,'',25,1),(487,'2022-11-28 19:26:28.871069','84','Introduction to Cyber Security',3,'',25,1),(488,'2022-11-28 19:26:28.878313','83','Webinar Grundlagen der IT-Sicherheit (Teil 1)',3,'',25,1),(489,'2022-11-28 19:26:28.882343','82','Wie knnen IT-Sicherheitsvorflle vermieden werden? - Praxistipps',3,'',25,1),(490,'2022-11-28 19:26:28.886981','81','Security Awareness Trainingsplattform',3,'',25,1),(491,'2022-11-28 19:26:28.891024','80','Anti-Hacker Security | Step By Step Guide',3,'',25,1),(492,'2022-11-28 19:26:28.894719','79','(Security Operation Centre) SOC Essentials by SOC Experts',3,'',25,1),(493,'2022-11-28 19:26:28.898622','78','Cyber Crimes and it\'s preventive measures- Mr. Rupesh Mittal',3,'',25,1),(494,'2022-11-28 19:26:28.903017','77','Cyber Criminals Want Your Information: Stop Them Cold!',3,'',25,1),(495,'2022-11-28 19:26:28.907589','76','Cyber Security Advanced Persistent Threat Defender Preview',3,'',25,1),(496,'2022-11-28 19:26:28.911701','75','Cyber Security Stories_ Because of You!',3,'',25,1),(497,'2022-11-28 19:26:28.915796','74','Cyber Security Training for Absolute Beginners ',3,'',25,1),(498,'2022-11-28 19:26:28.919987','73','Cyber Security Threat Intelligen',3,'',25,1),(499,'2022-11-28 19:26:28.924026','72','Cybersicherheit Cyber Security Course for Beginners - Level 01',3,'',25,1),(500,'2022-11-28 19:26:28.927714','71','Security Awareness Campaigns (Lite)',3,'',25,1),(501,'2022-11-28 19:26:28.931113','70','SSL/TLS Protocol and Handshake Process',3,'',25,1),(502,'2022-11-28 19:26:28.935161','69','Computer Virus - Definition, Types, Spread and Prevention',3,'',25,1),(503,'2022-11-28 19:26:28.939194','68','Protecting yourself online',3,'',25,1),(504,'2022-11-28 19:26:28.942762','67','Staying Safe Online_ Cyber Security ',3,'',25,1),(505,'2022-11-28 19:26:28.946799','66','The Internet Security Guide',3,'',25,1),(506,'2022-11-28 19:26:28.950898','65','Security Awareness Kampange',3,'',25,1),(507,'2022-11-28 19:26:28.955565','64','Cyber Aces Online Courses',3,'',25,1),(508,'2022-11-28 19:26:28.959802','63','Security Awareness Trainings',3,'',25,1),(509,'2022-11-28 19:26:28.963967','62','Sicherheit im Internet',3,'',25,1),(510,'2022-11-28 19:26:28.967941','61','Sicher per E-Mail kommunizieren - Mitleser unerwnscht',3,'',25,1),(511,'2022-11-28 19:26:28.971703','60','Internet Security for Beginners',3,'',25,1),(512,'2022-11-28 19:26:28.977403','59','Cyberthreats by Malware',3,'',25,1),(513,'2022-11-28 19:26:28.981618','58','OpenSecurityTraining2',3,'',25,1),(514,'2022-11-28 19:26:28.985875','57','Secuso Research - Results - S&P Awarness',3,'',25,1),(515,'2022-11-28 19:26:28.989262','56','[Dis]connected',3,'',25,1),(516,'2022-11-28 19:26:28.992304','55','Wunder Punkt Microsoft 365',3,'',25,1),(517,'2022-11-28 19:26:28.995795','54','Free Training',3,'',25,1),(518,'2022-11-28 19:26:29.001363','53','Security Awareness Training',3,'',25,1),(519,'2022-11-28 19:26:29.004396','52','Security Update - Aktuelle Cyberangriffe & mehrschichtoge Abwehrstrategien',3,'',25,1),(520,'2022-11-28 19:26:29.008156','51','Die Spione in der Hosentasche - Smartphones',3,'',25,1),(521,'2022-11-28 19:26:29.011885','50','Home-Office',3,'',25,1),(522,'2022-11-28 19:26:29.015583','49','Social Engineering',3,'',25,1),(523,'2022-11-28 19:26:29.019183','48','Network Security',3,'',25,1),(524,'2022-11-28 19:26:29.025393','47','Cybersecurity Risk Management',3,'',25,1),(525,'2022-11-28 19:26:29.028793','46','Information Security - Introduction to Information Security',3,'',25,1),(526,'2022-11-28 19:26:29.032184','45','Introduction to Cybersecurity',3,'',25,1),(527,'2022-11-28 19:26:29.035412','44','Jump Start_ Network Security',3,'',25,1),(528,'2022-11-28 19:26:29.039614','43','Cybersecurity Fundamentals',3,'',25,1),(529,'2022-11-28 19:26:29.043254','42','Security Awareness Training',3,'',25,1),(530,'2022-11-28 19:26:29.048005','41','Introduction to IT & Cybersecurity',3,'',25,1),(531,'2022-11-28 19:26:29.051846','40','MITRE ATT&CK Defender (MAD) ATT&CK SOC ',3,'',25,1),(532,'2022-11-28 19:26:29.055557','39','MITRE ATT&CK Defender (MAD) ATT&CK ',3,'',25,1),(533,'2022-11-28 19:26:29.059685','38','Check Point Jump Start',3,'',25,1),(534,'2022-11-28 19:26:29.066204','37','Basic Evimetry Deadboot Forensic Acquisition',3,'',25,1),(535,'2022-11-28 19:26:29.069864','36','Introduction to Evimetry_ the Controller',3,'',25,1),(536,'2022-11-28 19:26:29.074703','35','Malware Threats',3,'',25,1),(537,'2022-11-28 19:26:29.078662','34','Security Awareness Training',3,'',25,1),(538,'2022-11-28 19:26:29.082262','33','Learning Management System - Online Training Software',3,'',25,1),(539,'2022-11-28 19:26:29.086053','32','Pricing Free',3,'',25,1),(540,'2022-11-28 19:26:29.090002','31','Pricing Enterprice',3,'',25,1),(541,'2022-11-28 19:26:29.094247','30','Security Awareness Training',3,'',25,1),(542,'2022-11-28 19:26:29.098087','29','Spezialisierung Cybersecurity Kurs 4: The Business of Cybersecurity Capstone',3,'',25,1),(543,'2022-11-28 19:26:29.101632','28','Spezialisierung Cybersecurity Kurs 3: Cybersecurity and the X-Factor',3,'',25,1),(544,'2022-11-28 19:26:29.105177','27','Spezialisierung Cybersecurity Kurs 2: Cybersecurity and the Internet of Things',3,'',25,1),(545,'2022-11-28 19:26:29.110593','26','Spezialisierung Cybersecurity Kurs 1: Cybersecurity and Mobility',3,'',25,1),(546,'2022-11-28 19:26:29.115059','25','Spezialisierung Cybersecurity: Developing a Program for Your Business',3,'',25,1),(547,'2022-11-28 19:26:29.118803','24','CISA VLP - RFE2115 ICS Cybersecurity Landscape for Managers',3,'',25,1),(548,'2022-11-28 19:26:29.123421','23','CISA VLP - 210W-11 Mapping IT Defense-In_Depth Security Solutions to ICS - Part II\nID: E-6023WV',3,'',25,1),(549,'2022-11-28 19:26:29.128422','22','CISA VLP - 210W-10 Mapping IT Defense-In-Depth Security Solutions to ICS - Part I',3,'',25,1),(550,'2022-11-28 19:26:29.131504','21','CISA VLP - 210W-09 Attack Methodologies in IT & ICS',3,'',25,1),(551,'2022-11-28 19:26:29.134505','20','CISA VLP - 210W-08 ICS Cybersecurity Consequences',3,'',25,1),(552,'2022-11-28 19:26:29.137737','19','CISA VLP - 210W-07 ICS Cybersecurity Vulnerabilities',3,'',25,1),(553,'2022-11-28 19:26:29.140671','18','CISA VLP - 210W-06 ICS Cybersecurity Threats',3,'',25,1),(554,'2022-11-28 19:26:29.144786','17','CISA VLP - 210W-05 ICS Cybersecurity Risk',3,'',25,1),(555,'2022-11-28 19:26:29.148953','16','CISA VLP - 210W-04 Cybersecurity Within IT and ICS Domains (FY21)',3,'',25,1),(556,'2022-11-28 19:26:29.152125','15','CISA VLP - 210W-03 Common ICS Components',3,'',25,1),(557,'2022-11-28 19:26:29.155780','14','CISA VLP - 210W-02 Influence of IT Components on Industrial Control Systems',3,'',25,1),(558,'2022-11-28 19:26:29.159751','13','CISA VLP - 210W-01 Differences in Deployments of Industrial Control Systems (FY22) ',3,'',25,1),(559,'2022-11-28 19:26:29.164307','12','CISA VLP - 100W Cybersecurity Practices for Industrial Control Systems',3,'',25,1),(560,'2022-11-28 19:26:29.168182','11','BEHRDEN-IT-SICHERHEITSTRAINING',3,'',25,1),(561,'2022-11-28 19:26:29.172130','10','Security Awareness Videos',3,'',25,1),(562,'2022-11-28 19:26:29.177493','9','Security Awareness Training',3,'',25,1),(563,'2022-11-28 19:26:29.182160','8','Human Risk Assessment',3,'',25,1),(564,'2022-11-28 19:26:29.186043','7','Security-Awareness-Platform-and-Offerings',3,'',25,1),(565,'2022-11-28 19:26:29.192010','6','TISiM-App',3,'',25,1),(566,'2022-11-28 19:26:29.196146','5','Netzwerksicherheit',3,'',25,1),(567,'2022-11-28 19:26:29.200021','4','IT-Grundlagen im Broalltag',3,'',25,1),(568,'2022-11-28 19:26:29.203949','3','Online-Kurs IT-Grundschutz',3,'',25,1),(569,'2022-11-28 19:26:29.207764','2','Cybersecurity Awareness training',3,'',25,1),(570,'2022-11-28 19:26:29.211568','1','Cyber Security Awareness Course',3,'',25,1),(571,'2022-11-28 19:26:52.379042','1','Deutsch',1,'[{\"added\": {}}]',27,1),(572,'2022-11-28 19:27:02.095681','2','Englisch',1,'[{\"added\": {}}]',27,1),(573,'2022-11-28 19:27:20.760899','1','Online-Kurs',1,'[{\"added\": {}}]',26,1),(574,'2022-11-28 19:27:30.541410','2','Webinar/Video',1,'[{\"added\": {}}]',26,1),(575,'2022-11-28 19:27:34.109608','3','MOOC',1,'[{\"added\": {}}]',26,1),(576,'2022-11-28 19:27:46.199461','4','Cyber-Spiel',1,'[{\"added\": {}}]',26,1),(577,'2022-11-28 19:27:55.766655','5','Quiz',1,'[{\"added\": {}}]',26,1),(578,'2022-11-28 19:28:00.477936','6','Dokument',1,'[{\"added\": {}}]',26,1),(579,'2022-11-28 19:29:09.779019','1','Cyber Security Awareness Course',1,'new through import_export',25,1),(580,'2022-11-28 19:29:09.783151','2','Cybersecurity Awareness training',1,'new through import_export',25,1),(581,'2022-11-28 19:29:09.786297','3','Online-Kurs IT-Grundschutz',1,'new through import_export',25,1),(582,'2022-11-28 19:29:09.790337','4','IT-Grundlagen im Broalltag',1,'new through import_export',25,1),(583,'2022-11-28 19:29:09.793679','5','Netzwerksicherheit',1,'new through import_export',25,1),(584,'2022-11-28 19:29:09.796052','6','TISiM-App',1,'new through import_export',25,1),(585,'2022-11-28 19:29:09.800143','7','Security-Awareness-Platform-and-Offerings',1,'new through import_export',25,1),(586,'2022-11-28 19:29:09.803868','8','Human Risk Assessment',1,'new through import_export',25,1),(587,'2022-11-28 19:29:09.807191','9','Security Awareness Training',1,'new through import_export',25,1),(588,'2022-11-28 19:29:09.810532','10','Security Awareness Videos',1,'new through import_export',25,1),(589,'2022-11-28 19:29:09.814259','11','BEHRDEN-IT-SICHERHEITSTRAINING',1,'new through import_export',25,1),(590,'2022-11-28 19:29:09.817874','12','CISA VLP - 100W Cybersecurity Practices for Industrial Control Systems',1,'new through import_export',25,1),(591,'2022-11-28 19:29:09.820923','13','CISA VLP - 210W-01 Differences in Deployments of Industrial Control Systems (FY22) ',1,'new through import_export',25,1),(592,'2022-11-28 19:29:09.824695','14','CISA VLP - 210W-02 Influence of IT Components on Industrial Control Systems',1,'new through import_export',25,1),(593,'2022-11-28 19:29:09.828843','15','CISA VLP - 210W-03 Common ICS Components',1,'new through import_export',25,1),(594,'2022-11-28 19:29:09.832881','16','CISA VLP - 210W-04 Cybersecurity Within IT and ICS Domains (FY21)',1,'new through import_export',25,1),(595,'2022-11-28 19:29:09.836824','17','CISA VLP - 210W-05 ICS Cybersecurity Risk',1,'new through import_export',25,1),(596,'2022-11-28 19:29:09.841127','18','CISA VLP - 210W-06 ICS Cybersecurity Threats',1,'new through import_export',25,1),(597,'2022-11-28 19:29:09.845391','19','CISA VLP - 210W-07 ICS Cybersecurity Vulnerabilities',1,'new through import_export',25,1),(598,'2022-11-28 19:29:09.849314','20','CISA VLP - 210W-08 ICS Cybersecurity Consequences',1,'new through import_export',25,1),(599,'2022-11-28 19:29:09.852878','21','CISA VLP - 210W-09 Attack Methodologies in IT & ICS',1,'new through import_export',25,1),(600,'2022-11-28 19:29:09.856806','22','CISA VLP - 210W-10 Mapping IT Defense-In-Depth Security Solutions to ICS - Part I',1,'new through import_export',25,1),(601,'2022-11-28 19:29:09.861008','23','CISA VLP - 210W-11 Mapping IT Defense-In_Depth Security Solutions to ICS - Part II\nID: E-6023WV',1,'new through import_export',25,1),(602,'2022-11-28 19:29:09.864329','24','CISA VLP - RFE2115 ICS Cybersecurity Landscape for Managers',1,'new through import_export',25,1),(603,'2022-11-28 19:29:09.868396','25','Spezialisierung Cybersecurity: Developing a Program for Your Business',1,'new through import_export',25,1),(604,'2022-11-28 19:29:09.871521','26','Spezialisierung Cybersecurity Kurs 1: Cybersecurity and Mobility',1,'new through import_export',25,1),(605,'2022-11-28 19:29:09.875067','27','Spezialisierung Cybersecurity Kurs 2: Cybersecurity and the Internet of Things',1,'new through import_export',25,1),(606,'2022-11-28 19:29:09.878810','28','Spezialisierung Cybersecurity Kurs 3: Cybersecurity and the X-Factor',1,'new through import_export',25,1),(607,'2022-11-28 19:29:09.882603','29','Spezialisierung Cybersecurity Kurs 4: The Business of Cybersecurity Capstone',1,'new through import_export',25,1),(608,'2022-11-28 19:29:09.886650','30','Security Awareness Training',1,'new through import_export',25,1),(609,'2022-11-28 19:29:09.890679','31','Pricing Enterprice',1,'new through import_export',25,1),(610,'2022-11-28 19:29:09.895390','32','Pricing Free',1,'new through import_export',25,1),(611,'2022-11-28 19:29:09.899583','33','Learning Management System - Online Training Software',1,'new through import_export',25,1),(612,'2022-11-28 19:29:09.903252','34','Security Awareness Training',1,'new through import_export',25,1),(613,'2022-11-28 19:29:09.906975','35','Malware Threats',1,'new through import_export',25,1),(614,'2022-11-28 19:29:09.911074','36','Introduction to Evimetry_ the Controller',1,'new through import_export',25,1),(615,'2022-11-28 19:29:09.914525','37','Basic Evimetry Deadboot Forensic Acquisition',1,'new through import_export',25,1),(616,'2022-11-28 19:29:09.917625','38','Check Point Jump Start',1,'new through import_export',25,1),(617,'2022-11-28 19:29:09.919972','39','MITRE ATT&CK Defender (MAD) ATT&CK ',1,'new through import_export',25,1),(618,'2022-11-28 19:29:09.923756','40','MITRE ATT&CK Defender (MAD) ATT&CK SOC ',1,'new through import_export',25,1),(619,'2022-11-28 19:29:09.927336','41','Introduction to IT & Cybersecurity',1,'new through import_export',25,1),(620,'2022-11-28 19:29:09.931949','42','Security Awareness Training',1,'new through import_export',25,1),(621,'2022-11-28 19:29:09.936618','43','Cybersecurity Fundamentals',1,'new through import_export',25,1),(622,'2022-11-28 19:29:09.941013','44','Jump Start_ Network Security',1,'new through import_export',25,1),(623,'2022-11-28 19:29:09.944947','45','Introduction to Cybersecurity',1,'new through import_export',25,1),(624,'2022-11-28 19:29:09.951538','46','Information Security - Introduction to Information Security',1,'new through import_export',25,1),(625,'2022-11-28 19:29:09.955257','47','Cybersecurity Risk Management',1,'new through import_export',25,1),(626,'2022-11-28 19:29:09.958514','48','Network Security',1,'new through import_export',25,1),(627,'2022-11-28 19:29:09.962308','49','Social Engineering',1,'new through import_export',25,1),(628,'2022-11-28 19:29:09.965635','50','Home-Office',1,'new through import_export',25,1),(629,'2022-11-28 19:29:09.968553','51','Die Spione in der Hosentasche - Smartphones',1,'new through import_export',25,1),(630,'2022-11-28 19:29:09.971357','52','Security Update - Aktuelle Cyberangriffe & mehrschichtoge Abwehrstrategien',1,'new through import_export',25,1),(631,'2022-11-28 19:29:09.975517','53','Security Awareness Training',1,'new through import_export',25,1),(632,'2022-11-28 19:29:09.979776','54','Free Training',1,'new through import_export',25,1),(633,'2022-11-28 19:29:09.984133','55','Wunder Punkt Microsoft 365',1,'new through import_export',25,1),(634,'2022-11-28 19:29:09.988038','56','[Dis]connected',1,'new through import_export',25,1),(635,'2022-11-28 19:29:09.991840','57','Secuso Research - Results - S&P Awarness',1,'new through import_export',25,1),(636,'2022-11-28 19:29:09.996389','58','OpenSecurityTraining2',1,'new through import_export',25,1),(637,'2022-11-28 19:29:10.001025','59','Cyberthreats by Malware',1,'new through import_export',25,1),(638,'2022-11-28 19:29:10.004718','60','Internet Security for Beginners',1,'new through import_export',25,1),(639,'2022-11-28 19:29:10.007774','61','Sicher per E-Mail kommunizieren - Mitleser unerwnscht',1,'new through import_export',25,1),(640,'2022-11-28 19:29:10.011917','62','Sicherheit im Internet',1,'new through import_export',25,1),(641,'2022-11-28 19:29:10.016297','63','Security Awareness Trainings',1,'new through import_export',25,1),(642,'2022-11-28 19:29:10.021603','64','Cyber Aces Online Courses',1,'new through import_export',25,1),(643,'2022-11-28 19:29:10.026295','65','Security Awareness Kampange',1,'new through import_export',25,1),(644,'2022-11-28 19:29:10.029603','66','The Internet Security Guide',1,'new through import_export',25,1),(645,'2022-11-28 19:29:10.032260','67','Staying Safe Online_ Cyber Security ',1,'new through import_export',25,1),(646,'2022-11-28 19:29:10.035826','68','Protecting yourself online',1,'new through import_export',25,1),(647,'2022-11-28 19:29:10.039516','69','Computer Virus - Definition, Types, Spread and Prevention',1,'new through import_export',25,1),(648,'2022-11-28 19:29:10.043107','70','SSL/TLS Protocol and Handshake Process',1,'new through import_export',25,1),(649,'2022-11-28 19:29:10.046329','71','Security Awareness Campaigns (Lite)',1,'new through import_export',25,1),(650,'2022-11-28 19:29:10.050104','72','Cybersicherheit Cyber Security Course for Beginners - Level 01',1,'new through import_export',25,1),(651,'2022-11-28 19:29:10.053350','73','Cyber Security Threat Intelligen',1,'new through import_export',25,1),(652,'2022-11-28 19:29:10.056663','74','Cyber Security Training for Absolute Beginners ',1,'new through import_export',25,1),(653,'2022-11-28 19:29:10.060310','75','Cyber Security Stories_ Because of You!',1,'new through import_export',25,1),(654,'2022-11-28 19:29:10.063993','76','Cyber Security Advanced Persistent Threat Defender Preview',1,'new through import_export',25,1),(655,'2022-11-28 19:29:10.068716','77','Cyber Criminals Want Your Information: Stop Them Cold!',1,'new through import_export',25,1),(656,'2022-11-28 19:29:10.071842','78','Cyber Crimes and it\'s preventive measures- Mr. Rupesh Mittal',1,'new through import_export',25,1),(657,'2022-11-28 19:29:10.075973','79','(Security Operation Centre) SOC Essentials by SOC Experts',1,'new through import_export',25,1),(658,'2022-11-28 19:29:10.079484','80','Anti-Hacker Security | Step By Step Guide',1,'new through import_export',25,1),(659,'2022-11-28 19:29:10.083403','81','Security Awareness Trainingsplattform',1,'new through import_export',25,1),(660,'2022-11-28 19:29:10.086586','82','Wie knnen IT-Sicherheitsvorflle vermieden werden? - Praxistipps',1,'new through import_export',25,1),(661,'2022-11-28 19:29:10.090553','83','Webinar Grundlagen der IT-Sicherheit (Teil 1)',1,'new through import_export',25,1),(662,'2022-11-28 19:29:10.094766','84','Introduction to Cyber Security',1,'new through import_export',25,1),(663,'2022-11-28 19:29:10.098602','85','Ethical Hacking for Beginners',1,'new through import_export',25,1),(664,'2022-11-28 19:29:10.102365','86','Introduction to Cyber Security',1,'new through import_export',25,1),(665,'2022-11-28 19:29:10.106340','87','Datenschutz & IT-Security am Arbeitsplatz (Teil 7 - 10)',1,'new through import_export',25,1),(666,'2022-11-28 19:29:10.109934','88','Datenschutz Online Video Schulung',1,'new through import_export',25,1),(667,'2022-11-28 19:29:10.115782','89','Datenschutzschulung fr Mitarbeiter Basic',1,'new through import_export',25,1),(668,'2022-11-28 19:29:10.119399','90','COMPUTER SYSTEMS SECURITY',1,'new through import_export',25,1),(669,'2022-11-28 19:29:10.122607','91','Information security',1,'new through import_export',25,1),(670,'2022-11-28 19:29:10.126545','92','Network Security',1,'new through import_export',25,1),(671,'2022-11-29 08:31:40.121959','1','Sachbearbeiter*in im Innendienst',2,'[{\"changed\": {\"fields\": [\"Anzeigen\"]}}]',7,1),(672,'2022-11-29 08:32:04.814802','1','Sachbearbeiter*in im Innendienst',2,'[{\"changed\": {\"fields\": [\"Anzeigen\"]}}]',7,1),(673,'2022-11-29 08:33:11.652192','3','Geschftsfhrer*in',1,'[{\"added\": {}}]',7,1),(674,'2022-11-29 08:44:00.621444','4','Fhrungskraft',1,'[{\"added\": {}}]',7,1),(675,'2022-11-29 08:45:08.972229','5','Allgemein',1,'[{\"added\": {}}]',7,1),(676,'2022-11-29 08:45:21.446064','6','IT-Admin',1,'[{\"added\": {}}]',7,1),(677,'2022-11-29 08:46:11.854694','7','Sachbearbeiter*in im Auendienst',1,'[{\"added\": {}}]',7,1),(678,'2022-11-29 20:20:02.049321','6','Einschleusen von Malware/Mailsystem/Sachbearbeiter*in im Auendienst',1,'[{\"added\": {}}]',11,1),(679,'2022-11-29 20:24:19.178048','7','SA/Malware/Mailsystem/Impuls1',1,'[{\"added\": {}}]',14,1),(680,'2022-11-29 20:25:22.074950','8','SA/Malware/Mailsystem/Impuls2',1,'[{\"added\": {}}]',14,1),(681,'2022-11-29 20:26:15.731117','9','SA/Malware/Mailsystem/Impuls3',1,'[{\"added\": {}}]',14,1),(682,'2022-11-29 20:27:02.227499','6','SA/Malware/Mailsystem/Impuls',1,'[{\"added\": {}}]',22,1),(683,'2022-11-29 20:27:14.243096','6','SA/Malware/Mailsystem/Impuls',2,'[{\"changed\": {\"fields\": [\"Text zum Impuls\"]}}]',22,1),(684,'2022-11-29 20:28:35.609718','36','Threat Awareness/Sachbearbeiter*in Auendienst/Malware/Mailsystem',1,'[{\"added\": {}}]',17,1),(685,'2022-11-29 20:29:15.278439','37','Threat Identification/Sachbearbeiter*in Auendienst/Malware/Mailsystem',1,'[{\"added\": {}}]',17,1),(686,'2022-11-29 20:29:40.731262','38','Threat Impact Assessment/Sachbearbeiter*in Auendienst/Malware/Mailsystem',1,'[{\"added\": {}}]',17,1),(687,'2022-11-29 20:30:03.236424','39','Tactic Control/Sachbearbeiter*in Auendienst/Malware/Mailsystem',1,'[{\"added\": {}}]',17,1),(688,'2022-11-29 20:30:30.484984','40','Tactic JustificationSachbearbeiter*in Auendienst/Malware/Mailsystem',1,'[{\"added\": {}}]',17,1),(689,'2022-11-29 20:30:55.348817','41','Tactic Mastery/Sachbearbeiter*in Auendienst/Malware/Mailsystem',1,'[{\"added\": {}}]',17,1),(690,'2022-11-29 20:31:19.759092','42','Tactic Check&Follow Up/Sachbearbeiter*in Auendienst/Malware/Mailsystem',1,'[{\"added\": {}}]',17,1),(691,'2022-11-29 20:32:09.897551','131','Threat Awareness/Sachbearbeiter*in Auendienst/Malware/Mailsystem',1,'[{\"added\": {}}]',20,1),(692,'2022-11-29 20:32:24.755066','132','Threat Awareness/Sachbearbeiter*in Auendienst/Malware/Mailsystem',1,'[{\"added\": {}}]',20,1),(693,'2022-11-29 20:32:39.905736','133','Threat Awareness/Sachbearbeiter*in Auendienst/Malware/Mailsystem',1,'[{\"added\": {}}]',20,1),(694,'2022-11-29 20:33:25.605324','134','Threat Identification/Sachbearbeiter*in Auendienst/Malware/Mailsystem',1,'[{\"added\": {}}]',20,1),(695,'2022-11-29 20:33:47.613798','135','Threat Identification/Sachbearbeiter*in Auendienst/Malware/Mailsystem',1,'[{\"added\": {}}]',20,1),(696,'2022-11-29 20:34:11.214775','136','Threat Identification/Sachbearbeiter*in Auendienst/Malware/Mailsystem',1,'[{\"added\": {}}]',20,1),(697,'2022-11-29 20:34:46.160882','137','Threat Identification/Sachbearbeiter*in Auendienst/Malware/Mailsystem',1,'[{\"added\": {}}]',20,1),(698,'2022-11-29 20:35:10.476750','138','Threat Identification/Sachbearbeiter*in Auendienst/Malware/Mailsystem',1,'[{\"added\": {}}]',20,1),(699,'2022-11-29 20:35:42.857002','139','Threat Impact Assessment/Sachbearbeiter*in Auendienst/Malware/Mailsystem',1,'[{\"added\": {}}]',20,1),(700,'2022-11-29 20:36:02.414742','140','Threat Impact Assessment/Sachbearbeiter*in Auendienst/Malware/Mailsystem',1,'[{\"added\": {}}]',20,1),(701,'2022-11-29 20:36:23.126721','141','Threat Impact Assessment/Sachbearbeiter*in Auendienst/Malware/Mailsystem',1,'[{\"added\": {}}]',20,1),(702,'2022-11-29 20:36:43.370943','142','Threat Impact Assessment/Sachbearbeiter*in Auendienst/Malware/Mailsystem',1,'[{\"added\": {}}]',20,1),(703,'2022-11-29 20:37:09.822469','143','Tactic Control/Sachbearbeiter*in Auendienst/Malware/Mailsystem',1,'[{\"added\": {}}]',20,1),(704,'2022-11-29 20:37:37.399570','144','Tactic Control/Sachbearbeiter*in Auendienst/Malware/Mailsystem',1,'[{\"added\": {}}]',20,1),(705,'2022-11-29 20:37:54.267563','145','Tactic Control/Sachbearbeiter*in Auendienst/Malware/Mailsystem',1,'[{\"added\": {}}]',20,1),(706,'2022-11-29 20:38:09.669674','146','Tactic Control/Sachbearbeiter*in Auendienst/Malware/Mailsystem',1,'[{\"added\": {}}]',20,1),(707,'2022-11-29 20:38:27.558149','147','Tactic JustificationSachbearbeiter*in Auendienst/Malware/Mailsystem',1,'[{\"added\": {}}]',20,1),(708,'2022-11-29 20:38:44.350134','148','Tactic JustificationSachbearbeiter*in Auendienst/Malware/Mailsystem',1,'[{\"added\": {}}]',20,1),(709,'2022-11-29 20:39:00.245950','149','Tactic JustificationSachbearbeiter*in Auendienst/Malware/Mailsystem',1,'[{\"added\": {}}]',20,1),(710,'2022-11-29 20:39:17.759696','150','Tactic Mastery/Sachbearbeiter*in Auendienst/Malware/Mailsystem',1,'[{\"added\": {}}]',20,1),(711,'2022-11-29 20:39:34.048670','151','Tactic Mastery/Sachbearbeiter*in Auendienst/Malware/Mailsystem',1,'[{\"added\": {}}]',20,1),(712,'2022-11-29 20:39:50.289287','152','Tactic Mastery/Sachbearbeiter*in Auendienst/Malware/Mailsystem',1,'[{\"added\": {}}]',20,1),(713,'2022-11-29 20:40:08.639124','153','Tactic Check&Follow Up/Sachbearbeiter*in Auendienst/Malware/Mailsystem',1,'[{\"added\": {}}]',20,1),(714,'2022-11-29 20:40:26.800118','154','Tactic Check&Follow Up/Sachbearbeiter*in Auendienst/Malware/Mailsystem',1,'[{\"added\": {}}]',20,1),(715,'2022-11-29 20:40:49.478861','155','Tactic Check&Follow Up/Sachbearbeiter*in Auendienst/Malware/Mailsystem',1,'[{\"added\": {}}]',20,1),(716,'2022-11-29 20:41:08.370300','156','Tactic Check&Follow Up/Sachbearbeiter*in Auendienst/Malware/Mailsystem',1,'[{\"added\": {}}]',20,1),(717,'2022-11-29 20:41:41.246394','37','Einschleusen von Malware/Mailsystem/Threat Awareness/Sachbearbeiter*in im Auendienst',1,'[{\"added\": {}}]',18,1),(718,'2022-11-29 20:42:00.946905','38','Einschleusen von Malware/Mailsystem/Threat Identification/Sachbearbeiter*in im Auendienst',1,'[{\"added\": {}}]',18,1),(719,'2022-11-29 20:42:13.620122','39','Einschleusen von Malware/Mailsystem/Threat Identification/Sachbearbeiter*in im Auendienst',1,'[{\"added\": {}}]',18,1),(720,'2022-11-29 20:42:29.187540','40','Einschleusen von Malware/Mailsystem/Threat Impact Assessment/Sachbearbeiter*in im Auendienst',1,'[{\"added\": {}}]',18,1),(721,'2022-11-29 20:42:42.195277','41','Einschleusen von Malware/Mailsystem/Tactic Choice/Sachbearbeiter*in im Auendienst',1,'[{\"added\": {}}]',18,1),(722,'2022-11-29 20:43:13.552417','42','Einschleusen von Malware/Mailsystem/Tactic Justification/Sachbearbeiter*in im Auendienst',1,'[{\"added\": {}}]',18,1),(723,'2022-11-29 20:43:59.826843','38','Einschleusen von Malware/Mailsystem/Threat Identification/Sachbearbeiter*in im Auendienst',3,'',18,1),(724,'2022-11-29 20:44:15.215417','43','Einschleusen von Malware/Mailsystem/Tactic Mastery/Sachbearbeiter*in im Auendienst',1,'[{\"added\": {}}]',18,1),(725,'2022-11-29 20:44:26.232005','44','Einschleusen von Malware/Mailsystem/Tactic Check & Follow-Up/Sachbearbeiter*in im Auendienst',1,'[{\"added\": {}}]',18,1),(726,'2022-11-29 20:44:40.133148','2','Sachbearbeiter*in im Auendienst',1,'[{\"added\": {}}]',19,1),(727,'2022-11-29 20:53:04.036696','2','Sachbearbeiter*in im Auendienst',2,'[]',19,1),(728,'2022-11-29 21:53:03.310626','2','Sachbearbeiter*in im Auendienst',2,'[]',19,1),(729,'2022-11-29 22:08:27.805722','5','USB-Stick',1,'[{\"added\": {}}]',8,1),(730,'2022-11-29 22:10:28.960624','6','Einschleusen von Malware/USB-Stick',1,'[{\"added\": {}}]',10,1),(731,'2022-11-29 22:10:56.729699','7','Einschleusen von Malware/USB-Stick/Sachbearbeiter*in im Auendienst',1,'[{\"added\": {}}]',11,1),(732,'2022-11-29 22:26:11.615271','11','Test',1,'[{\"added\": {}}]',15,1),(733,'2022-11-29 22:27:04.355218','11','SA/USB-Stick/Malware1',2,'[{\"changed\": {\"fields\": [\"Kennung des Bildes\", \"Text zur Bild-Datei\"]}}]',15,1),(734,'2022-11-29 22:27:32.460932','12','SA/USB-Stick/Malware2',1,'[{\"added\": {}}]',15,1),(735,'2022-11-29 22:27:52.253382','13','SA/USB-Stick/Malware3',1,'[{\"added\": {}}]',15,1),(736,'2022-11-29 22:29:05.451245','7','Malware/USB-Stick/Sachbearbeiter*in Auendienst/Bild Impuls 1',1,'[{\"added\": {}}]',21,1),(737,'2022-11-29 22:29:22.347858','7','Malware/USB-Stick/Sachbearbeiter*in Auendienst/Bild Impuls 1',2,'[{\"changed\": {\"fields\": [\"Text zum Impuls\"]}}]',21,1),(738,'2022-11-29 22:31:16.638743','43','Threat Awareness/Sachbearbeiter*in Auendienst/Malware/USB-Stick',1,'[{\"added\": {}}]',17,1),(739,'2022-11-29 22:32:12.345324','44','Threat Identification/Sachbearbeiter*in Auendienst/Malware/USB-Stick',1,'[{\"added\": {}}]',17,1),(740,'2022-11-29 22:32:39.668569','45','Threat Impact Assessment/Sachbearbeiter*in Auendienst/Malware/USB-Stick',1,'[{\"added\": {}}]',17,1),(741,'2022-11-29 22:33:05.273374','46','Tactic Choice/Sachbearbeiter*in Auendienst/Malware/USB-Stick',1,'[{\"added\": {}}]',17,1),(742,'2022-11-29 22:33:29.700322','47','Tactic Justification/Sachbearbeiter*in Auendienst/Malware/USB-Stick',1,'[{\"added\": {}}]',17,1),(743,'2022-11-29 22:34:04.881927','48','Tactic Mastery/Sachbearbeiter*in Auendienst/Malware/USB-Stick',1,'[{\"added\": {}}]',17,1),(744,'2022-11-29 22:34:39.847231','49','Tactic Check & Follow-Up/Sachbearbeiter*in Auendienst/Malware/USB-Stick',1,'[{\"added\": {}}]',17,1),(745,'2022-11-29 22:35:31.381973','2','Sachbearbeiter*in im Auendienst',2,'[{\"changed\": {\"fields\": [\"Zugeordnete Bedrohungsvektoren\"]}}]',19,1),(746,'2022-11-29 22:36:22.309417','45','Einschleusen von Malware/USB-Stick/Threat Awareness/Sachbearbeiter*in im Auendienst',1,'[{\"added\": {}}]',18,1),(747,'2022-11-29 22:47:34.058066','46','Einschleusen von Malware/USB-Stick/Threat Identification/Sachbearbeiter*in im Auendienst',1,'[{\"added\": {}}]',18,1),(748,'2022-11-29 22:47:49.853211','47','Einschleusen von Malware/USB-Stick/Threat Impact Assessment/Sachbearbeiter*in im Auendienst',1,'[{\"added\": {}}]',18,1),(749,'2022-11-29 22:48:02.526947','48','Einschleusen von Malware/USB-Stick/Tactic Choice/Sachbearbeiter*in im Auendienst',1,'[{\"added\": {}}]',18,1),(750,'2022-11-29 22:48:11.393648','49','Einschleusen von Malware/USB-Stick/Tactic Justification/Sachbearbeiter*in im Auendienst',1,'[{\"added\": {}}]',18,1),(751,'2022-11-29 22:48:21.531990','50','Einschleusen von Malware/USB-Stick/Tactic Mastery/Sachbearbeiter*in im Auendienst',1,'[{\"added\": {}}]',18,1),(752,'2022-11-29 22:48:30.181721','51','Einschleusen von Malware/USB-Stick/Tactic Check & Follow-Up/Sachbearbeiter*in im Auendienst',1,'[{\"added\": {}}]',18,1),(753,'2022-11-29 22:49:20.760063','157','Threat Awareness/Sachbearbeiter*in Auendienst/Malware/USB-Stick',1,'[{\"added\": {}}]',20,1),(754,'2022-11-29 22:49:44.850899','158','Threat Awareness/Sachbearbeiter*in Auendienst/Malware/USB-Stick',1,'[{\"added\": {}}]',20,1),(755,'2022-11-29 22:50:17.005605','159','Threat Awareness/Sachbearbeiter*in Auendienst/Malware/USB-Stick',1,'[{\"added\": {}}]',20,1),(756,'2022-11-29 22:51:22.918360','160','Threat Identification/Sachbearbeiter*in Auendienst/Malware/USB-Stick',1,'[{\"added\": {}}]',20,1),(757,'2022-11-29 22:51:45.312540','161','Threat Identification/Sachbearbeiter*in Auendienst/Malware/USB-Stick',1,'[{\"added\": {}}]',20,1),(758,'2022-11-29 22:52:14.173228','162','Threat Identification/Sachbearbeiter*in Auendienst/Malware/USB-Stick',1,'[{\"added\": {}}]',20,1),(759,'2022-11-29 22:52:37.468753','163','Threat Identification/Sachbearbeiter*in Auendienst/Malware/USB-Stick',1,'[{\"added\": {}}]',20,1),(760,'2022-11-29 22:52:58.542273','164','Threat Impact Assessment/Sachbearbeiter*in Auendienst/Malware/USB-Stick',1,'[{\"added\": {}}]',20,1),(761,'2022-11-29 22:53:27.805734','165','Threat Impact Assessment/Sachbearbeiter*in Auendienst/Malware/USB-Stick',1,'[{\"added\": {}}]',20,1),(762,'2022-11-29 22:53:45.044705','166','Threat Impact Assessment/Sachbearbeiter*in Auendienst/Malware/USB-Stick',1,'[{\"added\": {}}]',20,1),(763,'2022-11-29 22:54:02.178077','167','Tactic Choice/Sachbearbeiter*in Auendienst/Malware/USB-Stick',1,'[{\"added\": {}}]',20,1),(764,'2022-11-29 22:54:20.789290','168','Tactic Choice/Sachbearbeiter*in Auendienst/Malware/USB-Stick',1,'[{\"added\": {}}]',20,1),(765,'2022-11-29 22:54:38.873732','169','Tactic Choice/Sachbearbeiter*in Auendienst/Malware/USB-Stick',1,'[{\"added\": {}}]',20,1),(766,'2022-11-29 22:54:55.507817','170','Tactic Choice/Sachbearbeiter*in Auendienst/Malware/USB-Stick',1,'[{\"added\": {}}]',20,1),(767,'2022-11-29 22:55:12.144693','171','Tactic Justification/Sachbearbeiter*in Auendienst/Malware/USB-Stick',1,'[{\"added\": {}}]',20,1),(768,'2022-11-29 22:55:33.984325','172','Tactic Justification/Sachbearbeiter*in Auendienst/Malware/USB-Stick',1,'[{\"added\": {}}]',20,1),(769,'2022-11-29 22:55:48.458471','173','Tactic Justification/Sachbearbeiter*in Auendienst/Malware/USB-Stick',1,'[{\"added\": {}}]',20,1),(770,'2022-11-29 22:56:10.470016','174','Tactic Justification/Sachbearbeiter*in Auendienst/Malware/USB-Stick',1,'[{\"added\": {}}]',20,1),(771,'2022-11-29 22:56:29.202004','175','Tactic Mastery/Sachbearbeiter*in Auendienst/Malware/USB-Stick',1,'[{\"added\": {}}]',20,1),(772,'2022-11-29 22:56:46.262194','176','Tactic Mastery/Sachbearbeiter*in Auendienst/Malware/USB-Stick',1,'[{\"added\": {}}]',20,1),(773,'2022-11-29 22:57:03.356817','177','Tactic Mastery/Sachbearbeiter*in Auendienst/Malware/USB-Stick',1,'[{\"added\": {}}]',20,1),(774,'2022-11-29 22:57:18.726420','178','Tactic Check & Follow-Up/Sachbearbeiter*in Auendienst/Malware/USB-Stick',1,'[{\"added\": {}}]',20,1),(775,'2022-11-29 22:57:33.398507','179','Tactic Check & Follow-Up/Sachbearbeiter*in Auendienst/Malware/USB-Stick',1,'[{\"added\": {}}]',20,1),(776,'2022-11-29 22:57:51.224661','180','Tactic Check & Follow-Up/Sachbearbeiter*in Auendienst/Malware/USB-Stick',1,'[{\"added\": {}}]',20,1),(777,'2022-11-29 22:58:55.319656','181','Tactic Check & Follow-Up/Sachbearbeiter*in Auendienst/Malware/USB-Stick',1,'[{\"added\": {}}]',20,1),(778,'2022-11-29 23:06:33.798845','4','Kompromittierung von Informationssystemen',1,'[{\"added\": {}}]',9,1),(779,'2022-11-29 23:06:44.000108','6','Laptop',1,'[{\"added\": {}}]',8,1),(780,'2022-11-29 23:07:02.118384','7','Kompromittierung von Informationssystemen/Laptop',1,'[{\"added\": {}}]',10,1),(781,'2022-11-29 23:10:24.536606','14','SA/KI/Laptop1',1,'[{\"added\": {}}]',15,1),(782,'2022-11-29 23:10:50.508407','15','SA/KI/Laptop2',1,'[{\"added\": {}}]',15,1),(783,'2022-11-29 23:11:07.423762','16','SA/KI/Laptop3',1,'[{\"added\": {}}]',15,1),(784,'2022-11-29 23:11:50.482759','8','Kompromittierung Informationssysteme/Laptop/Sachbearbeiter*in Auendienst/Bild Impuls 1',1,'[{\"added\": {}}]',21,1),(785,'2022-11-29 23:11:59.591834','8','Kompromittierung Informationssysteme/Laptop/Sachbearbeiter*in Auendienst/Bild Impuls 1',2,'[{\"changed\": {\"fields\": [\"Text zum Impuls\"]}}]',21,1),(786,'2022-11-29 23:13:22.972862','50','Threat Awareness/Sachbearbeiter*in Auendienst/Kompromittierung Informationssystem/Laptop',1,'[{\"added\": {}}]',17,1),(787,'2022-11-29 23:14:32.207688','51','Threat Identification/Sachbearbeiter*in Auendienst/Kompromittierung Informationssystem/Laptop',1,'[{\"added\": {}}]',17,1),(788,'2022-11-29 23:14:55.767985','52','Threat Impact Assessment/Sachbearbeiter*in Auendienst/Kompromittierung Informationssystem/Laptop',1,'[{\"added\": {}}]',17,1),(789,'2022-11-29 23:15:14.584414','53','Tactic Choice/Sachbearbeiter*in Auendienst/Kompromittierung Informationssystem/Laptop',1,'[{\"added\": {}}]',17,1),(790,'2022-11-29 23:16:02.153551','54','Tactic Justification/Sachbearbeiter*in Auendienst/Kompromittierung Informationssystem/Laptop',1,'[{\"added\": {}}]',17,1),(791,'2022-11-29 23:16:23.512639','55','Tactic Mastery/Sachbearbeiter*in Auendienst/Kompromittierung Informationssystem/Laptop',1,'[{\"added\": {}}]',17,1),(792,'2022-11-29 23:16:56.679871','56','Tactic Check & Follow-Up/Sachbearbeiter*in Auendienst/Kompromittierung Informationssystem/Laptop',1,'[{\"added\": {}}]',17,1),(793,'2022-11-29 23:17:35.959487','182','Threat Awareness/Sachbearbeiter*in Auendienst/Kompromittierung Informationssystem/Laptop',1,'[{\"added\": {}}]',20,1),(794,'2022-11-29 23:17:55.201384','183','Threat Awareness/Sachbearbeiter*in Auendienst/Kompromittierung Informationssystem/Laptop',1,'[{\"added\": {}}]',20,1),(795,'2022-11-29 23:18:11.433894','184','Threat Awareness/Sachbearbeiter*in Auendienst/Kompromittierung Informationssystem/Laptop',1,'[{\"added\": {}}]',20,1),(796,'2022-11-29 23:18:43.460845','185','Threat Identification/Sachbearbeiter*in Auendienst/Kompromittierung Informationssystem/Laptop',1,'[{\"added\": {}}]',20,1),(797,'2022-11-29 23:19:01.246067','186','Threat Identification/Sachbearbeiter*in Auendienst/Kompromittierung Informationssystem/Laptop',1,'[{\"added\": {}}]',20,1),(798,'2022-11-29 23:19:20.130927','187','Threat Identification/Sachbearbeiter*in Auendienst/Kompromittierung Informationssystem/Laptop',1,'[{\"added\": {}}]',20,1),(799,'2022-11-29 23:19:37.848199','188','Threat Identification/Sachbearbeiter*in Auendienst/Kompromittierung Informationssystem/Laptop',1,'[{\"added\": {}}]',20,1),(800,'2022-11-29 23:19:57.782193','189','Threat Impact Assessment/Sachbearbeiter*in Auendienst/Kompromittierung Informationssystem/Laptop',1,'[{\"added\": {}}]',20,1),(801,'2022-11-29 23:20:17.804341','190','Threat Impact Assessment/Sachbearbeiter*in Auendienst/Kompromittierung Informationssystem/Laptop',1,'[{\"added\": {}}]',20,1),(802,'2022-11-29 23:20:33.354908','191','Threat Impact Assessment/Sachbearbeiter*in Auendienst/Kompromittierung Informationssystem/Laptop',1,'[{\"added\": {}}]',20,1),(803,'2022-11-29 23:20:50.506444','192','Tactic Choice/Sachbearbeiter*in Auendienst/Kompromittierung Informationssystem/Laptop',1,'[{\"added\": {}}]',20,1),(804,'2022-11-29 23:21:10.976593','193','Tactic Choice/Sachbearbeiter*in Auendienst/Kompromittierung Informationssystem/Laptop',1,'[{\"added\": {}}]',20,1),(805,'2022-11-29 23:21:35.016406','192','Tactic Choice/Sachbearbeiter*in Auendienst/Kompromittierung Informationssystem/Laptop',2,'[{\"changed\": {\"fields\": [\"Antwortoption\"]}}]',20,1),(806,'2022-11-29 23:21:54.659999','194','Tactic Choice/Sachbearbeiter*in Auendienst/Kompromittierung Informationssystem/Laptop',1,'[{\"added\": {}}]',20,1),(807,'2022-11-29 23:22:11.995866','195','Tactic Justification/Sachbearbeiter*in Auendienst/Kompromittierung Informationssystem/Laptop',1,'[{\"added\": {}}]',20,1),(808,'2022-11-29 23:22:29.674707','196','Tactic Justification/Sachbearbeiter*in Auendienst/Kompromittierung Informationssystem/Laptop',1,'[{\"added\": {}}]',20,1),(809,'2022-11-29 23:22:51.045699','197','Tactic Justification/Sachbearbeiter*in Auendienst/Kompromittierung Informationssystem/Laptop',1,'[{\"added\": {}}]',20,1),(810,'2022-11-29 23:23:09.417552','198','Tactic Justification/Sachbearbeiter*in Auendienst/Kompromittierung Informationssystem/Laptop',1,'[{\"added\": {}}]',20,1),(811,'2022-11-29 23:23:28.935157','199','Tactic Mastery/Sachbearbeiter*in Auendienst/Kompromittierung Informationssystem/Laptop',1,'[{\"added\": {}}]',20,1),(812,'2022-11-29 23:23:45.254010','200','Tactic Mastery/Sachbearbeiter*in Auendienst/Kompromittierung Informationssystem/Laptop',1,'[{\"added\": {}}]',20,1),(813,'2022-11-29 23:24:03.887617','201','Tactic Mastery/Sachbearbeiter*in Auendienst/Kompromittierung Informationssystem/Laptop',1,'[{\"added\": {}}]',20,1),(814,'2022-11-29 23:24:17.836281','202','Tactic Mastery/Sachbearbeiter*in Auendienst/Kompromittierung Informationssystem/Laptop',1,'[{\"added\": {}}]',20,1),(815,'2022-11-29 23:24:41.936737','203','Tactic Check & Follow-Up/Sachbearbeiter*in Auendienst/Kompromittierung Informationssystem/Laptop',1,'[{\"added\": {}}]',20,1),(816,'2022-11-29 23:24:58.133046','204','Tactic Check & Follow-Up/Sachbearbeiter*in Auendienst/Kompromittierung Informationssystem/Laptop',1,'[{\"added\": {}}]',20,1),(817,'2022-11-29 23:25:22.173620','205','Tactic Check & Follow-Up/Sachbearbeiter*in Auendienst/Kompromittierung Informationssystem/Laptop',1,'[{\"added\": {}}]',20,1),(818,'2022-11-29 23:25:38.058540','206','Tactic Check & Follow-Up/Sachbearbeiter*in Auendienst/Kompromittierung Informationssystem/Laptop',1,'[{\"added\": {}}]',20,1),(819,'2022-11-29 23:25:52.155711','207','Tactic Check & Follow-Up/Sachbearbeiter*in Auendienst/Kompromittierung Informationssystem/Laptop',1,'[{\"added\": {}}]',20,1),(820,'2022-11-29 23:27:01.399333','8','Kompromittierung von Informationssystemen/Laptop/Sachbearbeiter*in im Auendienst',1,'[{\"added\": {}}]',11,1),(821,'2022-11-29 23:27:22.303708','52','Kompromittierung von Informationssystemen/Laptop/Threat Awareness/Sachbearbeiter*in im Auendienst',1,'[{\"added\": {}}]',18,1),(822,'2022-11-29 23:27:34.911736','53','Kompromittierung von Informationssystemen/Laptop/Threat Identification/Sachbearbeiter*in im Auendienst',1,'[{\"added\": {}}]',18,1),(823,'2022-11-29 23:27:48.154490','54','Kompromittierung von Informationssystemen/Laptop/Threat Impact Assessment/Sachbearbeiter*in im Auendienst',1,'[{\"added\": {}}]',18,1),(824,'2022-11-29 23:27:57.645595','55','Kompromittierung von Informationssystemen/Laptop/Tactic Choice/Sachbearbeiter*in im Auendienst',1,'[{\"added\": {}}]',18,1),(825,'2022-11-29 23:28:07.697815','56','Kompromittierung von Informationssystemen/Laptop/Tactic Justification/Sachbearbeiter*in im Auendienst',1,'[{\"added\": {}}]',18,1),(826,'2022-11-29 23:28:20.532745','57','Kompromittierung von Informationssystemen/Laptop/Tactic Mastery/Sachbearbeiter*in im Auendienst',1,'[{\"added\": {}}]',18,1),(827,'2022-11-29 23:28:28.893086','58','Kompromittierung von Informationssystemen/Laptop/Tactic Check & Follow-Up/Sachbearbeiter*in im Auendienst',1,'[{\"added\": {}}]',18,1),(828,'2022-11-29 23:28:41.101389','2','Sachbearbeiter*in im Auendienst',2,'[{\"changed\": {\"fields\": [\"Zugeordnete Bedrohungsvektoren\"]}}]',19,1),(829,'2022-11-29 23:29:18.742443','2','Sachbearbeiter*in im Auendienst',2,'[{\"changed\": {\"fields\": [\"Zugeordnete Bedrohungsvektoren\"]}}]',19,1),(830,'2022-11-29 23:29:56.280480','2','Sachbearbeiter*in im Auendienst',2,'[{\"changed\": {\"fields\": [\"Zugeordnete Bedrohungsvektoren\"]}}]',19,1),(831,'2022-11-30 10:36:08.033481','9','Social Engineering/Social Media Systeme/Sachbearbeiter*in im Auendienst',1,'[{\"added\": {}}]',11,1),(832,'2022-11-30 10:36:47.529409','9','Social Engineering/Social Media Systeme/Sachbearbeiter*in im Auendienst',3,'',11,1),(833,'2022-11-30 12:39:49.878254','10','Social Engineering/Social Media Systeme/Sachbearbeiter*in im Auendienst',1,'[{\"added\": {}}]',11,1),(834,'2022-11-30 12:43:19.319340','1','Sachbearbeiter*in im Innendienst',2,'[{\"changed\": {\"fields\": [\"Zugeordnete Bedrohungsvektoren\"]}}]',19,1),(835,'2022-11-30 12:43:44.392272','1','Sachbearbeiter*in im Innendienst',2,'[{\"changed\": {\"fields\": [\"Zugeordnete Bedrohungsvektoren\"]}}]',19,1),(836,'2022-11-30 12:45:12.290929','17','SA/SE/SM1',1,'[{\"added\": {}}]',15,1),(837,'2022-11-30 12:46:02.746741','18','SA/SE/SM2',1,'[{\"added\": {}}]',15,1),(838,'2022-11-30 12:46:14.095673','19','SA/SE/SM3',1,'[{\"added\": {}}]',15,1),(839,'2022-11-30 12:47:10.961338','9','Social Engineering/Social Media System/Sachbearbeiter*in Auendienst/Bild Impuls 1',1,'[{\"added\": {}}]',21,1),(840,'2022-11-30 12:47:22.732832','9','Social Engineering/Social Media System/Sachbearbeiter*in Auendienst/Bild Impuls 1',2,'[{\"changed\": {\"fields\": [\"Text zum Impuls\"]}}]',21,1),(841,'2022-11-30 12:48:40.663897','57','Threat Awareness/Sachbearbeiter*in Auendienst/Social Engineering/Social Media System',1,'[{\"added\": {}}]',17,1),(842,'2022-11-30 12:50:11.456682','58','Threat Identification/Sachbearbeiter*in Auendienst/Social Engineering/Social Media System',1,'[{\"added\": {}}]',17,1),(843,'2022-11-30 12:50:39.749825','59','Threat Impact Assessment/Sachbearbeiter*in Auendienst/Social Engineering/Social Media System',1,'[{\"added\": {}}]',17,1),(844,'2022-11-30 12:51:05.745227','60','Tactic Choice/Sachbearbeiter*in Auendienst/Social Engineering/Social Media System',1,'[{\"added\": {}}]',17,1),(845,'2022-11-30 12:51:27.629466','61','Tactic Justification/Sachbearbeiter*in Auendienst/Social Engineering/Social Media System',1,'[{\"added\": {}}]',17,1),(846,'2022-11-30 12:51:46.392962','62','Tactic Mastery/Sachbearbeiter*in Auendienst/Social Engineering/Social Media System',1,'[{\"added\": {}}]',17,1),(847,'2022-11-30 12:52:10.417657','63','Tactic Check & Follow-Up/Sachbearbeiter*in Auendienst/Social Engineering/Social Media System',1,'[{\"added\": {}}]',17,1),(848,'2022-11-30 12:52:46.553842','208','Threat Awareness/Sachbearbeiter*in Auendienst/Social Engineering/Social Media System',1,'[{\"added\": {}}]',20,1),(849,'2022-11-30 12:53:02.271200','209','Threat Awareness/Sachbearbeiter*in Auendienst/Social Engineering/Social Media System',1,'[{\"added\": {}}]',20,1),(850,'2022-11-30 12:53:19.759120','210','Threat Awareness/Sachbearbeiter*in Auendienst/Social Engineering/Social Media System',1,'[{\"added\": {}}]',20,1),(851,'2022-11-30 12:53:39.288188','211','Threat Identification/Sachbearbeiter*in Auendienst/Social Engineering/Social Media System',1,'[{\"added\": {}}]',20,1),(852,'2022-11-30 12:53:54.183418','212','Threat Identification/Sachbearbeiter*in Auendienst/Social Engineering/Social Media System',1,'[{\"added\": {}}]',20,1),(853,'2022-11-30 12:54:13.273002','213','Threat Identification/Sachbearbeiter*in Auendienst/Social Engineering/Social Media System',1,'[{\"added\": {}}]',20,1),(854,'2022-11-30 12:54:37.826720','214','Threat Identification/Sachbearbeiter*in Auendienst/Social Engineering/Social Media System',1,'[{\"added\": {}}]',20,1),(855,'2022-11-30 12:54:54.593999','215','Threat Impact Assessment/Sachbearbeiter*in Auendienst/Social Engineering/Social Media System',1,'[{\"added\": {}}]',20,1),(856,'2022-11-30 12:55:10.163212','216','Threat Impact Assessment/Sachbearbeiter*in Auendienst/Social Engineering/Social Media System',1,'[{\"added\": {}}]',20,1),(857,'2022-11-30 12:55:29.254693','217','Threat Impact Assessment/Sachbearbeiter*in Auendienst/Social Engineering/Social Media System',1,'[{\"added\": {}}]',20,1),(858,'2022-11-30 12:55:42.821793','218','Threat Impact Assessment/Sachbearbeiter*in Auendienst/Social Engineering/Social Media System',1,'[{\"added\": {}}]',20,1),(859,'2022-11-30 12:56:24.551840','219','Tactic Choice/Sachbearbeiter*in Auendienst/Social Engineering/Social Media System',1,'[{\"added\": {}}]',20,1),(860,'2022-11-30 12:56:39.902710','220','Tactic Choice/Sachbearbeiter*in Auendienst/Social Engineering/Social Media System',1,'[{\"added\": {}}]',20,1),(861,'2022-11-30 12:56:52.785510','221','Tactic Choice/Sachbearbeiter*in Auendienst/Social Engineering/Social Media System',1,'[{\"added\": {}}]',20,1),(862,'2022-11-30 12:57:10.425677','222','Tactic Choice/Sachbearbeiter*in Auendienst/Social Engineering/Social Media System',1,'[{\"added\": {}}]',20,1),(863,'2022-11-30 12:57:22.161281','223','Tactic Choice/Sachbearbeiter*in Auendienst/Social Engineering/Social Media System',1,'[{\"added\": {}}]',20,1),(864,'2022-11-30 12:57:33.979681','224','Tactic Justification/Sachbearbeiter*in Auendienst/Social Engineering/Social Media System',1,'[{\"added\": {}}]',20,1),(865,'2022-11-30 12:57:48.152764','225','Tactic Justification/Sachbearbeiter*in Auendienst/Social Engineering/Social Media System',1,'[{\"added\": {}}]',20,1),(866,'2022-11-30 12:58:00.832911','226','Tactic Justification/Sachbearbeiter*in Auendienst/Social Engineering/Social Media System',1,'[{\"added\": {}}]',20,1),(867,'2022-11-30 12:58:17.993671','227','Tactic Mastery/Sachbearbeiter*in Auendienst/Social Engineering/Social Media System',1,'[{\"added\": {}}]',20,1),(868,'2022-11-30 12:58:30.957411','228','Tactic Mastery/Sachbearbeiter*in Auendienst/Social Engineering/Social Media System',1,'[{\"added\": {}}]',20,1),(869,'2022-11-30 12:58:42.391940','229','Tactic Mastery/Sachbearbeiter*in Auendienst/Social Engineering/Social Media System',1,'[{\"added\": {}}]',20,1),(870,'2022-11-30 12:58:53.797211','230','Tactic Mastery/Sachbearbeiter*in Auendienst/Social Engineering/Social Media System',1,'[{\"added\": {}}]',20,1),(871,'2022-11-30 12:59:08.251227','231','Tactic Check & Follow-Up/Sachbearbeiter*in Auendienst/Social Engineering/Social Media System',1,'[{\"added\": {}}]',20,1),(872,'2022-11-30 12:59:22.940540','232','Tactic Check & Follow-Up/Sachbearbeiter*in Auendienst/Social Engineering/Social Media System',1,'[{\"added\": {}}]',20,1),(873,'2022-11-30 12:59:38.186755','233','Tactic Check & Follow-Up/Sachbearbeiter*in Auendienst/Social Engineering/Social Media System',1,'[{\"added\": {}}]',20,1),(874,'2022-11-30 12:59:48.784858','234','Tactic Check & Follow-Up/Sachbearbeiter*in Auendienst/Social Engineering/Social Media System',1,'[{\"added\": {}}]',20,1),(875,'2022-11-30 13:00:18.344162','59','Social Engineering/Social Media Systeme/Threat Awareness/Sachbearbeiter*in im Auendienst',1,'[{\"added\": {}}]',18,1),(876,'2022-11-30 13:00:29.491303','60','Social Engineering/Social Media Systeme/Threat Identification/Sachbearbeiter*in im Auendienst',1,'[{\"added\": {}}]',18,1),(877,'2022-11-30 13:00:40.907019','61','Social Engineering/Social Media Systeme/Threat Impact Assessment/Sachbearbeiter*in im Auendienst',1,'[{\"added\": {}}]',18,1),(878,'2022-11-30 13:00:52.024138','62','Social Engineering/Social Media Systeme/Tactic Choice/Sachbearbeiter*in im Auendienst',1,'[{\"added\": {}}]',18,1),(879,'2022-11-30 13:01:00.689003','63','Social Engineering/Social Media Systeme/Tactic Justification/Sachbearbeiter*in im Auendienst',1,'[{\"added\": {}}]',18,1),(880,'2022-11-30 13:01:20.214459','64','Social Engineering/Social Media Systeme/Tactic Mastery/Sachbearbeiter*in im Auendienst',1,'[{\"added\": {}}]',18,1),(881,'2022-11-30 13:01:32.661699','65','Social Engineering/Social Media Systeme/Tactic Check & Follow-Up/Sachbearbeiter*in im Auendienst',1,'[{\"added\": {}}]',18,1),(882,'2022-11-30 13:01:47.704678','2','Sachbearbeiter*in im Auendienst',2,'[{\"changed\": {\"fields\": [\"Zugeordnete Bedrohungsvektoren\"]}}]',19,1),(883,'2022-11-30 13:05:23.927297','17','SA/SE/SM1',2,'[{\"changed\": {\"fields\": [\"Bild-Datei\"]}}]',15,1),(884,'2022-11-30 13:13:55.804228','18','SA/SE/SM2',2,'[{\"changed\": {\"fields\": [\"Bild-Datei\"]}}]',15,1),(885,'2022-11-30 13:14:03.111418','19','SA/SE/SM3',2,'[{\"changed\": {\"fields\": [\"Bild-Datei\"]}}]',15,1),(886,'2022-11-30 13:14:44.382921','11','Social Engineering/Instantmessenger/Sachbearbeiter*in im Auendienst',1,'[{\"added\": {}}]',11,1),(887,'2022-11-30 13:17:57.402777','4','ChatInterface object (4)',1,'[{\"added\": {}}]',12,1),(888,'2022-11-30 13:19:10.661219','5','ChatInterface object (5)',1,'[{\"added\": {}}]',12,1),(889,'2022-11-30 13:20:30.017004','6','ChatInterface object (6)',1,'[{\"added\": {}}]',12,1),(890,'2022-11-30 13:20:51.050604','10','Chat Impuls/Social Engineering/Instantmessenger2',1,'[{\"added\": {}}]',23,1),(891,'2022-11-30 13:21:00.339614','10','Chat Impuls/Social Engineering/Instantmessenger2',2,'[{\"changed\": {\"fields\": [\"Text zum Impuls\"]}}]',23,1),(892,'2022-11-30 13:23:09.129541','64','Threat Awareness/Sachbearbeiter*in Auendienst/Social Engineering/Instant Messenger',1,'[{\"added\": {}}]',17,1),(893,'2022-11-30 13:44:22.412439','65','Threat Identification/Sachbearbeiter*in Auendienst/Social Engineering/Instant Messenger',1,'[{\"added\": {}}]',17,1),(894,'2022-11-30 13:44:49.719982','66','Threat Impact Assessment/Sachbearbeiter*in Auendienst/Social Engineering/Instant Messenger',1,'[{\"added\": {}}]',17,1),(895,'2022-11-30 13:45:10.998199','67','Tactic Choice/Sachbearbeiter*in Auendienst/Social Engineering/Instant Messenger',1,'[{\"added\": {}}]',17,1),(896,'2022-11-30 13:49:53.387395','68','Tactic Justification/Sachbearbeiter*in Auendienst/Social Engineering/Instant Messenger',1,'[{\"added\": {}}]',17,1),(897,'2022-11-30 13:50:09.525741','69','Tactic Mastery/Sachbearbeiter*in Auendienst/Social Engineering/Instant Messenger',1,'[{\"added\": {}}]',17,1),(898,'2022-11-30 13:50:32.633598','70','Tactic Check & Follow-Up/Sachbearbeiter*in Auendienst/Social Engineering/Instant Messenger',1,'[{\"added\": {}}]',17,1),(899,'2022-11-30 13:51:21.524653','66','Social Engineering/Instantmessenger/Threat Awareness/Sachbearbeiter*in im Auendienst',1,'[{\"added\": {}}]',18,1),(900,'2022-11-30 13:51:35.457924','67','Social Engineering/Instantmessenger/Threat Identification/Sachbearbeiter*in im Auendienst',1,'[{\"added\": {}}]',18,1),(901,'2022-11-30 13:51:47.138022','68','Social Engineering/Instantmessenger/Threat Impact Assessment/Sachbearbeiter*in im Auendienst',1,'[{\"added\": {}}]',18,1),(902,'2022-11-30 13:51:56.754856','69','Social Engineering/Instantmessenger/Tactic Choice/Sachbearbeiter*in im Auendienst',1,'[{\"added\": {}}]',18,1),(903,'2022-11-30 13:52:11.180699','70','Social Engineering/Instantmessenger/Tactic Justification/Sachbearbeiter*in im Auendienst',1,'[{\"added\": {}}]',18,1),(904,'2022-11-30 13:52:20.206160','71','Social Engineering/Instantmessenger/Tactic Mastery/Sachbearbeiter*in im Auendienst',1,'[{\"added\": {}}]',18,1),(905,'2022-11-30 13:52:30.856563','72','Social Engineering/Instantmessenger/Tactic Check & Follow-Up/Sachbearbeiter*in im Auendienst',1,'[{\"added\": {}}]',18,1),(906,'2022-11-30 13:54:55.924771','235','Threat Awareness/Sachbearbeiter*in Auendienst/Social Engineering/Instant Messenger',1,'[{\"added\": {}}]',20,1),(907,'2022-11-30 13:55:14.316364','236','Threat Awareness/Sachbearbeiter*in Auendienst/Social Engineering/Instant Messenger',1,'[{\"added\": {}}]',20,1),(908,'2022-11-30 13:55:26.354010','237','Threat Awareness/Sachbearbeiter*in Auendienst/Social Engineering/Instant Messenger',1,'[{\"added\": {}}]',20,1),(909,'2022-11-30 13:55:50.726534','235','Threat Awareness/Sachbearbeiter*in Auendienst/Social Engineering/Instant Messenger',2,'[{\"changed\": {\"fields\": [\"Antwortoption\"]}}]',20,1),(910,'2022-11-30 13:56:12.765800','238','Threat Identification/Sachbearbeiter*in Auendienst/Social Engineering/Instant Messenger',1,'[{\"added\": {}}]',20,1),(911,'2022-11-30 13:56:27.501121','239','Threat Identification/Sachbearbeiter*in Auendienst/Social Engineering/Instant Messenger',1,'[{\"added\": {}}]',20,1),(912,'2022-11-30 13:56:43.716362','240','Threat Identification/Sachbearbeiter*in Auendienst/Social Engineering/Instant Messenger',1,'[{\"added\": {}}]',20,1),(913,'2022-11-30 13:57:00.060302','241','Threat Identification/Sachbearbeiter*in Auendienst/Social Engineering/Instant Messenger',1,'[{\"added\": {}}]',20,1),(914,'2022-11-30 13:57:14.593420','242','Threat Identification/Sachbearbeiter*in Auendienst/Social Engineering/Instant Messenger',1,'[{\"added\": {}}]',20,1),(915,'2022-11-30 14:00:49.418027','243','Threat Impact Assessment/Sachbearbeiter*in Auendienst/Social Engineering/Instant Messenger',1,'[{\"added\": {}}]',20,1),(916,'2022-11-30 14:01:02.719760','244','Threat Impact Assessment/Sachbearbeiter*in Auendienst/Social Engineering/Instant Messenger',1,'[{\"added\": {}}]',20,1),(917,'2022-11-30 14:01:13.915900','245','Threat Impact Assessment/Sachbearbeiter*in Auendienst/Social Engineering/Instant Messenger',1,'[{\"added\": {}}]',20,1),(918,'2022-11-30 14:01:26.274803','246','Threat Impact Assessment/Sachbearbeiter*in Auendienst/Social Engineering/Instant Messenger',1,'[{\"added\": {}}]',20,1),(919,'2022-11-30 14:01:47.281907','247','Tactic Choice/Sachbearbeiter*in Auendienst/Social Engineering/Instant Messenger',1,'[{\"added\": {}}]',20,1),(920,'2022-11-30 14:01:59.403602','248','Tactic Choice/Sachbearbeiter*in Auendienst/Social Engineering/Instant Messenger',1,'[{\"added\": {}}]',20,1),(921,'2022-11-30 14:02:14.156040','249','Tactic Choice/Sachbearbeiter*in Auendienst/Social Engineering/Instant Messenger',1,'[{\"added\": {}}]',20,1),(922,'2022-11-30 14:02:27.014663','250','Tactic Choice/Sachbearbeiter*in Auendienst/Social Engineering/Instant Messenger',1,'[{\"added\": {}}]',20,1),(923,'2022-11-30 14:03:29.602468','251','Tactic Justification/Sachbearbeiter*in Auendienst/Social Engineering/Instant Messenger',1,'[{\"added\": {}}]',20,1),(924,'2022-11-30 14:03:52.053311','252','Tactic Justification/Sachbearbeiter*in Auendienst/Social Engineering/Instant Messenger',1,'[{\"added\": {}}]',20,1),(925,'2022-11-30 14:04:06.951950','253','Tactic Justification/Sachbearbeiter*in Auendienst/Social Engineering/Instant Messenger',1,'[{\"added\": {}}]',20,1),(926,'2022-11-30 14:04:20.177485','254','Tactic Justification/Sachbearbeiter*in Auendienst/Social Engineering/Instant Messenger',1,'[{\"added\": {}}]',20,1),(927,'2022-11-30 14:04:40.483894','255','Tactic Mastery/Sachbearbeiter*in Auendienst/Social Engineering/Instant Messenger',1,'[{\"added\": {}}]',20,1),(928,'2022-11-30 14:04:54.609945','256','Tactic Mastery/Sachbearbeiter*in Auendienst/Social Engineering/Instant Messenger',1,'[{\"added\": {}}]',20,1),(929,'2022-11-30 14:05:11.984612','257','Tactic Mastery/Sachbearbeiter*in Auendienst/Social Engineering/Instant Messenger',1,'[{\"added\": {}}]',20,1),(930,'2022-11-30 14:05:23.780687','258','Tactic Mastery/Sachbearbeiter*in Auendienst/Social Engineering/Instant Messenger',1,'[{\"added\": {}}]',20,1),(931,'2022-11-30 14:05:39.990430','259','Tactic Check & Follow-Up/Sachbearbeiter*in Auendienst/Social Engineering/Instant Messenger',1,'[{\"added\": {}}]',20,1),(932,'2022-11-30 14:05:52.655195','260','Tactic Check & Follow-Up/Sachbearbeiter*in Auendienst/Social Engineering/Instant Messenger',1,'[{\"added\": {}}]',20,1),(933,'2022-11-30 14:06:02.850074','261','Tactic Check & Follow-Up/Sachbearbeiter*in Auendienst/Social Engineering/Instant Messenger',1,'[{\"added\": {}}]',20,1),(934,'2022-11-30 14:06:15.379010','262','Tactic Check & Follow-Up/Sachbearbeiter*in Auendienst/Social Engineering/Instant Messenger',1,'[{\"added\": {}}]',20,1),(935,'2022-11-30 14:06:35.144647','2','Sachbearbeiter*in im Auendienst',2,'[{\"changed\": {\"fields\": [\"Zugeordnete Bedrohungsvektoren\"]}}]',19,1),(936,'2022-11-30 14:26:03.620941','2','Sachbearbeiter*in im Auendienst',2,'[{\"changed\": {\"fields\": [\"Zugeordnete Bedrohungsvektoren\"]}}]',19,1),(937,'2022-11-30 14:47:54.934010','2','Sachbearbeiter*in im Auendienst',2,'[{\"changed\": {\"fields\": [\"Zugeordnete Bedrohungsvektoren\"]}}]',19,1),(938,'2022-11-30 15:23:46.325003','2','Sachbearbeiter*in im Auendienst',2,'[{\"changed\": {\"fields\": [\"Zugeordnete Bedrohungsvektoren\"]}}]',19,1),(939,'2022-11-30 15:43:25.200680','2','Sachbearbeiter*in im Auendienst',2,'[{\"changed\": {\"fields\": [\"Zugeordnete Bedrohungsvektoren\"]}}]',19,1),(940,'2022-11-30 17:51:32.588979','5','ChatInterface object (5)',2,'[{\"changed\": {\"fields\": [\"Bild des Senders\"]}}]',12,1),(941,'2022-11-30 17:51:40.098067','6','ChatInterface object (6)',2,'[{\"changed\": {\"fields\": [\"Bild des Senders\"]}}]',12,1),(942,'2022-11-30 18:45:57.246682','2','Sachbearbeiter*in im Auendienst',2,'[{\"changed\": {\"fields\": [\"Zugeordnete Bedrohungsvektoren\"]}}]',19,1),(943,'2022-11-30 20:26:05.954147','2','Sachbearbeiter*in im Auendienst',2,'[{\"changed\": {\"fields\": [\"Zugeordnete Bedrohungsvektoren\"]}}]',19,1),(944,'2022-11-30 20:31:29.180925','11','SA/USB-Stick/Malware1',2,'[{\"changed\": {\"fields\": [\"Bild-Datei\"]}}]',15,1),(945,'2022-11-30 20:31:39.881571','12','SA/USB-Stick/Malware2',2,'[{\"changed\": {\"fields\": [\"Bild-Datei\"]}}]',15,1),(946,'2022-11-30 20:31:50.526139','13','SA/USB-Stick/Malware3',2,'[{\"changed\": {\"fields\": [\"Bild-Datei\"]}}]',15,1),(947,'2022-11-30 21:21:01.839146','2','Sachbearbeiter*in im Auendienst',2,'[{\"changed\": {\"fields\": [\"Zugeordnete Bedrohungsvektoren\"]}}]',19,1),(948,'2022-11-30 21:22:15.939167','1','Sachbearbeiter*in im Innendienst',2,'[]',19,1),(949,'2023-04-03 13:24:02.157734','2','hugenberg',1,'[{\"added\": {}}]',4,1),(950,'2023-04-03 13:26:05.823421','2','hugenberg',2,'[{\"changed\": {\"fields\": [\"Staff status\", \"User permissions\"]}}]',4,1),(1225,'2023-04-04 14:30:32.573464','3','hullik',1,'[{\"added\": {}}]',4,1),(1226,'2023-04-04 14:31:16.151004','3','hullik',2,'[{\"changed\": {\"fields\": [\"User permissions\"]}}]',4,1),(1227,'2023-04-04 14:31:28.191536','3','hullik',2,'[{\"changed\": {\"fields\": [\"Staff status\"]}}]',4,1),(1522,'2023-04-13 21:48:09.087542','1','Sachbearbeiter*in im Innendienst',2,'[{\"changed\": {\"fields\": [\"Zugeordnete Bedrohungsvektoren\"]}}]',19,1),(1523,'2023-04-13 21:49:03.714463','2','Sachbearbeiter*in im Auendienst',2,'[{\"changed\": {\"fields\": [\"Zugeordnete Bedrohungsvektoren\"]}}]',19,1),(1524,'2023-04-13 21:49:36.704580','3','Privatperson',2,'[{\"changed\": {\"fields\": [\"Zugeordnete Bedrohungsvektoren\"]}}]',19,1),(1525,'2023-04-13 21:53:47.625855','4','Fhrungskraft',2,'[{\"changed\": {\"fields\": [\"Anzeigen\"]}}]',7,1),(1526,'2023-04-13 21:58:48.351460','8','Internes Informationssystem',2,'[{\"changed\": {\"fields\": [\"Bezeichnung\"]}}]',8,1),(1631,'2023-04-15 01:41:29.552730','4','Fhrungskraft',2,'[{\"changed\": {\"fields\": [\"Zugeordnete Bedrohungsvektoren\"]}}]',19,1),(1632,'2023-04-15 01:41:32.571450','3','Privatperson',2,'[]',19,1),(1633,'2023-04-15 01:41:36.694429','2','Sachbearbeiter*in im Auendienst',2,'[]',19,1),(1634,'2023-04-15 01:41:40.680245','1','Sachbearbeiter*in im Innendienst',2,'[]',19,1),(1635,'2023-04-15 01:41:45.220500','5','IT-Admin',2,'[]',19,1),(1636,'2023-04-15 13:31:04.858015','2','Sachbearbeiter*in im Auendienst',2,'[{\"changed\": {\"fields\": [\"Zugeordnete Bedrohungsvektoren\"]}}]',19,1),(1637,'2023-04-15 13:31:39.601035','1','Sachbearbeiter*in im Innendienst',2,'[{\"changed\": {\"fields\": [\"Zugeordnete Bedrohungsvektoren\"]}}]',19,1),(1638,'2023-04-15 13:58:30.637192','4','Malware/Mailsystem/Impuls1',2,'[{\"changed\": {\"fields\": [\"Empf\\u00e4nger der E-Mail\"]}}]',14,1),(1639,'2023-04-15 13:58:37.167945','5','Malware/Mailsystem/Impuls2',2,'[{\"changed\": {\"fields\": [\"Empf\\u00e4nger der E-Mail\"]}}]',14,1),(1640,'2023-04-15 13:58:57.918856','6','Malware/Mailsystem/Impuls3',2,'[{\"changed\": {\"fields\": [\"Empf\\u00e4nger der E-Mail\", \"Inhalt\"]}}]',14,1),(1641,'2023-04-15 13:59:17.058382','4','Malware/Mailsystem/Impuls1',2,'[{\"changed\": {\"fields\": [\"Inhalt\"]}}]',14,1),(1642,'2023-04-16 16:37:36.426194','4','Fhrungskraft',2,'[{\"changed\": {\"fields\": [\"Beschreibung\"]}}]',7,1),(1643,'2023-04-16 16:38:33.401136','6','IT-Admin',2,'[{\"changed\": {\"fields\": [\"Beschreibung\"]}}]',7,1),(1644,'2023-04-16 16:38:42.109453','4','Fhrungskraft',2,'[{\"changed\": {\"fields\": [\"Beschreibung\"]}}]',7,1),(1645,'2023-04-16 16:38:52.502558','3','Geschftsfhrer*in',2,'[{\"changed\": {\"fields\": [\"Beschreibung\"]}}]',7,1),(1646,'2023-04-16 16:39:39.416272','5','Privatperson',2,'[{\"changed\": {\"fields\": [\"Beschreibung\"]}}]',7,1),(1647,'2023-04-16 16:39:52.578674','7','Sachbearbeiter*in im Auendienst',2,'[{\"changed\": {\"fields\": [\"Beschreibung\"]}}]',7,1),(1648,'2023-04-16 16:40:00.899137','1','Sachbearbeiter*in im Innendienst',2,'[{\"changed\": {\"fields\": [\"Beschreibung\"]}}]',7,1),(1649,'2023-04-16 19:16:42.248356','34','FK/Kompromittierung von Informationssystemen/Internes Informationssystem (Buchhaltungssystem)/Impuls 3',2,'[{\"changed\": {\"fields\": [\"Text zur Bild-Datei\"]}}]',15,1),(1701,'2023-04-17 10:51:13.962894','358','Threat Identification/Fhrungskraft/Kompromittierung von Informationssystemen/Internes Informationssystem (Buchhaltungssystem)',3,'',20,1),(1702,'2023-04-17 10:51:22.885938','357','Threat Identification/Fhrungskraft/Kompromittierung von Informationssystemen/Internes Informationssystem (Buchhaltungssystem)',3,'',20,1),(1703,'2023-04-17 10:51:29.808778','356','Threat Identification/Fhrungskraft/Kompromittierung von Informationssystemen/Internes Informationssystem (Buchhaltungssystem)',3,'',20,1),(1704,'2023-04-17 12:35:50.865253','11','Computer',1,'[{\"added\": {}}]',8,1),(1705,'2023-04-17 12:36:00.311361','11','PC',2,'[{\"changed\": {\"fields\": [\"Bezeichnung\"]}}]',8,1),(1706,'2023-04-17 12:39:45.456652','15','Kompromittierung von Informationssystemen/PC',1,'[{\"added\": {}}]',10,1),(1707,'2023-04-17 12:40:14.667890','15','Kompromittierung von Informationssystemen/PC',2,'[{\"changed\": {\"fields\": [\"Beschreibung\"]}}]',10,1),(1708,'2023-04-17 12:42:02.400917','127','Threat Awareness/Geschftsfhrung/Kompromittierung/Computer',1,'[{\"added\": {}}]',17,1),(1709,'2023-04-17 12:42:56.766491','128','Threat Identification/Geschftsfhrung/Kompromittierung/Computer',1,'[{\"added\": {}}]',17,1),(1710,'2023-04-17 12:43:30.662535','129','Threat Impact Assessment/Geschftsfhrung/Kompromittierung/Computer',1,'[{\"added\": {}}]',17,1),(1711,'2023-04-17 12:44:21.888823','130','Tactic Choice/Geschftsfhrung/Kompromittierung/Computer',1,'[{\"added\": {}}]',17,1),(1712,'2023-04-17 12:44:58.673557','131','Tactic Justification/Geschftsfhrung/Kompromittierung/Computer',1,'[{\"added\": {}}]',17,1),(1713,'2023-04-17 12:45:28.548682','132','Tactic Mastery/Geschftsfhrung/Kompromittierung/Computer',1,'[{\"added\": {}}]',17,1),(1714,'2023-04-17 12:45:53.907888','133','Tactic Check & Follow-Up/Geschftsfhrung/Kompromittierung/Computer',1,'[{\"added\": {}}]',17,1),(1715,'2023-04-17 12:46:49.279004','537','Threat Awareness/Geschftsfhrung/Kompromittierung/Computer',1,'[{\"added\": {}}]',20,1),(1716,'2023-04-17 12:47:04.818503','538','Threat Awareness/Geschftsfhrung/Kompromittierung/Computer',1,'[{\"added\": {}}]',20,1),(1717,'2023-04-17 12:47:21.099120','539','Threat Awareness/Geschftsfhrung/Kompromittierung/Computer',1,'[{\"added\": {}}]',20,1),(1718,'2023-04-17 12:47:48.911229','540','Threat Identification/Geschftsfhrung/Kompromittierung/Computer',1,'[{\"added\": {}}]',20,1),(1719,'2023-04-17 12:48:16.132023','541','Threat Identification/Geschftsfhrung/Kompromittierung/Computer',1,'[{\"added\": {}}]',20,1),(1720,'2023-04-17 12:48:42.741182','542','Threat Identification/Geschftsfhrung/Kompromittierung/Computer',1,'[{\"added\": {}}]',20,1),(1721,'2023-04-17 12:49:09.557830','543','Threat Identification/Geschftsfhrung/Kompromittierung/Computer',1,'[{\"added\": {}}]',20,1),(1722,'2023-04-17 12:49:36.064361','544','Threat Impact Assessment/Geschftsfhrung/Kompromittierung/Computer',1,'[{\"added\": {}}]',20,1),(1723,'2023-04-17 12:49:56.190257','545','Threat Impact Assessment/Geschftsfhrung/Kompromittierung/Computer',1,'[{\"added\": {}}]',20,1),(1724,'2023-04-17 12:50:57.362757','546','Threat Impact Assessment/Geschftsfhrung/Kompromittierung/Computer',1,'[{\"added\": {}}]',20,1),(1725,'2023-04-17 12:51:17.303732','547','Tactic Choice/Geschftsfhrung/Kompromittierung/Computer',1,'[{\"added\": {}}]',20,1),(1726,'2023-04-17 12:51:39.901932','548','Tactic Choice/Geschftsfhrung/Kompromittierung/Computer',1,'[{\"added\": {}}]',20,1),(1727,'2023-04-17 12:51:56.301448','549','Tactic Choice/Geschftsfhrung/Kompromittierung/Computer',1,'[{\"added\": {}}]',20,1),(1728,'2023-04-17 12:52:14.710073','550','Tactic Choice/Geschftsfhrung/Kompromittierung/Computer',1,'[{\"added\": {}}]',20,1),(1729,'2023-04-17 12:52:37.774784','551','Tactic Justification/Geschftsfhrung/Kompromittierung/Computer',1,'[{\"added\": {}}]',20,1),(1730,'2023-04-17 12:52:55.604796','552','Tactic Justification/Geschftsfhrung/Kompromittierung/Computer',1,'[{\"added\": {}}]',20,1),(1731,'2023-04-17 12:53:09.365823','553','Tactic Justification/Geschftsfhrung/Kompromittierung/Computer',1,'[{\"added\": {}}]',20,1),(1732,'2023-04-17 12:53:29.605947','554','Tactic Mastery/Geschftsfhrung/Kompromittierung/Computer',1,'[{\"added\": {}}]',20,1),(1733,'2023-04-17 12:53:56.595395','555','Tactic Mastery/Geschftsfhrung/Kompromittierung/Computer',1,'[{\"added\": {}}]',20,1),(1734,'2023-04-17 12:54:17.760184','556','Tactic Mastery/Geschftsfhrung/Kompromittierung/Computer',1,'[{\"added\": {}}]',20,1),(1735,'2023-04-17 12:54:45.499766','557','Tactic Check & Follow-Up/Geschftsfhrung/Kompromittierung/Computer',1,'[{\"added\": {}}]',20,1),(1736,'2023-04-17 12:55:01.315421','558','Tactic Check & Follow-Up/Geschftsfhrung/Kompromittierung/Computer',1,'[{\"added\": {}}]',20,1),(1737,'2023-04-17 12:55:19.226520','559','Tactic Check & Follow-Up/Geschftsfhrung/Kompromittierung/Computer',1,'[{\"added\": {}}]',20,1),(1738,'2023-04-17 12:55:38.050184','560','Tactic Check & Follow-Up/Geschftsfhrung/Kompromittierung/Computer',1,'[{\"added\": {}}]',20,1),(1739,'2023-04-17 12:59:11.958873','41','Geschftsfhrung/Kompromittierung/PC/Impuls1',1,'[{\"added\": {}}]',15,1),(1740,'2023-04-17 12:59:22.091205','42','Geschftsfhrung/Kompromittierung/PC/Impuls2',1,'[{\"added\": {}}]',15,1),(1741,'2023-04-17 12:59:33.966734','43','Geschftsfhrung/Kompromittierung/PC/Impuls3',1,'[{\"added\": {}}]',15,1),(1742,'2023-04-17 13:00:08.599924','19','Geschftsfhrung/Kompromittierung/PC/Impulse',1,'[{\"added\": {}}]',21,1),(1743,'2023-04-17 13:00:26.914333','19','Geschftsfhrung/Kompromittierung/PC/Impulse',2,'[{\"changed\": {\"fields\": [\"Text zum Impuls\"]}}]',21,1),(1744,'2023-04-17 13:01:21.115162','20','Kompromittierung von Informationssystemen/PC/Geschftsfhrer*in',1,'[{\"added\": {}}]',11,1),(1745,'2023-04-17 13:01:47.701791','130','Kompromittierung von Informationssystemen/PC/Threat Awareness/Geschftsfhrer*in',1,'[{\"added\": {}}]',18,1),(1746,'2023-04-17 13:01:59.292953','131','Kompromittierung von Informationssystemen/PC/Threat Identification/Geschftsfhrer*in',1,'[{\"added\": {}}]',18,1),(1747,'2023-04-17 13:02:11.748323','132','Kompromittierung von Informationssystemen/PC/Threat Impact Assessment/Geschftsfhrer*in',1,'[{\"added\": {}}]',18,1),(1748,'2023-04-17 13:02:24.063350','133','Kompromittierung von Informationssystemen/PC/Tactic Choice/Geschftsfhrer*in',1,'[{\"added\": {}}]',18,1),(1749,'2023-04-17 13:02:36.120095','134','Kompromittierung von Informationssystemen/PC/Tactic Justification/Geschftsfhrer*in',1,'[{\"added\": {}}]',18,1),(1750,'2023-04-17 13:02:46.150202','135','Kompromittierung von Informationssystemen/PC/Tactic Mastery/Geschftsfhrer*in',1,'[{\"added\": {}}]',18,1),(1751,'2023-04-17 13:03:02.686467','136','Kompromittierung von Informationssystemen/PC/Tactic Check & Follow-Up/Geschftsfhrer*in',1,'[{\"added\": {}}]',18,1),(1752,'2023-04-17 13:04:09.583093','3','Geschftsfhrer*in',2,'[{\"changed\": {\"fields\": [\"Beschreibung\"]}}]',7,1),(1753,'2023-04-17 13:04:26.451996','7','Geschftsfhrer*in',1,'[{\"added\": {}}]',19,1),(1754,'2023-04-17 13:04:42.166112','3','Geschftsfhrer*in',2,'[{\"changed\": {\"fields\": [\"Anzeigen\"]}}]',7,1),(1755,'2023-04-17 20:14:28.716009','3','Geschftsfhrung',2,'[{\"changed\": {\"fields\": [\"Bezeichnung\"]}}]',7,1),(1756,'2023-04-17 20:17:26.776122','3','Geschftsfhrer*in',2,'[{\"changed\": {\"fields\": [\"Bezeichnung\"]}}]',7,1),(1757,'2023-04-18 13:45:42.762589','110','Threat Identification/Sachbearbeiter*in Innendienst/Malware/Mailsystem',3,'',20,1),(1758,'2023-05-30 08:18:41.824286','1','Sachbearbeiter*in im Innendienst',2,'[{\"changed\": {\"fields\": [\"Zugeordnete Bedrohungsvektoren\"]}}]',19,1),(1759,'2023-05-30 08:19:17.914252','1','Sachbearbeiter*in im Innendienst',2,'[{\"changed\": {\"fields\": [\"Zugeordnete Bedrohungsvektoren\"]}}]',19,1),(1760,'2023-05-30 12:20:54.658478','2','Sachbearbeiter*in im Auendienst',2,'[{\"changed\": {\"fields\": [\"Zugeordnete Bedrohungsvektoren\"]}}]',19,1),(1761,'2023-05-30 12:21:27.594864','2','Sachbearbeiter*in im Auendienst',2,'[{\"changed\": {\"fields\": [\"Zugeordnete Bedrohungsvektoren\"]}}]',19,1),(1762,'2023-05-30 13:51:32.450020','1','Sachbearbeiter*in im Innendienst',2,'[{\"changed\": {\"fields\": [\"Zugeordnete Bedrohungsvektoren\"]}}]',19,1),(1763,'2023-05-31 06:32:24.333328','8','Consumer',2,'[{\"changed\": {\"fields\": [\"Anzeigen\"]}}]',7,1),(1764,'2023-05-31 06:42:58.552656','1','Sachbearbeiter*in im Innendienst',2,'[{\"changed\": {\"fields\": [\"Zugeordnete Bedrohungsvektoren\"]}}]',19,1),(1765,'2023-05-31 06:43:29.063379','1','Sachbearbeiter*in im Innendienst',2,'[{\"changed\": {\"fields\": [\"Zugeordnete Bedrohungsvektoren\"]}}]',19,1),(1766,'2023-05-31 08:11:08.144662','1','Sachbearbeiter*in im Innendienst',2,'[{\"changed\": {\"fields\": [\"Zugeordnete Bedrohungsvektoren\"]}}]',19,1),(1829,'2023-07-03 13:39:25.058654','3','Privatperson',2,'[]',19,1),(1830,'2023-07-03 13:46:21.153288','3','Privatperson',2,'[{\"changed\": {\"fields\": [\"Zugeordnete Bedrohungsvektoren\"]}}]',19,1),(2035,'2023-07-17 07:28:13.880079','1','Sachbearbeiter*in im Innendienst',2,'[{\"changed\": {\"fields\": [\"Zugeordnete Bedrohungsvektoren\"]}}]',19,1),(2036,'2023-07-17 07:28:52.741021','1','Sachbearbeiter*in im Innendienst',2,'[{\"changed\": {\"fields\": [\"Zugeordnete Bedrohungsvektoren\"]}}]',19,1),(2037,'2023-07-17 07:29:30.341450','1','Sachbearbeiter*in im Innendienst',2,'[{\"changed\": {\"fields\": [\"Zugeordnete Bedrohungsvektoren\"]}}]',19,1),(2038,'2023-07-17 07:30:04.203720','1','Sachbearbeiter*in im Innendienst',2,'[{\"changed\": {\"fields\": [\"Zugeordnete Bedrohungsvektoren\"]}}]',19,1),(2039,'2023-07-18 06:11:05.531916','5','Privatperson',2,'[{\"changed\": {\"fields\": [\"Anzeigen\"]}}]',7,1),(2040,'2023-07-18 10:55:37.864885','15','Falscher Umgang mit kritischen und/oder sensiblen Informationen',1,'[{\"added\": {}}]',9,1),(2041,'2023-07-18 10:55:56.379593','16','Mitarbeiter',1,'[{\"added\": {}}]',8,1),(2042,'2023-07-18 10:56:15.247619','20','Falscher Umgang mit kritischen und/oder sensiblen Informationen/Mitarbeiter',1,'[{\"added\": {}}]',10,1),(2043,'2023-07-18 10:59:29.833160','57','Falscher Umgang mit kritischen und/oder sensiblen Informationen/Mitarbeiter/Sachbearbeiter*in Innendienst/Bild Impuls 1',1,'[{\"added\": {}}]',15,1),(2044,'2023-07-18 10:59:46.403895','58','Falscher Umgang mit kritischen und/oder sensiblen Informationen/Mitarbeiter/Sachbearbeiter*in Innendienst/Bild Impuls 2',1,'[{\"added\": {}}]',15,1),(2045,'2023-07-18 10:59:55.970852','59','Falscher Umgang mit kritischen und/oder sensiblen Informationen/Mitarbeiter/Sachbearbeiter*in Innendienst/Bild Impuls 3',1,'[{\"added\": {}}]',15,1),(2046,'2023-07-18 11:00:17.848904','26','Falscher Umgang mit kritischen und/oder sensiblen Informationen/Mitarbeiter/Sachbearbeiter*in Innendienst/Bild Impuls',1,'[{\"added\": {}}]',21,1),(2047,'2023-07-18 11:02:21.637899','169','Threat Awareness/Sachbearbeiter*in Innendienst/Falscher Umgang mit kritischen und/oder sensiblen Informationen/Mitarbeiter',1,'[{\"added\": {}}]',17,1),(2048,'2023-07-18 11:03:04.957868','170','Threat Identification/Sachbearbeiter*in Innendienst/Falscher Umgang mit kritischen und/oder sensiblen Informationen/Mitarbeiter',1,'[{\"added\": {}}]',17,1),(2049,'2023-07-18 11:03:25.315869','171','Threat Impact Assessment/Sachbearbeiter*in Innendienst/Falscher Umgang mit kritischen und/oder sensiblen Informationen/Mitarbeiter',1,'[{\"added\": {}}]',17,1),(2050,'2023-07-18 11:03:48.745593','172','Tactic Choice/Sachbearbeiter*in Innendienst/Falscher Umgang mit kritischen und/oder sensiblen Informationen/Mitarbeiter',1,'[{\"added\": {}}]',17,1),(2051,'2023-07-18 11:04:09.328732','173','Tactic Justification/Sachbearbeiter*in Innendienst/Falscher Umgang mit kritischen und/oder sensiblen Informationen/Mitarbeiter',1,'[{\"added\": {}}]',17,1),(2052,'2023-07-18 11:04:25.537514','174','Tactic Mastery/Sachbearbeiter*in Innendienst/Falscher Umgang mit kritischen und/oder sensiblen Informationen/Mitarbeiter',1,'[{\"added\": {}}]',17,1),(2053,'2023-07-18 11:04:49.345560','175','Tactic Check & Follow-up/Sachbearbeiter*in Innendienst/Falscher Umgang mit kritischen und/oder sensiblen Informationen/Mitarbeiter',1,'[{\"added\": {}}]',17,1),(2054,'2023-07-18 11:05:19.598242','26','Falscher Umgang mit kritischen und/oder sensiblen Informationen/Mitarbeiter/Sachbearbeiter*in im Innendienst',1,'[{\"added\": {}}]',11,1),(2055,'2023-07-18 11:05:48.012575','172','Falscher Umgang mit kritischen und/oder sensiblen Informationen/Mitarbeiter/Threat Awareness/Sachbearbeiter*in im Innendienst',1,'[{\"added\": {}}]',18,1),(2056,'2023-07-18 11:06:26.715977','1','Sachbearbeiter*in im Innendienst',2,'[{\"changed\": {\"fields\": [\"Zugeordnete Bedrohungsvektoren\"]}}]',19,1),(2057,'2023-07-18 11:07:41.842718','677','Threat Awareness/Sachbearbeiter*in Innendienst/Falscher Umgang mit kritischen und/oder sensiblen Informationen/Mitarbeiter',1,'[{\"added\": {}}]',20,1),(2058,'2023-07-18 11:08:21.243696','678','Threat Awareness/Sachbearbeiter*in Innendienst/Falscher Umgang mit kritischen und/oder sensiblen Informationen/Mitarbeiter',1,'[{\"added\": {}}]',20,1),(2059,'2023-07-18 11:08:43.787622','677','Threat Awareness/Sachbearbeiter*in Innendienst/Falscher Umgang mit kritischen und/oder sensiblen Informationen/Mitarbeiter',2,'[{\"changed\": {\"fields\": [\"Antwortoption\", \"Bewertung der Antwortoption\"]}}]',20,1),(2060,'2023-07-18 11:09:00.334914','679','Threat Awareness/Sachbearbeiter*in Innendienst/Falscher Umgang mit kritischen und/oder sensiblen Informationen/Mitarbeiter',1,'[{\"added\": {}}]',20,1),(2061,'2023-07-18 11:09:29.158861','680','Threat Identification/Sachbearbeiter*in Innendienst/Falscher Umgang mit kritischen und/oder sensiblen Informationen/Mitarbeiter',1,'[{\"added\": {}}]',20,1),(2062,'2023-07-18 11:09:59.691319','681','Threat Identification/Sachbearbeiter*in Innendienst/Falscher Umgang mit kritischen und/oder sensiblen Informationen/Mitarbeiter',1,'[{\"added\": {}}]',20,1),(2063,'2023-07-18 11:10:17.950470','682','Threat Identification/Sachbearbeiter*in Innendienst/Falscher Umgang mit kritischen und/oder sensiblen Informationen/Mitarbeiter',1,'[{\"added\": {}}]',20,1),(2064,'2023-07-18 11:10:41.690698','683','Threat Identification/Sachbearbeiter*in Innendienst/Falscher Umgang mit kritischen und/oder sensiblen Informationen/Mitarbeiter',1,'[{\"added\": {}}]',20,1),(2065,'2023-07-18 11:11:02.465718','684','Threat Impact Assessment/Sachbearbeiter*in Innendienst/Falscher Umgang mit kritischen und/oder sensiblen Informationen/Mitarbeiter',1,'[{\"added\": {}}]',20,1),(2066,'2023-07-18 11:11:22.461580','685','Threat Impact Assessment/Sachbearbeiter*in Innendienst/Falscher Umgang mit kritischen und/oder sensiblen Informationen/Mitarbeiter',1,'[{\"added\": {}}]',20,1),(2067,'2023-07-18 11:11:45.645553','686','Threat Impact Assessment/Sachbearbeiter*in Innendienst/Falscher Umgang mit kritischen und/oder sensiblen Informationen/Mitarbeiter',1,'[{\"added\": {}}]',20,1),(2068,'2023-07-18 11:12:05.431590','687','Threat Impact Assessment/Sachbearbeiter*in Innendienst/Falscher Umgang mit kritischen und/oder sensiblen Informationen/Mitarbeiter',1,'[{\"added\": {}}]',20,1),(2069,'2023-07-18 11:12:24.980246','688','Tactic Choice/Sachbearbeiter*in Innendienst/Falscher Umgang mit kritischen und/oder sensiblen Informationen/Mitarbeiter',1,'[{\"added\": {}}]',20,1),(2070,'2023-07-18 11:12:41.960991','689','Tactic Choice/Sachbearbeiter*in Innendienst/Falscher Umgang mit kritischen und/oder sensiblen Informationen/Mitarbeiter',1,'[{\"added\": {}}]',20,1),(2071,'2023-07-18 11:12:57.210088','690','Tactic Choice/Sachbearbeiter*in Innendienst/Falscher Umgang mit kritischen und/oder sensiblen Informationen/Mitarbeiter',1,'[{\"added\": {}}]',20,1),(2072,'2023-07-18 11:14:17.735787','691','Tactic Justification/Sachbearbeiter*in Innendienst/Falscher Umgang mit kritischen und/oder sensiblen Informationen/Mitarbeiter',1,'[{\"added\": {}}]',20,1),(2073,'2023-07-18 11:14:44.491640','692','Tactic Justification/Sachbearbeiter*in Innendienst/Falscher Umgang mit kritischen und/oder sensiblen Informationen/Mitarbeiter',1,'[{\"added\": {}}]',20,1),(2074,'2023-07-18 11:15:06.403890','693','Tactic Justification/Sachbearbeiter*in Innendienst/Falscher Umgang mit kritischen und/oder sensiblen Informationen/Mitarbeiter',1,'[{\"added\": {}}]',20,1),(2075,'2023-07-18 11:15:41.678571','694','Tactic Mastery/Sachbearbeiter*in Innendienst/Falscher Umgang mit kritischen und/oder sensiblen Informationen/Mitarbeiter',1,'[{\"added\": {}}]',20,1),(2076,'2023-07-18 11:16:10.271940','695','Tactic Mastery/Sachbearbeiter*in Innendienst/Falscher Umgang mit kritischen und/oder sensiblen Informationen/Mitarbeiter',1,'[{\"added\": {}}]',20,1),(2077,'2023-07-18 11:16:54.506857','696','Tactic Mastery/Sachbearbeiter*in Innendienst/Falscher Umgang mit kritischen und/oder sensiblen Informationen/Mitarbeiter',1,'[{\"added\": {}}]',20,1),(2078,'2023-07-18 11:17:29.353149','697','Tactic Mastery/Sachbearbeiter*in Innendienst/Falscher Umgang mit kritischen und/oder sensiblen Informationen/Mitarbeiter',1,'[{\"added\": {}}]',20,1),(2079,'2023-07-18 11:18:33.806687','698','Tactic Check & Follow-up/Sachbearbeiter*in Innendienst/Falscher Umgang mit kritischen und/oder sensiblen Informationen/Mitarbeiter',1,'[{\"added\": {}}]',20,1),(2080,'2023-07-18 11:18:57.503222','699','Tactic Check & Follow-up/Sachbearbeiter*in Innendienst/Falscher Umgang mit kritischen und/oder sensiblen Informationen/Mitarbeiter',1,'[{\"added\": {}}]',20,1),(2081,'2023-07-18 11:19:18.480309','700','Tactic Check & Follow-up/Sachbearbeiter*in Innendienst/Falscher Umgang mit kritischen und/oder sensiblen Informationen/Mitarbeiter',1,'[{\"added\": {}}]',20,1),(2082,'2023-07-18 11:19:41.733933','701','Tactic Check & Follow-up/Sachbearbeiter*in Innendienst/Falscher Umgang mit kritischen und/oder sensiblen Informationen/Mitarbeiter',1,'[{\"added\": {}}]',20,1),(2083,'2023-07-18 11:20:17.353862','173','Falscher Umgang mit kritischen und/oder sensiblen Informationen/Mitarbeiter/Threat Identification/Sachbearbeiter*in im Innendienst',1,'[{\"added\": {}}]',18,1),(2084,'2023-07-18 11:20:32.991183','174','Falscher Umgang mit kritischen und/oder sensiblen Informationen/Mitarbeiter/Threat Impact Assessment/Sachbearbeiter*in im Innendienst',1,'[{\"added\": {}}]',18,1),(2085,'2023-07-18 11:20:46.931292','173','Falscher Umgang mit kritischen und/oder sensiblen Informationen/Mitarbeiter/Threat Identification/Sachbearbeiter*in im Innendienst',2,'[{\"changed\": {\"fields\": [\"Zugeordneter Impuls\"]}}]',18,1),(2086,'2023-07-18 11:21:01.111324','175','Falscher Umgang mit kritischen und/oder sensiblen Informationen/Mitarbeiter/Tactic Choice/Sachbearbeiter*in im Innendienst',1,'[{\"added\": {}}]',18,1),(2087,'2023-07-18 11:21:13.902077','176','Falscher Umgang mit kritischen und/oder sensiblen Informationen/Mitarbeiter/Tactic Justification/Sachbearbeiter*in im Innendienst',1,'[{\"added\": {}}]',18,1),(2088,'2023-07-18 11:21:29.795071','177','Falscher Umgang mit kritischen und/oder sensiblen Informationen/Mitarbeiter/Tactic Mastery/Sachbearbeiter*in im Innendienst',1,'[{\"added\": {}}]',18,1),(2089,'2023-07-18 11:21:39.832196','178','Falscher Umgang mit kritischen und/oder sensiblen Informationen/Mitarbeiter/Tactic Check & Follow-Up/Sachbearbeiter*in im Innendienst',1,'[{\"added\": {}}]',18,1),(2090,'2023-07-18 11:22:26.443054','1','Sachbearbeiter*in im Innendienst',2,'[{\"changed\": {\"fields\": [\"Zugeordnete Bedrohungsvektoren\"]}}]',19,1),(2091,'2023-07-18 11:30:14.190788','5','Malware/Mailsystem/Impuls2',2,'[{\"changed\": {\"fields\": [\"Inhalt\"]}}]',14,1),(2092,'2023-07-18 11:30:27.603925','4','Malware/Mailsystem/Impuls1',2,'[]',14,1),(2093,'2023-07-18 11:30:43.351736','6','Malware/Mailsystem/Impuls3',2,'[]',14,1),(2094,'2023-07-18 11:31:30.630048','1','Sachbearbeiter*in im Innendienst',2,'[{\"changed\": {\"fields\": [\"Zugeordnete Bedrohungsvektoren\"]}}]',19,1),(2095,'2023-07-18 11:33:17.659925','8','SA/Malware/Mailsystem/Impuls2',2,'[{\"changed\": {\"fields\": [\"Inhalt\"]}}]',14,1),(2096,'2023-07-18 11:33:39.170619','9','SA/Malware/Mailsystem/Impuls3',2,'[{\"changed\": {\"fields\": [\"Inhalt\"]}}]',14,1),(2097,'2023-07-18 11:36:07.681752','164','Threat Impact Assessment/Sachbearbeiter*in Auendienst/Malware/USB-Stick',2,'[{\"changed\": {\"fields\": [\"Antwortoption\"]}}]',20,1),(2098,'2023-07-18 14:16:06.864372','20','Falscher Umgang mit kritischen und/oder sensiblen Informationen/Mitarbeiter',2,'[{\"changed\": {\"fields\": [\"Beschreibung\"]}}]',10,1),(2099,'2023-07-18 16:32:20.066915','9','Sachbearbeiter*in im Auendienst',1,'[{\"added\": {}}]',7,1),(2100,'2023-07-18 16:33:10.211620','8','Sachbearbeiter*in im Auendienst',1,'[{\"added\": {}}]',19,1),(2101,'2023-07-18 16:34:15.766324','8','Sachbearbeiter*in im Auendienst',2,'[{\"changed\": {\"fields\": [\"Zugeordnete Bedrohungsvektoren\"]}}]',19,1),(2102,'2023-07-18 16:35:15.845101','8','Sachbearbeiter*in im Auendienst',2,'[{\"changed\": {\"fields\": [\"Zugeordnete Bedrohungsvektoren\"]}}]',19,1),(2103,'2023-07-18 16:40:03.263510','9','Sachbearbeiter*in im Auendienst',3,'',7,1),(2104,'2023-07-18 17:12:41.175079','1','Sachbearbeiter*in im Innendienst',2,'[]',19,1),(2105,'2023-07-18 17:18:52.618950','2','Sachbearbeiter*in im Auendienst',2,'[]',19,1),(2106,'2023-07-18 17:22:05.788573','1','Sachbearbeiter*in im Innendienst',2,'[]',19,1),(2107,'2023-07-18 17:34:17.990677','1','Sachbearbeiter*in im Innendienst',2,'[{\"changed\": {\"fields\": [\"Zugeordnete Bedrohungsvektoren\"]}}]',19,1),(2108,'2023-07-18 17:39:25.651053','2','Sachbearbeiter*in im Auendienst',2,'[{\"changed\": {\"fields\": [\"Zugeordnete Bedrohungsvektoren\"]}}]',19,1),(2109,'2023-07-18 17:39:35.677216','1','Sachbearbeiter*in im Innendienst',2,'[{\"changed\": {\"fields\": [\"Zugeordnete Bedrohungsvektoren\"]}}]',19,1),(2110,'2023-07-19 09:12:36.711739','2','Sachbearbeiter*in im Auendienst',2,'[{\"changed\": {\"fields\": [\"Zugeordnete Bedrohungsvektoren\"]}}]',19,1),(2463,'2023-09-05 08:34:00.706253','1','Sachbearbeiter*in im Innendienst',2,'[{\"changed\": {\"fields\": [\"Zugeordnete Bedrohungsvektoren\"]}}]',19,1),(2464,'2023-09-05 08:34:46.571074','1','Sachbearbeiter*in im Innendienst',2,'[{\"changed\": {\"fields\": [\"Zugeordnete Bedrohungsvektoren\"]}}]',19,1),(2465,'2023-10-05 15:21:59.731831','92','Network Security',3,'',25,1),(2466,'2023-10-05 15:21:59.737222','91','Information security',3,'',25,1),(2467,'2023-10-05 15:21:59.741270','90','COMPUTER SYSTEMS SECURITY',3,'',25,1),(2468,'2023-10-05 15:21:59.745008','89','Datenschutzschulung fr Mitarbeiter Basic',3,'',25,1),(2469,'2023-10-05 15:21:59.749250','88','Datenschutz Online Video Schulung',3,'',25,1),(2470,'2023-10-05 15:21:59.752560','87','Datenschutz & IT-Security am Arbeitsplatz (Teil 7 - 10)',3,'',25,1),(2471,'2023-10-05 15:21:59.755776','86','Introduction to Cyber Security',3,'',25,1),(2472,'2023-10-05 15:21:59.757859','85','Ethical Hacking for Beginners',3,'',25,1),(2473,'2023-10-05 15:21:59.761707','84','Introduction to Cyber Security',3,'',25,1),(2474,'2023-10-05 15:21:59.765611','83','Webinar Grundlagen der IT-Sicherheit (Teil 1)',3,'',25,1),(2475,'2023-10-05 15:21:59.770294','82','Wie knnen IT-Sicherheitsvorflle vermieden werden? - Praxistipps',3,'',25,1),(2476,'2023-10-05 15:21:59.775185','81','Security Awareness Trainingsplattform',3,'',25,1),(2477,'2023-10-05 15:21:59.812731','80','Anti-Hacker Security | Step By Step Guide',3,'',25,1),(2478,'2023-10-05 15:21:59.816060','79','(Security Operation Centre) SOC Essentials by SOC Experts',3,'',25,1),(2479,'2023-10-05 15:21:59.818488','78','Cyber Crimes and it\'s preventive measures- Mr. Rupesh Mittal',3,'',25,1),(2480,'2023-10-05 15:21:59.822198','77','Cyber Criminals Want Your Information: Stop Them Cold!',3,'',25,1),(2481,'2023-10-05 15:21:59.827810','76','Cyber Security Advanced Persistent Threat Defender Preview',3,'',25,1),(2482,'2023-10-05 15:21:59.832756','75','Cyber Security Stories_ Because of You!',3,'',25,1),(2483,'2023-10-05 15:21:59.836814','74','Cyber Security Training for Absolute Beginners ',3,'',25,1),(2484,'2023-10-05 15:21:59.840451','73','Cyber Security Threat Intelligen',3,'',25,1),(2485,'2023-10-05 15:21:59.844120','72','Cybersicherheit Cyber Security Course for Beginners - Level 01',3,'',25,1),(2486,'2023-10-05 15:21:59.847130','71','Security Awareness Campaigns (Lite)',3,'',25,1),(2487,'2023-10-05 15:21:59.851083','70','SSL/TLS Protocol and Handshake Process',3,'',25,1),(2488,'2023-10-05 15:21:59.854529','69','Computer Virus - Definition, Types, Spread and Prevention',3,'',25,1),(2489,'2023-10-05 15:21:59.858948','68','Protecting yourself online',3,'',25,1),(2490,'2023-10-05 15:21:59.863079','67','Staying Safe Online_ Cyber Security ',3,'',25,1),(2491,'2023-10-05 15:21:59.868778','66','The Internet Security Guide',3,'',25,1),(2492,'2023-10-05 15:21:59.873285','65','Security Awareness Kampange',3,'',25,1),(2493,'2023-10-05 15:21:59.877944','64','Cyber Aces Online Courses',3,'',25,1),(2494,'2023-10-05 15:21:59.882089','63','Security Awareness Trainings',3,'',25,1),(2495,'2023-10-05 15:21:59.886752','62','Sicherheit im Internet',3,'',25,1),(2496,'2023-10-05 15:21:59.893554','61','Sicher per E-Mail kommunizieren - Mitleser unerwnscht',3,'',25,1),(2497,'2023-10-05 15:21:59.898311','60','Internet Security for Beginners',3,'',25,1),(2498,'2023-10-05 15:21:59.902980','59','Cyberthreats by Malware',3,'',25,1),(2499,'2023-10-05 15:21:59.907286','58','OpenSecurityTraining2',3,'',25,1),(2500,'2023-10-05 15:21:59.911423','57','Secuso Research - Results - S&P Awarness',3,'',25,1),(2501,'2023-10-05 15:21:59.915113','56','[Dis]connected',3,'',25,1),(2502,'2023-10-05 15:21:59.919120','55','Wunder Punkt Microsoft 365',3,'',25,1),(2503,'2023-10-05 15:21:59.923493','54','Free Training',3,'',25,1),(2504,'2023-10-05 15:21:59.927540','53','Security Awareness Training',3,'',25,1),(2505,'2023-10-05 15:21:59.930815','52','Security Update - Aktuelle Cyberangriffe & mehrschichtoge Abwehrstrategien',3,'',25,1),(2506,'2023-10-05 15:21:59.934476','51','Die Spione in der Hosentasche - Smartphones',3,'',25,1),(2507,'2023-10-05 15:21:59.938100','50','Home-Office',3,'',25,1),(2508,'2023-10-05 15:21:59.942272','49','Social Engineering',3,'',25,1),(2509,'2023-10-05 15:21:59.945616','48','Network Security',3,'',25,1),(2510,'2023-10-05 15:21:59.950591','47','Cybersecurity Risk Management',3,'',25,1),(2511,'2023-10-05 15:21:59.955310','46','Information Security - Introduction to Information Security',3,'',25,1),(2512,'2023-10-05 15:21:59.959156','45','Introduction to Cybersecurity',3,'',25,1),(2513,'2023-10-05 15:21:59.967744','44','Jump Start_ Network Security',3,'',25,1),(2514,'2023-10-05 15:21:59.971438','43','Cybersecurity Fundamentals',3,'',25,1),(2515,'2023-10-05 15:21:59.975224','42','Security Awareness Training',3,'',25,1),(2516,'2023-10-05 15:21:59.978389','41','Introduction to IT & Cybersecurity',3,'',25,1),(2517,'2023-10-05 15:21:59.982192','40','MITRE ATT&CK Defender (MAD) ATT&CK SOC ',3,'',25,1),(2518,'2023-10-05 15:21:59.985905','39','MITRE ATT&CK Defender (MAD) ATT&CK ',3,'',25,1),(2519,'2023-10-05 15:22:00.023736','38','Check Point Jump Start',3,'',25,1),(2520,'2023-10-05 15:22:00.030464','37','Basic Evimetry Deadboot Forensic Acquisition',3,'',25,1),(2521,'2023-10-05 15:22:00.037477','36','Introduction to Evimetry_ the Controller',3,'',25,1),(2522,'2023-10-05 15:22:00.042543','35','Malware Threats',3,'',25,1),(2523,'2023-10-05 15:22:00.047488','34','Security Awareness Training',3,'',25,1),(2524,'2023-10-05 15:22:00.051703','33','Learning Management System - Online Training Software',3,'',25,1),(2525,'2023-10-05 15:22:00.054982','32','Pricing Free',3,'',25,1),(2526,'2023-10-05 15:22:00.058742','31','Pricing Enterprice',3,'',25,1),(2527,'2023-10-05 15:22:00.063459','30','Security Awareness Training',3,'',25,1),(2528,'2023-10-05 15:22:00.067853','29','Spezialisierung Cybersecurity Kurs 4: The Business of Cybersecurity Capstone',3,'',25,1),(2529,'2023-10-05 15:22:00.071968','28','Spezialisierung Cybersecurity Kurs 3: Cybersecurity and the X-Factor',3,'',25,1),(2530,'2023-10-05 15:22:00.076179','27','Spezialisierung Cybersecurity Kurs 2: Cybersecurity and the Internet of Things',3,'',25,1),(2531,'2023-10-05 15:22:00.080233','26','Spezialisierung Cybersecurity Kurs 1: Cybersecurity and Mobility',3,'',25,1),(2532,'2023-10-05 15:22:00.085339','25','Spezialisierung Cybersecurity: Developing a Program for Your Business',3,'',25,1),(2533,'2023-10-05 15:22:00.089521','24','CISA VLP - RFE2115 ICS Cybersecurity Landscape for Managers',3,'',25,1),(2534,'2023-10-05 15:22:00.094386','23','CISA VLP - 210W-11 Mapping IT Defense-In_Depth Security Solutions to ICS - Part II\nID: E-6023WV',3,'',25,1),(2535,'2023-10-05 15:22:00.098889','22','CISA VLP - 210W-10 Mapping IT Defense-In-Depth Security Solutions to ICS - Part I',3,'',25,1),(2536,'2023-10-05 15:22:00.103227','21','CISA VLP - 210W-09 Attack Methodologies in IT & ICS',3,'',25,1),(2537,'2023-10-05 15:22:00.108174','20','CISA VLP - 210W-08 ICS Cybersecurity Consequences',3,'',25,1),(2538,'2023-10-05 15:22:00.111868','19','CISA VLP - 210W-07 ICS Cybersecurity Vulnerabilities',3,'',25,1),(2539,'2023-10-05 15:22:00.118509','18','CISA VLP - 210W-06 ICS Cybersecurity Threats',3,'',25,1),(2540,'2023-10-05 15:22:00.123033','17','CISA VLP - 210W-05 ICS Cybersecurity Risk',3,'',25,1),(2541,'2023-10-05 15:22:00.127248','16','CISA VLP - 210W-04 Cybersecurity Within IT and ICS Domains (FY21)',3,'',25,1),(2542,'2023-10-05 15:22:00.131669','15','CISA VLP - 210W-03 Common ICS Components',3,'',25,1),(2543,'2023-10-05 15:22:00.136126','14','CISA VLP - 210W-02 Influence of IT Components on Industrial Control Systems',3,'',25,1),(2544,'2023-10-05 15:22:00.142352','13','CISA VLP - 210W-01 Differences in Deployments of Industrial Control Systems (FY22) ',3,'',25,1),(2545,'2023-10-05 15:22:00.147382','12','CISA VLP - 100W Cybersecurity Practices for Industrial Control Systems',3,'',25,1),(2546,'2023-10-05 15:22:00.151127','11','BEHRDEN-IT-SICHERHEITSTRAINING',3,'',25,1),(2547,'2023-10-05 15:22:00.157315','10','Security Awareness Videos',3,'',25,1),(2548,'2023-10-05 15:22:00.161334','9','Security Awareness Training',3,'',25,1),(2549,'2023-10-05 15:22:00.166939','8','Human Risk Assessment',3,'',25,1),(2550,'2023-10-05 15:22:00.171743','7','Security-Awareness-Platform-and-Offerings',3,'',25,1),(2551,'2023-10-05 15:22:00.176657','6','TISiM-App',3,'',25,1),(2552,'2023-10-05 15:22:00.183332','5','Netzwerksicherheit',3,'',25,1),(2553,'2023-10-05 15:22:00.186689','4','IT-Grundlagen im Broalltag',3,'',25,1),(2554,'2023-10-05 15:22:00.191819','3','Online-Kurs IT-Grundschutz',3,'',25,1),(2555,'2023-10-05 15:22:00.195349','2','Cybersecurity Awareness training',3,'',25,1),(2556,'2023-10-05 15:22:00.199741','1','Cyber Security Awareness Course',3,'',25,1),(2557,'2023-10-05 15:23:27.524596','363','IT-Grundlagen im Broalltag',1,'new through import_export',25,1),(2558,'2023-10-05 15:23:27.529483','364','BEHRDEN-IT-SICHERHEITSTRAINING',1,'new through import_export',25,1),(2559,'2023-10-05 15:23:27.534965','365','Spezialisierung Cybersecurity Kurs 1: Cybersecurity and Mobility',1,'new through import_export',25,1),(2560,'2023-10-05 15:23:27.540029','366','Spezialisierung Cybersecurity Kurs 2: Cybersecurity and the Internet of Things',1,'new through import_export',25,1),(2561,'2023-10-05 15:23:27.544247','367','Spezialisierung Cybersecurity Kurs 3: Cybersecurity and the X-Factor',1,'new through import_export',25,1),(2562,'2023-10-05 15:23:27.549296','368','Security Awareness Training',1,'new through import_export',25,1),(2563,'2023-10-05 15:23:27.557123','369','Social Engineering',1,'new through import_export',25,1),(2564,'2023-10-05 15:23:27.561415','370','Home-Office',1,'new through import_export',25,1),(2565,'2023-10-05 15:23:27.565463','371','Security Awareness Training',1,'new through import_export',25,1),(2566,'2023-10-05 15:23:27.569066','372','Secuso Research - Results - S&P Awarness',1,'new through import_export',25,1),(2567,'2023-10-05 15:23:27.572890','373','Sicherheit im Internet',1,'new through import_export',25,1),(2568,'2023-10-05 15:23:27.579940','374','Security Awareness Trainingsplattform',1,'new through import_export',25,1),(2569,'2023-10-05 15:23:27.695005','375','Datenschutz & IT-Security am Arbeitsplatz (Teil 7 - 10)',1,'new through import_export',25,1),(2570,'2023-10-05 15:23:27.699908','376','E-Mail-Spiel \'Vorsicht, Phishing\'',1,'new through import_export',25,1),(2571,'2023-10-05 15:23:27.704052','377','KMU. Einfach Sicher. Weiterbildungsplattform',1,'new through import_export',25,1),(2572,'2023-10-05 15:23:27.707749','378','Spiele',1,'new through import_export',25,1),(2573,'2023-10-05 15:23:27.711869','379','Digitale Serious Games',1,'new through import_export',25,1),(2574,'2023-10-05 15:23:27.716576','380','Sicherheitskonzepte',1,'new through import_export',25,1),(2575,'2023-10-05 15:23:27.720793','381','IT-Sicherheit',1,'new through import_export',25,1),(2576,'2023-10-05 15:23:27.725037','382','Schulung fr Informationssicherheits-Bewusstsein im Unternehmen',1,'new through import_export',25,1),(2577,'2023-10-05 15:23:27.728921','383','Zertifizierte IT-Security Schulung',1,'new through import_export',25,1),(2578,'2023-10-05 15:23:27.732225','384','IT-Sicherheit: Informationssicherheit und Security Awareness',1,'new through import_export',25,1),(2579,'2023-10-05 15:23:27.734596','385','Basisschutz-Tipps',1,'new through import_export',25,1),(2580,'2023-10-05 15:23:27.738094','386','Sicherheitskompass',1,'new through import_export',25,1),(2581,'2023-10-05 15:23:27.741539','387','Checkliste fr Mitarbeiter - IT-Sicherheit im Home-Office',1,'new through import_export',25,1),(2582,'2023-10-05 15:23:27.744899','388','Leichter Einstieg - Hilfestellungen und Videos zur Sensibilisierung fr die Cyber-Sicherheit',1,'new through import_export',25,1),(2583,'2023-10-05 15:23:27.748431','389','Schulung fr Informationssicherheits-Bewusstsein im Unternehmen',1,'new through import_export',25,1),(2584,'2023-10-05 15:23:27.752102','390','In wenigen Schritten zum sicheren Passwort',1,'new through import_export',25,1),(2585,'2023-10-05 15:23:27.755840','391','Ransomware',1,'new through import_export',25,1),(2586,'2023-10-05 15:23:27.806715','392','Cybersecurityy-Training',1,'new through import_export',25,1),(2587,'2023-10-05 15:23:27.812076','393','Awareness-Kampagne Cybersecurity',1,'new through import_export',25,1),(2588,'2023-10-06 08:10:01.044474','394','Sicher per E-Mail kommunizieren - Mitlesen unerwnscht',1,'[{\"added\": {}}]',25,1),(2589,'2023-10-06 09:21:36.922271','394','Sicher per E-Mail kommunizieren - Mitlesen unerwnscht',3,'',25,1),(2590,'2023-10-06 09:21:36.933464','393','Awareness-Kampagne Cybersecurity',3,'',25,1),(2591,'2023-10-06 09:21:36.939890','392','Cybersecurityy-Training',3,'',25,1),(2592,'2023-10-06 09:21:36.948749','391','Ransomware',3,'',25,1),(2593,'2023-10-06 09:21:36.965576','390','In wenigen Schritten zum sicheren Passwort',3,'',25,1),(2594,'2023-10-06 09:21:36.976995','389','Schulung fr Informationssicherheits-Bewusstsein im Unternehmen',3,'',25,1),(2595,'2023-10-06 09:21:36.989063','388','Leichter Einstieg - Hilfestellungen und Videos zur Sensibilisierung fr die Cyber-Sicherheit',3,'',25,1),(2596,'2023-10-06 09:21:36.999274','387','Checkliste fr Mitarbeiter - IT-Sicherheit im Home-Office',3,'',25,1),(2597,'2023-10-06 09:21:37.005037','386','Sicherheitskompass',3,'',25,1),(2598,'2023-10-06 09:21:37.016144','385','Basisschutz-Tipps',3,'',25,1),(2599,'2023-10-06 09:21:37.022263','384','IT-Sicherheit: Informationssicherheit und Security Awareness',3,'',25,1),(2600,'2023-10-06 09:21:37.027168','383','Zertifizierte IT-Security Schulung',3,'',25,1),(2601,'2023-10-06 09:21:37.033444','382','Schulung fr Informationssicherheits-Bewusstsein im Unternehmen',3,'',25,1),(2602,'2023-10-06 09:21:37.038287','381','IT-Sicherheit',3,'',25,1),(2603,'2023-10-06 09:21:37.044444','380','Sicherheitskonzepte',3,'',25,1),(2604,'2023-10-06 09:21:37.050150','379','Digitale Serious Games',3,'',25,1),(2605,'2023-10-06 09:21:37.056308','378','Spiele',3,'',25,1),(2606,'2023-10-06 09:21:37.062900','377','KMU. Einfach Sicher. Weiterbildungsplattform',3,'',25,1),(2607,'2023-10-06 09:21:37.071371','376','E-Mail-Spiel \'Vorsicht, Phishing\'',3,'',25,1),(2608,'2023-10-06 09:21:37.078319','375','Datenschutz & IT-Security am Arbeitsplatz (Teil 7 - 10)',3,'',25,1),(2609,'2023-10-06 09:21:37.083460','374','Security Awareness Trainingsplattform',3,'',25,1),(2610,'2023-10-06 09:21:37.088852','373','Sicherheit im Internet',3,'',25,1),(2611,'2023-10-06 09:21:37.094092','372','Secuso Research - Results - S&P Awarness',3,'',25,1),(2612,'2023-10-06 09:21:37.099820','371','Security Awareness Training',3,'',25,1),(2613,'2023-10-06 09:21:37.108631','370','Home-Office',3,'',25,1),(2614,'2023-10-06 09:21:37.116373','369','Social Engineering',3,'',25,1),(2615,'2023-10-06 09:21:37.123357','368','Security Awareness Training',3,'',25,1),(2616,'2023-10-06 09:21:37.131562','367','Spezialisierung Cybersecurity Kurs 3: Cybersecurity and the X-Factor',3,'',25,1),(2617,'2023-10-06 09:21:37.137525','366','Spezialisierung Cybersecurity Kurs 2: Cybersecurity and the Internet of Things',3,'',25,1),(2618,'2023-10-06 09:21:37.145013','365','Spezialisierung Cybersecurity Kurs 1: Cybersecurity and Mobility',3,'',25,1),(2619,'2023-10-06 09:21:37.152683','364','BEHRDEN-IT-SICHERHEITSTRAINING',3,'',25,1),(2620,'2023-10-06 09:21:37.162348','363','IT-Grundlagen im Broalltag',3,'',25,1),(2621,'2023-10-06 09:26:50.024022','1','Generisch',1,'[{\"added\": {}}]',28,1),(2622,'2023-10-06 09:26:56.113752','2','Spezfisch',1,'[{\"added\": {}}]',28,1),(2623,'2023-10-06 09:27:03.031827','3','KMUs',1,'[{\"added\": {}}]',28,1),(2624,'2023-10-06 09:27:08.807913','4','Kliniken',1,'[{\"added\": {}}]',28,1),(2625,'2023-10-06 09:27:13.279591','5','Konsument',1,'[{\"added\": {}}]',28,1),(2626,'2023-10-06 09:27:52.579551','426','IT-Grundlagen im Broalltag',1,'new through import_export',25,1),(2627,'2023-10-06 09:27:52.583282','427','BEHRDEN-IT-SICHERHEITSTRAINING',1,'new through import_export',25,1),(2628,'2023-10-06 09:27:52.586644','428','Spezialisierung Cybersecurity Kurs 1: Cybersecurity and Mobility',1,'new through import_export',25,1),(2629,'2023-10-06 09:27:52.589275','429','Spezialisierung Cybersecurity Kurs 2: Cybersecurity and the Internet of Things',1,'new through import_export',25,1),(2630,'2023-10-06 09:27:52.592819','430','Spezialisierung Cybersecurity Kurs 3: Cybersecurity and the X-Factor',1,'new through import_export',25,1),(2631,'2023-10-06 09:27:52.597381','431','Security Awareness Training',1,'new through import_export',25,1),(2632,'2023-10-06 09:27:52.600844','432','Social Engineering',1,'new through import_export',25,1),(2633,'2023-10-06 09:27:52.604868','433','Home-Office',1,'new through import_export',25,1),(2634,'2023-10-06 09:27:52.609871','434','Security Awareness Training',1,'new through import_export',25,1),(2635,'2023-10-06 09:27:52.613826','435','Secuso Research - Results - S&P Awarness',1,'new through import_export',25,1),(2636,'2023-10-06 09:27:52.616103','436','Sicherheit im Internet',1,'new through import_export',25,1),(2637,'2023-10-06 09:27:52.619105','437','Security Awareness Trainingsplattform',1,'new through import_export',25,1),(2638,'2023-10-06 09:27:52.622317','438','Datenschutz & IT-Security am Arbeitsplatz (Teil 7 - 10)',1,'new through import_export',25,1),(2639,'2023-10-06 09:27:52.626984','439','E-Mail-Spiel \'Vorsicht, Phishing\'',1,'new through import_export',25,1),(2640,'2023-10-06 09:27:52.630008','440','KMU. Einfach Sicher. Weiterbildungsplattform',1,'new through import_export',25,1),(2641,'2023-10-06 09:27:52.633095','441','Spiele',1,'new through import_export',25,1),(2642,'2023-10-06 09:27:52.636063','442','Digitale Serious Games',1,'new through import_export',25,1),(2643,'2023-10-06 09:27:52.638286','443','Sicherheitskonzepte',1,'new through import_export',25,1),(2644,'2023-10-06 09:27:52.641687','444','IT-Sicherheit',1,'new through import_export',25,1),(2645,'2023-10-06 09:27:52.645173','445','Schulung fr Informationssicherheits-Bewusstsein im Unternehmen',1,'new through import_export',25,1),(2646,'2023-10-06 09:27:52.648600','446','Zertifizierte IT-Security Schulung',1,'new through import_export',25,1),(2647,'2023-10-06 09:27:52.651962','447','IT-Sicherheit: Informationssicherheit und Security Awareness',1,'new through import_export',25,1),(2648,'2023-10-06 09:27:52.657958','448','Basisschutz-Tipps',1,'new through import_export',25,1),(2649,'2023-10-06 09:27:52.661569','449','Sicherheitskompass',1,'new through import_export',25,1),(2650,'2023-10-06 09:27:52.665038','450','Checkliste fr Mitarbeiter - IT-Sicherheit im Home-Office',1,'new through import_export',25,1),(2651,'2023-10-06 09:27:52.668685','451','Leichter Einstieg - Hilfestellungen und Videos zur Sensibilisierung fr die Cyber-Sicherheit',1,'new through import_export',25,1),(2652,'2023-10-06 09:27:52.672045','452','Schulung fr Informationssicherheits-Bewusstsein im Unternehmen',1,'new through import_export',25,1),(2653,'2023-10-06 09:27:52.674945','453','In wenigen Schritten zum sicheren Passwort',1,'new through import_export',25,1),(2654,'2023-10-06 09:27:52.678725','454','Ransomware',1,'new through import_export',25,1),(2655,'2023-10-06 09:27:52.681948','455','Cybersecurityy-Training',1,'new through import_export',25,1),(2656,'2023-10-06 09:27:52.685341','456','Awareness-Kampagne Cybersecurity',1,'new through import_export',25,1),(2657,'2023-10-06 09:29:23.562387','456','Awareness-Kampagne Cybersecurity',3,'',25,1),(2658,'2023-10-06 09:29:23.567215','455','Cybersecurityy-Training',3,'',25,1),(2659,'2023-10-06 09:29:23.571410','454','Ransomware',3,'',25,1),(2660,'2023-10-06 09:29:23.577759','453','In wenigen Schritten zum sicheren Passwort',3,'',25,1),(2661,'2023-10-06 09:29:23.582328','452','Schulung fr Informationssicherheits-Bewusstsein im Unternehmen',3,'',25,1),(2662,'2023-10-06 09:29:23.587079','451','Leichter Einstieg - Hilfestellungen und Videos zur Sensibilisierung fr die Cyber-Sicherheit',3,'',25,1),(2663,'2023-10-06 09:29:23.591640','450','Checkliste fr Mitarbeiter - IT-Sicherheit im Home-Office',3,'',25,1),(2664,'2023-10-06 09:29:23.595494','449','Sicherheitskompass',3,'',25,1),(2665,'2023-10-06 09:29:23.599618','448','Basisschutz-Tipps',3,'',25,1),(2666,'2023-10-06 09:29:23.603855','447','IT-Sicherheit: Informationssicherheit und Security Awareness',3,'',25,1),(2667,'2023-10-06 09:29:23.608167','446','Zertifizierte IT-Security Schulung',3,'',25,1),(2668,'2023-10-06 09:29:23.611865','445','Schulung fr Informationssicherheits-Bewusstsein im Unternehmen',3,'',25,1),(2669,'2023-10-06 09:29:23.616106','444','IT-Sicherheit',3,'',25,1),(2670,'2023-10-06 09:29:23.620700','443','Sicherheitskonzepte',3,'',25,1),(2671,'2023-10-06 09:29:23.626407','442','Digitale Serious Games',3,'',25,1),(2672,'2023-10-06 09:29:23.629624','441','Spiele',3,'',25,1),(2673,'2023-10-06 09:29:23.633572','440','KMU. Einfach Sicher. Weiterbildungsplattform',3,'',25,1),(2674,'2023-10-06 09:29:23.639107','439','E-Mail-Spiel \'Vorsicht, Phishing\'',3,'',25,1),(2675,'2023-10-06 09:29:23.643357','438','Datenschutz & IT-Security am Arbeitsplatz (Teil 7 - 10)',3,'',25,1),(2676,'2023-10-06 09:29:23.647406','437','Security Awareness Trainingsplattform',3,'',25,1),(2677,'2023-10-06 09:29:23.651867','436','Sicherheit im Internet',3,'',25,1),(2678,'2023-10-06 09:29:23.657688','435','Secuso Research - Results - S&P Awarness',3,'',25,1),(2679,'2023-10-06 09:29:23.663780','434','Security Awareness Training',3,'',25,1),(2680,'2023-10-06 09:29:23.668027','433','Home-Office',3,'',25,1),(2681,'2023-10-06 09:29:23.673528','432','Social Engineering',3,'',25,1),(2682,'2023-10-06 09:29:23.678216','431','Security Awareness Training',3,'',25,1),(2683,'2023-10-06 09:29:23.683015','430','Spezialisierung Cybersecurity Kurs 3: Cybersecurity and the X-Factor',3,'',25,1),(2684,'2023-10-06 09:29:23.689025','429','Spezialisierung Cybersecurity Kurs 2: Cybersecurity and the Internet of Things',3,'',25,1),(2685,'2023-10-06 09:29:23.693408','428','Spezialisierung Cybersecurity Kurs 1: Cybersecurity and Mobility',3,'',25,1),(2686,'2023-10-06 09:29:23.697232','427','BEHRDEN-IT-SICHERHEITSTRAINING',3,'',25,1),(2687,'2023-10-06 09:29:23.701289','426','IT-Grundlagen im Broalltag',3,'',25,1),(2688,'2023-10-06 09:32:54.675869','488','IT-Grundlagen im Broalltag',1,'new through import_export',25,1),(2689,'2023-10-06 09:32:54.681368','489','BEHRDEN-IT-SICHERHEITSTRAINING',1,'new through import_export',25,1),(2690,'2023-10-06 09:32:54.686185','490','Spezialisierung Cybersecurity Kurs 1: Cybersecurity and Mobility',1,'new through import_export',25,1),(2691,'2023-10-06 09:32:54.690043','491','Spezialisierung Cybersecurity Kurs 2: Cybersecurity and the Internet of Things',1,'new through import_export',25,1),(2692,'2023-10-06 09:32:54.695767','492','Spezialisierung Cybersecurity Kurs 3: Cybersecurity and the X-Factor',1,'new through import_export',25,1),(2693,'2023-10-06 09:32:54.699637','493','Security Awareness Training',1,'new through import_export',25,1),(2694,'2023-10-06 09:32:54.703552','494','Social Engineering',1,'new through import_export',25,1),(2695,'2023-10-06 09:32:54.707086','495','Home-Office',1,'new through import_export',25,1),(2696,'2023-10-06 09:32:54.711111','496','Security Awareness Training',1,'new through import_export',25,1),(2697,'2023-10-06 09:32:54.717083','497','Secuso Research - Results - S&P Awarness',1,'new through import_export',25,1),(2698,'2023-10-06 09:32:54.722451','498','Sicherheit im Internet',1,'new through import_export',25,1),(2699,'2023-10-06 09:32:54.727515','499','Security Awareness Trainingsplattform',1,'new through import_export',25,1),(2700,'2023-10-06 09:32:54.732115','500','Datenschutz & IT-Security am Arbeitsplatz (Teil 7 - 10)',1,'new through import_export',25,1),(2701,'2023-10-06 09:32:54.734840','501','E-Mail-Spiel \'Vorsicht, Phishing\'',1,'new through import_export',25,1),(2702,'2023-10-06 09:32:54.741798','502','KMU. Einfach Sicher. Weiterbildungsplattform',1,'new through import_export',25,1),(2703,'2023-10-06 09:32:54.747907','503','Spiele',1,'new through import_export',25,1),(2704,'2023-10-06 09:32:54.754555','504','Digitale Serious Games',1,'new through import_export',25,1),(2705,'2023-10-06 09:32:54.836714','505','Sicherheitskonzepte',1,'new through import_export',25,1),(2706,'2023-10-06 09:32:54.840839','506','IT-Sicherheit',1,'new through import_export',25,1),(2707,'2023-10-06 09:32:54.845865','507','Schulung fr Informationssicherheits-Bewusstsein im Unternehmen',1,'new through import_export',25,1),(2708,'2023-10-06 09:32:54.849687','508','Zertifizierte IT-Security Schulung',1,'new through import_export',25,1),(2709,'2023-10-06 09:32:54.854484','509','IT-Sicherheit: Informationssicherheit und Security Awareness',1,'new through import_export',25,1),(2710,'2023-10-06 09:32:54.858942','510','Basisschutz-Tipps',1,'new through import_export',25,1),(2711,'2023-10-06 09:32:54.863395','511','Sicherheitskompass',1,'new through import_export',25,1),(2712,'2023-10-06 09:32:54.867299','512','Checkliste fr Mitarbeiter - IT-Sicherheit im Home-Office',1,'new through import_export',25,1),(2713,'2023-10-06 09:32:54.870873','513','Leichter Einstieg - Hilfestellungen und Videos zur Sensibilisierung fr die Cyber-Sicherheit',1,'new through import_export',25,1),(2714,'2023-10-06 09:32:54.877695','514','Schulung fr Informationssicherheits-Bewusstsein im Unternehmen',1,'new through import_export',25,1),(2715,'2023-10-06 09:32:54.881656','515','In wenigen Schritten zum sicheren Passwort',1,'new through import_export',25,1),(2716,'2023-10-06 09:32:54.886633','516','Ransomware',1,'new through import_export',25,1),(2717,'2023-10-06 09:32:54.890608','517','Cybersecurityy-Training',1,'new through import_export',25,1),(2718,'2023-10-06 09:32:54.894797','518','Awareness-Kampagne Cybersecurity',1,'new through import_export',25,1),(2719,'2023-10-09 16:35:21.335500','519','Sicher per E-Mail kommunizieren - Mitleser unerwnscht',1,'[{\"added\": {}}]',25,1),(2720,'2023-10-09 16:40:30.858081','520','Wie knnen IT-Sicherheitsvorflle vermieden werden? - Praxistipps',1,'[{\"added\": {}}]',25,1),(2721,'2023-10-09 16:42:18.739354','521','Webinar Grundlagen der IT-Sicherheit (Teil 1)',1,'[{\"added\": {}}]',25,1),(2722,'2023-10-09 16:44:49.308723','522','Datenschutzschulung fr Mitarbeiter Basic',1,'[{\"added\": {}}]',25,1),(2723,'2023-10-09 16:46:18.314486','523','DsiN-Digitalfhrerschein (DiF)',1,'[{\"added\": {}}]',25,1),(2724,'2023-10-09 16:48:45.771788','524','Einfhrung in die Cybersicherheit',1,'[{\"added\": {}}]',25,1),(2725,'2023-10-09 22:06:19.935607','15','Falscher Umgang mit kritischen und/oder sensiblen Informationen',2,'[{\"changed\": {\"fields\": [\"Beschreibung\"]}}]',9,1),(2726,'2023-10-10 07:38:39.324499','5','IT-Admin',2,'[{\"changed\": {\"fields\": [\"Zugeordnete Bedrohungsvektoren\"]}}]',19,1),(2727,'2023-10-10 07:51:18.539143','4','Fhrungskraft',2,'[{\"changed\": {\"fields\": [\"Zugeordnete Bedrohungsvektoren\"]}}]',19,1),(2728,'2023-10-10 07:51:54.611503','2','Sachbearbeiter*in im Auendienst',2,'[{\"changed\": {\"fields\": [\"Zugeordnete Bedrohungsvektoren\"]}}]',19,1),(2729,'2023-10-11 13:27:13.684538','8','Consumer',2,'[{\"changed\": {\"fields\": [\"Anzeigen\"]}}]',7,1),(2730,'2023-10-11 13:27:18.823005','4','Fhrungskraft',2,'[{\"changed\": {\"fields\": [\"Anzeigen\"]}}]',7,1),(2731,'2023-10-11 14:04:17.022321','4','Fhrungskraft',2,'[{\"changed\": {\"fields\": [\"Zugeordnete Bedrohungsvektoren\"]}}]',19,1),(2732,'2024-02-17 10:55:24.458457','524','Einfhrung in die Cybersicherheit',3,'',25,1),(2733,'2024-02-17 10:55:24.471002','523','DsiN-Digitalfhrerschein (DiF)',3,'',25,1),(2734,'2024-02-17 10:55:24.477584','522','Datenschutzschulung fr Mitarbeiter Basic',3,'',25,1),(2735,'2024-02-17 10:55:24.481924','521','Webinar Grundlagen der IT-Sicherheit (Teil 1)',3,'',25,1),(2736,'2024-02-17 10:55:24.486757','520','Wie knnen IT-Sicherheitsvorflle vermieden werden? - Praxistipps',3,'',25,1),(2737,'2024-02-17 10:55:24.491853','519','Sicher per E-Mail kommunizieren - Mitleser unerwnscht',3,'',25,1),(2738,'2024-02-17 10:55:24.497025','518','Awareness-Kampagne Cybersecurity',3,'',25,1),(2739,'2024-02-17 10:55:24.502860','517','Cybersecurityy-Training',3,'',25,1),(2740,'2024-02-17 10:55:24.507837','516','Ransomware',3,'',25,1),(2741,'2024-02-17 10:55:24.513694','515','In wenigen Schritten zum sicheren Passwort',3,'',25,1),(2742,'2024-02-17 10:55:24.658406','514','Schulung fr Informationssicherheits-Bewusstsein im Unternehmen',3,'',25,1),(2743,'2024-02-17 10:55:24.663895','513','Leichter Einstieg - Hilfestellungen und Videos zur Sensibilisierung fr die Cyber-Sicherheit',3,'',25,1),(2744,'2024-02-17 10:55:24.670407','512','Checkliste fr Mitarbeiter - IT-Sicherheit im Home-Office',3,'',25,1),(2745,'2024-02-17 10:55:24.675233','511','Sicherheitskompass',3,'',25,1),(2746,'2024-02-17 10:55:24.681808','510','Basisschutz-Tipps',3,'',25,1),(2747,'2024-02-17 10:55:24.731414','509','IT-Sicherheit: Informationssicherheit und Security Awareness',3,'',25,1),(2748,'2024-02-17 10:55:24.736114','508','Zertifizierte IT-Security Schulung',3,'',25,1),(2749,'2024-02-17 10:55:24.741125','507','Schulung fr Informationssicherheits-Bewusstsein im Unternehmen',3,'',25,1),(2750,'2024-02-17 10:55:24.746292','506','IT-Sicherheit',3,'',25,1),(2751,'2024-02-17 10:55:24.755730','505','Sicherheitskonzepte',3,'',25,1),(2752,'2024-02-17 10:55:24.762051','504','Digitale Serious Games',3,'',25,1),(2753,'2024-02-17 10:55:24.767498','503','Spiele',3,'',25,1),(2754,'2024-02-17 10:55:24.773509','502','KMU. Einfach Sicher. Weiterbildungsplattform',3,'',25,1),(2755,'2024-02-17 10:55:24.778502','501','E-Mail-Spiel \'Vorsicht, Phishing\'',3,'',25,1),(2756,'2024-02-17 10:55:24.783418','500','Datenschutz & IT-Security am Arbeitsplatz (Teil 7 - 10)',3,'',25,1),(2757,'2024-02-17 10:55:24.787799','499','Security Awareness Trainingsplattform',3,'',25,1),(2758,'2024-02-17 10:55:24.793674','498','Sicherheit im Internet',3,'',25,1),(2759,'2024-02-17 10:55:24.798370','497','Secuso Research - Results - S&P Awarness',3,'',25,1),(2760,'2024-02-17 10:55:24.803650','496','Security Awareness Training',3,'',25,1),(2761,'2024-02-17 10:55:24.809458','495','Home-Office',3,'',25,1),(2762,'2024-02-17 10:55:24.814465','494','Social Engineering',3,'',25,1),(2763,'2024-02-17 10:55:24.861415','493','Security Awareness Training',3,'',25,1),(2764,'2024-02-17 10:55:24.866941','492','Spezialisierung Cybersecurity Kurs 3: Cybersecurity and the X-Factor',3,'',25,1),(2765,'2024-02-17 10:55:24.946722','491','Spezialisierung Cybersecurity Kurs 2: Cybersecurity and the Internet of Things',3,'',25,1),(2766,'2024-02-17 10:55:24.952252','490','Spezialisierung Cybersecurity Kurs 1: Cybersecurity and Mobility',3,'',25,1),(2767,'2024-02-17 10:55:24.957355','489','BEHRDEN-IT-SICHERHEITSTRAINING',3,'',25,1),(2768,'2024-02-17 10:55:24.961934','488','IT-Grundlagen im Broalltag',3,'',25,1),(2769,'2024-02-17 11:33:36.940781','1','TG 1',1,'[{\"added\": {}}]',35,1),(2770,'2024-02-17 11:33:41.695358','2','TG 2',1,'[{\"added\": {}}]',35,1),(2771,'2024-02-17 11:33:46.136586','3','TG 3',1,'[{\"added\": {}}]',35,1),(2772,'2024-02-17 11:33:50.527582','4','TG 4',1,'[{\"added\": {}}]',35,1),(2773,'2024-02-17 11:33:54.269701','5','TG 5',1,'[{\"added\": {}}]',35,1),(2774,'2024-02-17 11:33:58.163689','6','TG 6',1,'[{\"added\": {}}]',35,1),(2775,'2024-02-17 11:34:02.357977','7','TG 7',1,'[{\"added\": {}}]',35,1),(2776,'2024-02-17 11:34:06.307657','8','TG 8',1,'[{\"added\": {}}]',35,1),(2777,'2024-02-17 11:34:10.810678','9','TG 9',1,'[{\"added\": {}}]',35,1),(2778,'2024-02-17 11:34:15.074893','10','TG 10',1,'[{\"added\": {}}]',35,1),(2779,'2024-02-17 11:34:31.452078','562','IT-Grundlagen im Broalltag',1,'new through import_export',25,1),(2780,'2024-02-17 11:34:31.458224','563','BEHRDEN-IT-SICHERHEITSTRAINING',1,'new through import_export',25,1),(2781,'2024-02-17 11:34:31.462761','564','Spezialisierung Cybersecurity Kurs 1: Cybersecurity and Mobility',1,'new through import_export',25,1),(2782,'2024-02-17 11:34:31.468042','565','Spezialisierung Cybersecurity Kurs 2: Cybersecurity and the Internet of Things',1,'new through import_export',25,1),(2783,'2024-02-17 11:34:31.473702','566','Spezialisierung Cybersecurity Kurs 3: Cybersecurity and the X-Factor',1,'new through import_export',25,1),(2784,'2024-02-17 11:34:31.479590','567','Security Awareness Training',1,'new through import_export',25,1),(2785,'2024-02-17 11:34:31.484755','568','Social Engineering',1,'new through import_export',25,1),(2786,'2024-02-17 11:34:31.491454','569','Home-Office',1,'new through import_export',25,1),(2787,'2024-02-17 11:34:31.497151','570','Security Awareness Training',1,'new through import_export',25,1),(2788,'2024-02-17 11:34:31.503115','571','Secuso Research - Results - S&P Awarness',1,'new through import_export',25,1),(2789,'2024-02-17 11:34:31.508122','572','Sicher per E-Mail kommunizieren - Mitleser unerwnscht',1,'new through import_export',25,1),(2790,'2024-02-17 11:34:31.512358','573','Sicherheit im Internet',1,'new through import_export',25,1),(2791,'2024-02-17 11:34:31.518351','574','Security Awareness Trainingsplattform',1,'new through import_export',25,1),(2792,'2024-02-17 11:34:31.524692','575','Wie knnen IT-Sicherheitsvorflle vermieden werden? - Praxistipps',1,'new through import_export',25,1),(2793,'2024-02-17 11:34:31.530768','576','Webinar Grundlagen der IT-Sicherheit (Teil 1)',1,'new through import_export',25,1),(2794,'2024-02-17 11:34:31.538327','577','Datenschutz & IT-Security am Arbeitsplatz (Teil 7 - 10)',1,'new through import_export',25,1),(2795,'2024-02-17 11:34:31.543541','578','Datenschutzschulung fr Mitarbeiter Basic',1,'new through import_export',25,1),(2796,'2024-02-17 11:34:31.548680','579','DsiN-Digitalfhrerschein (DiF)',1,'new through import_export',25,1),(2797,'2024-02-17 11:34:31.555435','580','E-Mail-Spiel \'Vorsicht, Phishing\'',1,'new through import_export',25,1),(2798,'2024-02-17 11:34:31.559731','581','Einfhrung in die Cybersicherheit',1,'new through import_export',25,1),(2799,'2024-02-17 11:34:31.566003','582','KMU. Einfach Sicher. Weiterbildungsplattform',1,'new through import_export',25,1),(2800,'2024-02-17 11:34:31.570597','583','Spiele',1,'new through import_export',25,1),(2801,'2024-02-17 11:34:31.575783','584','Digitale Serious Games',1,'new through import_export',25,1),(2802,'2024-02-17 11:34:31.580688','585','Sicherheitskonzepte',1,'new through import_export',25,1),(2803,'2024-02-17 11:34:31.584905','586','IT-Sicherheit',1,'new through import_export',25,1),(2804,'2024-02-17 11:34:31.590917','587','Schulung fr Informationssicherheits-Bewusstsein im Unternehmen',1,'new through import_export',25,1),(2805,'2024-02-17 11:34:31.595335','588','Zertifizierte IT-Security Schulung',1,'new through import_export',25,1),(2806,'2024-02-17 11:34:31.600917','589','IT-Sicherheit: Informationssicherheit und Security Awareness',1,'new through import_export',25,1),(2807,'2024-02-17 11:34:31.606622','590','Basisschutz-Tipps',1,'new through import_export',25,1),(2808,'2024-02-17 11:34:31.611564','591','Sicherheitskompass',1,'new through import_export',25,1),(2809,'2024-02-17 11:34:31.618567','592','Checkliste fr Mitarbeiter - IT-Sicherheit im Home-Office',1,'new through import_export',25,1),(2810,'2024-02-17 11:34:31.624067','593','Leichter Einstieg - Hilfestellungen und Videos zur Sensibilisierung fr die Cyber-Sicherheit',1,'new through import_export',25,1),(2811,'2024-02-17 11:34:31.632638','594','Schulung fr Informationssicherheits-Bewusstsein im Unternehmen',1,'new through import_export',25,1),(2812,'2024-02-17 11:34:31.638313','595','In wenigen Schritten zum sicheren Passwort',1,'new through import_export',25,1),(2813,'2024-02-17 11:34:31.649964','596','Ransomware',1,'new through import_export',25,1),(2814,'2024-02-17 11:34:31.663736','597','Cybersecurityy-Training',1,'new through import_export',25,1),(2815,'2024-02-17 11:34:31.669464','598','Awareness-Kampagne Cybersecurity',1,'new through import_export',25,1),(2816,'2024-02-19 10:34:00.334549','5','IT-Admin',2,'[{\"changed\": {\"fields\": [\"Zugeordnete Bedrohungsvektoren\"]}}]',19,1),(2817,'2024-02-19 10:34:29.735848','5','IT-Admin',2,'[{\"changed\": {\"fields\": [\"Zugeordnete Bedrohungsvektoren\"]}}]',19,1),(2818,'2024-02-19 13:05:17.487339','8','Consumer',2,'[{\"changed\": {\"fields\": [\"Anzeigen\"]}}]',7,1),(2819,'2024-02-26 14:58:50.981339','5','d_mann',1,'[{\"added\": {}}]',4,1),(2820,'2024-02-26 14:58:58.099109','5','d_mann',2,'[{\"changed\": {\"fields\": [\"Staff status\"]}}]',4,1),(2821,'2024-02-26 15:28:52.930696','5','d_mann',2,'[{\"changed\": {\"fields\": [\"Superuser status\"]}}]',4,1),(2822,'2024-02-27 08:31:21.912951','3','hullik',2,'[{\"changed\": {\"fields\": [\"Active\", \"Staff status\"]}}]',4,1),(2823,'2024-02-27 08:31:29.753628','2','hugenberg',2,'[{\"changed\": {\"fields\": [\"Active\", \"Staff status\"]}}]',4,1),(2824,'2024-03-15 15:22:07.959791','4','Arneo',2,'[{\"changed\": {\"name\": \"Kampagnen-Berechtigung\", \"object\": \"Arneo\", \"fields\": [\"Kampagnen Manager Status\"]}}]',4,1),(2825,'2024-03-15 16:23:03.072767','4','Arneo',2,'[{\"changed\": {\"fields\": [\"Email address\"]}}]',4,1),(2826,'2024-03-16 15:15:26.929983','6','flo_ramp',1,'[{\"added\": {}}]',4,1),(4209,'2024-04-08 16:30:44.038188','1','Innendienst',2,'[{\"changed\": {\"fields\": [\"Bezeichnung\"]}}]',7,1),(4210,'2024-04-08 16:30:53.858794','7','Auendienst',2,'[{\"changed\": {\"fields\": [\"Bezeichnung\"]}}]',7,1),(4211,'2024-04-18 12:03:57.953301','6','flo_ramp',2,'[{\"changed\": {\"name\": \"Kampagnen-Berechtigung\", \"object\": \"flo_ramp\", \"fields\": [\"Kampagnen Manager Status\"]}}]',4,1),(4212,'2024-04-22 17:47:10.017995','50','Durchfhrung von Brute-Force-Anmeldeversuchen/Passworterratungsangriffen/PC',1,'[{\"added\": {}}]',10,1),(4213,'2024-04-22 17:49:20.395211','62','Durchfhrung von Brute-Force-Anmeldeversuchen/Passworterratungsangriffen/PC/Geschftsfhrer*in',1,'[{\"added\": {}}]',11,1),(4214,'2024-04-22 17:53:21.423736','159','GF/Durchfhrung von Brute-Force-Anmeldeversuchen/PC/Impuls 1',1,'[{\"added\": {}}]',15,1),(4215,'2024-04-22 17:53:57.203562','160','GF/Durchfhrung von Brute-Force-Anmeldeversuchen/PC/Impuls 2',1,'[{\"added\": {}}]',15,1),(4216,'2024-04-22 17:54:21.545103','161','GF/Durchfhrung von Brute-Force-Anmeldeversuchen/PC/Impuls 3',1,'[{\"added\": {}}]',15,1),(4217,'2024-04-22 17:55:22.020473','60','GF/Durchfhrung von Brute-Force-Anmeldeversuchen/PC/Impulse',1,'[{\"added\": {}}]',21,1),(4218,'2024-04-22 17:57:05.223930','60','GF/Durchfhrung von Brute-Force-Anmeldeversuchen/PC/Impulse',2,'[{\"changed\": {\"fields\": [\"Text zum Impuls\"]}}]',21,1),(4219,'2024-04-22 17:59:27.606208','415','Threat Awareness/GF/Durchfhrung von Brute-Force-Anmeldeversuchen/PC',1,'[{\"added\": {}}]',17,1),(4220,'2024-04-22 18:00:19.437931','416','Threat Identification/GF/Durchfhrung von Brute-Force-Anmeldeversuchen/PC',1,'[{\"added\": {}}]',17,1),(4221,'2024-04-22 18:00:58.618085','417','Threat Impact Assessment/GF/Durchfhrung von Brute-Force-Anmeldeversuchen/PC',1,'[{\"added\": {}}]',17,1),(4222,'2024-04-22 18:01:21.439007','418','Tactic Choice/GF/Durchfhrung von Brute-Force-Anmeldeversuchen/PC',1,'[{\"added\": {}}]',17,1),(4223,'2024-04-22 18:01:42.243148','419','Tactic Justification/GF/Durchfhrung von Brute-Force-Anmeldeversuchen/PC',1,'[{\"added\": {}}]',17,1),(4224,'2024-04-22 18:02:00.686086','420','Tactic Mastery/GF/Durchfhrung von Brute-Force-Anmeldeversuchen/PC',1,'[{\"added\": {}}]',17,1),(4225,'2024-04-22 18:02:54.953412','420','Tactic Mastery/GF/Durchfhrung von Brute-Force-Anmeldeversuchen/PC',2,'[{\"changed\": {\"fields\": [\"Text zur Frage\"]}}]',17,1),(4226,'2024-04-22 18:03:33.382697','421','Tactic Check & Follow Up/GF/Durchfhrung von Brute-Force-Anmeldeversuchen/PC',1,'[{\"added\": {}}]',17,1),(4227,'2024-04-22 18:07:19.833063','1587','Threat Awareness/GF/Durchfhrung von Brute-Force-Anmeldeversuchen/PC',1,'[{\"added\": {}}]',20,1),(4228,'2024-04-22 18:07:48.479590','1588','Threat Awareness/GF/Durchfhrung von Brute-Force-Anmeldeversuchen/PC',1,'[{\"added\": {}}]',20,1),(4229,'2024-04-22 18:08:19.976728','1589','Threat Awareness/GF/Durchfhrung von Brute-Force-Anmeldeversuchen/PC',1,'[{\"added\": {}}]',20,1),(4230,'2024-04-22 18:09:19.220052','1590','Threat Identification/GF/Durchfhrung von Brute-Force-Anmeldeversuchen/PC',1,'[{\"added\": {}}]',20,1),(4231,'2024-04-22 18:09:39.336616','1591','Threat Identification/GF/Durchfhrung von Brute-Force-Anmeldeversuchen/PC',1,'[{\"added\": {}}]',20,1),(4232,'2024-04-22 18:09:59.871771','1592','Threat Identification/GF/Durchfhrung von Brute-Force-Anmeldeversuchen/PC',1,'[{\"added\": {}}]',20,1),(4233,'2024-04-22 18:10:17.543543','1593','Threat Impact Assessment/GF/Durchfhrung von Brute-Force-Anmeldeversuchen/PC',1,'[{\"added\": {}}]',20,1),(4234,'2024-04-22 18:10:41.384080','1594','Threat Impact Assessment/GF/Durchfhrung von Brute-Force-Anmeldeversuchen/PC',1,'[{\"added\": {}}]',20,1),(4235,'2024-04-22 18:10:59.528473','1595','Threat Impact Assessment/GF/Durchfhrung von Brute-Force-Anmeldeversuchen/PC',1,'[{\"added\": {}}]',20,1),(4236,'2024-04-22 18:20:31.594961','1596','Tactic Choice/GF/Durchfhrung von Brute-Force-Anmeldeversuchen/PC',1,'[{\"added\": {}}]',20,1),(4237,'2024-04-22 18:20:48.283643','1597','Tactic Choice/GF/Durchfhrung von Brute-Force-Anmeldeversuchen/PC',1,'[{\"added\": {}}]',20,1),(4238,'2024-04-22 18:21:06.331904','1598','Tactic Choice/GF/Durchfhrung von Brute-Force-Anmeldeversuchen/PC',1,'[{\"added\": {}}]',20,1),(4239,'2024-04-22 18:21:28.918617','1599','Tactic Choice/GF/Durchfhrung von Brute-Force-Anmeldeversuchen/PC',1,'[{\"added\": {}}]',20,1),(4240,'2024-04-22 18:21:51.123923','1600','Tactic Justification/GF/Durchfhrung von Brute-Force-Anmeldeversuchen/PC',1,'[{\"added\": {}}]',20,1),(4241,'2024-04-22 18:22:07.733492','1601','Tactic Justification/GF/Durchfhrung von Brute-Force-Anmeldeversuchen/PC',1,'[{\"added\": {}}]',20,1),(4242,'2024-04-22 18:22:27.966664','1602','Tactic Justification/GF/Durchfhrung von Brute-Force-Anmeldeversuchen/PC',1,'[{\"added\": {}}]',20,1),(4243,'2024-04-22 18:22:45.329235','1603','Tactic Mastery/GF/Durchfhrung von Brute-Force-Anmeldeversuchen/PC',1,'[{\"added\": {}}]',20,1),(4244,'2024-04-22 18:23:02.433815','1604','Tactic Mastery/GF/Durchfhrung von Brute-Force-Anmeldeversuchen/PC',1,'[{\"added\": {}}]',20,1),(4245,'2024-04-22 18:23:22.371939','1605','Tactic Mastery/GF/Durchfhrung von Brute-Force-Anmeldeversuchen/PC',1,'[{\"added\": {}}]',20,1),(4246,'2024-04-22 18:23:45.668093','1606','Tactic Mastery/GF/Durchfhrung von Brute-Force-Anmeldeversuchen/PC',1,'[{\"added\": {}}]',20,1),(4247,'2024-04-22 18:24:02.115213','1607','Tactic Check & Follow Up/GF/Durchfhrung von Brute-Force-Anmeldeversuchen/PC',1,'[{\"added\": {}}]',20,1),(4248,'2024-04-22 18:24:19.837950','1608','Tactic Check & Follow Up/GF/Durchfhrung von Brute-Force-Anmeldeversuchen/PC',1,'[{\"added\": {}}]',20,1),(4249,'2024-04-22 18:24:36.766926','1609','Tactic Check & Follow Up/GF/Durchfhrung von Brute-Force-Anmeldeversuchen/PC',1,'[{\"added\": {}}]',20,1),(4250,'2024-04-22 18:24:53.068919','1610','Tactic Check & Follow Up/GF/Durchfhrung von Brute-Force-Anmeldeversuchen/PC',1,'[{\"added\": {}}]',20,1),(4251,'2024-04-22 18:25:10.239001','1611','Tactic Check & Follow Up/GF/Durchfhrung von Brute-Force-Anmeldeversuchen/PC',1,'[{\"added\": {}}]',20,1),(4252,'2024-04-22 18:25:39.792192','396','Durchfhrung von Brute-Force-Anmeldeversuchen/Passworterratungsangriffen/PC/Threat Awareness/Geschftsfhrer*in',1,'[{\"added\": {}}]',18,1),(4253,'2024-04-22 18:25:56.677039','397','Durchfhrung von Brute-Force-Anmeldeversuchen/Passworterratungsangriffen/PC/Threat Identification/Geschftsfhrer*in',1,'[{\"added\": {}}]',18,1),(4254,'2024-04-22 18:26:12.036077','398','Durchfhrung von Brute-Force-Anmeldeversuchen/Passworterratungsangriffen/PC/Threat Impact Assessment/Geschftsfhrer*in',1,'[{\"added\": {}}]',18,1),(4255,'2024-04-22 18:26:25.968410','399','Durchfhrung von Brute-Force-Anmeldeversuchen/Passworterratungsangriffen/PC/Tactic Choice/Geschftsfhrer*in',1,'[{\"added\": {}}]',18,1),(4256,'2024-04-22 18:26:43.337860','400','Durchfhrung von Brute-Force-Anmeldeversuchen/Passworterratungsangriffen/PC/Tactic Justification/Geschftsfhrer*in',1,'[{\"added\": {}}]',18,1),(4257,'2024-04-22 18:26:56.239797','401','Durchfhrung von Brute-Force-Anmeldeversuchen/Passworterratungsangriffen/PC/Tactic Mastery/Geschftsfhrer*in',1,'[{\"added\": {}}]',18,1),(4258,'2024-04-22 18:27:09.669462','402','Durchfhrung von Brute-Force-Anmeldeversuchen/Passworterratungsangriffen/PC/Tactic Check & Follow-Up/Geschftsfhrer*in',1,'[{\"added\": {}}]',18,1),(4259,'2024-04-22 18:27:30.515258','7','Geschftsfhrer*in',2,'[{\"changed\": {\"fields\": [\"Zugeordnete Bedrohungsvektoren\"]}}]',19,1),(4260,'2024-04-22 18:30:07.609568','1587','Threat Awareness/GF/Durchfhrung von Brute-Force-Anmeldeversuchen/PC',2,'[{\"changed\": {\"fields\": [\"Antwortoption\"]}}]',20,1),(4261,'2024-04-22 18:30:18.628689','1588','Threat Awareness/GF/Durchfhrung von Brute-Force-Anmeldeversuchen/PC',2,'[{\"changed\": {\"fields\": [\"Antwortoption\"]}}]',20,1),(4262,'2024-04-22 18:30:27.846656','1589','Threat Awareness/GF/Durchfhrung von Brute-Force-Anmeldeversuchen/PC',2,'[{\"changed\": {\"fields\": [\"Antwortoption\"]}}]',20,1),(4263,'2024-04-22 18:30:47.156716','159','GF/Durchfhrung von Brute-Force-Anmeldeversuchen/PC/Impuls 1',2,'[{\"changed\": {\"fields\": [\"Text zur Bild-Datei\"]}}]',15,1),(4264,'2024-04-22 18:30:57.603076','160','GF/Durchfhrung von Brute-Force-Anmeldeversuchen/PC/Impuls 2',2,'[{\"changed\": {\"fields\": [\"Text zur Bild-Datei\"]}}]',15,1),(4265,'2024-04-22 18:31:08.691931','161','GF/Durchfhrung von Brute-Force-Anmeldeversuchen/PC/Impuls 3',2,'[{\"changed\": {\"fields\": [\"Text zur Bild-Datei\"]}}]',15,1),(4266,'2024-04-22 18:45:25.329484','6','flo_ramp',2,'[{\"changed\": {\"name\": \"Kampagnen-Berechtigung\", \"object\": \"flo_ramp\", \"fields\": [\"Kampagnen Manager Status\"]}}]',4,1),(4267,'2024-04-22 18:57:21.315884','51','Kompromittierung von Informationssystemen/USB-Stick',1,'[{\"added\": {}}]',10,1),(4268,'2024-04-22 18:58:44.186236','51','Kompromittierung von Informationssystemen/Telefon',2,'[{\"changed\": {\"fields\": [\"Zugeordneter Bedrohungsbereich\"]}}]',10,1),(4269,'2024-04-22 18:59:19.960964','63','Kompromittierung von Informationssystemen/Telefon/Geschftsfhrer*in',1,'[{\"added\": {}}]',11,1),(4270,'2024-04-22 19:00:37.987125','162','GF/Kompromittierung von Informationssystemen oder Gerten/Telefon/Impuls 1',1,'[{\"added\": {}}]',15,1),(4271,'2024-04-22 19:01:13.246739','163','GF/Kompromittierung von Informationssystemen oder Gerten/Telefon/Impuls 2',1,'[{\"added\": {}}]',15,1),(4272,'2024-04-22 19:01:37.294921','164','GF/Kompromittierung von Informationssystemen oder Gerten/Telefon/Impuls 3',1,'[{\"added\": {}}]',15,1),(4273,'2024-04-22 19:02:13.937717','61','GF/Kompromittierung von Informationssystemen oder Gerten/Telefon/Impulse',1,'[{\"added\": {}}]',21,1),(4274,'2024-04-22 19:02:27.194329','61','GF/Kompromittierung von Informationssystemen oder Gerten/Telefon/Impulse',2,'[{\"changed\": {\"fields\": [\"Text zum Impuls\"]}}]',21,1),(4275,'2024-04-22 19:03:37.815344','422','Threat Awareness/GF/Kompromittierung von Informationssystemen oder Gerten/Telefon',1,'[{\"added\": {}}]',17,1),(4276,'2024-04-22 19:04:19.089868','423','Threat Identification/GF/Kompromittierung von Informationssystemen oder Gerten/Telefon',1,'[{\"added\": {}}]',17,1),(4277,'2024-04-22 19:04:51.573094','424','Threat Impact Assessment/GF/Kompromittierung von Informationssystemen oder Gerten/Telefon',1,'[{\"added\": {}}]',17,1),(4278,'2024-04-22 19:05:17.461535','425','Tactic Choice/GF/Kompromittierung von Informationssystemen oder Gerten/Telefon',1,'[{\"added\": {}}]',17,1),(4279,'2024-04-22 19:05:37.543906','426','Tactic Justification/GF/Kompromittierung von Informationssystemen oder Gerten/Telefon',1,'[{\"added\": {}}]',17,1),(4280,'2024-04-22 19:05:59.976076','427','Tactic Mastery/GF/Kompromittierung von Informationssystemen oder Gerten/Telefon',1,'[{\"added\": {}}]',17,1),(4281,'2024-04-22 19:06:21.704573','428','Tactic Check & Follow Up/GF/Kompromittierung von Informationssystemen oder Gerten/Telefon',1,'[{\"added\": {}}]',17,1),(4282,'2024-04-22 19:06:55.977846','1612','Threat Awareness/GF/Kompromittierung von Informationssystemen oder Gerten/Telefon',1,'[{\"added\": {}}]',20,1),(4283,'2024-04-22 19:07:14.231530','1613','Threat Awareness/GF/Kompromittierung von Informationssystemen oder Gerten/Telefon',1,'[{\"added\": {}}]',20,1),(4284,'2024-04-22 19:07:28.327662','1614','Threat Awareness/GF/Kompromittierung von Informationssystemen oder Gerten/Telefon',1,'[{\"added\": {}}]',20,1),(4285,'2024-04-22 19:07:53.496136','1615','Threat Identification/GF/Kompromittierung von Informationssystemen oder Gerten/Telefon',1,'[{\"added\": {}}]',20,1),(4286,'2024-04-22 19:08:13.513618','1616','Threat Identification/GF/Kompromittierung von Informationssystemen oder Gerten/Telefon',1,'[{\"added\": {}}]',20,1),(4287,'2024-04-22 19:08:31.955121','1617','Threat Identification/GF/Kompromittierung von Informationssystemen oder Gerten/Telefon',1,'[{\"added\": {}}]',20,1),(4288,'2024-04-22 19:08:52.708602','1618','Threat Identification/GF/Kompromittierung von Informationssystemen oder Gerten/Telefon',1,'[{\"added\": {}}]',20,1),(4289,'2024-04-22 19:09:11.314132','1619','Threat Impact Assessment/GF/Kompromittierung von Informationssystemen oder Gerten/Telefon',1,'[{\"added\": {}}]',20,1),(4290,'2024-04-22 19:09:28.857510','1620','Threat Impact Assessment/GF/Kompromittierung von Informationssystemen oder Gerten/Telefon',1,'[{\"added\": {}}]',20,1),(4291,'2024-04-22 19:09:47.599022','1621','Threat Impact Assessment/GF/Kompromittierung von Informationssystemen oder Gerten/Telefon',1,'[{\"added\": {}}]',20,1),(4292,'2024-04-22 19:10:52.496519','1622','Threat Impact Assessment/GF/Kompromittierung von Informationssystemen oder Gerten/Telefon',1,'[{\"added\": {}}]',20,1),(4293,'2024-04-22 19:11:26.866472','1623','Tactic Choice/GF/Kompromittierung von Informationssystemen oder Gerten/Telefon',1,'[{\"added\": {}}]',20,1),(4294,'2024-04-22 19:11:57.962455','1624','Tactic Choice/GF/Kompromittierung von Informationssystemen oder Gerten/Telefon',1,'[{\"added\": {}}]',20,1),(4295,'2024-04-22 19:12:19.336485','1625','Tactic Choice/GF/Kompromittierung von Informationssystemen oder Gerten/Telefon',1,'[{\"added\": {}}]',20,1),(4296,'2024-04-22 19:12:35.686191','1626','Tactic Choice/GF/Kompromittierung von Informationssystemen oder Gerten/Telefon',1,'[{\"added\": {}}]',20,1),(4297,'2024-04-22 19:12:54.025653','1627','Tactic Choice/GF/Kompromittierung von Informationssystemen oder Gerten/Telefon',1,'[{\"added\": {}}]',20,1),(4298,'2024-04-22 19:13:14.035844','1628','Tactic Justification/GF/Kompromittierung von Informationssystemen oder Gerten/Telefon',1,'[{\"added\": {}}]',20,1),(4299,'2024-04-22 19:13:35.657724','1629','Tactic Justification/GF/Kompromittierung von Informationssystemen oder Gerten/Telefon',1,'[{\"added\": {}}]',20,1),(4300,'2024-04-22 19:13:50.683213','1630','Tactic Justification/GF/Kompromittierung von Informationssystemen oder Gerten/Telefon',1,'[{\"added\": {}}]',20,1),(4301,'2024-04-22 19:14:08.808419','1631','Tactic Mastery/GF/Kompromittierung von Informationssystemen oder Gerten/Telefon',1,'[{\"added\": {}}]',20,1),(4302,'2024-04-22 19:14:26.546579','1632','Tactic Mastery/GF/Kompromittierung von Informationssystemen oder Gerten/Telefon',1,'[{\"added\": {}}]',20,1),(4303,'2024-04-22 19:14:41.011886','1633','Tactic Mastery/GF/Kompromittierung von Informationssystemen oder Gerten/Telefon',1,'[{\"added\": {}}]',20,1),(4304,'2024-04-22 19:14:55.151375','1634','Tactic Mastery/GF/Kompromittierung von Informationssystemen oder Gerten/Telefon',1,'[{\"added\": {}}]',20,1),(4305,'2024-04-22 19:15:11.294842','1635','Tactic Mastery/GF/Kompromittierung von Informationssystemen oder Gerten/Telefon',1,'[{\"added\": {}}]',20,1),(4306,'2024-04-22 19:15:26.708534','1636','Tactic Check & Follow Up/GF/Kompromittierung von Informationssystemen oder Gerten/Telefon',1,'[{\"added\": {}}]',20,1),(4307,'2024-04-22 19:15:58.000294','1637','Tactic Check & Follow Up/GF/Kompromittierung von Informationssystemen oder Gerten/Telefon',1,'[{\"added\": {}}]',20,1),(4308,'2024-04-22 19:16:16.260523','1638','Tactic Check & Follow Up/GF/Kompromittierung von Informationssystemen oder Gerten/Telefon',1,'[{\"added\": {}}]',20,1),(4309,'2024-04-22 19:16:30.392558','1639','Tactic Check & Follow Up/GF/Kompromittierung von Informationssystemen oder Gerten/Telefon',1,'[{\"added\": {}}]',20,1),(4310,'2024-04-22 19:16:55.677641','403','Kompromittierung von Informationssystemen/Telefon/Threat Awareness/Geschftsfhrer*in',1,'[{\"added\": {}}]',18,1),(4311,'2024-04-22 19:17:13.368012','404','Kompromittierung von Informationssystemen/Telefon/Threat Identification/Geschftsfhrer*in',1,'[{\"added\": {}}]',18,1),(4312,'2024-04-22 19:17:28.913646','405','Kompromittierung von Informationssystemen/Telefon/Threat Impact Assessment/Geschftsfhrer*in',1,'[{\"added\": {}}]',18,1),(4313,'2024-04-22 19:17:50.058620','406','Kompromittierung von Informationssystemen/Telefon/Tactic Choice/Geschftsfhrer*in',1,'[{\"added\": {}}]',18,1),(4314,'2024-04-22 19:18:05.601116','407','Kompromittierung von Informationssystemen/Telefon/Tactic Justification/Geschftsfhrer*in',1,'[{\"added\": {}}]',18,1),(4315,'2024-04-22 19:18:20.276377','408','Kompromittierung von Informationssystemen/Telefon/Tactic Mastery/Geschftsfhrer*in',1,'[{\"added\": {}}]',18,1),(4316,'2024-04-22 19:18:33.312777','409','Kompromittierung von Informationssystemen/Telefon/Tactic Check & Follow-Up/Geschftsfhrer*in',1,'[{\"added\": {}}]',18,1),(4317,'2024-04-22 19:18:47.861310','7','Geschftsfhrer*in',2,'[{\"changed\": {\"fields\": [\"Zugeordnete Bedrohungsvektoren\"]}}]',19,1),(4318,'2024-04-22 19:20:09.326942','408','Kompromittierung von Informationssystemen/Telefon/Tactic Mastery/Geschftsfhrer*in',2,'[{\"changed\": {\"fields\": [\"Zugeordneter Impuls\"]}}]',18,1),(4319,'2024-04-22 19:20:19.552519','409','Kompromittierung von Informationssystemen/Telefon/Tactic Check & Follow-Up/Geschftsfhrer*in',2,'[{\"changed\": {\"fields\": [\"Zugeordneter Impuls\"]}}]',18,1),(4320,'2024-04-22 19:32:11.543064','40','Spear Phishing',1,'[{\"added\": {}}]',9,1),(4321,'2024-04-22 19:32:45.849467','52','Spear Phishing/Instantmessenger',1,'[{\"added\": {}}]',10,1),(4322,'2024-04-22 19:33:25.240761','64','Spear Phishing/Instantmessenger/Geschftsfhrer*in',1,'[{\"added\": {}}]',11,1),(4323,'2024-04-22 19:35:23.561150','10','ChatInterface object (10)',1,'[{\"added\": {}}]',12,1),(4324,'2024-04-22 19:38:45.637521','11','ChatInterface object (11)',1,'[{\"added\": {}}]',12,1),(4325,'2024-04-22 19:47:27.955665','1','Innendienst',2,'[{\"changed\": {\"fields\": [\"Zugeordnete Bedrohungsvektoren\"]}}]',19,1),(4326,'2024-04-22 20:40:07.011620','16','GF/Einschleusen von Malware/Mailsystem/Email 1',1,'[{\"added\": {}}]',14,1),(4327,'2024-04-22 20:41:06.854650','17','GF/Einschleusen von Malware/Mailsystem/Email 2',1,'[{\"added\": {}}]',14,1),(4328,'2024-04-22 20:42:01.330038','18','GF/Einschleusen von Malware/Mailsystem/Email 3',1,'[{\"added\": {}}]',14,1),(4329,'2024-04-22 20:42:29.726514','62','GF/Einschleusen von Malware/Mailsystem/Email Impulse',1,'[{\"added\": {}}]',22,1),(4330,'2024-04-22 20:44:33.867241','65','Einschleusen modifizierter Malware in interne Informationssysteme der Organisation/Mailsystem/Geschftsfhrer*in',1,'[{\"added\": {}}]',11,1),(4331,'2024-04-22 20:45:04.830087','429','Threat Awareness/GF/Einschleusen von Malware/Mailsystem',1,'[{\"added\": {}}]',17,1),(4332,'2024-04-22 20:46:29.515259','410','Einschleusen modifizierter Malware in interne Informationssysteme der Organisation/Mailsystem/Threat Awareness/Geschftsfhrer*in',1,'[{\"added\": {}}]',18,1),(4333,'2024-04-22 20:47:09.243927','7','Geschftsfhrer*in',2,'[{\"changed\": {\"fields\": [\"Zugeordnete Bedrohungsvektoren\"]}}]',19,1),(4334,'2024-04-22 20:47:34.492670','65','Einschleusen bekannter Malware in interne Informationssysteme der Organisation/Mailsystem/Geschftsfhrer*in',2,'[{\"changed\": {\"fields\": [\"Zugeordneter Bedrohungsvektor\"]}}]',11,1),(4335,'2024-04-23 07:47:26.633205','18','GF/Einschleusen von Malware/Mailsystem/Email 3',2,'[]',14,1),(4336,'2024-04-23 07:48:03.710627','18','GF/Einschleusen von Malware/Mailsystem/Email 3',2,'[{\"changed\": {\"fields\": [\"Inhalt\"]}}]',14,1),(4337,'2024-04-23 07:48:28.829905','16','GF/Einschleusen von Malware/Mailsystem/Email 1',2,'[{\"changed\": {\"fields\": [\"Inhalt\"]}}]',14,1),(4338,'2024-04-23 07:49:15.541964','430','Threat Identification/GF/Einschleusen von Malware/Mailsystem',1,'[{\"added\": {}}]',17,1),(4339,'2024-04-23 07:49:40.345942','431','Threat Impact Asessment/GF/Einschleusen von Malware/Mailsystem',1,'[{\"added\": {}}]',17,1),(4340,'2024-04-23 07:50:07.354190','432','Tactic Choice/GF/Einschleusen von Malware/Mailsystem',1,'[{\"added\": {}}]',17,1),(4341,'2024-04-23 07:50:29.379938','433','Tactic Justification/GF/Einschleusen von Malware/Mailsystem',1,'[{\"added\": {}}]',17,1),(4342,'2024-04-23 07:50:50.670036','434','Tactic Mastery/GF/Einschleusen von Malware/Mailsystem',1,'[{\"added\": {}}]',17,1),(4343,'2024-04-23 07:51:15.971411','435','Tactic Check & Follow Up/GF/Einschleusen von Malware/Mailsystem',1,'[{\"added\": {}}]',17,1),(4344,'2024-04-23 08:02:36.189785','1640','Threat Identification/GF/Einschleusen von Malware/Mailsystem',1,'[{\"added\": {}}]',20,1),(4345,'2024-04-23 08:03:05.820962','1641','Threat Identification/GF/Einschleusen von Malware/Mailsystem',1,'[{\"added\": {}}]',20,1),(4346,'2024-04-23 08:03:27.405931','1642','Threat Identification/GF/Einschleusen von Malware/Mailsystem',1,'[{\"added\": {}}]',20,1),(4347,'2024-04-23 08:03:43.761344','1643','Threat Identification/GF/Einschleusen von Malware/Mailsystem',1,'[{\"added\": {}}]',20,1),(4348,'2024-04-23 08:04:01.420922','1644','Threat Identification/GF/Einschleusen von Malware/Mailsystem',1,'[{\"added\": {}}]',20,1),(4349,'2024-04-23 08:05:23.120858','1645','Threat Impact Asessment/GF/Einschleusen von Malware/Mailsystem',1,'[{\"added\": {}}]',20,1),(4350,'2024-04-23 08:06:48.014842','1646','Threat Impact Asessment/GF/Einschleusen von Malware/Mailsystem',1,'[{\"added\": {}}]',20,1),(4351,'2024-04-23 08:07:19.491642','1647','Threat Impact Asessment/GF/Einschleusen von Malware/Mailsystem',1,'[{\"added\": {}}]',20,1),(4352,'2024-04-23 08:07:40.880078','1648','Threat Impact Asessment/GF/Einschleusen von Malware/Mailsystem',1,'[{\"added\": {}}]',20,1),(4353,'2024-04-23 08:08:08.852271','1649','Threat Impact Asessment/GF/Einschleusen von Malware/Mailsystem',1,'[{\"added\": {}}]',20,1),(4354,'2024-04-23 08:11:01.034463','1645','Threat Impact Asessment/GF/Einschleusen von Malware/Mailsystem',2,'[{\"changed\": {\"fields\": [\"Bewertung der Antwortoption\"]}}]',20,1),(4355,'2024-04-23 08:11:36.048199','1650','Tactic Choice/GF/Einschleusen von Malware/Mailsystem',1,'[{\"added\": {}}]',20,1),(4356,'2024-04-23 08:12:07.249208','1651','Tactic Choice/GF/Einschleusen von Malware/Mailsystem',1,'[{\"added\": {}}]',20,1),(4357,'2024-04-23 08:12:30.892552','1652','Tactic Choice/GF/Einschleusen von Malware/Mailsystem',1,'[{\"added\": {}}]',20,1),(4358,'2024-04-23 08:12:49.593968','1653','Tactic Choice/GF/Einschleusen von Malware/Mailsystem',1,'[{\"added\": {}}]',20,1),(4359,'2024-04-23 08:13:20.522038','1654','Tactic Justification/GF/Einschleusen von Malware/Mailsystem',1,'[{\"added\": {}}]',20,1),(4360,'2024-04-23 08:13:41.065354','1655','Tactic Justification/GF/Einschleusen von Malware/Mailsystem',1,'[{\"added\": {}}]',20,1),(4361,'2024-04-23 08:14:02.457705','1656','Tactic Justification/GF/Einschleusen von Malware/Mailsystem',1,'[{\"added\": {}}]',20,1),(4362,'2024-04-23 08:14:18.930908','1657','Tactic Mastery/GF/Einschleusen von Malware/Mailsystem',1,'[{\"added\": {}}]',20,1),(4363,'2024-04-23 08:14:35.873619','1658','Tactic Mastery/GF/Einschleusen von Malware/Mailsystem',1,'[{\"added\": {}}]',20,1),(4364,'2024-04-23 08:14:58.984032','1659','Tactic Mastery/GF/Einschleusen von Malware/Mailsystem',1,'[{\"added\": {}}]',20,1),(4365,'2024-04-23 08:15:18.180593','1660','Tactic Mastery/GF/Einschleusen von Malware/Mailsystem',1,'[{\"added\": {}}]',20,1),(4366,'2024-04-23 08:15:34.303150','1661','Tactic Check & Follow Up/GF/Einschleusen von Malware/Mailsystem',1,'[{\"added\": {}}]',20,1),(4367,'2024-04-23 08:15:51.628596','1662','Tactic Check & Follow Up/GF/Einschleusen von Malware/Mailsystem',1,'[{\"added\": {}}]',20,1),(4368,'2024-04-23 08:16:19.688130','411','Einschleusen bekannter Malware in interne Informationssysteme der Organisation/Mailsystem/Threat Awareness/Geschftsfhrer*in',1,'[{\"added\": {}}]',18,1),(4369,'2024-04-23 08:16:39.667019','411','Einschleusen bekannter Malware in interne Informationssysteme der Organisation/Mailsystem/Threat Awareness/Geschftsfhrer*in',3,'',18,1),(4370,'2024-04-23 08:16:53.264881','412','Einschleusen bekannter Malware in interne Informationssysteme der Organisation/Mailsystem/Threat Identification/Geschftsfhrer*in',1,'[{\"added\": {}}]',18,1),(4371,'2024-04-23 08:17:06.058407','413','Einschleusen bekannter Malware in interne Informationssysteme der Organisation/Mailsystem/Threat Impact Assessment/Geschftsfhrer*in',1,'[{\"added\": {}}]',18,1),(4372,'2024-04-23 08:17:18.025549','414','Einschleusen bekannter Malware in interne Informationssysteme der Organisation/Mailsystem/Tactic Choice/Geschftsfhrer*in',1,'[{\"added\": {}}]',18,1),(4373,'2024-04-23 08:17:28.799015','415','Einschleusen bekannter Malware in interne Informationssysteme der Organisation/Mailsystem/Tactic Justification/Geschftsfhrer*in',1,'[{\"added\": {}}]',18,1),(4374,'2024-04-23 08:17:44.678045','416','Einschleusen bekannter Malware in interne Informationssysteme der Organisation/Mailsystem/Tactic Mastery/Geschftsfhrer*in',1,'[{\"added\": {}}]',18,1),(4375,'2024-04-23 08:17:58.996087','417','Einschleusen bekannter Malware in interne Informationssysteme der Organisation/Mailsystem/Tactic Check & Follow-Up/Geschftsfhrer*in',1,'[{\"added\": {}}]',18,1),(4376,'2024-04-23 08:20:28.506485','1663','Threat Awareness/GF/Einschleusen von Malware/Mailsystem',1,'[{\"added\": {}}]',20,1),(4377,'2024-04-23 08:20:42.106086','1664','Threat Awareness/GF/Einschleusen von Malware/Mailsystem',1,'[{\"added\": {}}]',20,1),(4378,'2024-04-23 08:20:58.814783','1665','Threat Awareness/GF/Einschleusen von Malware/Mailsystem',1,'[{\"added\": {}}]',20,1),(4379,'2024-04-23 10:03:50.357512','7','Geschftsfhrer*in',2,'[{\"changed\": {\"fields\": [\"Zugeordnete Bedrohungssituationen\"]}}]',19,1),(4380,'2024-04-23 10:08:39.990221','4','Fhrungskraft',2,'[{\"changed\": {\"fields\": [\"Zugeordnete Bedrohungssituationen\"]}}]',19,1),(4381,'2024-04-23 10:12:34.166753','165','GF/Ausnutzen bekannter Schwachstellen/Samrtphone/Impuls 1',1,'[{\"added\": {}}]',15,1),(4382,'2024-04-23 10:12:55.891496','166','GF/Ausnutzen bekannter Schwachstellen/Smartphone/Impuls 2',1,'[{\"added\": {}}]',15,1),(4383,'2024-04-23 10:13:08.534201','167','GF/Ausnutzen bekannter Schwachstellen/Smartphone/Impuls 3',1,'[{\"added\": {}}]',15,1),(4384,'2024-04-23 10:13:17.448642','165','GF/Ausnutzen bekannter Schwachstellen/Smartphone/Impuls 1',2,'[{\"changed\": {\"fields\": [\"Kennung des Bildes\"]}}]',15,1),(4385,'2024-04-23 10:13:39.897866','63','GF/Ausnutzen bekannter Schwachstellen/Smartphone/Impulse',1,'[{\"added\": {}}]',21,1),(4386,'2024-04-23 10:14:42.291330','436','Threat Awareness/GF/Ausnutzen bekannter Schwachstellen/Smartphone',1,'[{\"added\": {}}]',17,1),(4387,'2024-04-23 10:15:15.515177','1666','Threat Awareness/GF/Ausnutzen bekannter Schwachstellen/Smartphone',1,'[{\"added\": {}}]',20,1),(4388,'2024-04-23 10:15:27.167052','1667','Threat Awareness/GF/Ausnutzen bekannter Schwachstellen/Smartphone',1,'[{\"added\": {}}]',20,1),(4389,'2024-04-23 10:15:40.564756','1668','Threat Awareness/GF/Ausnutzen bekannter Schwachstellen/Smartphone',1,'[{\"added\": {}}]',20,1),(4390,'2024-04-23 10:16:51.676086','22','Smartphone',1,'[{\"added\": {}}]',8,1),(4391,'2024-04-23 10:17:05.592215','53','Ausnutzen bekannter Schwachstellen in mobilen Systemen (z. B. Laptops, PDAs, Smartphones)/Smartphone',1,'[{\"added\": {}}]',10,1),(4392,'2024-04-23 10:17:28.647418','66','Ausnutzen bekannter Schwachstellen in mobilen Systemen (z. B. Laptops, PDAs, Smartphones)/Smartphone/Geschftsfhrer*in',1,'[{\"added\": {}}]',11,1),(4393,'2024-04-23 10:17:48.167506','418','Ausnutzen bekannter Schwachstellen in mobilen Systemen (z. B. Laptops, PDAs, Smartphones)/Smartphone/Threat Awareness/Geschftsfhrer*in',1,'[{\"added\": {}}]',18,1),(4394,'2024-04-23 10:17:57.429343','7','Geschftsfhrer*in',2,'[{\"changed\": {\"fields\": [\"Zugeordnete Bedrohungssituationen\"]}}]',19,1),(4395,'2024-04-23 12:24:58.839679','7','Geschftsfhrer*in',2,'[]',19,1),(4396,'2024-04-23 12:28:06.875496','7','khang',1,'[{\"added\": {}}]',4,1),(4397,'2024-04-23 12:34:57.512590','7','khang',2,'[{\"changed\": {\"fields\": [\"password\"]}}]',4,1),(4398,'2024-04-23 12:48:43.421431','6','flo_ramp',3,'',4,1),(4399,'2024-04-23 12:48:59.101060','8','flo_ramp',1,'[{\"added\": {}}]',4,1),(4400,'2024-04-23 13:31:25.247685','437','Threat Identification/GF/Ausnutzen bekannter Schwachstellen/Smartphone',1,'[{\"added\": {}}]',17,1),(4401,'2024-04-23 13:31:56.707647','438','Threat Impact Assessment/GF/Ausnutzen bekannter Schwachstellen/Smartphone',1,'[{\"added\": {}}]',17,1),(4402,'2024-04-23 13:32:35.752361','439','Tactic Choice/GF/Ausnutzen bekannter Schwachstellen/Smartphone',1,'[{\"added\": {}}]',17,1),(4403,'2024-04-23 13:33:11.098031','440','Tactic Justification/GF/Ausnutzen bekannter Schwachstellen/Smartphone',1,'[{\"added\": {}}]',17,1),(4404,'2024-04-23 13:33:27.434633','441','Tactic Mastery/GF/Ausnutzen bekannter Schwachstellen/Smartphone',1,'[{\"added\": {}}]',17,1),(4405,'2024-04-23 13:33:52.243874','442','Tactic Check & Follow Up/GF/Ausnutzen bekannter Schwachstellen/Smartphone',1,'[{\"added\": {}}]',17,1),(4406,'2024-04-23 13:34:21.494951','1669','Threat Identification/GF/Ausnutzen bekannter Schwachstellen/Smartphone',1,'[{\"added\": {}}]',20,1),(4407,'2024-04-23 13:34:47.563960','1670','Threat Identification/GF/Ausnutzen bekannter Schwachstellen/Smartphone',1,'[{\"added\": {}}]',20,1),(4408,'2024-04-23 13:35:15.983320','1671','Threat Identification/GF/Ausnutzen bekannter Schwachstellen/Smartphone',1,'[{\"added\": {}}]',20,1),(4409,'2024-04-23 13:35:50.676089','1672','Threat Impact Assessment/GF/Ausnutzen bekannter Schwachstellen/Smartphone',1,'[{\"added\": {}}]',20,1),(4410,'2024-04-23 13:36:09.516926','1673','Threat Impact Assessment/GF/Ausnutzen bekannter Schwachstellen/Smartphone',1,'[{\"added\": {}}]',20,1),(4411,'2024-04-23 13:36:30.896968','1674','Threat Impact Assessment/GF/Ausnutzen bekannter Schwachstellen/Smartphone',1,'[{\"added\": {}}]',20,1),(4412,'2024-04-23 13:36:49.964181','1675','Threat Impact Assessment/GF/Ausnutzen bekannter Schwachstellen/Smartphone',1,'[{\"added\": {}}]',20,1),(4413,'2024-04-23 13:37:09.461502','1676','Tactic Choice/GF/Ausnutzen bekannter Schwachstellen/Smartphone',1,'[{\"added\": {}}]',20,1),(4414,'2024-04-23 13:37:30.030078','1677','Tactic Choice/GF/Ausnutzen bekannter Schwachstellen/Smartphone',1,'[{\"added\": {}}]',20,1),(4415,'2024-04-23 13:37:47.369921','1678','Tactic Choice/GF/Ausnutzen bekannter Schwachstellen/Smartphone',1,'[{\"added\": {}}]',20,1),(4416,'2024-04-23 13:38:05.278438','1679','Tactic Choice/GF/Ausnutzen bekannter Schwachstellen/Smartphone',1,'[{\"added\": {}}]',20,1),(4417,'2024-04-23 13:38:40.561758','1680','Tactic Justification/GF/Ausnutzen bekannter Schwachstellen/Smartphone',1,'[{\"added\": {}}]',20,1),(4418,'2024-04-23 13:38:56.233238','1681','Tactic Justification/GF/Ausnutzen bekannter Schwachstellen/Smartphone',1,'[{\"added\": {}}]',20,1),(4419,'2024-04-23 13:39:09.704207','1682','Tactic Justification/GF/Ausnutzen bekannter Schwachstellen/Smartphone',1,'[{\"added\": {}}]',20,1),(4420,'2024-04-23 13:39:30.602257','1683','Tactic Mastery/GF/Ausnutzen bekannter Schwachstellen/Smartphone',1,'[{\"added\": {}}]',20,1),(4421,'2024-04-23 13:39:49.678789','1684','Tactic Mastery/GF/Ausnutzen bekannter Schwachstellen/Smartphone',1,'[{\"added\": {}}]',20,1),(4422,'2024-04-23 13:40:07.009417','1685','Tactic Mastery/GF/Ausnutzen bekannter Schwachstellen/Smartphone',1,'[{\"added\": {}}]',20,1),(4423,'2024-04-23 13:40:25.481349','1686','Tactic Mastery/GF/Ausnutzen bekannter Schwachstellen/Smartphone',1,'[{\"added\": {}}]',20,1),(4424,'2024-04-23 13:40:44.285663','1687','Tactic Check & Follow Up/GF/Ausnutzen bekannter Schwachstellen/Smartphone',1,'[{\"added\": {}}]',20,1),(4425,'2024-04-23 13:41:00.572448','1688','Tactic Check & Follow Up/GF/Ausnutzen bekannter Schwachstellen/Smartphone',1,'[{\"added\": {}}]',20,1),(4426,'2024-04-23 13:41:14.895173','1689','Tactic Check & Follow Up/GF/Ausnutzen bekannter Schwachstellen/Smartphone',1,'[{\"added\": {}}]',20,1),(4427,'2024-04-23 13:41:33.925165','419','Ausnutzen bekannter Schwachstellen in mobilen Systemen (z. B. Laptops, PDAs, Smartphones)/Smartphone/Threat Identification/Geschftsfhrer*in',1,'[{\"added\": {}}]',18,1),(4428,'2024-04-23 13:41:51.665500','420','Ausnutzen bekannter Schwachstellen in mobilen Systemen (z. B. Laptops, PDAs, Smartphones)/Smartphone/Threat Impact Assessment/Geschftsfhrer*in',1,'[{\"added\": {}}]',18,1),(4429,'2024-04-23 13:42:06.138383','421','Ausnutzen bekannter Schwachstellen in mobilen Systemen (z. B. Laptops, PDAs, Smartphones)/Smartphone/Tactic Choice/Geschftsfhrer*in',1,'[{\"added\": {}}]',18,1),(4430,'2024-04-23 13:42:18.256276','422','Ausnutzen bekannter Schwachstellen in mobilen Systemen (z. B. Laptops, PDAs, Smartphones)/Smartphone/Tactic Justification/Geschftsfhrer*in',1,'[{\"added\": {}}]',18,1),(4431,'2024-04-23 13:42:35.293528','423','Ausnutzen bekannter Schwachstellen in mobilen Systemen (z. B. Laptops, PDAs, Smartphones)/Smartphone/Tactic Mastery/Geschftsfhrer*in',1,'[{\"added\": {}}]',18,1),(4432,'2024-04-23 13:42:54.869763','424','Ausnutzen bekannter Schwachstellen in mobilen Systemen (z. B. Laptops, PDAs, Smartphones)/Smartphone/Tactic Check & Follow-Up/Geschftsfhrer*in',1,'[{\"added\": {}}]',18,1),(4433,'2024-04-23 13:46:43.698380','54','Spear Phishing/Instantmessenger',1,'[{\"added\": {}}]',10,1),(4434,'2024-04-23 13:47:03.980196','54','Spear Phishing/Instantmessenger',3,'',10,1),(4435,'2024-04-23 13:48:54.509162','2','(Speer)-Phishing',2,'[{\"changed\": {\"fields\": [\"Bezeichnung\"]}}]',9,1),(4436,'2024-04-23 13:49:40.345396','40','Spear Phishing',3,'',9,1),(4438,'2024-04-23 13:50:27.324132','67','(Speer)-Phishing/Instantmessenger/Geschftsfhrer*in',1,'[{\"added\": {}}]',11,1),(4439,'2024-04-23 13:51:30.165744','168','GF/Phishing/Instantmessenger/Impuls 1',1,'[{\"added\": {}}]',15,1),(4440,'2024-04-23 13:51:44.472164','169','GF/Phishing/Instantmessenger/Impuls 2',1,'[{\"added\": {}}]',15,1),(4441,'2024-04-23 13:51:55.537753','170','GF/Phishing/Instantmessenger/Impuls 3',1,'[{\"added\": {}}]',15,1),(4442,'2024-04-23 13:52:11.428052','64','GF/Phishing/Instantmessenger/Impulse',1,'[{\"added\": {}}]',21,1),(4443,'2024-04-23 13:52:22.409911','63','GF/Ausnutzen bekannter Schwachstellen/Smartphone/Impulse',2,'[{\"changed\": {\"fields\": [\"Text zum Impuls\"]}}]',21,1),(4444,'2024-04-23 13:52:27.986111','64','GF/Phishing/Instantmessenger/Impulse',2,'[{\"changed\": {\"fields\": [\"Text zum Impuls\"]}}]',21,1),(4445,'2024-04-23 13:53:31.883897','443','Threat Awareness/GF/(Speer)-Phishing/Instantmessenger',1,'[{\"added\": {}}]',17,1),(4446,'2024-04-23 13:54:00.663562','444','Threat Identification/GF/(Speer)-Phishing/Instantmessenger',1,'[{\"added\": {}}]',17,1),(4447,'2024-04-23 13:54:29.299329','445','Threat Impact Assessment/GF/(Speer)-Phishing/Instantmessenger',1,'[{\"added\": {}}]',17,1),(4448,'2024-04-23 13:54:54.830813','446','Tactic Choice/GF/(Speer)-Phishing/Instantmessenger',1,'[{\"added\": {}}]',17,1),(4449,'2024-04-23 13:56:01.278231','447','Tactic Justification/GF/(Speer)-Phishing/Instantmessenger',1,'[{\"added\": {}}]',17,1),(4450,'2024-04-23 13:56:38.966125','448','Tactic Mastery/GF/(Speer)-Phishing/Instantmessenger',1,'[{\"added\": {}}]',17,1),(4451,'2024-04-23 13:56:50.402184','447','Tactic Justification/GF/(Speer)-Phishing/Instantmessenger',2,'[{\"changed\": {\"fields\": [\"Text zur Frage\"]}}]',17,1),(4452,'2024-04-23 13:57:13.465618','449','Tactic Check & Follow UpGF/(Speer)-Phishing/Instantmessenger',1,'[{\"added\": {}}]',17,1),(4453,'2024-04-23 13:58:20.268717','1690','Threat Awareness/GF/(Speer)-Phishing/Instantmessenger',1,'[{\"added\": {}}]',20,1),(4454,'2024-04-23 13:58:46.481419','1691','Threat Awareness/GF/(Speer)-Phishing/Instantmessenger',1,'[{\"added\": {}}]',20,1),(4455,'2024-04-23 13:59:01.363209','1692','Threat Awareness/GF/(Speer)-Phishing/Instantmessenger',1,'[{\"added\": {}}]',20,1),(4456,'2024-04-23 13:59:24.711433','1693','Threat Identification/GF/(Speer)-Phishing/Instantmessenger',1,'[{\"added\": {}}]',20,1),(4457,'2024-04-23 13:59:42.559723','1694','Threat Identification/GF/(Speer)-Phishing/Instantmessenger',1,'[{\"added\": {}}]',20,1),(4458,'2024-04-23 14:00:00.091532','1695','Threat Identification/GF/(Speer)-Phishing/Instantmessenger',1,'[{\"added\": {}}]',20,1),(4459,'2024-04-23 14:00:16.218205','1696','Threat Identification/GF/(Speer)-Phishing/Instantmessenger',1,'[{\"added\": {}}]',20,1),(4460,'2024-04-23 14:00:35.512899','1697','Threat Identification/GF/(Speer)-Phishing/Instantmessenger',1,'[{\"added\": {}}]',20,1),(4461,'2024-04-23 14:00:52.810641','1698','Threat Impact Assessment/GF/(Speer)-Phishing/Instantmessenger',1,'[{\"added\": {}}]',20,1),(4462,'2024-04-23 14:01:09.527807','1699','Threat Impact Assessment/GF/(Speer)-Phishing/Instantmessenger',1,'[{\"added\": {}}]',20,1),(4463,'2024-04-23 14:01:35.378076','1700','Threat Impact Assessment/GF/(Speer)-Phishing/Instantmessenger',1,'[{\"added\": {}}]',20,1),(4464,'2024-04-23 14:01:55.227268','1701','Tactic Choice/GF/(Speer)-Phishing/Instantmessenger',1,'[{\"added\": {}}]',20,1),(4466,'2024-04-23 14:02:13.053348','1702','Tactic Choice/GF/(Speer)-Phishing/Instantmessenger',1,'[{\"added\": {}}]',20,1),(4467,'2024-04-23 14:02:29.918684','1703','Tactic Choice/GF/(Speer)-Phishing/Instantmessenger',1,'[{\"added\": {}}]',20,1),(4468,'2024-04-23 14:02:46.479240','1704','Tactic Choice/GF/(Speer)-Phishing/Instantmessenger',1,'[{\"added\": {}}]',20,1),(4469,'2024-04-23 14:03:03.276925','1705','Tactic Choice/GF/(Speer)-Phishing/Instantmessenger',1,'[{\"added\": {}}]',20,1),(4470,'2024-04-23 14:03:21.842780','1706','Tactic Justification/GF/(Speer)-Phishing/Instantmessenger',1,'[{\"added\": {}}]',20,1),(4471,'2024-04-23 14:03:35.231368','1707','Tactic Justification/GF/(Speer)-Phishing/Instantmessenger',1,'[{\"added\": {}}]',20,1),(4472,'2024-04-23 14:03:53.360611','1708','Tactic Justification/GF/(Speer)-Phishing/Instantmessenger',1,'[{\"added\": {}}]',20,1),(4473,'2024-04-23 14:04:12.492562','1709','Tactic Mastery/GF/(Speer)-Phishing/Instantmessenger',1,'[{\"added\": {}}]',20,1),(4474,'2024-04-23 14:04:29.476377','1710','Tactic Mastery/GF/(Speer)-Phishing/Instantmessenger',1,'[{\"added\": {}}]',20,1),(4475,'2024-04-23 14:05:01.573592','1711','Tactic Mastery/GF/(Speer)-Phishing/Instantmessenger',1,'[{\"added\": {}}]',20,1),(4476,'2024-04-23 14:05:17.373302','1712','Tactic Check & Follow UpGF/(Speer)-Phishing/Instantmessenger',1,'[{\"added\": {}}]',20,1),(4477,'2024-04-23 14:05:32.951831','1713','Tactic Check & Follow UpGF/(Speer)-Phishing/Instantmessenger',1,'[{\"added\": {}}]',20,1),(4478,'2024-04-23 14:05:47.595468','1714','Tactic Check & Follow UpGF/(Speer)-Phishing/Instantmessenger',1,'[{\"added\": {}}]',20,1),(4479,'2024-04-23 14:06:11.225315','1715','Tactic Check & Follow UpGF/(Speer)-Phishing/Instantmessenger',1,'[{\"added\": {}}]',20,1),(4480,'2024-04-23 14:06:44.881853','425','(Speer)-Phishing/Instantmessenger/Threat Awareness/Geschftsfhrer*in',1,'[{\"added\": {}}]',18,1),(4481,'2024-04-23 14:07:15.424836','426','(Speer)-Phishing/Instantmessenger/Threat Identification/Geschftsfhrer*in',1,'[{\"added\": {}}]',18,1),(4482,'2024-04-23 14:07:24.058669','427','(Speer)-Phishing/Instantmessenger/Threat Impact Assessment/Geschftsfhrer*in',1,'[{\"added\": {}}]',18,1),(4483,'2024-04-23 14:08:00.481567','428','(Speer)-Phishing/Instantmessenger/Tactic Choice/Geschftsfhrer*in',1,'[{\"added\": {}}]',18,1),(4484,'2024-04-23 14:08:12.985059','429','(Speer)-Phishing/Instantmessenger/Tactic Justification/Geschftsfhrer*in',1,'[{\"added\": {}}]',18,1),(4485,'2024-04-23 14:08:25.293268','430','(Speer)-Phishing/Instantmessenger/Tactic Mastery/Geschftsfhrer*in',1,'[{\"added\": {}}]',18,1),(4486,'2024-04-23 14:08:37.802274','431','(Speer)-Phishing/Instantmessenger/Tactic Check & Follow-Up/Geschftsfhrer*in',1,'[{\"added\": {}}]',18,1),(4487,'2024-04-23 14:09:04.764592','7','Geschftsfhrer*in',2,'[{\"changed\": {\"fields\": [\"Zugeordnete Bedrohungssituationen\"]}}]',19,1),(4488,'2024-04-23 14:11:51.109867','65','Einschleusen bekannter Malware in interne Informationssysteme der Organisation/Mailsystem/Geschftsfhrer*in',2,'[{\"changed\": {\"fields\": [\"Kennung\"]}}]',11,1),(4489,'2024-04-23 14:12:03.717392','63','Kompromittierung von Informationssystemen/Telefon/Geschftsfhrer*in',2,'[{\"changed\": {\"fields\": [\"Kennung\"]}}]',11,1),(4490,'2024-04-23 14:12:13.905840','62','Durchfhrung von Brute-Force-Anmeldeversuchen/Passworterratungsangriffen/PC/Geschftsfhrer*in',2,'[{\"changed\": {\"fields\": [\"Kennung\"]}}]',11,1),(4491,'2024-04-23 14:12:32.287340','20','Kompromittierung von Informationssystemen/PC/Geschftsfhrer*in',2,'[{\"changed\": {\"fields\": [\"Kennung\"]}}]',11,1),(4493,'2024-04-23 14:31:31.111675','69','(Speer)-Phishing/Mailsystem/Geschftsfhrer*in',1,'[{\"added\": {}}]',11,1),(4494,'2024-04-23 14:32:44.965159','450','Threat Awareness/GF/(Speer)-Phishing/Mailsystem',1,'[{\"added\": {}}]',17,1),(4495,'2024-04-23 14:33:16.502549','451','Threat Identification/GF/(Speer)-Phishing/Mailsystem',1,'[{\"added\": {}}]',17,1),(4496,'2024-04-23 14:33:48.746607','452','Threat Impact Assessment/GF/(Speer)-Phishing/Mailsystem',1,'[{\"added\": {}}]',17,1),(4497,'2024-04-23 14:34:14.547938','453','Tactic Choice/GF/(Speer)-Phishing/Mailsystem',1,'[{\"added\": {}}]',17,1),(4498,'2024-04-23 14:35:05.023429','454','Tactic Justification/GF/(Speer)-Phishing/Mailsystem',1,'[{\"added\": {}}]',17,1),(4499,'2024-04-23 14:35:51.811263','455','Tactic Mastery/GF/(Speer)-Phishing/Mailsystem',1,'[{\"added\": {}}]',17,1),(4500,'2024-04-23 14:36:20.541183','456','Tactic Check & Follow Up/GF/(Speer)-Phishing/Mailsystem',1,'[{\"added\": {}}]',17,1),(4502,'2024-04-23 14:37:27.449695','456','Tactic Check & Follow Up/GF/(Speer)-Phishing/Mailsystem',2,'[{\"changed\": {\"fields\": [\"Text zur Frage\"]}}]',17,1),(4504,'2024-04-23 14:38:23.693910','1716','Threat Awareness/GF/(Speer)-Phishing/Mailsystem',1,'[{\"added\": {}}]',20,1),(4506,'2024-04-23 14:38:47.724285','1717','Threat Awareness/GF/(Speer)-Phishing/Mailsystem',1,'[{\"added\": {}}]',20,1),(4507,'2024-04-23 14:39:10.776273','1718','Threat Awareness/GF/(Speer)-Phishing/Mailsystem',1,'[{\"added\": {}}]',20,1),(4508,'2024-04-23 14:39:36.945155','1719','Threat Identification/GF/(Speer)-Phishing/Mailsystem',1,'[{\"added\": {}}]',20,1),(4509,'2024-04-23 14:39:54.306135','1720','Threat Identification/GF/(Speer)-Phishing/Mailsystem',1,'[{\"added\": {}}]',20,1),(4510,'2024-04-23 14:40:13.954195','1721','Threat Identification/GF/(Speer)-Phishing/Mailsystem',1,'[{\"added\": {}}]',20,1),(4511,'2024-04-23 14:40:49.419098','1722','Threat Identification/GF/(Speer)-Phishing/Mailsystem',1,'[{\"added\": {}}]',20,1),(4512,'2024-04-23 14:41:05.951570','1723','Threat Identification/GF/(Speer)-Phishing/Mailsystem',1,'[{\"added\": {}}]',20,1),(4639,'2024-04-24 08:48:31.556663','1774','Threat Impact Assessment/GF/(Speer)-Phishing/Mailsystem',1,'[{\"added\": {}}]',20,1),(4640,'2024-04-24 08:48:52.136534','1775','Threat Impact Assessment/GF/(Speer)-Phishing/Mailsystem',1,'[{\"added\": {}}]',20,1),(4641,'2024-04-24 08:49:12.981650','1776','Threat Impact Assessment/GF/(Speer)-Phishing/Mailsystem',1,'[{\"added\": {}}]',20,1),(4642,'2024-04-24 08:49:33.830228','1777','Tactic Choice/GF/(Speer)-Phishing/Mailsystem',1,'[{\"added\": {}}]',20,1),(4643,'2024-04-24 08:49:55.230501','1778','Tactic Choice/GF/(Speer)-Phishing/Mailsystem',1,'[{\"added\": {}}]',20,1),(4644,'2024-04-24 08:50:16.792263','1779','Tactic Choice/GF/(Speer)-Phishing/Mailsystem',1,'[{\"added\": {}}]',20,1),(4645,'2024-04-24 08:50:33.686530','1780','Tactic Choice/GF/(Speer)-Phishing/Mailsystem',1,'[{\"added\": {}}]',20,1),(4646,'2024-04-24 08:50:58.997856','1781','Tactic Justification/GF/(Speer)-Phishing/Instantmessenger',1,'[{\"added\": {}}]',20,1),(4647,'2024-04-24 08:51:24.951192','1782','Tactic Justification/GF/(Speer)-Phishing/Mailsystem',1,'[{\"added\": {}}]',20,1),(4648,'2024-04-24 08:51:50.528690','1783','Tactic Justification/GF/(Speer)-Phishing/Mailsystem',1,'[{\"added\": {}}]',20,1),(4649,'2024-04-24 08:52:11.194533','1784','Tactic Mastery/GF/(Speer)-Phishing/Mailsystem',1,'[{\"added\": {}}]',20,1),(4650,'2024-04-24 08:52:30.715521','1785','Tactic Mastery/GF/(Speer)-Phishing/Mailsystem',1,'[{\"added\": {}}]',20,1),(4651,'2024-04-24 08:52:55.132277','1786','Tactic Mastery/GF/(Speer)-Phishing/Mailsystem',1,'[{\"added\": {}}]',20,1),(4652,'2024-04-24 08:53:25.827816','1787','Tactic Check & Follow Up/GF/(Speer)-Phishing/Mailsystem',1,'[{\"added\": {}}]',20,1),(4653,'2024-04-24 08:53:39.641155','1788','Tactic Check & Follow Up/GF/(Speer)-Phishing/Mailsystem',1,'[{\"added\": {}}]',20,1),(4654,'2024-04-24 08:54:25.227579','1789','Tactic Check & Follow Up/GF/(Speer)-Phishing/Mailsystem',1,'[{\"added\": {}}]',20,1),(4655,'2024-04-24 08:55:01.242486','1790','Tactic Check & Follow Up/GF/(Speer)-Phishing/Mailsystem',1,'[{\"added\": {}}]',20,1),(4656,'2024-04-24 09:02:27.679836','19','GF/(Speer)-Phishing/Mailsystem/Email 1',1,'[{\"added\": {}}]',14,1),(4657,'2024-04-24 09:16:21.538883','1','api.itskompetent.uni-goettingen.de',2,'[{\"changed\": {\"fields\": [\"Domain name\", \"Display name\"]}}]',39,1),(4658,'2024-04-24 09:16:52.776165','8','flo_ramp',3,'',4,1),(4659,'2024-04-24 09:17:06.986822','9','flo',1,'[{\"added\": {}}]',4,1),(4660,'2024-04-24 09:18:58.028946','19','GF/(Speer)-Phishing/Mailsystem/Email 1',2,'[{\"changed\": {\"fields\": [\"Inhalt\"]}}]',14,1),(4661,'2024-04-24 09:21:29.627759','20','GF/(Speer)-Phishing/Mailsystem/Email 2',1,'[{\"added\": {}}]',14,1),(4662,'2024-04-24 09:21:57.436213','20','GF/(Speer)-Phishing/Mailsystem/Email 2',2,'[{\"changed\": {\"fields\": [\"Inhalt\"]}}]',14,1),(4663,'2024-04-24 09:23:55.351150','21','GF/(Speer)-Phishing/Mailsystem/Email 3',1,'[{\"added\": {}}]',14,1),(4664,'2024-04-24 09:24:11.329641','21','GF/(Speer)-Phishing/Mailsystem/Email 3',2,'[{\"changed\": {\"fields\": [\"Inhalt\"]}}]',14,1),(4665,'2024-04-24 09:24:49.707725','69','GF/(Speer)-Phishing/Mailsystem/Emails',1,'[{\"added\": {}}]',22,1),(4666,'2024-04-24 09:25:10.784426','69','GF/(Speer)-Phishing/Mailsystem/Emails',2,'[{\"changed\": {\"fields\": [\"Text zum Impuls\"]}}]',22,1),(4667,'2024-04-24 09:25:47.010598','446','(Speer)-Phishing/Mailsystem/Threat Awareness/Geschftsfhrer*in',1,'[{\"added\": {}}]',18,1),(4668,'2024-04-24 09:26:07.740948','447','(Speer)-Phishing/Mailsystem/Threat Identification/Geschftsfhrer*in',1,'[{\"added\": {}}]',18,1),(4669,'2024-04-24 09:26:31.272930','448','(Speer)-Phishing/Mailsystem/Threat Impact Assessment/Geschftsfhrer*in',1,'[{\"added\": {}}]',18,1),(4670,'2024-04-24 09:26:53.528666','449','(Speer)-Phishing/Mailsystem/Tactic Choice/Geschftsfhrer*in',1,'[{\"added\": {}}]',18,1),(4671,'2024-04-24 09:27:13.302489','450','(Speer)-Phishing/Mailsystem/Tactic Justification/Geschftsfhrer*in',1,'[{\"added\": {}}]',18,1),(4672,'2024-04-24 09:27:40.599479','451','(Speer)-Phishing/Mailsystem/Tactic Mastery/Geschftsfhrer*in',1,'[{\"added\": {}}]',18,1),(4673,'2024-04-24 09:28:03.737205','452','(Speer)-Phishing/Mailsystem/Tactic Check & Follow-Up/Geschftsfhrer*in',1,'[{\"added\": {}}]',18,1),(4674,'2024-04-24 09:28:20.223269','7','Geschftsfhrer*in',2,'[{\"changed\": {\"fields\": [\"Zugeordnete Bedrohungssituationen\"]}}]',19,1),(4675,'2024-04-24 09:39:32.035842','42','Einschleusen modifizierter Malware in interne Informationssysteme der Organisation/Internet Browser/IT-Admin',2,'[{\"changed\": {\"fields\": [\"Kennung\"]}}]',11,1),(4676,'2024-04-24 09:39:43.312041','41','Durchfhrung von Brute-Force-Anmeldeversuchen/Passworterratungsangriffen/Laptop/IT-Admin',2,'[{\"changed\": {\"fields\": [\"Kennung\"]}}]',11,1),(4677,'2024-04-24 09:40:04.113634','40','Durchfhrung einfacher/verteilter/gezielter Denial-of-Service-Angriffe (DoS)/Server/IT-Admin',2,'[{\"changed\": {\"fields\": [\"Kennung\"]}}]',11,1),(4678,'2024-04-24 09:40:12.952400','39','Umfassende Laufwerksfehler/Server/IT-Admin',2,'[{\"changed\": {\"fields\": [\"Kennung\"]}}]',11,1),(4679,'2024-04-24 09:40:29.589969','38','Durchfhrung von nicht zielgerichteten Zero-Day-Angriffen/Netzwerk/IT-Admin',2,'[{\"changed\": {\"fields\": [\"Kennung\"]}}]',11,1),(4680,'2024-04-24 09:40:44.023364','37','Bereitstellung gezielter Schadsoftware zur Kontrolle interner Systeme und zur Exfiltration von Daten/Mailsystem/IT-Admin',2,'[{\"changed\": {\"fields\": [\"Kennung\"]}}]',11,1),(4681,'2024-04-24 09:41:10.314732','36','Einschleusen modifizierter Malware in interne Informationssysteme der Organisation/Mailsystem/IT-Admin',2,'[{\"changed\": {\"fields\": [\"Kennung\"]}}]',11,1),(4682,'2024-04-24 09:41:25.890940','35','Durchfhrung von nicht zielgerichteten Zero-Day-Angriffen/Server/IT-Admin',2,'[{\"changed\": {\"fields\": [\"Kennung\"]}}]',11,1),(4683,'2024-04-24 09:41:39.895549','34','Durchfhrung von Brute-Force-Anmeldeversuchen/Passworterratungsangriffen/Server/IT-Admin',2,'[{\"changed\": {\"fields\": [\"Kennung\"]}}]',11,1),(4684,'2024-04-24 09:43:25.378957','18','Durchfhrung von nicht zielgerichteten Zero-Day-Angriffen/Server/IT-Admin',2,'[{\"changed\": {\"fields\": [\"Kennung\"]}}]',11,1),(4685,'2024-04-24 09:44:02.165808','52','Kompromittierung von Informationssystemen oder Gerten, die extern verwendet und wieder in das Unternehmen eingeschleust werden/Telefon/Auendienst',2,'[{\"changed\": {\"fields\": [\"Kennung\"]}}]',11,1),(4686,'2024-04-24 09:45:20.669082','51','Bereitstellung gezielter Schadsoftware zur Kontrolle interner Systeme und zur Exfiltration von Daten/Instantmessenger/Auendienst',2,'[{\"changed\": {\"fields\": [\"Kennung\"]}}]',11,1),(4687,'2024-04-24 09:45:42.408168','50','Einschleusen modifizierter Malware in interne Informationssysteme der Organisation/Instantmessenger/Auendienst',2,'[{\"changed\": {\"fields\": [\"Kennung\"]}}]',11,1),(4688,'2024-04-24 09:46:07.762717','49','Einschleusen bekannter Malware in interne Informationssysteme der Organisation/Instantmessenger/Auendienst',2,'[{\"changed\": {\"fields\": [\"Kennung\"]}}]',11,1),(4689,'2024-04-24 09:46:20.645067','48','(Weit verbreiteter) Festplattenfehler/USB-Stick/Auendienst',2,'[{\"changed\": {\"fields\": [\"Kennung\"]}}]',11,1),(4690,'2024-04-24 09:49:46.780319','46','(Speer)-Phishing/Social Media Systeme/Auendienst',2,'[{\"changed\": {\"fields\": [\"Kennung\"]}}]',11,1),(4691,'2024-04-24 09:50:02.618524','45','Kompromittierung von Informationssystemen/Laptop/Auendienst',2,'[{\"changed\": {\"fields\": [\"Kennung\"]}}]',11,1),(4692,'2024-04-24 09:50:20.713147','44','Verbreitung von Malware durch Bereitstellung von Wechselmedien/USB-Stick/Auendienst',2,'[{\"changed\": {\"fields\": [\"Kennung\"]}}]',11,1),(4693,'2024-04-24 10:09:35.375539','7','Geschftsfhrer*in',2,'[{\"changed\": {\"fields\": [\"Zugeordnete Bedrohungssituationen\"]}}]',19,1),(4694,'2024-04-24 12:27:20.968854','43','Einschleusen bekannter Malware in interne Informationssysteme der Organisation/Mailsystem/Auendienst',2,'[{\"changed\": {\"fields\": [\"Kennung\"]}}]',11,1),(4695,'2024-04-24 12:34:46.764057','11','Social Engineering/Instantmessenger/Auendienst',2,'[{\"changed\": {\"fields\": [\"Kennung\"]}}]',11,1),(4696,'2024-04-24 12:35:17.328597','8','Kompromittierung von Informationssystemen/Laptop/Auendienst',2,'[{\"changed\": {\"fields\": [\"Kennung\"]}}]',11,1),(4697,'2024-04-24 12:35:51.991152','6','Einschleusen bekannter Malware in interne Informationssysteme der Organisation/Mailsystem/Auendienst',2,'[{\"changed\": {\"fields\": [\"Kennung\"]}}]',11,1),(4698,'2024-04-24 12:36:09.019691','11','Social Engineering/Instantmessenger/Auendienst',2,'[{\"changed\": {\"fields\": [\"Kennung\"]}}]',11,1),(4699,'2024-04-24 12:43:10.928649','60','(Weit verbreiteter) Festplattenfehler/USB-Stick/Fhrungskraft',2,'[{\"changed\": {\"fields\": [\"Kennung\"]}}]',11,1),(4700,'2024-04-24 12:44:28.409886','59','(Speer)-Phishing/Mailsystem/Fhrungskraft',2,'[{\"changed\": {\"fields\": [\"Kennung\"]}}]',11,1),(4701,'2024-04-24 12:44:50.961542','58','Social Engineering/Instantmessenger/Fhrungskraft',2,'[{\"changed\": {\"fields\": [\"Kennung\"]}}]',11,1),(4702,'2024-04-24 12:45:00.876114','57','(Speer)-Phishing/Instantmessenger/Fhrungskraft',2,'[{\"changed\": {\"fields\": [\"Kennung\"]}}]',11,1),(4703,'2024-04-24 12:45:57.608742','32','Social Engineering/Kollaborationssysteme/Fhrungskraft',2,'[{\"changed\": {\"fields\": [\"Kennung\"]}}]',11,1),(4704,'2024-04-24 12:46:41.615773','31','Social Engineering/Mitarbeiter/Fhrungskraft',2,'[{\"changed\": {\"fields\": [\"Kennung\"]}}]',11,1),(4705,'2024-04-24 12:47:06.056315','27','Schwachstellen in internen Informationssystemen (Buchhaltungssystem)/Internes Informationssystem/Fhrungskraft',2,'[{\"changed\": {\"fields\": [\"Kennung\"]}}]',11,1),(4706,'2024-04-24 12:47:18.926264','17','(Speer)-Phishing/Mailsystem/Fhrungskraft',2,'[{\"changed\": {\"fields\": [\"Kennung\"]}}]',11,1),(4707,'2024-04-24 12:54:30.008620','29','(Speer)-Phishing/Mailsystem/Innendienst',3,'',11,1),(4708,'2024-04-24 12:55:18.226923','55','Social Engineering/Social Media Systeme/Innendienst',3,'',11,1),(4709,'2024-04-24 12:55:41.770184','4','Social Engineering/Instantmessenger/Innendienst',3,'',11,1),(4710,'2024-04-24 13:00:37.465459','54','Social Engineering/Mailsystem/Innendienst',2,'[{\"changed\": {\"fields\": [\"Kennung\"]}}]',11,1),(4711,'2024-04-24 13:00:50.369859','53','Social Engineering/Instantmessenger/Innendienst',2,'[{\"changed\": {\"fields\": [\"Kennung\"]}}]',11,1),(4712,'2024-04-24 13:01:41.172377','30','Social Engineering/Mitarbeiter/Innendienst',2,'[{\"changed\": {\"fields\": [\"Kennung\"]}}]',11,1),(4713,'2024-04-24 13:01:49.748252','28','Weitergabe sensibler Informationen/Mitarbeiter/Innendienst',2,'[{\"changed\": {\"fields\": [\"Kennung\"]}}]',11,1),(4714,'2024-04-24 13:02:03.213439','26','Falscher Umgang mit kritischen und/oder sensiblen Informationen/Mitarbeiter/Innendienst',2,'[{\"changed\": {\"fields\": [\"Kennung\"]}}]',11,1),(4715,'2024-04-24 13:02:22.445261','5','Einschleusen bekannter Malware in interne Informationssysteme der Organisation/Mailsystem/Innendienst',2,'[{\"changed\": {\"fields\": [\"Kennung\"]}}]',11,1),(4716,'2024-04-24 13:02:34.181674','3','(Speer)-Phishing/Mailsystem/Innendienst',2,'[{\"changed\": {\"fields\": [\"Kennung\"]}}]',11,1),(4717,'2024-04-24 13:02:52.844376','2','Social Engineering/Social Media Systeme/Innendienst',2,'[{\"changed\": {\"fields\": [\"Kennung\"]}}]',11,1),(4718,'2024-04-24 13:03:05.973193','1','Social Engineering/Kollaborationssysteme/Innendienst',2,'[{\"changed\": {\"fields\": [\"Kennung\"]}}]',11,1),(4719,'2024-04-24 13:05:39.496276','8','Kompromittierung von Informationssystemen/Laptop/Auendienst',3,'',11,1),(4720,'2024-04-24 13:07:19.801306','7','Einschleusen bekannter Malware in interne Informationssysteme der Organisation/USB-Stick/Auendienst',3,'',11,1),(4721,'2024-04-24 13:09:31.379619','10','Social Engineering/Social Media Systeme/Auendienst',3,'',11,1),(4722,'2024-04-24 13:11:30.846764','6','Einschleusen bekannter Malware in interne Informationssysteme der Organisation/Mailsystem/Auendienst',3,'',11,1),(4723,'2024-04-24 13:12:24.880468','47','(Speer)-Phishing/Instantmessenger/Auendienst',3,'',11,1),(4724,'2024-04-24 13:12:56.580257','11','Einschleusen bekannter Malware in interne Informationssysteme der Organisation/Instantmessenger/Auendienst',2,'[{\"changed\": {\"fields\": [\"Zugeordneter Bedrohungsvektor\"]}}]',11,1),(4725,'2024-04-24 13:43:38.427660','61','Durchfhrung von nicht zielgerichteten Zero-Day-Angriffen/Buchhaltungssystem/Fhrungskraft',2,'[{\"changed\": {\"fields\": [\"Kennung\"]}}]',11,1),(4726,'2024-04-24 13:46:59.740021','59','(Speer)-Phishing/Mailsystem/Fhrungskraft',2,'[{\"changed\": {\"fields\": [\"Kennung\"]}}]',11,1),(4727,'2024-04-24 13:52:33.486414','16','Schwachstellen in internen Informationssystemen (Buchhaltungssystem)/Internes Informationssystem/Fhrungskraft',2,'[{\"changed\": {\"fields\": [\"Zugeordneter Bedrohungsvektor\"]}}]',11,1),(4728,'2024-04-24 13:53:09.928472','4','Fhrungskraft',2,'[]',19,1),(4729,'2024-04-24 13:54:32.428553','27','Schwachstellen in internen Informationssystemen (Buchhaltungssystem)/Internes Informationssystem/Fhrungskraft',3,'',11,1),(4730,'2024-04-24 13:54:39.902210','16','Schwachstellen in internen Informationssystemen (Buchhaltungssystem)/Internes Informationssystem/Fhrungskraft',2,'[{\"changed\": {\"fields\": [\"Kennung\"]}}]',11,1),(4731,'2024-04-24 13:59:26.889379','56','Unzureichende Zugangskontrolle/Mitarbeiter/Innendienst',2,'[{\"changed\": {\"fields\": [\"Kennung\"]}}]',11,1),(4732,'2024-04-24 14:00:37.950330','430','Threat Identification/GF/Einschleusen von Malware/Mailsystem',2,'[{\"changed\": {\"fields\": [\"Text zur Frage\"]}}]',17,1),(4733,'2024-04-24 14:03:13.204682','1645','Threat Impact Asessment/GF/Einschleusen von Malware/Mailsystem',2,'[{\"changed\": {\"fields\": [\"Bewertung der Antwortoption\"]}}]',20,1),(4734,'2024-04-24 14:03:31.149452','1646','Threat Impact Asessment/GF/Einschleusen von Malware/Mailsystem',2,'[{\"changed\": {\"fields\": [\"Bewertung der Antwortoption\"]}}]',20,1),(4735,'2024-04-24 14:03:53.670263','1648','Threat Impact Asessment/GF/Einschleusen von Malware/Mailsystem',2,'[{\"changed\": {\"fields\": [\"Bewertung der Antwortoption\"]}}]',20,1),(4736,'2024-04-24 14:06:34.938169','22','Smartphone',2,'[{\"changed\": {\"fields\": [\"Beschreibung\"]}}]',8,1),(4737,'2024-04-24 14:08:09.175245','35','Bereitstellung von Malware',2,'[{\"changed\": {\"fields\": [\"Beschreibung\"]}}]',9,1),(4738,'2024-04-24 14:13:21.205325','1','Innendienst',2,'[{\"changed\": {\"fields\": [\"Zugeordnete Bedrohungssituationen\"]}}]',19,1),(4739,'2024-04-24 14:17:26.236308','1','Phishing/Mailsystem/Impuls1',2,'[{\"changed\": {\"fields\": [\"Inhalt\"]}}]',14,1),(4740,'2024-04-24 14:18:41.994772','4','Malware/Mailsystem/Impuls1',2,'[{\"changed\": {\"fields\": [\"Inhalt\"]}}]',14,1),(4741,'2024-04-24 14:18:53.661009','5','Malware/Mailsystem/Impuls2',2,'[{\"changed\": {\"fields\": [\"Inhalt\"]}}]',14,1),(4742,'2024-04-24 14:19:22.113630','6','Malware/Mailsystem/Impuls3',2,'[{\"changed\": {\"fields\": [\"Inhalt\"]}}]',14,1),(4743,'2024-04-24 14:19:35.846261','7','SA/Malware/Mailsystem/Impuls1',2,'[{\"changed\": {\"fields\": [\"Inhalt\"]}}]',14,1),(4744,'2024-04-24 14:19:47.613553','8','SA/Malware/Mailsystem/Impuls2',2,'[{\"changed\": {\"fields\": [\"Inhalt\"]}}]',14,1),(4745,'2024-04-24 14:20:06.459748','9','SA/Malware/Mailsystem/Impuls3',2,'[{\"changed\": {\"fields\": [\"Inhalt\"]}}]',14,1),(4746,'2024-04-24 14:20:26.103774','10','FK/Phishing/Mailsystem/Impuls 2',2,'[{\"changed\": {\"fields\": [\"Inhalt\"]}}]',14,1),(4747,'2024-04-24 14:20:44.153114','12','FK/Phishing/Mailsystem/Impuls 1',2,'[{\"changed\": {\"fields\": [\"Inhalt\"]}}]',14,1),(4748,'2024-04-24 14:26:31.746496','192','Threat Identification/Sachbearbeiter*in Innendienst/Social Engineering/Mitarbeiter',2,'[{\"changed\": {\"fields\": [\"Text zur Frage\"]}}]',17,1),(4749,'2024-04-24 14:26:40.545036','177','Threat Identification/Sachbearbeiter*in Innendienst/Weitergabe sensibler Informationen/Mitarbeiter',2,'[{\"changed\": {\"fields\": [\"Text zur Frage\"]}}]',17,1),(4750,'2024-04-24 14:26:48.801099','37','Threat Identification/Sachbearbeiter*in Auendienst/Malware/Mailsystem',2,'[{\"changed\": {\"fields\": [\"Text zur Frage\"]}}]',17,1),(4751,'2024-04-24 14:36:29.200533','66','Sachbearbeiter innen/social engineering/Mitarbeiter/Impuls 1',2,'[{\"changed\": {\"fields\": [\"Bild-Datei\"]}}]',15,1),(4752,'2024-04-24 14:57:54.233577','2','Auendienst',2,'[{\"changed\": {\"fields\": [\"Zugeordnete Bedrohungssituationen\"]}}]',19,1),(4753,'2024-04-24 14:58:35.188045','2','Auendienst',2,'[{\"changed\": {\"fields\": [\"Zugeordnete Bedrohungssituationen\"]}}]',19,1),(4754,'2024-04-24 15:20:49.296366','5','IT-Admin',2,'[{\"changed\": {\"fields\": [\"Zugeordnete Bedrohungssituationen\"]}}]',19,1),(4755,'2024-04-24 15:29:59.586639','937','Threat Awareness/IT Admin/Bereitstellung gezielter Schadsoftware zur Kontrolle interner Systeme und zur Exfiltration von Daten/Mailsystem',2,'[{\"changed\": {\"fields\": [\"Antwortoption\"]}}]',20,1),(4756,'2024-04-24 15:34:31.369209','84','IT Admin/Bereitstellung gezielter Schadsoftware zur Kontrolle interner Systeme und zur Exfiltration von Daten/Mailsystem/Impuls 1',2,'[{\"changed\": {\"fields\": [\"Text zur Bild-Datei\"]}}]',15,1),(4757,'2024-04-24 15:37:28.996276','82','IT Admin/Bereitstellung (modifizierter) Malware fr interne Informationssysteme der Organisation/Mailsystem/Impuls 2',2,'[{\"changed\": {\"fields\": [\"Text zur Bild-Datei\"]}}]',15,1),(4758,'2024-04-24 15:37:49.637786','83','IT Admin/Bereitstellung (modifizierter) Malware fr interne Informationssysteme der Organisation/Mailsystem/Impuls 3',2,'[{\"changed\": {\"fields\": [\"Text zur Bild-Datei\"]}}]',15,1),(4759,'2024-04-24 15:38:04.844605','82','IT Admin/Bereitstellung (modifizierter) Malware fr interne Informationssysteme der Organisation/Mailsystem/Impuls 2',2,'[{\"changed\": {\"fields\": [\"Text zur Bild-Datei\"]}}]',15,1),(4760,'2024-04-24 15:39:00.622994','905','Threat Awareness/IT Admin/Bereitstellung (modifizierter) Malware fr interne Informationssysteme der Organisation/Mailsystem',2,'[{\"changed\": {\"fields\": [\"Antwortoption\"]}}]',20,1),(4761,'2024-04-24 15:39:32.123767','939','Threat Awareness/IT Admin/Bereitstellung gezielter Schadsoftware zur Kontrolle interner Systeme und zur Exfiltration von Daten/Mailsystem',2,'[{\"changed\": {\"fields\": [\"Antwortoption\"]}}]',20,1),(4762,'2024-04-24 15:39:42.619501','938','Threat Awareness/IT Admin/Bereitstellung gezielter Schadsoftware zur Kontrolle interner Systeme und zur Exfiltration von Daten/Mailsystem',2,'[{\"changed\": {\"fields\": [\"Antwortoption\"]}}]',20,1),(4763,'2024-04-25 07:13:02.721025','3','Threat Awareness/Sachbearbeiter*in Innendienst/Social Engineering/Kollaborationssystem',2,'[{\"changed\": {\"fields\": [\"Antwortoption\"]}}]',20,1),(4764,'2024-04-25 07:13:08.091718','2','Threat Awareness/Sachbearbeiter*in Innendienst/Social Engineering/Kollaborationssystem',2,'[{\"changed\": {\"fields\": [\"Antwortoption\"]}}]',20,1),(4765,'2024-04-25 07:13:14.324738','1','Threat Awareness/Sachbearbeiter*in Innendienst/Social Engineering/Kollaborationssystem',2,'[{\"changed\": {\"fields\": [\"Antwortoption\"]}}]',20,1),(4766,'2024-04-25 07:13:21.081154','29','Threat Awareness/Sachbearbeiter*in Innendienst/Social Engineering/Social Media System',2,'[{\"changed\": {\"fields\": [\"Antwortoption\"]}}]',20,1),(4767,'2024-04-25 07:13:27.930672','28','Threat Awareness/Sachbearbeiter*in Innendienst/Social Engineering/Social Media System',2,'[{\"changed\": {\"fields\": [\"Antwortoption\"]}}]',20,1),(4768,'2024-04-25 12:07:09.779366','10','jadr',1,'[{\"added\": {}}, {\"added\": {\"name\": \"Kampagnen-Berechtigung\", \"object\": \"jadr\"}}]',4,1),(4769,'2024-04-25 12:08:22.996395','9','flo',3,'',4,1),(4770,'2024-04-25 12:08:59.184041','11','flo_ramp',1,'[{\"added\": {}}, {\"added\": {\"name\": \"Kampagnen-Berechtigung\", \"object\": \"flo_ramp\"}}]',4,1),(4771,'2024-04-25 12:10:47.518589','10','jadr',3,'',4,1),(4772,'2024-04-25 12:11:12.741889','12','jadr',1,'[{\"added\": {}}, {\"added\": {\"name\": \"Kampagnen-Berechtigung\", \"object\": \"jadr\"}}]',4,1),(4773,'2024-04-25 12:15:04.561830','12','jadr',3,'',4,1),(4774,'2024-04-25 12:15:26.428134','13','jadr',1,'[{\"added\": {}}, {\"added\": {\"name\": \"Kampagnen-Berechtigung\", \"object\": \"jadr\"}}]',4,1),(4775,'2024-04-25 15:11:50.355520','1','Innendienst',2,'[{\"changed\": {\"fields\": [\"Zugeordnete Bedrohungssituationen\"]}}]',19,1),(4831,'2024-04-27 06:16:10.116205','1','Innendienst',2,'[]',19,1),(4832,'2024-04-27 06:16:21.986693','7','Geschftsfhrer*in',2,'[{\"changed\": {\"fields\": [\"Zugeordnete Bedrohungssituationen\"]}}]',19,1),(4833,'2024-04-27 06:16:39.200899','5','IT-Admin',2,'[{\"changed\": {\"fields\": [\"Zugeordnete Bedrohungssituationen\"]}}]',19,1),(4834,'2024-04-27 06:16:55.659832','4','Fhrungskraft',2,'[{\"changed\": {\"fields\": [\"Zugeordnete Bedrohungssituationen\"]}}]',19,1),(4835,'2024-04-27 06:17:16.941799','2','Auendienst',2,'[{\"changed\": {\"fields\": [\"Zugeordnete Bedrohungssituationen\"]}}]',19,1),(4836,'2024-04-30 17:33:32.000186','11','Einschleusen bekannter Malware in interne Informationssysteme der Organisation/Instantmessenger/Auendienst',2,'[{\"changed\": {\"fields\": [\"Beschreibung\"]}}]',11,1),(4837,'2024-05-01 08:52:47.246490','27','Threat Awareness/Sachbearbeiter*in Innendienst/Social Engineering/Social Media System',2,'[{\"changed\": {\"fields\": [\"Antwortoption\"]}}]',20,1),(4838,'2024-05-01 08:52:53.372724','54','Threat Awareness/Sachbearbeiter*in Innendienst/Phishing/Mailsystem',2,'[{\"changed\": {\"fields\": [\"Antwortoption\"]}}]',20,1),(4839,'2024-05-01 08:53:01.005523','53','Threat Awareness/Sachbearbeiter*in Innendienst/Phishing/Mailsystem',2,'[{\"changed\": {\"fields\": [\"Antwortoption\"]}}]',20,1),(4840,'2024-05-01 08:53:09.858142','52','Threat Awareness/Sachbearbeiter*in Innendienst/Phishing/Mailsystem',2,'[{\"changed\": {\"fields\": [\"Antwortoption\"]}}]',20,1),(4841,'2024-05-01 08:53:16.384781','84','Threat Awareness/Sachbearbeiter*in Innendienst/Social Engineering/Instantmessenger',2,'[{\"changed\": {\"fields\": [\"Antwortoption\"]}}]',20,1),(4842,'2024-05-01 08:53:43.768773','83','Threat Awareness/Sachbearbeiter*in Innendienst/Social Engineering/Instantmessenger',2,'[{\"changed\": {\"fields\": [\"Antwortoption\"]}}]',20,1),(4843,'2024-05-01 08:53:49.882613','82','Threat Awareness/Sachbearbeiter*in Innendienst/Social Engineering/Instantmessenger',2,'[{\"changed\": {\"fields\": [\"Antwortoption\"]}}]',20,1),(4844,'2024-05-01 08:54:04.228863','107','Threat Awareness/Sachbearbeiter*in Innendienst/Malware/Mailsystem',2,'[{\"changed\": {\"fields\": [\"Antwortoption\"]}}]',20,1),(4845,'2024-05-01 08:54:10.212738','106','Threat Awareness/Sachbearbeiter*in Innendienst/Malware/Mailsystem',2,'[{\"changed\": {\"fields\": [\"Antwortoption\"]}}]',20,1),(4846,'2024-05-01 08:54:15.766443','105','Threat Awareness/Sachbearbeiter*in Innendienst/Malware/Mailsystem',2,'[{\"changed\": {\"fields\": [\"Antwortoption\"]}}]',20,1),(4847,'2024-05-01 08:54:21.476253','133','Threat Awareness/Sachbearbeiter*in Auendienst/Malware/Mailsystem',2,'[{\"changed\": {\"fields\": [\"Antwortoption\"]}}]',20,1),(4848,'2024-05-01 08:54:28.962880','132','Threat Awareness/Sachbearbeiter*in Auendienst/Malware/Mailsystem',2,'[{\"changed\": {\"fields\": [\"Antwortoption\"]}}]',20,1),(4849,'2024-05-01 08:54:36.374030','131','Threat Awareness/Sachbearbeiter*in Auendienst/Malware/Mailsystem',2,'[{\"changed\": {\"fields\": [\"Antwortoption\"]}}]',20,1),(4850,'2024-05-01 08:54:42.949233','159','Threat Awareness/Sachbearbeiter*in Auendienst/Malware/USB-Stick',2,'[{\"changed\": {\"fields\": [\"Antwortoption\"]}}]',20,1),(4851,'2024-05-01 08:54:49.432354','158','Threat Awareness/Sachbearbeiter*in Auendienst/Malware/USB-Stick',2,'[{\"changed\": {\"fields\": [\"Antwortoption\"]}}]',20,1),(4852,'2024-05-01 08:54:57.294766','157','Threat Awareness/Sachbearbeiter*in Auendienst/Malware/USB-Stick',2,'[{\"changed\": {\"fields\": [\"Antwortoption\"]}}]',20,1),(4853,'2024-05-01 08:55:03.543242','184','Threat Awareness/Sachbearbeiter*in Auendienst/Kompromittierung Informationssystem/Laptop',2,'[{\"changed\": {\"fields\": [\"Antwortoption\"]}}]',20,1),(4854,'2024-05-01 08:55:09.002844','183','Threat Awareness/Sachbearbeiter*in Auendienst/Kompromittierung Informationssystem/Laptop',2,'[{\"changed\": {\"fields\": [\"Antwortoption\"]}}]',20,1),(4855,'2024-05-01 08:55:14.964864','182','Threat Awareness/Sachbearbeiter*in Auendienst/Kompromittierung Informationssystem/Laptop',2,'[{\"changed\": {\"fields\": [\"Antwortoption\"]}}]',20,1),(4856,'2024-05-01 08:55:26.139162','210','Threat Awareness/Sachbearbeiter*in Auendienst/Social Engineering/Social Media System',2,'[{\"changed\": {\"fields\": [\"Antwortoption\"]}}]',20,1),(4857,'2024-05-01 08:55:42.587238','209','Threat Awareness/Sachbearbeiter*in Auendienst/Social Engineering/Social Media System',2,'[{\"changed\": {\"fields\": [\"Antwortoption\"]}}]',20,1),(4858,'2024-05-01 08:55:53.585649','208','Threat Awareness/Sachbearbeiter*in Auendienst/Social Engineering/Social Media System',2,'[{\"changed\": {\"fields\": [\"Antwortoption\"]}}]',20,1),(4859,'2024-05-01 08:55:58.716458','237','Threat Awareness/Sachbearbeiter*in Auendienst/Social Engineering/Instant Messenger',2,'[{\"changed\": {\"fields\": [\"Antwortoption\"]}}]',20,1),(4860,'2024-05-01 08:56:05.529105','236','Threat Awareness/Sachbearbeiter*in Auendienst/Social Engineering/Instant Messenger',2,'[{\"changed\": {\"fields\": [\"Antwortoption\"]}}]',20,1),(4861,'2024-05-01 08:56:11.465552','235','Threat Awareness/Sachbearbeiter*in Auendienst/Social Engineering/Instant Messenger',2,'[{\"changed\": {\"fields\": [\"Antwortoption\"]}}]',20,1),(4862,'2024-05-01 10:22:04.108674','10','FK/Phishing/Mailsystem/Impuls 2',2,'[{\"changed\": {\"fields\": [\"Inhalt\"]}}]',14,1),(4863,'2024-05-01 10:22:09.536916','12','FK/Phishing/Mailsystem/Impuls 1',2,'[]',14,1),(4864,'2024-05-01 10:22:18.877070','11','FK/Phishing/Mailsystem/Impuls 3',2,'[{\"changed\": {\"fields\": [\"Empf\\u00e4nger der E-Mail\"]}}]',14,1),(4865,'2024-05-01 10:23:58.202011','12','FK/Phishing/Mailsystem/Impuls3',2,'[{\"changed\": {\"fields\": [\"Kennung der E-Mail\"]}}]',14,1),(4866,'2024-05-01 10:28:46.237833','10','FK/Phishing/Mailsystem/Impuls1',2,'[{\"changed\": {\"fields\": [\"Kennung der E-Mail\"]}}]',14,1),(4867,'2024-05-01 10:29:35.092665','11','FK/Phishing/Mailsystem/Impuls2',2,'[{\"changed\": {\"fields\": [\"Kennung der E-Mail\"]}}]',14,1),(4868,'2024-05-01 10:29:50.583831','15','FK/Phishing/Mailsystem/Impulse',2,'[]',22,1),(4869,'2024-05-01 11:26:39.909935','33','Bereitstellung von Malware/Internes Informationssystem/IT-Admin',3,'',11,1),(4870,'2024-05-01 11:26:54.990132','18','Durchfhrung von nicht zielgerichteten Zero-Day-Angriffen/Server/IT-Admin',3,'',11,1),(4871,'2024-05-01 11:47:44.467613','38','Durchfhrung von nicht zielgerichteten Zero-Day-Angriffen/Netzwerk/IT-Admin',2,'[{\"changed\": {\"fields\": [\"Kennung\"]}}]',11,1),(4872,'2024-05-02 16:40:55.926171','14','epoualeu',1,'[{\"added\": {}}, {\"added\": {\"name\": \"Kampagnen-Berechtigung\", \"object\": \"epoualeu\"}}]',4,1),(4873,'2024-05-02 16:41:46.813374','15','schlukas',1,'[{\"added\": {}}, {\"added\": {\"name\": \"Kampagnen-Berechtigung\", \"object\": \"schlukas\"}}]',4,1),(4874,'2024-05-02 20:48:23.176056','2','Auendienst',2,'[{\"changed\": {\"fields\": [\"Zugeordnete Bedrohungssituationen\"]}}]',19,1),(4875,'2024-05-02 20:49:50.410142','5','IT-Admin',2,'[{\"changed\": {\"fields\": [\"Zugeordnete Bedrohungssituationen\"]}}]',19,1),(4876,'2024-05-02 20:51:53.702653','1','Innendienst',2,'[{\"changed\": {\"fields\": [\"Zugeordnete Bedrohungssituationen\"]}}]',19,1),(4877,'2024-05-11 12:44:50.651969','78','IT Admin/Durchfhrung von nicht zielgerichteten Zero-Day-Angriffen/Server/Impuls 1',2,'[{\"changed\": {\"fields\": [\"Bild-Datei\"]}}]',15,1),(4878,'2024-05-11 12:45:00.128208','79','IT Admin/Durchfhrung von nicht zielgerichteten Zero-Day-Angriffen/Server/Impuls 2',2,'[{\"changed\": {\"fields\": [\"Bild-Datei\"]}}]',15,1),(4879,'2024-05-11 12:45:12.931638','80','IT Admin/Durchfhrung von nicht zielgerichteten Zero-Day-Angriffen/Server/Impuls 3',2,'[{\"changed\": {\"fields\": [\"Bild-Datei\"]}}]',15,1),(4880,'2024-05-11 12:45:33.362304','75','IT Admin/Durchfhrung von Brute-Force-Anmeldeversuchen/Passworterratungsangriffen/Sever/Impuls 1',2,'[{\"changed\": {\"fields\": [\"Bild-Datei\"]}}]',15,1),(4881,'2024-05-11 12:45:50.104651','76','IT Admin/Durchfhrung von Brute-Force-Anmeldeversuchen/Passworterratungsangriffen/Sever/Impuls 2',2,'[{\"changed\": {\"fields\": [\"Bild-Datei\"]}}]',15,1),(4882,'2024-05-11 12:46:00.404373','77','IT Admin/Durchfhrung von Brute-Force-Anmeldeversuchen/Passworterratungsangriffen/Sever/Impuls 3',2,'[{\"changed\": {\"fields\": [\"Bild-Datei\"]}}]',15,1),(4883,'2024-05-11 13:08:23.351125','69','Fhrungskraft/Social Engineering/Kollaborationssystem/Impuls 1',2,'[{\"changed\": {\"fields\": [\"Bild-Datei\"]}}]',15,1),(4884,'2024-05-11 13:08:30.091925','70','Fhrungskraft/Social Engineering/Kollaborationssystem/Impuls 2',2,'[{\"changed\": {\"fields\": [\"Bild-Datei\"]}}]',15,1),(4885,'2024-05-11 13:08:37.851084','71','Fhrungskraft/Social Engineering/Kollaborationssystem/Impuls 3',2,'[{\"changed\": {\"fields\": [\"Bild-Datei\"]}}]',15,1),(4886,'2024-05-11 13:12:46.507311','8','SBI/Social Engineering/Kollaborationssysteme/Impuls 1',2,'[{\"changed\": {\"fields\": [\"Kennung des Bildes\", \"Bild-Datei\"]}}]',15,1),(4887,'2024-05-11 13:12:57.124894','9','SBI/Social Engineering/Kollaborationssysteme/Impuls 2',2,'[{\"changed\": {\"fields\": [\"Kennung des Bildes\", \"Bild-Datei\"]}}]',15,1),(4888,'2024-05-11 13:13:07.419594','10','SBI/Social Engineering/Kollaborationssysteme/Impuls 3',2,'[{\"changed\": {\"fields\": [\"Kennung des Bildes\", \"Bild-Datei\"]}}]',15,1),(4889,'2024-05-11 13:16:35.166468','5','SBI/Social Engineering/Social Media Systeme/Impuls 1',2,'[{\"changed\": {\"fields\": [\"Kennung des Bildes\", \"Bild-Datei\"]}}]',15,1),(4890,'2024-05-11 13:16:44.521294','6','SBI/Social Engineering/Social Media Systeme/Impuls 2',2,'[{\"changed\": {\"fields\": [\"Kennung des Bildes\", \"Bild-Datei\"]}}]',15,1),(4891,'2024-05-11 13:16:52.853104','7','SBI/Social Engineering/Social Media Systeme/Impuls 3',2,'[{\"changed\": {\"fields\": [\"Kennung des Bildes\", \"Bild-Datei\"]}}]',15,1),(4892,'2024-05-11 13:24:11.946096','17','SBA/Social Engineering/Social Media Systeme/Impuls 1',2,'[{\"changed\": {\"fields\": [\"Kennung des Bildes\", \"Bild-Datei\"]}}]',15,1),(4893,'2024-05-11 13:24:23.919790','18','SBI/Social Engineering/Social Media Systeme/Impuls 2',2,'[{\"changed\": {\"fields\": [\"Kennung des Bildes\", \"Bild-Datei\"]}}]',15,1),(4894,'2024-05-11 13:24:33.295639','19','SBI/Social Engineering/Social Media Systeme/Impuls 3',2,'[{\"changed\": {\"fields\": [\"Kennung des Bildes\", \"Bild-Datei\"]}}]',15,1),(4895,'2024-05-13 19:23:01.592836','249','Tactic Choice/Sachbearbeiter*in Auendienst/Social Engineering/Instant Messenger',2,'[{\"changed\": {\"fields\": [\"Antwortoption\"]}}]',20,1),(4896,'2024-05-13 19:23:34.238653','5','ChatInterface object (5)',2,'[{\"changed\": {\"fields\": [\"Bild des Senders\"]}}]',12,1),(4897,'2024-05-13 19:23:38.283705','6','ChatInterface object (6)',2,'[{\"changed\": {\"fields\": [\"Bild des Senders\"]}}]',12,1),(4898,'2024-05-13 20:00:23.311323','285','Kompromittierung von Informationssystemen/Laptop/Threat Identification/Auendienst',2,'[{\"changed\": {\"fields\": [\"Zugeordnete Frage\"]}}]',18,1),(4899,'2024-05-13 20:00:56.963859','286','Kompromittierung von Informationssystemen/Laptop/Threat Impact Assessment/Auendienst',2,'[{\"changed\": {\"fields\": [\"Zugeordnete Frage\"]}}]',18,1),(4900,'2024-05-13 20:01:15.324430','287','Kompromittierung von Informationssystemen/Laptop/Tactic Choice/Auendienst',2,'[{\"changed\": {\"fields\": [\"Zugeordnete Frage\"]}}]',18,1),(4901,'2024-05-13 20:01:36.053393','288','Kompromittierung von Informationssystemen/Laptop/Tactic Justification/Auendienst',2,'[{\"changed\": {\"fields\": [\"Zugeordnete Frage\"]}}]',18,1),(4902,'2024-05-13 20:02:04.805294','289','Kompromittierung von Informationssystemen/Laptop/Tactic Mastery/Auendienst',2,'[{\"changed\": {\"fields\": [\"Zugeordnete Frage\"]}}]',18,1),(4903,'2024-05-13 20:02:38.745362','290','Kompromittierung von Informationssystemen/Laptop/Tactic Check & Follow-Up/Auendienst',2,'[{\"changed\": {\"fields\": [\"Zugeordnete Frage\"]}}]',18,1),(4904,'2024-05-13 20:05:37.094192','193','Tactic Choice/Sachbearbeiter*in Auendienst/Kompromittierung Informationssystem/Laptop',2,'[{\"changed\": {\"fields\": [\"Bewertung der Antwortoption\"]}}]',20,1),(4905,'2024-05-13 21:20:33.403199','1205','Tactic Choice/SBA/Phishing/Social Media Systeme',2,'[{\"changed\": {\"fields\": [\"Antwortoption\"]}}]',20,1),(4906,'2024-05-13 21:20:51.539210','1212','Tactic Mastery/SBA/Phishing/Social Media Systeme',2,'[{\"changed\": {\"fields\": [\"Antwortoption\"]}}]',20,1),(4907,'2024-05-13 21:21:06.707457','1202','Tactic Choice/SBA/Phishing/Social Media Systeme',2,'[{\"changed\": {\"fields\": [\"Antwortoption\"]}}]',20,1),(4908,'2024-05-13 21:21:33.567680','1214','Tactic Check&Follow Up/SBA/Phishing/Social Media Systeme',2,'[{\"changed\": {\"fields\": [\"Antwortoption\"]}}]',20,1),(4909,'2024-05-13 21:47:39.867976','12','FK/Phishing/Mailsystem/Impuls3',2,'[]',14,1),(4910,'2024-05-13 22:08:13.930740','4','Fhrungskraft',2,'[{\"changed\": {\"fields\": [\"Zugeordnete Bedrohungssituationen\"]}}]',19,1),(4911,'2024-05-13 22:10:15.115780','4','Fhrungskraft',2,'[]',19,1),(4912,'2024-05-13 22:13:51.233779','59','Social Engineering/Mailsystem/Fhrungskraft',2,'[{\"changed\": {\"fields\": [\"Zugeordneter Bedrohungsvektor\"]}}]',11,1),(4913,'2024-05-13 22:14:38.277410','375','Social Engineering/Mailsystem/Threat Awareness/Fhrungskraft',2,'[]',18,1),(4914,'2024-05-13 22:16:18.881866','4','Fhrungskraft',2,'[{\"changed\": {\"fields\": [\"Zugeordnete Bedrohungssituationen\"]}}]',19,1),(4915,'2024-05-13 22:19:10.737432','1526','Threat Impact Assessment/FK/Phishing/Mailsystem',2,'[{\"changed\": {\"fields\": [\"Antwortoption\"]}}]',20,1),(4916,'2024-05-13 22:19:39.237316','1527','Threat Impact Assessment/FK/Phishing/Mailsystem',2,'[{\"changed\": {\"fields\": [\"Antwortoption\"]}}]',20,1),(4917,'2024-05-13 22:20:14.349711','1528','Threat Impact Assessment/FK/Phishing/Mailsystem',2,'[{\"changed\": {\"fields\": [\"Antwortoption\", \"Bewertung der Antwortoption\"]}}]',20,1),(4918,'2024-05-13 22:20:37.697814','1525','Threat Impact Assessment/FK/Phishing/Mailsystem',2,'[{\"changed\": {\"fields\": [\"Antwortoption\"]}}]',20,1),(4919,'2024-05-13 22:29:05.974943','111','(Speer)-Phishing/Mailsystem/Tactic Choice/Fhrungskraft',2,'[{\"changed\": {\"fields\": [\"Zugeordnete Frage\"]}}]',18,1),(4920,'2024-05-13 22:51:12.122987','380','Threat Awareness/Fhrungskraft/Phishing/Mailsystem',3,'',20,1),(4921,'2024-05-13 22:51:12.139154','379','Threat Awareness/Fhrungskraft/Phishing/Mailsystem',3,'',20,1),(4922,'2024-05-13 22:51:12.150729','378','Threat Awareness/Fhrungskraft/Phishing/Mailsystem',3,'',20,1),(4923,'2024-05-13 22:51:49.403327','1814','Threat Awareness/Fhrungskraft/Phishing/Mailsystem',1,'[{\"added\": {}}]',20,1),(4924,'2024-05-13 22:52:19.507760','1815','Threat Awareness/Fhrungskraft/Phishing/Mailsystem',1,'[{\"added\": {}}]',20,1),(4925,'2024-05-13 22:52:52.316919','1816','Threat Awareness/Fhrungskraft/Phishing/Mailsystem',1,'[{\"added\": {}}]',20,1),(4926,'2024-05-13 22:55:18.269722','4','Fhrungskraft',2,'[{\"changed\": {\"fields\": [\"Zugeordnete Bedrohungssituationen\"]}}]',19,1),(4927,'2024-05-13 23:00:30.017712','777','Threat Awareness/Fhrungskraft/Social Engineering/Kollaborationssyteme',3,'',20,1),(4928,'2024-05-13 23:00:30.031547','776','Threat Awareness/Fhrungskraft/Social Engineering/Kollaborationssyteme',3,'',20,1),(4929,'2024-05-13 23:00:30.044303','775','Threat Awareness/Fhrungskraft/Social Engineering/Kollaborationssyteme',3,'',20,1),(4930,'2024-05-13 23:00:44.391950','1817','Threat Awareness/Fhrungskraft/Social Engineering/Kollaborationssyteme',1,'[{\"added\": {}}]',20,1),(4931,'2024-05-13 23:01:04.149671','1818','Threat Awareness/Fhrungskraft/Social Engineering/Kollaborationssyteme',1,'[{\"added\": {}}]',20,1),(4932,'2024-05-13 23:01:19.022762','1819','Threat Awareness/Fhrungskraft/Social Engineering/Kollaborationssyteme',1,'[{\"added\": {}}]',20,1),(4933,'2024-05-13 23:08:56.007093','205','Social Engineering/Kollaborationssysteme/Tactic Check & Follow-Up/Fhrungskraft',3,'',18,1),(4934,'2024-05-13 23:08:56.012513','204','Social Engineering/Kollaborationssysteme/Tactic Mastery/Fhrungskraft',3,'',18,1),(4935,'2024-05-13 23:09:33.093285','460','Social Engineering/Kollaborationssysteme/Tactic Mastery/Fhrungskraft',1,'[{\"added\": {}}]',18,1),(4936,'2024-05-13 23:10:10.995325','461','Social Engineering/Kollaborationssysteme/Tactic Check & Follow-Up/Fhrungskraft',1,'[{\"added\": {}}]',18,1),(4937,'2024-05-14 07:24:44.511959','1663','Threat Awareness/GF/Einschleusen von Malware/Mailsystem',2,'[{\"changed\": {\"fields\": [\"Antwortoption\", \"Bewertung der Antwortoption\"]}}]',20,1),(4938,'2024-05-14 07:24:54.899552','1664','Threat Awareness/GF/Einschleusen von Malware/Mailsystem',2,'[{\"changed\": {\"fields\": [\"Antwortoption\", \"Bewertung der Antwortoption\"]}}]',20,1),(4939,'2024-05-14 07:25:05.419177','1665','Threat Awareness/GF/Einschleusen von Malware/Mailsystem',2,'[{\"changed\": {\"fields\": [\"Antwortoption\", \"Bewertung der Antwortoption\"]}}]',20,1),(4940,'2024-05-14 07:28:08.007887','1820','Tactic Choice/GF/Einschleusen von Malware/Mailsystem',1,'[{\"added\": {}}]',20,1),(4941,'2024-05-14 07:36:18.290894','420','Tactic Mastery/GF/Durchfhrung von Brute-Force-Anmeldeversuchen/PC',2,'[{\"changed\": {\"fields\": [\"Fragen-Typ\"]}}]',17,1),(4942,'2024-05-14 07:47:50.804697','1821','Tactic Justification/GF/(Speer)-Phishing/Mailsystem',1,'[{\"added\": {}}]',20,1),(4943,'2024-05-14 08:02:43.651439','1726','Threat Awareness/GF/Falsche Berechtigungseinstellungen/Mitarbeiter',2,'[{\"changed\": {\"fields\": [\"Antwortoption\", \"Bewertung der Antwortoption\"]}}]',20,1),(4944,'2024-05-14 08:02:51.829333','1724','Threat Awareness/GF/Falsche Berechtigungseinstellungen/Mitarbeiter',2,'[{\"changed\": {\"fields\": [\"Antwortoption\", \"Bewertung der Antwortoption\"]}}]',20,1),(4945,'2024-05-14 08:02:58.102676','1725','Threat Awareness/GF/Falsche Berechtigungseinstellungen/Mitarbeiter',2,'[{\"changed\": {\"fields\": [\"Antwortoption\"]}}]',20,1),(4946,'2024-05-14 08:22:00.291099','488','Threat Identification/Sachbearbeiter*in Innendienst/Social Engineering/Kollborationssystem',3,'',20,1),(4947,'2024-05-14 08:22:00.298180','7','Threat Identification/Sachbearbeiter*in Innendienst/Social Engineering/Kollborationssystem',3,'',20,1),(4948,'2024-05-14 08:22:07.577602','8','Threat Identification/Sachbearbeiter*in Innendienst/Social Engineering/Kollborationssystem',2,'[{\"changed\": {\"fields\": [\"Antwortoption\"]}}]',20,1),(4949,'2024-05-14 08:22:42.826990','5','Threat Identification/Sachbearbeiter*in Innendienst/Social Engineering/Kollborationssystem',2,'[{\"changed\": {\"fields\": [\"Bewertung der Antwortoption\"]}}]',20,1),(4950,'2024-05-14 08:23:43.137762','497','Tactic Choice/Sachbearbeiter Innendienst/Social Engineering/Kollaborationssystem',3,'',20,1),(4951,'2024-05-14 08:47:09.770350','682','Threat Identification/Sachbearbeiter*in Innendienst/Falscher Umgang mit kritischen und/oder sensiblen Informationen/Mitarbeiter',2,'[{\"changed\": {\"fields\": [\"Bewertung der Antwortoption\"]}}]',20,1),(4952,'2024-05-14 08:49:01.003917','693','Tactic Justification/Sachbearbeiter*in Innendienst/Falscher Umgang mit kritischen und/oder sensiblen Informationen/Mitarbeiter',2,'[{\"changed\": {\"fields\": [\"Antwortoption\"]}}]',20,1),(4953,'2024-05-14 08:50:35.766567','693','Tactic Justification/Sachbearbeiter*in Innendienst/Falscher Umgang mit kritischen und/oder sensiblen Informationen/Mitarbeiter',2,'[{\"changed\": {\"fields\": [\"Antwortoption\"]}}]',20,1),(4954,'2024-05-14 08:57:46.366475','704','Threat Awareness/Sachbearbeiter*in Innendienst/Weitergabe sensibler Informationen/Mitarbeiter',2,'[{\"changed\": {\"fields\": [\"Antwortoption\"]}}]',20,1),(4955,'2024-05-14 08:57:55.169181','703','Threat Awareness/Sachbearbeiter*in Innendienst/Weitergabe sensibler Informationen/Mitarbeiter',2,'[{\"changed\": {\"fields\": [\"Antwortoption\"]}}]',20,1),(4956,'2024-05-14 08:58:00.282723','702','Threat Awareness/Sachbearbeiter*in Innendienst/Weitergabe sensibler Informationen/Mitarbeiter',2,'[{\"changed\": {\"fields\": [\"Antwortoption\"]}}]',20,1),(4957,'2024-05-14 08:58:16.665884','708','Threat Identification/Sachbearbeiter*in Innendienst/Weitergabe sensibler Informationen/Mitarbeiter',2,'[{\"changed\": {\"fields\": [\"Antwortoption\", \"Bewertung der Antwortoption\"]}}]',20,1),(4958,'2024-05-14 08:58:30.711175','707','Threat Identification/Sachbearbeiter*in Innendienst/Weitergabe sensibler Informationen/Mitarbeiter',2,'[{\"changed\": {\"fields\": [\"Antwortoption\", \"Bewertung der Antwortoption\"]}}]',20,1),(4959,'2024-05-14 08:58:49.376436','706','Threat Identification/Sachbearbeiter*in Innendienst/Weitergabe sensibler Informationen/Mitarbeiter',2,'[{\"changed\": {\"fields\": [\"Antwortoption\", \"Bewertung der Antwortoption\"]}}]',20,1),(4960,'2024-05-14 08:58:56.592655','705','Threat Identification/Sachbearbeiter*in Innendienst/Weitergabe sensibler Informationen/Mitarbeiter',3,'',20,1),(4961,'2024-05-14 09:21:32.167850','39','Tactic Choice/Sachbearbeiter*in Innendienst/Social Engineering/Social Media System',2,'[{\"changed\": {\"fields\": [\"Antwortoption\"]}}]',20,1),(4962,'2024-05-14 09:21:49.682106','48','Tactic Mastery/Sachbearbeiter*in Innendienst/Social Engineering/Social Media System',2,'[{\"changed\": {\"fields\": [\"Antwortoption\"]}}]',20,1),(4963,'2024-05-14 09:22:00.879374','50','Tactic Check & Follow-Up/Sachbearbeiter*in Innendienst/Social Engineering/Social Media System',2,'[{\"changed\": {\"fields\": [\"Antwortoption\"]}}]',20,1),(4964,'2024-05-14 09:58:34.551898','217','Durchfhrung von Brute-Force-Anmeldeversuchen/Passworterratungsangriffen/Server/Tactic Choice/IT-Admin',2,'[{\"changed\": {\"fields\": [\"Zugeordnete Frage\"]}}]',18,1),(4965,'2024-05-14 10:09:46.720532','481','Threat Awareness/IT-Admin/Durchfhrung von nicht zielgerichteten Zero-Day-Angriffen/Server',2,'[{\"changed\": {\"fields\": [\"Antwortoption\"]}}]',20,1),(4966,'2024-05-14 10:09:51.621783','482','Threat Awareness/IT-Admin/Durchfhrung von nicht zielgerichteten Zero-Day-Angriffen/Server',2,'[{\"changed\": {\"fields\": [\"Antwortoption\"]}}]',20,1),(4967,'2024-05-14 10:09:56.454436','483','Threat Awareness/IT-Admin/Durchfhrung von nicht zielgerichteten Zero-Day-Angriffen/Server',2,'[{\"changed\": {\"fields\": [\"Antwortoption\"]}}]',20,1),(4968,'2024-05-14 10:48:16.504155','1000','Threat Awareness/IT Admin/Umfassende Laufwerksfehler/Server',2,'[{\"changed\": {\"fields\": [\"Antwortoption\"]}}]',20,1),(4969,'2024-05-14 10:48:21.678383','1001','Threat Awareness/IT Admin/Umfassende Laufwerksfehler/Server',2,'[{\"changed\": {\"fields\": [\"Antwortoption\"]}}]',20,1),(4970,'2024-05-14 10:48:26.304049','1002','Threat Awareness/IT Admin/Umfassende Laufwerksfehler/Server',2,'[{\"changed\": {\"fields\": [\"Antwortoption\"]}}]',20,1),(4971,'2024-05-14 11:03:02.730471','5','IT-Admin',2,'[{\"changed\": {\"fields\": [\"Zugeordnete Bedrohungssituationen\"]}}]',19,1),(4972,'2024-05-14 11:09:56.630708','21','Schwachstellen in internen Informationssystemen (Buchhaltungssystem)/Internes Informationssystem',2,'[{\"changed\": {\"fields\": [\"Beschreibung\"]}}]',10,1),(4973,'2024-05-14 11:23:27.350385','50','Durchfhrung von Brute-Force-Anmeldeversuchen/Passworterratungsangriffen/PC',2,'[{\"changed\": {\"fields\": [\"Beschreibung\"]}}]',10,1),(4974,'2024-05-14 11:24:54.483327','51','Kompromittierung von Informationssystemen/Telefon',2,'[{\"changed\": {\"fields\": [\"Beschreibung\"]}}]',10,1),(4975,'2024-05-14 11:29:14.783314','22','Weitergabe sensibler Informationen/Mitarbeiter',2,'[{\"changed\": {\"fields\": [\"Beschreibung\"]}}]',10,1),(4976,'2024-05-15 07:45:24.539028','68','Sachbearbeiter innen/social engineering/Mitarbeiter/Impuls 3',2,'[{\"changed\": {\"fields\": [\"Bild-Datei\"]}}]',15,1),(4977,'2024-05-15 11:05:36.163947','180','FK/Falsche Berechtigungseinstellungen/Mitarbeiter/Impuls 3',2,'[{\"changed\": {\"fields\": [\"Zugeordnete Bedrohungssituation\"]}}]',15,1),(4978,'2024-05-15 11:05:44.052062','179','FK/Falsche Berechtigungseinstellungen/Mitarbeiter/Impuls 2',2,'[{\"changed\": {\"fields\": [\"Zugeordnete Bedrohungssituation\"]}}]',15,1),(4979,'2024-05-15 11:05:47.164903','179','FK/Falsche Berechtigungseinstellungen/Mitarbeiter/Impuls 2',2,'[]',15,1),(4980,'2024-05-15 11:06:07.489697','178','FK/Falsche Berechtigungseinstellungen/Mitarbeiter/Impuls 1',2,'[{\"changed\": {\"fields\": [\"Zugeordnete Bedrohungssituation\"]}}]',15,1),(4981,'2024-05-15 11:06:45.639588','177','GF/Pharming-Angriff/Online-Banking/Impuls 3',2,'[{\"changed\": {\"fields\": [\"Zugeordnete Bedrohungssituation\"]}}]',15,1),(4982,'2024-05-15 11:06:53.452085','176','GF/Pharming-Angriff/Online-Banking/Impuls 2',2,'[{\"changed\": {\"fields\": [\"Zugeordnete Bedrohungssituation\"]}}]',15,1),(4983,'2024-05-15 11:06:59.204713','175','GF/Pharming-Angriff/Online-Banking/Impuls 1',2,'[{\"changed\": {\"fields\": [\"Zugeordnete Bedrohungssituation\"]}}]',15,1),(4984,'2024-05-15 11:07:08.101018','174','GF/Falsche Berechtigungseinstellungen/Mitarbeiter/Impuls 3',2,'[{\"changed\": {\"fields\": [\"Zugeordnete Bedrohungssituation\"]}}]',15,1),(4985,'2024-05-15 11:07:14.829320','173','GF/Falsche Berechtigungseinstellungen/Mitarbeiter/Impuls 2',2,'[{\"changed\": {\"fields\": [\"Zugeordnete Bedrohungssituation\"]}}]',15,1),(4986,'2024-05-15 11:07:20.578456','171','GF/Falsche Berechtigungseinstellungen/Mitarbeiter/Impuls 1',2,'[{\"changed\": {\"fields\": [\"Zugeordnete Bedrohungssituation\"]}}]',15,1),(4987,'2024-05-15 11:07:29.694201','170','GF/Phishing/Instantmessenger/Impuls 3',2,'[{\"changed\": {\"fields\": [\"Zugeordnete Bedrohungssituation\"]}}]',15,1),(4988,'2024-05-15 11:07:36.536333','169','GF/Phishing/Instantmessenger/Impuls 2',2,'[{\"changed\": {\"fields\": [\"Zugeordnete Bedrohungssituation\"]}}]',15,1),(4989,'2024-05-15 11:07:48.095724','168','GF/Phishing/Instantmessenger/Impuls 1',2,'[{\"changed\": {\"fields\": [\"Zugeordnete Bedrohungssituation\"]}}]',15,1),(4990,'2024-05-15 11:07:57.382088','167','GF/Ausnutzen bekannter Schwachstellen/Smartphone/Impuls 3',2,'[{\"changed\": {\"fields\": [\"Zugeordnete Bedrohungssituation\"]}}]',15,1),(4991,'2024-05-15 11:08:03.367856','166','GF/Ausnutzen bekannter Schwachstellen/Smartphone/Impuls 2',2,'[{\"changed\": {\"fields\": [\"Zugeordnete Bedrohungssituation\"]}}]',15,1),(4992,'2024-05-15 11:08:12.003496','165','GF/Ausnutzen bekannter Schwachstellen/Smartphone/Impuls 1',2,'[{\"changed\": {\"fields\": [\"Zugeordnete Bedrohungssituation\"]}}]',15,1),(4993,'2024-05-15 11:08:19.541163','164','GF/Kompromittierung von Informationssystemen oder Gerten/Telefon/Impuls 3',2,'[{\"changed\": {\"fields\": [\"Zugeordnete Bedrohungssituation\"]}}]',15,1),(4994,'2024-05-15 11:08:27.100136','163','GF/Kompromittierung von Informationssystemen oder Gerten/Telefon/Impuls 2',2,'[{\"changed\": {\"fields\": [\"Zugeordnete Bedrohungssituation\"]}}]',15,1),(4995,'2024-05-15 11:08:33.952296','162','GF/Kompromittierung von Informationssystemen oder Gerten/Telefon/Impuls 1',2,'[{\"changed\": {\"fields\": [\"Zugeordnete Bedrohungssituation\"]}}]',15,1),(4996,'2024-05-15 11:09:52.357618','161','GF/Durchfhrung von Brute-Force-Anmeldeversuchen/PC/Impuls 3',2,'[{\"changed\": {\"fields\": [\"Zugeordnete Bedrohungssituation\"]}}]',15,1),(4997,'2024-05-15 11:10:01.256308','160','GF/Durchfhrung von Brute-Force-Anmeldeversuchen/PC/Impuls 2',2,'[{\"changed\": {\"fields\": [\"Zugeordnete Bedrohungssituation\"]}}]',15,1),(4998,'2024-05-15 11:10:08.337679','159','GF/Durchfhrung von Brute-Force-Anmeldeversuchen/PC/Impuls 1',2,'[{\"changed\": {\"fields\": [\"Zugeordnete Bedrohungssituation\"]}}]',15,1),(4999,'2024-05-15 11:10:17.257973','158','FK/Durchfhrung von nicht zielgerichteten Zero-Day-Angriffen/Buchhaltungssystem/Impuls 3',2,'[{\"changed\": {\"fields\": [\"Zugeordnete Bedrohungssituation\"]}}]',15,1),(5000,'2024-05-15 11:10:25.045530','157','FK/Durchfhrung von nicht zielgerichteten Zero-Day-Angriffen/Buchhaltungssystem/Impuls 2',2,'[{\"changed\": {\"fields\": [\"Zugeordnete Bedrohungssituation\"]}}]',15,1),(5001,'2024-05-15 11:10:31.951252','156','FK/Durchfhrung von nicht zielgerichteten Zero-Day-Angriffen/Buchhaltungssystem/Impuls 1',2,'[{\"changed\": {\"fields\": [\"Zugeordnete Bedrohungssituation\"]}}]',15,1),(5002,'2024-05-15 11:10:42.049728','155','FK/Festplattenfehler/USB-Stick/Impuls 3',2,'[{\"changed\": {\"fields\": [\"Zugeordnete Bedrohungssituation\"]}}]',15,1),(5003,'2024-05-15 11:10:56.223076','153','FK/Festplattenfehler/USB-Stick/Impuls 1',2,'[{\"changed\": {\"fields\": [\"Zugeordnete Bedrohungssituation\"]}}]',15,1),(5004,'2024-05-15 11:11:06.466101','154','FK/Festplattenfehler/USB-Stick/Impuls 2',2,'[{\"changed\": {\"fields\": [\"Zugeordnete Bedrohungssituation\"]}}]',15,1),(5005,'2024-05-15 11:11:16.570442','152','FK/Phishing/Mailsystem/Impuls 3',2,'[{\"changed\": {\"fields\": [\"Zugeordnete Bedrohungssituation\"]}}]',15,1),(5006,'2024-05-15 11:11:31.168129','151','FK/Phishing/Mailsystem/Impuls 2',2,'[{\"changed\": {\"fields\": [\"Zugeordnete Bedrohungssituation\"]}}]',15,1),(5007,'2024-05-15 11:11:39.943713','150','FK/Phishing/Mailsystem/Impuls 1',2,'[{\"changed\": {\"fields\": [\"Zugeordnete Bedrohungssituation\"]}}]',15,1),(5008,'2024-05-15 11:12:21.755144','149','FK/Social Engineering/Instantmessenger/Impuls 3',2,'[{\"changed\": {\"fields\": [\"Zugeordnete Bedrohungssituation\"]}}]',15,1),(5009,'2024-05-15 11:12:31.766026','148','FK/Social Engineering/Instantmessenger/Impuls 2',2,'[{\"changed\": {\"fields\": [\"Zugeordnete Bedrohungssituation\"]}}]',15,1),(5010,'2024-05-15 11:12:40.536364','147','FK/Social Engineering/Instantmessenger/Impuls 1',2,'[{\"changed\": {\"fields\": [\"Zugeordnete Bedrohungssituation\"]}}]',15,1),(5011,'2024-05-15 11:12:49.715966','146','FK/Phishing/Instantmessenger/Impuls 3',2,'[{\"changed\": {\"fields\": [\"Zugeordnete Bedrohungssituation\"]}}]',15,1),(5012,'2024-05-15 11:13:14.033515','145','FK/Phishing/Instantmessenger/Impuls 2',2,'[{\"changed\": {\"fields\": [\"Zugeordnete Bedrohungssituation\"]}}]',15,1),(5013,'2024-05-15 11:13:52.194239','34','FK/Kompromittierung von Informationssystemen/Internes Informationssystem (Buchhaltungssystem)/Impuls 3',2,'[{\"changed\": {\"fields\": [\"Zugeordnete Bedrohungssituation\"]}}]',15,1),(5014,'2024-05-15 11:13:58.309645','33','FK/Kompromittierung von Informationssystemen/Internes Informationssystem (Buchhaltungssystem)/Impuls 2',2,'[{\"changed\": {\"fields\": [\"Zugeordnete Bedrohungssituation\"]}}]',15,1),(5015,'2024-05-15 11:14:04.605718','32','FK/Kompromittierung von Informationssystemen/Internes Informationssystem (Buchhaltungssystem)/Impuls 1',2,'[{\"changed\": {\"fields\": [\"Zugeordnete Bedrohungssituation\"]}}]',15,1),(5016,'2024-05-15 11:41:47.752710','143','SBI/Unzureichende Zugangskontrolle/Mitarbeiter/Impuls 3',2,'[{\"changed\": {\"fields\": [\"Zugeordnete Bedrohungssituation\"]}}]',15,1),(5017,'2024-05-15 11:41:52.874531','142','SBI/Unzureichende Zugangskontrolle/Mitarbeiter/Impuls 2',2,'[{\"changed\": {\"fields\": [\"Zugeordnete Bedrohungssituation\"]}}]',15,1),(5018,'2024-05-15 11:41:57.767724','141','SBI/Unzureichende Zugangskontrolle/Mitarbeiter/Impuls 1',2,'[{\"changed\": {\"fields\": [\"Zugeordnete Bedrohungssituation\"]}}]',15,1),(5019,'2024-05-15 11:42:07.029635','140','SBI/Social Engineering/Social Media Systeme/Impuls 3',2,'[{\"changed\": {\"fields\": [\"Zugeordnete Bedrohungssituation\"]}}]',15,1),(5020,'2024-05-15 11:42:13.837286','139','SBI/Social Engineering/Social Media Systeme/Impuls 2',2,'[{\"changed\": {\"fields\": [\"Zugeordnete Bedrohungssituation\"]}}]',15,1),(5021,'2024-05-15 11:42:19.474116','138','SBI/Social Engineering/Social Media Systeme/Impuls 1',2,'[{\"changed\": {\"fields\": [\"Zugeordnete Bedrohungssituation\"]}}]',15,1),(5022,'2024-05-15 11:42:28.258106','137','SBI/Social Engineering/Mailsystem/Impuls 3',2,'[{\"changed\": {\"fields\": [\"Zugeordnete Bedrohungssituation\"]}}]',15,1),(5023,'2024-05-15 11:42:34.077342','136','SBI/Social Engineering/Mailsystem/Impuls 2',2,'[{\"changed\": {\"fields\": [\"Zugeordnete Bedrohungssituation\"]}}]',15,1),(5024,'2024-05-15 11:42:40.754504','135','SBI/Social Engineering/Mailsystem/Impuls 1',2,'[{\"changed\": {\"fields\": [\"Zugeordnete Bedrohungssituation\"]}}]',15,1),(5025,'2024-05-15 11:42:47.849212','134','SBI/Social Engineering/Instant Messenger/Impuls 3',2,'[{\"changed\": {\"fields\": [\"Zugeordnete Bedrohungssituation\"]}}]',15,1),(5026,'2024-05-15 11:42:55.156204','133','SBI/Social Engineering/Instant Messenger/Impuls 2',2,'[{\"changed\": {\"fields\": [\"Zugeordnete Bedrohungssituation\"]}}]',15,1),(5027,'2024-05-15 11:43:01.842077','132','SBI/Social Engineering/Instant Messenger/Impuls 1',2,'[{\"changed\": {\"fields\": [\"Zugeordnete Bedrohungssituation\"]}}]',15,1),(5028,'2024-05-15 11:43:51.904597','19','SBI/Social Engineering/Social Media Systeme/Impuls 3',2,'[{\"changed\": {\"fields\": [\"Zugeordnete Bedrohungssituation\"]}}]',15,1),(5029,'2024-05-15 11:44:10.847661','18','SBI/Social Engineering/Social Media Systeme/Impuls 2',2,'[{\"changed\": {\"fields\": [\"Zugeordnete Bedrohungssituation\"]}}]',15,1),(5030,'2024-05-15 11:44:35.270213','10','SBI/Social Engineering/Kollaborationssysteme/Impuls 3',2,'[{\"changed\": {\"fields\": [\"Zugeordnete Bedrohungssituation\"]}}]',15,1),(5031,'2024-05-15 11:44:41.264942','9','SBI/Social Engineering/Kollaborationssysteme/Impuls 2',2,'[{\"changed\": {\"fields\": [\"Zugeordnete Bedrohungssituation\"]}}]',15,1),(5032,'2024-05-15 11:44:48.085351','8','SBI/Social Engineering/Kollaborationssysteme/Impuls 1',2,'[{\"changed\": {\"fields\": [\"Zugeordnete Bedrohungssituation\"]}}]',15,1),(5033,'2024-05-15 11:44:53.849991','7','SBI/Social Engineering/Social Media Systeme/Impuls 3',2,'[{\"changed\": {\"fields\": [\"Zugeordnete Bedrohungssituation\"]}}]',15,1),(5034,'2024-05-15 11:45:00.222378','6','SBI/Social Engineering/Social Media Systeme/Impuls 2',2,'[{\"changed\": {\"fields\": [\"Zugeordnete Bedrohungssituation\"]}}]',15,1),(5035,'2024-05-15 11:45:07.445820','5','SBI/Social Engineering/Social Media Systeme/Impuls 1',2,'[{\"changed\": {\"fields\": [\"Zugeordnete Bedrohungssituation\"]}}]',15,1),(5036,'2024-05-15 11:45:24.450281','59','Falscher Umgang mit kritischen und/oder sensiblen Informationen/Mitarbeiter/Sachbearbeiter*in Innendienst/Bild Impuls 3',2,'[{\"changed\": {\"fields\": [\"Zugeordnete Bedrohungssituation\"]}}]',15,1),(5037,'2024-05-15 11:45:30.033443','58','Falscher Umgang mit kritischen und/oder sensiblen Informationen/Mitarbeiter/Sachbearbeiter*in Innendienst/Bild Impuls 2',2,'[{\"changed\": {\"fields\": [\"Zugeordnete Bedrohungssituation\"]}}]',15,1),(5038,'2024-05-15 11:45:35.597155','57','Falscher Umgang mit kritischen und/oder sensiblen Informationen/Mitarbeiter/Sachbearbeiter*in Innendienst/Bild Impuls 1',2,'[{\"changed\": {\"fields\": [\"Zugeordnete Bedrohungssituation\"]}}]',15,1),(5039,'2024-05-15 11:45:56.717644','131','SBA/Kompromittierung von Informationssystemen oder Gerten/Telefon/Impuls 3',2,'[{\"changed\": {\"fields\": [\"Zugeordnete Bedrohungssituation\"]}}]',15,1),(5040,'2024-05-15 11:46:04.544032','130','SBA/Kompromittierung von Informationssystemen oder Gerten/Telefon/Impuls 2',2,'[{\"changed\": {\"fields\": [\"Zugeordnete Bedrohungssituation\"]}}]',15,1),(5041,'2024-05-15 11:46:09.902244','129','SBA/Kompromittierung von Informationssystemen oder Gerten/Telefon/Impuls 1',2,'[{\"changed\": {\"fields\": [\"Zugeordnete Bedrohungssituation\"]}}]',15,1),(5042,'2024-05-15 11:46:16.239742','128','SBA/Bereitstellung gezielter Schadsoftware zur Kontrolle interner Systeme und zur Exfiltration von Daten/Instantmessenger/Impuls 3',2,'[{\"changed\": {\"fields\": [\"Zugeordnete Bedrohungssituation\"]}}]',15,1),(5043,'2024-05-15 11:46:24.055283','127','SBA/Bereitstellung gezielter Schadsoftware zur Kontrolle interner Systeme und zur Exfiltration von Daten/Instantmessenger/Impuls 2',2,'[{\"changed\": {\"fields\": [\"Zugeordnete Bedrohungssituation\"]}}]',15,1),(5044,'2024-05-15 11:46:31.322458','126','SBA/Bereitstellung gezielter Schadsoftware zur Kontrolle interner Systeme und zur Exfiltration von Daten/Instantmessenger/Impuls 1',2,'[{\"changed\": {\"fields\": [\"Zugeordnete Bedrohungssituation\"]}}]',15,1),(5045,'2024-05-15 11:46:39.272405','125','SBA/Einschleusen modifizierter Malware in interne Informationssysteme der Organisation/Instantmessenger/Impuls 3',2,'[{\"changed\": {\"fields\": [\"Zugeordnete Bedrohungssituation\"]}}]',15,1),(5046,'2024-05-15 11:46:46.695101','124','SBA/Einschleusen modifizierter Malware in interne Informationssysteme der Organisation/Instantmessenger/Impuls 2',2,'[{\"changed\": {\"fields\": [\"Zugeordnete Bedrohungssituation\"]}}]',15,1),(5047,'2024-05-15 11:46:58.896354','123','SBA/Einschleusen modifizierter Malware in interne Informationssysteme der Organisation/Instantmessenger/Impuls 1',2,'[{\"changed\": {\"fields\": [\"Zugeordnete Bedrohungssituation\"]}}]',15,1),(5048,'2024-05-15 11:47:12.773731','122','SBA/Einschleusen bekannter Malware in interne Informationssysteme der Organisation/Instantmessenger/Impuls 3',2,'[{\"changed\": {\"fields\": [\"Zugeordnete Bedrohungssituation\"]}}]',15,1),(5049,'2024-05-15 11:47:19.664766','121','SBA/Einschleusen bekannter Malware in interne Informationssysteme der Organisation/Instantmessenger/Impuls 2',2,'[{\"changed\": {\"fields\": [\"Zugeordnete Bedrohungssituation\"]}}]',15,1),(5050,'2024-05-15 11:47:26.473617','120','SBA/Einschleusen bekannter Malware in interne Informationssysteme der Organisation/Instantmessenger/Impuls 1',2,'[{\"changed\": {\"fields\": [\"Zugeordnete Bedrohungssituation\"]}}]',15,1),(5051,'2024-05-15 11:47:41.633422','119','SBA/Festplattenfehler/USB/Impuls 3',2,'[{\"changed\": {\"fields\": [\"Zugeordnete Bedrohungssituation\"]}}]',15,1),(5052,'2024-05-15 11:47:48.475090','118','SBA/Festplattenfehler/USB/Impuls 2',2,'[{\"changed\": {\"fields\": [\"Zugeordnete Bedrohungssituation\"]}}]',15,1),(5053,'2024-05-15 11:47:55.644536','117','SBA/Festplattenfehler/USB/Impuls 1',2,'[{\"changed\": {\"fields\": [\"Zugeordnete Bedrohungssituation\"]}}]',15,1),(5054,'2024-05-15 11:48:03.900251','116','SBA/Phishing/Instantmessenger/Impuls 3',2,'[{\"changed\": {\"fields\": [\"Zugeordnete Bedrohungssituation\"]}}]',15,1),(5055,'2024-05-15 11:48:13.524798','115','SBA/Phishing/Instantmessenger/Impuls 2',2,'[{\"changed\": {\"fields\": [\"Zugeordnete Bedrohungssituation\"]}}]',15,1),(5056,'2024-05-15 11:48:21.807783','113','SBA/Phishing/Social Media Systeme/Impuls 3',2,'[{\"changed\": {\"fields\": [\"Zugeordnete Bedrohungssituation\"]}}]',15,1),(5057,'2024-05-15 11:48:30.477259','112','SBA/Phishing/Social Media Systeme/Impuls 2',2,'[{\"changed\": {\"fields\": [\"Zugeordnete Bedrohungssituation\"]}}]',15,1),(5058,'2024-05-15 11:48:39.672481','111','SBA/Phishing/Social Media Systeme/Impuls 1',2,'[{\"changed\": {\"fields\": [\"Zugeordnete Bedrohungssituation\"]}}]',15,1),(5059,'2024-05-15 11:48:47.118061','110','SBA/Kompromittierung von Informationssystemen/Laptop/Impuls 3',2,'[{\"changed\": {\"fields\": [\"Zugeordnete Bedrohungssituation\"]}}]',15,1),(5060,'2024-05-15 11:48:58.458478','109','SBA/Kompromittierung von Informationssystemen/Laptop/Impuls 2',2,'[{\"changed\": {\"fields\": [\"Zugeordnete Bedrohungssituation\"]}}]',15,1),(5061,'2024-05-15 11:49:05.083158','108','SBA/Kompromittierung von Informationssystemen/Laptop/Impuls 1',2,'[{\"changed\": {\"fields\": [\"Zugeordnete Bedrohungssituation\"]}}]',15,1),(5062,'2024-05-15 11:49:12.016548','107','SBA/Verbreitung von Malware durch Bereitstellung von Wechselmedien/USB-Stick/Impuls 3',2,'[{\"changed\": {\"fields\": [\"Zugeordnete Bedrohungssituation\"]}}]',15,1),(5063,'2024-05-15 11:49:18.228102','106','SBA/Verbreitung von Malware durch Bereitstellung von Wechselmedien/USB-Stick/Impuls 2',2,'[{\"changed\": {\"fields\": [\"Zugeordnete Bedrohungssituation\"]}}]',15,1),(5064,'2024-05-15 11:49:26.357654','105','SBA/Verbreitung von Malware durch Bereitstellung von Wechselmedien/USB-Stick/Impuls 1',2,'[{\"changed\": {\"fields\": [\"Zugeordnete Bedrohungssituation\"]}}]',15,1),(5065,'2024-05-15 11:51:01.223846','128','SBA/Bereitstellung gezielter Schadsoftware zur Kontrolle interner Systeme und zur Exfiltration von Daten/Instantmessenger/Impuls 3',2,'[]',15,1),(5066,'2024-05-15 11:51:51.832058','104','SBA/Einschleusen bekannter Malware in interne Informationssysteme der Organisation/Mailsystem/Impuls 3',2,'[{\"changed\": {\"fields\": [\"Zugeordnete Bedrohungssituation\"]}}]',15,1),(5067,'2024-05-15 11:51:58.089341','103','SBA/Einschleusen bekannter Malware in interne Informationssysteme der Organisation/Mailsystem/Impuls 2',2,'[{\"changed\": {\"fields\": [\"Zugeordnete Bedrohungssituation\"]}}]',15,1),(5068,'2024-05-15 11:52:04.442155','102','SBA/Einschleusen bekannter Malware in interne Informationssysteme der Organisation/Mailsystem/Impuls 1',2,'[{\"changed\": {\"fields\": [\"Zugeordnete Bedrohungssituation\"]}}]',15,1),(5069,'2024-05-15 11:52:33.719137','17','SBA/Social Engineering/Social Media Systeme/Impuls 1',2,'[{\"changed\": {\"fields\": [\"Zugeordnete Bedrohungssituation\"]}}]',15,1),(5070,'2024-05-15 11:53:07.939681','101','IT Admin/Bereitstellung (modifizierter) Malware fr interne Informationssysteme der Organisation/Browser/Impuls 3',2,'[{\"changed\": {\"fields\": [\"Zugeordnete Bedrohungssituation\"]}}]',15,1),(5071,'2024-05-15 11:53:15.206210','100','IT Admin/Bereitstellung (modifizierter) Malware fr interne Informationssysteme der Organisation/Browser/Impuls 2',2,'[{\"changed\": {\"fields\": [\"Zugeordnete Bedrohungssituation\"]}}]',15,1),(5072,'2024-05-15 11:53:20.530854','99','IT Admin/Bereitstellung (modifizierter) Malware fr interne Informationssysteme der Organisation/Browser/Impuls 1',2,'[{\"changed\": {\"fields\": [\"Zugeordnete Bedrohungssituation\"]}}]',15,1),(5073,'2024-05-15 11:53:33.164575','98','IT Admin/Durchfhrung von Brute-Force-Anmeldeversuchen/Laptop/Impuls 3',2,'[{\"changed\": {\"fields\": [\"Zugeordnete Bedrohungssituation\"]}}]',15,1),(5074,'2024-05-15 11:53:39.053426','97','IT Admin/Durchfhrung von Brute-Force-Anmeldeversuchen/Laptop/Impuls 2',2,'[{\"changed\": {\"fields\": [\"Zugeordnete Bedrohungssituation\"]}}]',15,1),(5075,'2024-05-15 11:53:45.808359','96','IT Admin/Durchfhrung von Brute-Force-Anmeldeversuchen/Laptop/Impuls 1',2,'[{\"changed\": {\"fields\": [\"Zugeordnete Bedrohungssituation\"]}}]',15,1),(5076,'2024-05-15 11:53:56.360027','95','IT Admin/Durchfhrung einfacher/verteilter/gezielter Denial-of-Service-Angriffe/Server/Impuls 3',2,'[{\"changed\": {\"fields\": [\"Zugeordnete Bedrohungssituation\"]}}]',15,1),(5077,'2024-05-15 11:54:02.391417','94','IT Admin/Durchfhrung einfacher/verteilter/gezielter Denial-of-Service-Angriffe/Server/Impuls 2',2,'[{\"changed\": {\"fields\": [\"Zugeordnete Bedrohungssituation\"]}}]',15,1),(5078,'2024-05-15 11:54:08.772145','93','IT Admin/Durchfhrung einfacher/verteilter/gezielter Denial-of-Service-Angriffe/Server/Impuls 1',2,'[{\"changed\": {\"fields\": [\"Zugeordnete Bedrohungssituation\"]}}]',15,1),(5079,'2024-05-15 11:54:21.676087','92','IT Admin/Umfassende Laufwerksfehler/Server/Impuls 3',2,'[{\"changed\": {\"fields\": [\"Zugeordnete Bedrohungssituation\"]}}]',15,1),(5080,'2024-05-15 11:54:39.518535','91','IT Admin/Umfassende Laufwerksfehler/Server/Impuls 2',2,'[{\"changed\": {\"fields\": [\"Zugeordnete Bedrohungssituation\"]}}]',15,1),(5081,'2024-05-15 11:54:45.023615','90','IT Admin/Umfassende Laufwerksfehler/Server/Impuls 1',2,'[{\"changed\": {\"fields\": [\"Zugeordnete Bedrohungssituation\"]}}]',15,1),(5082,'2024-05-15 11:54:52.318830','89','IT Admin/Durchfhrung von nicht zielgerichteten Zero-Day-Angriffen/Netzwerk/Impuls 3',2,'[{\"changed\": {\"fields\": [\"Zugeordnete Bedrohungssituation\"]}}]',15,1),(5083,'2024-05-15 11:55:00.036787','88','IT Admin/Durchfhrung von nicht zielgerichteten Zero-Day-Angriffen/Netzwerk/Impuls 2',2,'[{\"changed\": {\"fields\": [\"Zugeordnete Bedrohungssituation\"]}}]',15,1),(5084,'2024-05-15 11:55:06.623226','87','IT Admin/Durchfhrung von nicht zielgerichteten Zero-Day-Angriffen/Netzwerk/Impuls 1',2,'[{\"changed\": {\"fields\": [\"Zugeordnete Bedrohungssituation\"]}}]',15,1),(5085,'2024-05-15 11:55:14.651060','86','IT Admin/Bereitstellung gezielter Schadsoftware zur Kontrolle interner Systeme und zur Exfiltration von Daten/Mailsystem/Impuls 3',2,'[{\"changed\": {\"fields\": [\"Zugeordnete Bedrohungssituation\"]}}]',15,1),(5086,'2024-05-15 11:55:21.902923','85','IT Admin/Bereitstellung gezielter Schadsoftware zur Kontrolle interner Systeme und zur Exfiltration von Daten/Mailsystem/Impuls 2',2,'[{\"changed\": {\"fields\": [\"Zugeordnete Bedrohungssituation\"]}}]',15,1),(5087,'2024-05-15 11:55:30.029318','84','IT Admin/Bereitstellung gezielter Schadsoftware zur Kontrolle interner Systeme und zur Exfiltration von Daten/Mailsystem/Impuls 1',2,'[{\"changed\": {\"fields\": [\"Zugeordnete Bedrohungssituation\"]}}]',15,1),(5088,'2024-05-15 11:55:39.517192','83','IT Admin/Bereitstellung (modifizierter) Malware fr interne Informationssysteme der Organisation/Mailsystem/Impuls 3',2,'[{\"changed\": {\"fields\": [\"Zugeordnete Bedrohungssituation\"]}}]',15,1),(5089,'2024-05-15 11:55:47.508002','82','IT Admin/Bereitstellung (modifizierter) Malware fr interne Informationssysteme der Organisation/Mailsystem/Impuls 2',2,'[{\"changed\": {\"fields\": [\"Zugeordnete Bedrohungssituation\"]}}]',15,1),(5090,'2024-05-15 11:56:02.076808','81','IT Admin/Bereitstellung (modifizierter) Malware fr interne Informationssysteme der Organisation/Mailsystem/Impuls 1',2,'[{\"changed\": {\"fields\": [\"Zugeordnete Bedrohungssituation\"]}}]',15,1),(5091,'2024-05-15 11:56:11.527325','80','IT Admin/Durchfhrung von nicht zielgerichteten Zero-Day-Angriffen/Server/Impuls 3',2,'[{\"changed\": {\"fields\": [\"Zugeordnete Bedrohungssituation\"]}}]',15,1),(5092,'2024-05-15 11:56:18.676064','79','IT Admin/Durchfhrung von nicht zielgerichteten Zero-Day-Angriffen/Server/Impuls 2',2,'[{\"changed\": {\"fields\": [\"Zugeordnete Bedrohungssituation\"]}}]',15,1),(5093,'2024-05-15 11:56:24.547954','78','IT Admin/Durchfhrung von nicht zielgerichteten Zero-Day-Angriffen/Server/Impuls 1',2,'[{\"changed\": {\"fields\": [\"Zugeordnete Bedrohungssituation\"]}}]',15,1),(5094,'2024-05-15 11:56:31.749229','77','IT Admin/Durchfhrung von Brute-Force-Anmeldeversuchen/Passworterratungsangriffen/Sever/Impuls 3',2,'[{\"changed\": {\"fields\": [\"Zugeordnete Bedrohungssituation\"]}}]',15,1),(5095,'2024-05-15 11:56:40.858304','76','IT Admin/Durchfhrung von Brute-Force-Anmeldeversuchen/Passworterratungsangriffen/Sever/Impuls 2',2,'[{\"changed\": {\"fields\": [\"Zugeordnete Bedrohungssituation\"]}}]',15,1),(5096,'2024-05-15 11:56:47.311822','75','IT Admin/Durchfhrung von Brute-Force-Anmeldeversuchen/Passworterratungsangriffen/Sever/Impuls 1',2,'[{\"changed\": {\"fields\": [\"Zugeordnete Bedrohungssituation\"]}}]',15,1),(5097,'2024-05-15 11:56:56.306047','74','IT Admin/Bereitstellung von Malware/Internes Informationssystem/Impuls 3',2,'[{\"changed\": {\"fields\": [\"Zugeordnete Bedrohungssituation\"]}}]',15,1),(5098,'2024-05-15 11:57:03.180931','73','IT Admin/Bereitstellung von Malware/Internes Informationssystem/Impuls 2',2,'[{\"changed\": {\"fields\": [\"Zugeordnete Bedrohungssituation\"]}}]',15,1),(5099,'2024-05-15 11:57:10.081816','72','IT Admin/Bereitstellung von Malware/Internes Informationssystem/Impuls 1',2,'[{\"changed\": {\"fields\": [\"Zugeordnete Bedrohungssituation\"]}}]',15,1),(5100,'2024-05-15 11:57:54.870733','68','Sachbearbeiter innen/social engineering/Mitarbeiter/Impuls 3',2,'[{\"changed\": {\"fields\": [\"Zugeordnete Bedrohungssituation\"]}}]',15,1),(5101,'2024-05-15 11:58:01.692299','67','Sachbearbeiter innen/social engineering/Mitarbeiter/Impuls 2',2,'[{\"changed\": {\"fields\": [\"Zugeordnete Bedrohungssituation\"]}}]',15,1),(5102,'2024-05-15 11:58:07.988346','66','Sachbearbeiter innen/social engineering/Mitarbeiter/Impuls 1',2,'[{\"changed\": {\"fields\": [\"Zugeordnete Bedrohungssituation\"]}}]',15,1),(5103,'2024-05-15 11:58:47.916568','16','SA/KI/Laptop3',3,'',15,1),(5104,'2024-05-15 11:58:47.921929','15','SA/KI/Laptop2',3,'',15,1),(5105,'2024-05-15 11:58:47.927459','14','SA/KI/Laptop1',3,'',15,1),(5106,'2024-05-15 11:58:47.932872','13','SA/USB-Stick/Malware3',3,'',15,1),(5107,'2024-05-15 11:58:47.938511','12','SA/USB-Stick/Malware2',3,'',15,1),(5108,'2024-05-15 11:58:47.944709','11','SA/USB-Stick/Malware1',3,'',15,1),(5109,'2024-05-15 12:02:50.750866','1','Phishing/Mailsystem/Impuls1',2,'[{\"changed\": {\"fields\": [\"Zugeordnete Bedrohungssituation\"]}}]',14,1),(5110,'2024-05-15 12:02:57.056859','2','Phishing/Mailsystem/Impuls2',2,'[{\"changed\": {\"fields\": [\"Zugeordnete Bedrohungssituation\"]}}]',14,1),(5111,'2024-05-15 12:03:03.048173','3','Phishing/Mailsystem/Impuls3',2,'[{\"changed\": {\"fields\": [\"Zugeordnete Bedrohungssituation\"]}}]',14,1),(5112,'2024-05-15 12:03:17.860763','4','Malware/Mailsystem/Impuls1',2,'[{\"changed\": {\"fields\": [\"Zugeordnete Bedrohungssituation\"]}}]',14,1),(5113,'2024-05-15 12:03:23.841660','5','Malware/Mailsystem/Impuls2',2,'[{\"changed\": {\"fields\": [\"Zugeordnete Bedrohungssituation\"]}}]',14,1),(5114,'2024-05-15 12:03:30.062672','6','Malware/Mailsystem/Impuls3',2,'[{\"changed\": {\"fields\": [\"Zugeordnete Bedrohungssituation\"]}}]',14,1),(5115,'2024-05-15 12:10:12.248819','7','SA/Malware/Mailsystem/Impuls1',2,'[{\"changed\": {\"fields\": [\"Zugeordnete Bedrohungssituation\"]}}]',14,1),(5116,'2024-05-15 12:10:21.700218','8','SA/Malware/Mailsystem/Impuls2',2,'[{\"changed\": {\"fields\": [\"Zugeordnete Bedrohungssituation\"]}}]',14,1),(5117,'2024-05-15 12:10:29.065373','9','SA/Malware/Mailsystem/Impuls3',2,'[{\"changed\": {\"fields\": [\"Zugeordnete Bedrohungssituation\"]}}]',14,1),(5118,'2024-05-15 12:11:00.856312','10','FK/Phishing/Mailsystem/Impuls1',2,'[{\"changed\": {\"fields\": [\"Zugeordnete Bedrohungssituation\"]}}]',14,1),(5119,'2024-05-15 12:11:17.566703','11','FK/Phishing/Mailsystem/Impuls2',2,'[{\"changed\": {\"fields\": [\"Zugeordnete Bedrohungssituation\"]}}]',14,1),(5120,'2024-05-15 12:11:24.423401','12','FK/Phishing/Mailsystem/Impuls3',2,'[{\"changed\": {\"fields\": [\"Zugeordnete Bedrohungssituation\"]}}]',14,1),(5121,'2024-05-15 12:12:26.287429','16','GF/Einschleusen von Malware/Mailsystem/Email 1',2,'[{\"changed\": {\"fields\": [\"Zugeordnete Bedrohungssituation\"]}}]',14,1),(5122,'2024-05-15 12:12:32.870368','17','GF/Einschleusen von Malware/Mailsystem/Email 2',2,'[{\"changed\": {\"fields\": [\"Zugeordnete Bedrohungssituation\"]}}]',14,1),(5123,'2024-05-15 12:12:38.754148','18','GF/Einschleusen von Malware/Mailsystem/Email 3',2,'[{\"changed\": {\"fields\": [\"Zugeordnete Bedrohungssituation\"]}}]',14,1),(5124,'2024-05-15 12:12:46.238234','19','GF/(Speer)-Phishing/Mailsystem/Email 1',2,'[{\"changed\": {\"fields\": [\"Zugeordnete Bedrohungssituation\"]}}]',14,1),(5125,'2024-05-15 12:12:52.245622','20','GF/(Speer)-Phishing/Mailsystem/Email 2',2,'[{\"changed\": {\"fields\": [\"Zugeordnete Bedrohungssituation\"]}}]',14,1),(5126,'2024-05-15 12:12:57.618138','21','GF/(Speer)-Phishing/Mailsystem/Email 3',2,'[{\"changed\": {\"fields\": [\"Zugeordnete Bedrohungssituation\"]}}]',14,1),(5127,'2024-05-15 12:14:23.914652','4','ChatInterface object (4)',2,'[{\"changed\": {\"fields\": [\"Zugeordnete Bedrohungssituation\"]}}]',12,1),(5128,'2024-05-15 12:14:29.900899','5','ChatInterface object (5)',2,'[{\"changed\": {\"fields\": [\"Zugeordnete Bedrohungssituation\"]}}]',12,1),(5129,'2024-05-15 12:14:35.757944','6','ChatInterface object (6)',2,'[{\"changed\": {\"fields\": [\"Zugeordnete Bedrohungssituation\"]}}]',12,1),(5130,'2024-05-15 12:17:28.405480','477','Tactic Check & Follow Up/FK/Falsche Berechtigungseinstellungen/Mitarbeiter',2,'[{\"changed\": {\"fields\": [\"Zugeordnete Bedrohungssituation\"]}}]',17,1),(5131,'2024-05-15 12:17:34.582265','476','Tactic Mastery/FK/Falsche Berechtigungseinstellungen/Mitarbeiter',2,'[{\"changed\": {\"fields\": [\"Zugeordnete Bedrohungssituation\"]}}]',17,1),(5132,'2024-05-15 12:17:40.091731','475','Tactic Justification/FK/Falsche Berechtigungseinstellungen/Mitarbeiter',2,'[{\"changed\": {\"fields\": [\"Zugeordnete Bedrohungssituation\"]}}]',17,1),(5133,'2024-05-15 12:17:45.589353','474','Tactic Choice/FK/Falsche Berechtigungseinstellungen/Mitarbeiter',2,'[{\"changed\": {\"fields\": [\"Zugeordnete Bedrohungssituation\"]}}]',17,1),(5134,'2024-05-15 12:17:56.589575','473','Threat Impact Assessment/FK/Falsche Berechtigungseinstellungen/Mitarbeiter',2,'[{\"changed\": {\"fields\": [\"Zugeordnete Bedrohungssituation\"]}}]',17,1),(5135,'2024-05-15 12:18:02.330779','472','Threat Identification/FK/Falsche Berechtigungseinstellungen/Mitarbeiter',2,'[{\"changed\": {\"fields\": [\"Zugeordnete Bedrohungssituation\"]}}]',17,1),(5136,'2024-05-15 12:18:19.625339','471','Threat Awareness/FK/Falsche Berechtigungseinstellungen/Mitarbeiter',2,'[{\"changed\": {\"fields\": [\"Zugeordnete Bedrohungssituation\"]}}]',17,1),(5137,'2024-05-15 12:18:52.401452','414','Tactic Check&Follow Up/FK/Durchfhrung von nicht zielgerichteten Zero-Day-Angriffen/Buchhaltungssystem',2,'[{\"changed\": {\"fields\": [\"Zugeordnete Bedrohungssituation\"]}}]',17,1),(5138,'2024-05-15 12:19:01.218642','413','Tactic Mastery/FK/Durchfhrung von nicht zielgerichteten Zero-Day-Angriffen/Buchhaltungssystem',2,'[{\"changed\": {\"fields\": [\"Zugeordnete Bedrohungssituation\"]}}]',17,1),(5139,'2024-05-15 12:19:08.809290','412','Tactic Justification/FK/Durchfhrung von nicht zielgerichteten Zero-Day-Angriffen/Buchhaltungssystem',2,'[{\"changed\": {\"fields\": [\"Zugeordnete Bedrohungssituation\"]}}]',17,1),(5140,'2024-05-15 12:19:23.566022','411','Tactic Choice/FK/Durchfhrung von nicht zielgerichteten Zero-Day-Angriffen/Buchhaltungssystem',2,'[{\"changed\": {\"fields\": [\"Zugeordnete Bedrohungssituation\"]}}]',17,1),(5141,'2024-05-15 12:19:31.868691','410','Threat Impact Assessment/FK/Durchfhrung von nicht zielgerichteten Zero-Day-Angriffen/Buchhaltungssystem',2,'[{\"changed\": {\"fields\": [\"Zugeordnete Bedrohungssituation\"]}}]',17,1),(5142,'2024-05-15 12:19:38.905895','409','Threat Identification/FK/Durchfhrung von nicht zielgerichteten Zero-Day-Angriffen/Buchhaltungssystem',2,'[{\"changed\": {\"fields\": [\"Zugeordnete Bedrohungssituation\"]}}]',17,1),(5143,'2024-05-15 12:20:02.027549','408','Threat Awareness/FK/Durchfhrung von nicht zielgerichteten Zero-Day-Angriffen/Buchhaltungssystem',2,'[{\"changed\": {\"fields\": [\"Zugeordnete Bedrohungssituation\"]}}]',17,1),(5144,'2024-05-15 12:20:29.271695','407','Tactic Check&Follow Up/FK/Festplattenfehler/USB-Stick',2,'[{\"changed\": {\"fields\": [\"Zugeordnete Bedrohungssituation\"]}}]',17,1),(5145,'2024-05-15 12:20:36.253532','406','Tactic Mastery/FK/Festplattenfehler/USB-Stick',2,'[{\"changed\": {\"fields\": [\"Zugeordnete Bedrohungssituation\"]}}]',17,1),(5146,'2024-05-15 12:20:43.944610','405','Tactic Justification/FK/Festplattenfehler/USB-Stick',2,'[{\"changed\": {\"fields\": [\"Zugeordnete Bedrohungssituation\"]}}]',17,1),(5147,'2024-05-15 12:21:00.871654','404','Tactic Choice/FK/Festplattenfehler/USB-Stick',2,'[{\"changed\": {\"fields\": [\"Zugeordnete Bedrohungssituation\"]}}]',17,1),(5148,'2024-05-15 12:21:11.047045','403','Threat Impact Assessment/FK/Festplattenfehler/USB-Stick',2,'[{\"changed\": {\"fields\": [\"Zugeordnete Bedrohungssituation\"]}}]',17,1),(5149,'2024-05-15 12:21:19.484261','402','Threat Identification/FK/Festplattenfehler/USB-Stick',2,'[{\"changed\": {\"fields\": [\"Zugeordnete Bedrohungssituation\"]}}]',17,1),(5150,'2024-05-15 12:21:30.280563','401','Threat Awareness/FK/Festplattenfehler/USB-Stick',2,'[{\"changed\": {\"fields\": [\"Zugeordnete Bedrohungssituation\"]}}]',17,1),(5151,'2024-05-15 12:21:53.123523','400','Tactic Check&Follow Up/FK/Phishing/Mailsystem',2,'[{\"changed\": {\"fields\": [\"Zugeordnete Bedrohungssituation\"]}}]',17,1),(5152,'2024-05-15 12:22:14.660250','399','Tactic Mastery/FK/Phishing/Mailsystem',2,'[{\"changed\": {\"fields\": [\"Zugeordnete Bedrohungssituation\"]}}]',17,1),(5153,'2024-05-15 12:22:23.317006','398','Tactic Justification/FK/Phishing/Mailsystem',2,'[{\"changed\": {\"fields\": [\"Zugeordnete Bedrohungssituation\"]}}]',17,1),(5154,'2024-05-15 12:22:43.328384','397','Tactic Choice/FK/Phishing/Mailsystem',2,'[{\"changed\": {\"fields\": [\"Zugeordnete Bedrohungssituation\"]}}]',17,1),(5155,'2024-05-15 12:22:55.752855','396','Threat Impact Assessment/FK/Phishing/Mailsystem',2,'[{\"changed\": {\"fields\": [\"Zugeordnete Bedrohungssituation\"]}}]',17,1),(5156,'2024-05-15 12:23:04.897392','395','Threat Identification/FK/Phishing/Mailsystem',2,'[{\"changed\": {\"fields\": [\"Zugeordnete Bedrohungssituation\"]}}]',17,1),(5157,'2024-05-15 12:23:15.602030','394','Threat Awareness/FK/Phishing/Mailsystem',2,'[{\"changed\": {\"fields\": [\"Zugeordnete Bedrohungssituation\"]}}]',17,1),(5158,'2024-05-15 12:23:49.993396','393','Tactic Check&Follow Up/FK/Social Engineering/Instantmessenger',2,'[{\"changed\": {\"fields\": [\"Zugeordnete Bedrohungssituation\"]}}]',17,1),(5159,'2024-05-15 12:23:59.019977','392','Tactic Mastery/FK/Social Engineering/Instantmessenger',2,'[{\"changed\": {\"fields\": [\"Zugeordnete Bedrohungssituation\"]}}]',17,1),(5160,'2024-05-15 12:24:12.558150','391','Tactic Justification/FK/Social Engineering/Instantmessenger',2,'[{\"changed\": {\"fields\": [\"Zugeordnete Bedrohungssituation\"]}}]',17,1),(5161,'2024-05-15 12:24:22.540747','390','Tactic Choice/FK/Social Engineering/Instantmessenger',2,'[{\"changed\": {\"fields\": [\"Zugeordnete Bedrohungssituation\"]}}]',17,1),(5162,'2024-05-15 12:24:38.113618','389','Threat Impact Assessment/FK/Social Engineering/Instantmessenger',2,'[{\"changed\": {\"fields\": [\"Zugeordnete Bedrohungssituation\"]}}]',17,1),(5163,'2024-05-15 12:24:48.600353','388','Threat Identification/FK/Social Engineering/Instantmessenger',2,'[{\"changed\": {\"fields\": [\"Zugeordnete Bedrohungssituation\"]}}]',17,1),(5164,'2024-05-15 12:25:18.664406','387','Threat Awareness/FK/Social Engineering/Instantmessenger',2,'[{\"changed\": {\"fields\": [\"Zugeordnete Bedrohungssituation\"]}}]',17,1),(5165,'2024-05-15 12:25:34.269179','386','Tactic Check&Follow Up/FK/Phishing/Instantmessenger',2,'[{\"changed\": {\"fields\": [\"Zugeordnete Bedrohungssituation\"]}}]',17,1),(5166,'2024-05-15 12:25:40.909840','385','Tactic Mastery/FK/Phishing/Instantmessenger',2,'[{\"changed\": {\"fields\": [\"Zugeordnete Bedrohungssituation\"]}}]',17,1),(5167,'2024-05-15 12:25:55.169837','384','Tactic Justification/FK/Phishing/Instantmessenger',2,'[{\"changed\": {\"fields\": [\"Zugeordnete Bedrohungssituation\"]}}]',17,1),(5168,'2024-05-15 12:26:01.620004','383','Tactic Choice/FK/Phishing/Instantmessenger',2,'[{\"changed\": {\"fields\": [\"Zugeordnete Bedrohungssituation\"]}}]',17,1),(5169,'2024-05-15 12:26:08.338013','382','Threat Impact Assessment/FK/Phishing/Instantmessenger',2,'[{\"changed\": {\"fields\": [\"Zugeordnete Bedrohungssituation\"]}}]',17,1),(5170,'2024-05-15 12:26:14.606968','381','Threat Identification/FK/Phishing/Instantmessenger',2,'[{\"changed\": {\"fields\": [\"Zugeordnete Bedrohungssituation\"]}}]',17,1),(5171,'2024-05-15 12:26:22.155720','380','Threat Awareness/FK/Phishing/Instantmessenger',2,'[{\"changed\": {\"fields\": [\"Zugeordnete Bedrohungssituation\"]}}]',17,1),(5172,'2024-05-15 12:26:50.006204','211','Tactic Check & Follow Up/Fhrungskraft/Social Engineering/Kollaborationssyteme',2,'[{\"changed\": {\"fields\": [\"Zugeordnete Bedrohungssituation\"]}}]',17,1),(5173,'2024-05-15 12:26:55.731449','210','Tactic Mastery/Fhrungskraft/Social Engineering/Kollaborationssyteme',2,'[{\"changed\": {\"fields\": [\"Zugeordnete Bedrohungssituation\"]}}]',17,1),(5174,'2024-05-15 12:27:00.996337','209','Tactic Justification/Fhrungskraft/Social Engineering/Kollaborationssyteme',2,'[{\"changed\": {\"fields\": [\"Zugeordnete Bedrohungssituation\"]}}]',17,1),(5175,'2024-05-15 12:27:09.676795','208','Tactic Choice/Fhrungskraft/Social Engineering/Kollaborationssyteme',2,'[{\"changed\": {\"fields\": [\"Zugeordnete Bedrohungssituation\"]}}]',17,1),(5176,'2024-05-15 12:27:17.297955','207','Threat Impact Assessment/Fhrungskraft/Social Engineering/Kollaborationssyteme',2,'[{\"changed\": {\"fields\": [\"Zugeordnete Bedrohungssituation\"]}}]',17,1),(5177,'2024-05-15 12:27:25.651757','206','Threat Identification/Fhrungskraft/Social Engineering/Kollaborationssyteme',2,'[{\"changed\": {\"fields\": [\"Zugeordnete Bedrohungssituation\"]}}]',17,1),(5178,'2024-05-15 12:27:33.160679','205','Threat Awareness/Fhrungskraft/Social Engineering/Kollaborationssyteme',2,'[{\"changed\": {\"fields\": [\"Zugeordnete Bedrohungssituation\"]}}]',17,1),(5179,'2024-05-15 13:06:09.890437','204','3.8/Social Engineering/Mitarbeiter/Fhrungskraft',2,'[{\"changed\": {\"fields\": [\"Zugeordnete Bedrohungssituation\"]}}]',17,1),(5180,'2024-05-15 13:06:19.139043','203','3.8/Social Engineering/Mitarbeiter/Fhrungskraft',2,'[{\"changed\": {\"fields\": [\"Zugeordnete Bedrohungssituation\"]}}]',17,1),(5181,'2024-05-15 13:06:27.428354','202','3.8/Social Engineering/Mitarbeiter/Fhrungskraft',2,'[{\"changed\": {\"fields\": [\"Zugeordnete Bedrohungssituation\"]}}]',17,1),(5182,'2024-05-15 13:06:34.622978','201','3.8/Social Engineering/Mitarbeiter/Fhrungskraft',2,'[{\"changed\": {\"fields\": [\"Zugeordnete Bedrohungssituation\"]}}]',17,1),(5183,'2024-05-15 13:06:43.851117','200','3.8/Social Engineering/Mitarbeiter/Fhrungskraft',2,'[{\"changed\": {\"fields\": [\"Zugeordnete Bedrohungssituation\"]}}]',17,1),(5184,'2024-05-15 13:06:50.824234','199','3.8/Social Engineering/Mitarbeiter/Fhrungskraft',2,'[{\"changed\": {\"fields\": [\"Zugeordnete Bedrohungssituation\"]}}]',17,1),(5185,'2024-05-15 13:06:58.643455','198','3.8/Social Engineering/Mitarbeiter/Fhrungskraft',2,'[{\"changed\": {\"fields\": [\"Zugeordnete Bedrohungssituation\"]}}]',17,1),(5186,'2024-05-15 13:07:06.774686','112','3.8/Social Engineering/Mitarbeiter/Fhrungskraft',2,'[{\"changed\": {\"fields\": [\"Zugeordnete Bedrohungssituation\"]}}]',17,1),(5187,'2024-05-15 13:07:39.006955','112','3.7/(Speer)-Phishing/Mailsystem/Fhrungskraft',2,'[{\"changed\": {\"fields\": [\"Zugeordnete Bedrohungssituation\"]}}]',17,1),(5188,'2024-05-15 13:11:32.428806','12','3.7/(Speer)-Phishing/Mailsystem/Fhrungskraft',2,'[{\"changed\": {\"fields\": [\"Zugeordnete Bedrohungssituation\"]}}]',14,1),(5189,'2024-05-15 13:11:43.050955','11','3.7/(Speer)-Phishing/Mailsystem/Fhrungskraft',2,'[{\"changed\": {\"fields\": [\"Zugeordnete Bedrohungssituation\"]}}]',14,1),(5190,'2024-05-15 13:11:49.464487','10','3.7/(Speer)-Phishing/Mailsystem/Fhrungskraft',2,'[{\"changed\": {\"fields\": [\"Zugeordnete Bedrohungssituation\"]}}]',14,1),(5191,'2024-05-15 13:38:35.842084','111','3.7/(Speer)-Phishing/Mailsystem/Fhrungskraft',2,'[{\"changed\": {\"fields\": [\"Zugeordnete Bedrohungssituation\"]}}]',17,1),(5192,'2024-05-15 13:38:43.807894','110','3.7/(Speer)-Phishing/Mailsystem/Fhrungskraft',2,'[{\"changed\": {\"fields\": [\"Zugeordnete Bedrohungssituation\"]}}]',17,1),(5193,'2024-05-15 13:38:50.315663','109','3.7/(Speer)-Phishing/Mailsystem/Fhrungskraft',2,'[{\"changed\": {\"fields\": [\"Zugeordnete Bedrohungssituation\"]}}]',17,1),(5194,'2024-05-15 13:38:57.781654','108','3.7/(Speer)-Phishing/Mailsystem/Fhrungskraft',2,'[{\"changed\": {\"fields\": [\"Zugeordnete Bedrohungssituation\"]}}]',17,1),(5195,'2024-05-15 13:39:04.602329','107','3.7/(Speer)-Phishing/Mailsystem/Fhrungskraft',2,'[{\"changed\": {\"fields\": [\"Zugeordnete Bedrohungssituation\"]}}]',17,1),(5196,'2024-05-15 13:39:12.038217','106','3.7/(Speer)-Phishing/Mailsystem/Fhrungskraft',2,'[{\"changed\": {\"fields\": [\"Zugeordnete Bedrohungssituation\"]}}]',17,1),(5197,'2024-05-15 13:44:35.459750','105','3.1/Schwachstellen in internen Informationssystemen (Buchhaltungssystem)/Internes Informationssystem/Fhrungskraft',2,'[{\"changed\": {\"fields\": [\"Zugeordnete Bedrohungssituation\"]}}]',17,1),(5198,'2024-05-15 13:44:42.942869','104','3.1/Schwachstellen in internen Informationssystemen (Buchhaltungssystem)/Internes Informationssystem/Fhrungskraft',2,'[{\"changed\": {\"fields\": [\"Zugeordnete Bedrohungssituation\"]}}]',17,1),(5199,'2024-05-15 13:44:49.484683','103','3.1/Schwachstellen in internen Informationssystemen (Buchhaltungssystem)/Internes Informationssystem/Fhrungskraft',2,'[{\"changed\": {\"fields\": [\"Zugeordnete Bedrohungssituation\"]}}]',17,1),(5200,'2024-05-15 13:44:56.288594','102','3.1/Schwachstellen in internen Informationssystemen (Buchhaltungssystem)/Internes Informationssystem/Fhrungskraft',2,'[{\"changed\": {\"fields\": [\"Zugeordnete Bedrohungssituation\"]}}]',17,1),(5201,'2024-05-15 13:45:02.203069','101','3.1/Schwachstellen in internen Informationssystemen (Buchhaltungssystem)/Internes Informationssystem/Fhrungskraft',2,'[{\"changed\": {\"fields\": [\"Zugeordnete Bedrohungssituation\"]}}]',17,1),(5202,'2024-05-15 13:45:08.516192','100','3.1/Schwachstellen in internen Informationssystemen (Buchhaltungssystem)/Internes Informationssystem/Fhrungskraft',2,'[{\"changed\": {\"fields\": [\"Zugeordnete Bedrohungssituation\"]}}]',17,1),(5203,'2024-05-15 13:45:14.254265','99','3.1/Schwachstellen in internen Informationssystemen (Buchhaltungssystem)/Internes Informationssystem/Fhrungskraft',2,'[{\"changed\": {\"fields\": [\"Zugeordnete Bedrohungssituation\"]}}]',17,1),(5204,'2024-05-15 13:52:17.839621','470','5.23/Spoofing/Online-Banking/Geschftsfhrer*in',2,'[{\"changed\": {\"fields\": [\"Zugeordnete Bedrohungssituation\"]}}]',17,1),(5205,'2024-05-15 13:52:45.009447','469','5.23/Spoofing/Online-Banking/Geschftsfhrer*in',2,'[{\"changed\": {\"fields\": [\"Zugeordnete Bedrohungssituation\"]}}]',17,1),(5206,'2024-05-15 13:52:50.821500','468','5.23/Spoofing/Online-Banking/Geschftsfhrer*in',2,'[{\"changed\": {\"fields\": [\"Zugeordnete Bedrohungssituation\"]}}]',17,1),(5207,'2024-05-15 13:52:57.895068','467','5.23/Spoofing/Online-Banking/Geschftsfhrer*in',2,'[{\"changed\": {\"fields\": [\"Zugeordnete Bedrohungssituation\"]}}]',17,1),(5208,'2024-05-15 13:53:08.169397','466','5.23/Spoofing/Online-Banking/Geschftsfhrer*in',2,'[{\"changed\": {\"fields\": [\"Zugeordnete Bedrohungssituation\"]}}]',17,1),(5209,'2024-05-15 13:53:15.488604','465','5.23/Spoofing/Online-Banking/Geschftsfhrer*in',2,'[{\"changed\": {\"fields\": [\"Zugeordnete Bedrohungssituation\"]}}]',17,1),(5210,'2024-05-15 13:53:23.681750','464','5.23/Spoofing/Online-Banking/Geschftsfhrer*in',2,'[{\"changed\": {\"fields\": [\"Zugeordnete Bedrohungssituation\"]}}]',17,1),(5211,'2024-05-15 13:55:06.789788','463','5.12/Falsche Berechtigungseinstellungen/Mitarbeiter/Geschftsfhrer*in',2,'[{\"changed\": {\"fields\": [\"Zugeordnete Bedrohungssituation\"]}}]',17,1),(5212,'2024-05-15 13:55:14.731857','462','5.12/Falsche Berechtigungseinstellungen/Mitarbeiter/Geschftsfhrer*in',2,'[{\"changed\": {\"fields\": [\"Zugeordnete Bedrohungssituation\"]}}]',17,1),(5213,'2024-05-15 13:55:20.972613','461','5.12/Falsche Berechtigungseinstellungen/Mitarbeiter/Geschftsfhrer*in',2,'[{\"changed\": {\"fields\": [\"Zugeordnete Bedrohungssituation\"]}}]',17,1),(5214,'2024-05-15 13:55:27.745308','460','5.12/Falsche Berechtigungseinstellungen/Mitarbeiter/Geschftsfhrer*in',2,'[{\"changed\": {\"fields\": [\"Zugeordnete Bedrohungssituation\"]}}]',17,1),(5215,'2024-05-15 13:55:34.526954','459','5.12/Falsche Berechtigungseinstellungen/Mitarbeiter/Geschftsfhrer*in',2,'[{\"changed\": {\"fields\": [\"Zugeordnete Bedrohungssituation\"]}}]',17,1),(5216,'2024-05-15 13:55:41.225768','458','5.12/Falsche Berechtigungseinstellungen/Mitarbeiter/Geschftsfhrer*in',2,'[{\"changed\": {\"fields\": [\"Zugeordnete Bedrohungssituation\"]}}]',17,1),(5217,'2024-05-15 13:55:49.051553','457','5.12/Falsche Berechtigungseinstellungen/Mitarbeiter/Geschftsfhrer*in',2,'[{\"changed\": {\"fields\": [\"Zugeordnete Bedrohungssituation\"]}}]',17,1),(5218,'2024-05-15 13:56:13.396614','456','5.21/(Speer)-Phishing/Mailsystem/Geschftsfhrer*in',2,'[{\"changed\": {\"fields\": [\"Zugeordnete Bedrohungssituation\"]}}]',17,1),(5219,'2024-05-15 13:56:20.032198','455','5.21/(Speer)-Phishing/Mailsystem/Geschftsfhrer*in',2,'[{\"changed\": {\"fields\": [\"Zugeordnete Bedrohungssituation\"]}}]',17,1),(5220,'2024-05-15 13:56:26.829242','454','5.21/(Speer)-Phishing/Mailsystem/Geschftsfhrer*in',2,'[{\"changed\": {\"fields\": [\"Zugeordnete Bedrohungssituation\"]}}]',17,1),(5221,'2024-05-15 13:56:33.778416','453','5.21/(Speer)-Phishing/Mailsystem/Geschftsfhrer*in',2,'[{\"changed\": {\"fields\": [\"Zugeordnete Bedrohungssituation\"]}}]',17,1),(5222,'2024-05-15 13:56:41.526694','452','5.21/(Speer)-Phishing/Mailsystem/Geschftsfhrer*in',2,'[{\"changed\": {\"fields\": [\"Zugeordnete Bedrohungssituation\"]}}]',17,1),(5223,'2024-05-15 13:56:48.177516','451','5.21/(Speer)-Phishing/Mailsystem/Geschftsfhrer*in',2,'[{\"changed\": {\"fields\": [\"Zugeordnete Bedrohungssituation\"]}}]',17,1),(5224,'2024-05-15 13:56:54.754881','450','5.21/(Speer)-Phishing/Mailsystem/Geschftsfhrer*in',2,'[{\"changed\": {\"fields\": [\"Zugeordnete Bedrohungssituation\"]}}]',17,1),(5225,'2024-05-15 14:11:47.674679','449','5.20/(Speer)-Phishing/Instantmessenger/Geschftsfhrer*in',2,'[{\"changed\": {\"fields\": [\"Zugeordnete Bedrohungssituation\"]}}]',17,1),(5226,'2024-05-15 15:56:14.109221','144','3.6/(Speer)-Phishing/Instantmessenger/Fhrungskraft/Impuls 1',2,'[{\"changed\": {\"fields\": [\"Zugeordnete Bedrohungssituation\"]}}]',15,1),(5227,'2024-05-15 15:56:33.798662','114','4.14/Einschleusen bekannter Malware in interne Informationssysteme der Organisation/Instantmessenger/Auendienst/Impuls 1',2,'[{\"changed\": {\"fields\": [\"Zugeordnete Bedrohungssituation\"]}}]',15,1),(5228,'2024-05-15 15:57:42.123723','69','3.11/Social Engineering/Kollaborationssysteme/Fhrungskraft/Impuls 1',2,'[{\"changed\": {\"fields\": [\"Zugeordnete Bedrohungssituation\"]}}]',15,1),(5229,'2024-05-15 15:57:49.323147','70','3.11/Social Engineering/Kollaborationssysteme/Fhrungskraft/Impuls 2',2,'[{\"changed\": {\"fields\": [\"Zugeordnete Bedrohungssituation\"]}}]',15,1),(5230,'2024-05-15 15:57:55.888534','71','3.11/Social Engineering/Kollaborationssysteme/Fhrungskraft/Impuls 3',2,'[{\"changed\": {\"fields\": [\"Zugeordnete Bedrohungssituation\"]}}]',15,1),(5231,'2024-05-15 15:58:21.422715','60','2.5/Weitergabe sensibler Informationen/Mitarbeiter/Innendienst/Implus 1',2,'[{\"changed\": {\"fields\": [\"Zugeordnete Bedrohungssituation\"]}}]',15,1),(5232,'2024-05-15 15:58:35.196875','61','2.5/Weitergabe sensibler Informationen/Mitarbeiter/Innendienst/Implus 2',2,'[{\"changed\": {\"fields\": [\"Zugeordnete Bedrohungssituation\"]}}]',15,1),(5233,'2024-05-15 15:58:43.277172','62','2.5/Weitergabe sensibler Informationen/Mitarbeiter/Innendienst/Implus 3',2,'[{\"changed\": {\"fields\": [\"Zugeordnete Bedrohungssituation\"]}}]',15,1),(5234,'2024-05-15 16:01:48.640218','477','3.14/Falsche Berechtigungseinstellungen/Mitarbeiter/Fhrungskraft/Tactic Check & Follow-Up',2,'[{\"changed\": {\"fields\": [\"Zugeordnete Kompetenzdimension\"]}}]',17,1),(5235,'2024-05-16 08:06:24.581402','470','5.23/Spoofing/Online-Banking/Geschftsfhrer*in/Tactic Check & Follow-Up',2,'[{\"changed\": {\"fields\": [\"Zugeordnete Kompetenzdimension\"]}}]',17,1),(5236,'2024-05-16 08:06:32.627167','463','5.12/Falsche Berechtigungseinstellungen/Mitarbeiter/Geschftsfhrer*in/Tactic Check & Follow-Up',2,'[{\"changed\": {\"fields\": [\"Zugeordnete Kompetenzdimension\"]}}]',17,1),(5237,'2024-05-16 08:06:41.489511','456','5.21/(Speer)-Phishing/Mailsystem/Geschftsfhrer*in/Tactic Check & Follow-Up',2,'[{\"changed\": {\"fields\": [\"Zugeordnete Kompetenzdimension\"]}}]',17,1),(5238,'2024-05-16 08:06:51.755984','449','5.20/(Speer)-Phishing/Instantmessenger/Geschftsfhrer*in/Tactic Check & Follow-Up',2,'[{\"changed\": {\"fields\": [\"Zugeordnete Kompetenzdimension\"]}}]',17,1),(5239,'2024-05-16 08:16:58.669434','19','5.21/(Speer)-Phishing/Mailsystem/Geschftsfhrer*in/E-Mail 1',2,'[{\"changed\": {\"fields\": [\"Nummer des Impulses\"]}}]',14,1),(5240,'2024-05-16 08:17:04.333148','20','5.21/(Speer)-Phishing/Mailsystem/Geschftsfhrer*in/E-Mail 2',2,'[{\"changed\": {\"fields\": [\"Nummer des Impulses\"]}}]',14,1),(5241,'2024-05-16 08:17:09.535889','21','5.21/(Speer)-Phishing/Mailsystem/Geschftsfhrer*in/E-Mail 3',2,'[{\"changed\": {\"fields\": [\"Nummer des Impulses\"]}}]',14,1),(5242,'2024-05-16 08:17:13.935020','16','5.26/Einschleusen bekannter Malware in interne Informationssysteme der Organisation/Mailsystem/Geschftsfhrer*in/E-Mail 1',2,'[{\"changed\": {\"fields\": [\"Nummer des Impulses\"]}}]',14,1),(5243,'2024-05-16 08:17:18.769171','17','5.26/Einschleusen bekannter Malware in interne Informationssysteme der Organisation/Mailsystem/Geschftsfhrer*in/E-Mail 2',2,'[{\"changed\": {\"fields\": [\"Nummer des Impulses\"]}}]',14,1),(5244,'2024-05-16 08:17:23.525593','18','5.26/Einschleusen bekannter Malware in interne Informationssysteme der Organisation/Mailsystem/Geschftsfhrer*in/E-Mail 3',2,'[{\"changed\": {\"fields\": [\"Nummer des Impulses\"]}}]',14,1),(5245,'2024-05-16 08:17:32.297308','10','3.7/(Speer)-Phishing/Mailsystem/Fhrungskraft/E-Mail 1',2,'[{\"changed\": {\"fields\": [\"Nummer des Impulses\"]}}]',14,1),(5246,'2024-05-16 08:17:37.477912','11','3.7/(Speer)-Phishing/Mailsystem/Fhrungskraft/E-Mail 2',2,'[{\"changed\": {\"fields\": [\"Nummer des Impulses\"]}}]',14,1),(5247,'2024-05-16 08:17:42.365789','12','3.7/(Speer)-Phishing/Mailsystem/Fhrungskraft/E-Mail 3',2,'[{\"changed\": {\"fields\": [\"Nummer des Impulses\"]}}]',14,1),(5248,'2024-05-16 08:17:48.421884','7','4.4/Einschleusen bekannter Malware in interne Informationssysteme der Organisation/Mailsystem/Auendienst/E-Mail 1',2,'[{\"changed\": {\"fields\": [\"Nummer des Impulses\"]}}]',14,1),(5249,'2024-05-16 08:17:53.069451','8','4.4/Einschleusen bekannter Malware in interne Informationssysteme der Organisation/Mailsystem/Auendienst/E-Mail 2',2,'[{\"changed\": {\"fields\": [\"Nummer des Impulses\"]}}]',14,1),(5250,'2024-05-16 08:17:58.597614','9','4.4/Einschleusen bekannter Malware in interne Informationssysteme der Organisation/Mailsystem/Auendienst/E-Mail 3',2,'[{\"changed\": {\"fields\": [\"Nummer des Impulses\"]}}]',14,1),(5251,'2024-05-16 08:18:03.535845','4','2.15/Einschleusen bekannter Malware in interne Informationssysteme der Organisation/Mailsystem/Innendienst/E-Mail 1',2,'[{\"changed\": {\"fields\": [\"Nummer des Impulses\"]}}]',14,1),(5252,'2024-05-16 08:18:08.727062','5','2.15/Einschleusen bekannter Malware in interne Informationssysteme der Organisation/Mailsystem/Innendienst/E-Mail 2',2,'[{\"changed\": {\"fields\": [\"Nummer des Impulses\"]}}]',14,1),(5253,'2024-05-16 08:18:13.613321','6','2.15/Einschleusen bekannter Malware in interne Informationssysteme der Organisation/Mailsystem/Innendienst/E-Mail 3',2,'[{\"changed\": {\"fields\": [\"Nummer des Impulses\"]}}]',14,1),(5254,'2024-05-16 08:18:20.080338','1','2.14/(Speer)-Phishing/Mailsystem/Innendienst/E-Mail 1',2,'[{\"changed\": {\"fields\": [\"Nummer des Impulses\"]}}]',14,1),(5255,'2024-05-16 08:18:25.564743','2','2.14/(Speer)-Phishing/Mailsystem/Innendienst/E-Mail 2',2,'[{\"changed\": {\"fields\": [\"Nummer des Impulses\"]}}]',14,1),(5256,'2024-05-16 08:18:46.049936','3','2.14/(Speer)-Phishing/Mailsystem/Innendienst/E-Mail 3',2,'[{\"changed\": {\"fields\": [\"Nummer des Impulses\"]}}]',14,1),(5257,'2024-05-16 08:18:52.444748','2','2.14/(Speer)-Phishing/Mailsystem/Innendienst/E-Mail 2',2,'[{\"changed\": {\"fields\": [\"Bild des Senders\"]}}]',14,1),(5258,'2024-05-16 08:18:57.027593','3','2.14/(Speer)-Phishing/Mailsystem/Innendienst/E-Mail 3',2,'[{\"changed\": {\"fields\": [\"Bild des Senders\"]}}]',14,1),(5259,'2024-05-16 08:19:02.756579','1','2.14/(Speer)-Phishing/Mailsystem/Innendienst/E-Mail 1',2,'[{\"changed\": {\"fields\": [\"Bild des Senders\"]}}]',14,1),(5260,'2024-05-16 08:19:34.359098','4','4.14/Einschleusen bekannter Malware in interne Informationssysteme der Organisation/Instantmessenger/Auendienst/Chat 1',2,'[{\"changed\": {\"fields\": [\"Nummer des Impulses\"]}}]',12,1),(5261,'2024-05-16 08:19:38.956039','5','4.14/Einschleusen bekannter Malware in interne Informationssysteme der Organisation/Instantmessenger/Auendienst/Chat 2',2,'[{\"changed\": {\"fields\": [\"Nummer des Impulses\"]}}]',12,1),(5262,'2024-05-16 08:19:44.171350','6','4.14/Einschleusen bekannter Malware in interne Informationssysteme der Organisation/Instantmessenger/Auendienst/Chat 3',2,'[{\"changed\": {\"fields\": [\"Nummer des Impulses\"]}}]',12,1),(5263,'2024-05-16 08:20:17.180919','448','5.20/(Speer)-Phishing/Instantmessenger/Geschftsfhrer*in/Tactic Mastery',2,'[{\"changed\": {\"fields\": [\"Zugeordnete Bedrohungssituation\"]}}]',17,1),(5264,'2024-05-16 08:20:27.663195','447','5.20/(Speer)-Phishing/Instantmessenger/Geschftsfhrer*in/Tactic Justification',2,'[{\"changed\": {\"fields\": [\"Zugeordnete Bedrohungssituation\"]}}]',17,1),(5265,'2024-05-16 08:20:35.912309','446','5.20/(Speer)-Phishing/Instantmessenger/Geschftsfhrer*in/Tactic Choice',2,'[{\"changed\": {\"fields\": [\"Zugeordnete Bedrohungssituation\"]}}]',17,1),(5266,'2024-05-16 08:20:44.560318','445','5.20/(Speer)-Phishing/Instantmessenger/Geschftsfhrer*in/Threat Impact Assessment',2,'[{\"changed\": {\"fields\": [\"Zugeordnete Bedrohungssituation\"]}}]',17,1),(5267,'2024-05-16 08:20:52.937469','444','5.20/(Speer)-Phishing/Instantmessenger/Geschftsfhrer*in/Threat Identification',2,'[{\"changed\": {\"fields\": [\"Zugeordnete Bedrohungssituation\"]}}]',17,1),(5268,'2024-05-16 08:21:02.696498','443','5.20/(Speer)-Phishing/Instantmessenger/Geschftsfhrer*in/Threat Awareness',2,'[{\"changed\": {\"fields\": [\"Zugeordnete Bedrohungssituation\"]}}]',17,1),(5269,'2024-05-16 08:21:26.046114','442','5.4/Ausnutzen bekannter Schwachstellen in mobilen Systemen (z. B. Laptops, PDAs, Smartphones)/Smartphone/Geschftsfhrer*in/Tactic Check & Follow-Up',2,'[{\"changed\": {\"fields\": [\"Zugeordnete Bedrohungssituation\", \"Zugeordnete Kompetenzdimension\"]}}]',17,1),(5270,'2024-05-16 08:21:35.048269','441','5.4/Ausnutzen bekannter Schwachstellen in mobilen Systemen (z. B. Laptops, PDAs, Smartphones)/Smartphone/Geschftsfhrer*in/Tactic Mastery',2,'[{\"changed\": {\"fields\": [\"Zugeordnete Bedrohungssituation\"]}}]',17,1),(5271,'2024-05-16 08:21:42.623779','440','5.4/Ausnutzen bekannter Schwachstellen in mobilen Systemen (z. B. Laptops, PDAs, Smartphones)/Smartphone/Geschftsfhrer*in/Tactic Justification',2,'[{\"changed\": {\"fields\": [\"Zugeordnete Bedrohungssituation\"]}}]',17,1),(5272,'2024-05-16 08:21:50.519298','439','5.4/Ausnutzen bekannter Schwachstellen in mobilen Systemen (z. B. Laptops, PDAs, Smartphones)/Smartphone/Geschftsfhrer*in/Tactic Choice',2,'[{\"changed\": {\"fields\": [\"Zugeordnete Bedrohungssituation\"]}}]',17,1),(5273,'2024-05-16 08:22:01.104224','438','5.4/Ausnutzen bekannter Schwachstellen in mobilen Systemen (z. B. Laptops, PDAs, Smartphones)/Smartphone/Geschftsfhrer*in/Threat Impact Assessment',2,'[{\"changed\": {\"fields\": [\"Zugeordnete Bedrohungssituation\"]}}]',17,1),(5274,'2024-05-16 08:22:08.537721','437','5.4/Ausnutzen bekannter Schwachstellen in mobilen Systemen (z. B. Laptops, PDAs, Smartphones)/Smartphone/Geschftsfhrer*in/Threat Identification',2,'[{\"changed\": {\"fields\": [\"Zugeordnete Bedrohungssituation\"]}}]',17,1),(5275,'2024-05-16 08:22:15.419232','436','5.4/Ausnutzen bekannter Schwachstellen in mobilen Systemen (z. B. Laptops, PDAs, Smartphones)/Smartphone/Geschftsfhrer*in/Threat Awareness',2,'[{\"changed\": {\"fields\": [\"Zugeordnete Bedrohungssituation\"]}}]',17,1),(5276,'2024-05-16 08:22:42.744828','435','5.26/Einschleusen bekannter Malware in interne Informationssysteme der Organisation/Mailsystem/Geschftsfhrer*in/Tactic Check & Follow-Up',2,'[{\"changed\": {\"fields\": [\"Zugeordnete Bedrohungssituation\", \"Zugeordnete Kompetenzdimension\"]}}]',17,1),(5277,'2024-05-16 08:22:51.257166','434','5.26/Einschleusen bekannter Malware in interne Informationssysteme der Organisation/Mailsystem/Geschftsfhrer*in/Tactic Mastery',2,'[{\"changed\": {\"fields\": [\"Zugeordnete Bedrohungssituation\"]}}]',17,1),(5278,'2024-05-16 08:22:59.563003','433','5.26/Einschleusen bekannter Malware in interne Informationssysteme der Organisation/Mailsystem/Geschftsfhrer*in/Tactic Justification',2,'[{\"changed\": {\"fields\": [\"Zugeordnete Bedrohungssituation\"]}}]',17,1),(5279,'2024-05-16 08:23:44.688250','432','5.26/Einschleusen bekannter Malware in interne Informationssysteme der Organisation/Mailsystem/Geschftsfhrer*in/Tactic Choice',2,'[{\"changed\": {\"fields\": [\"Zugeordnete Bedrohungssituation\"]}}]',17,1),(5280,'2024-05-16 08:24:02.362129','431','5.26/Einschleusen bekannter Malware in interne Informationssysteme der Organisation/Mailsystem/Geschftsfhrer*in/Threat Impact Assessment',2,'[{\"changed\": {\"fields\": [\"Zugeordnete Bedrohungssituation\", \"Zugeordnete Kompetenzdimension\"]}}]',17,1),(5281,'2024-05-16 08:24:11.651896','430','5.26/Einschleusen bekannter Malware in interne Informationssysteme der Organisation/Mailsystem/Geschftsfhrer*in/Threat Identification',2,'[{\"changed\": {\"fields\": [\"Zugeordnete Bedrohungssituation\"]}}]',17,1),(5282,'2024-05-16 08:24:19.203460','429','5.26/Einschleusen bekannter Malware in interne Informationssysteme der Organisation/Mailsystem/Geschftsfhrer*in/Threat Awareness',2,'[{\"changed\": {\"fields\": [\"Zugeordnete Bedrohungssituation\"]}}]',17,1),(5283,'2024-05-16 08:24:29.324299','428','5.26/Einschleusen bekannter Malware in interne Informationssysteme der Organisation/Mailsystem/Geschftsfhrer*in/Tactic Check & Follow-Up',2,'[{\"changed\": {\"fields\": [\"Zugeordnete Bedrohungssituation\", \"Zugeordnete Kompetenzdimension\"]}}]',17,1),(5284,'2024-05-16 08:24:42.712191','421','5.26/Einschleusen bekannter Malware in interne Informationssysteme der Organisation/Mailsystem/Geschftsfhrer*in/Tactic Check & Follow-Up',2,'[{\"changed\": {\"fields\": [\"Zugeordnete Bedrohungssituation\", \"Zugeordnete Kompetenzdimension\"]}}]',17,1),(5285,'2024-05-16 08:25:08.367314','427','5.6/Kompromittierung von Informationssystemen/Telefon/Geschftsfhrer*in/Tactic Mastery',2,'[{\"changed\": {\"fields\": [\"Zugeordnete Bedrohungssituation\"]}}]',17,1),(5286,'2024-05-16 08:25:18.632553','426','5.6/Kompromittierung von Informationssystemen/Telefon/Geschftsfhrer*in/Tactic Justification',2,'[{\"changed\": {\"fields\": [\"Zugeordnete Bedrohungssituation\"]}}]',17,1),(5287,'2024-05-16 08:25:26.551879','425','5.6/Kompromittierung von Informationssystemen/Telefon/Geschftsfhrer*in/Tactic Choice',2,'[{\"changed\": {\"fields\": [\"Zugeordnete Bedrohungssituation\"]}}]',17,1),(5288,'2024-05-16 08:25:34.869653','424','5.6/Kompromittierung von Informationssystemen/Telefon/Geschftsfhrer*in/Threat Impact Assessment',2,'[{\"changed\": {\"fields\": [\"Zugeordnete Bedrohungssituation\"]}}]',17,1),(5289,'2024-05-16 08:25:44.806449','423','5.6/Kompromittierung von Informationssystemen/Telefon/Geschftsfhrer*in/Threat Identification',2,'[{\"changed\": {\"fields\": [\"Zugeordnete Bedrohungssituation\"]}}]',17,1),(5290,'2024-05-16 08:25:53.081610','422','5.6/Kompromittierung von Informationssystemen/Telefon/Geschftsfhrer*in/Threat Awareness',2,'[{\"changed\": {\"fields\": [\"Zugeordnete Bedrohungssituation\"]}}]',17,1),(5291,'2024-05-16 08:26:42.387209','420','5.2/Durchfhrung von Brute-Force-Anmeldeversuchen/Passworterratungsangriffen/PC/Geschftsfhrer*in/Tactic Mastery',2,'[{\"changed\": {\"fields\": [\"Zugeordnete Bedrohungssituation\"]}}]',17,1),(5292,'2024-05-16 08:26:50.214175','419','5.2/Durchfhrung von Brute-Force-Anmeldeversuchen/Passworterratungsangriffen/PC/Geschftsfhrer*in/Tactic Justification',2,'[{\"changed\": {\"fields\": [\"Zugeordnete Bedrohungssituation\"]}}]',17,1),(5293,'2024-05-16 08:26:57.383902','418','5.2/Durchfhrung von Brute-Force-Anmeldeversuchen/Passworterratungsangriffen/PC/Geschftsfhrer*in/Tactic Choice',2,'[{\"changed\": {\"fields\": [\"Zugeordnete Bedrohungssituation\"]}}]',17,1),(5294,'2024-05-16 08:27:03.901036','417','5.2/Durchfhrung von Brute-Force-Anmeldeversuchen/Passworterratungsangriffen/PC/Geschftsfhrer*in/Threat Impact Assessment',2,'[{\"changed\": {\"fields\": [\"Zugeordnete Bedrohungssituation\"]}}]',17,1),(5295,'2024-05-16 08:27:11.259788','416','5.2/Durchfhrung von Brute-Force-Anmeldeversuchen/Passworterratungsangriffen/PC/Geschftsfhrer*in/Threat Identification',2,'[{\"changed\": {\"fields\": [\"Zugeordnete Bedrohungssituation\"]}}]',17,1),(5296,'2024-05-16 08:27:18.338502','415','5.2/Durchfhrung von Brute-Force-Anmeldeversuchen/Passworterratungsangriffen/PC/Geschftsfhrer*in/Threat Awareness',2,'[{\"changed\": {\"fields\": [\"Zugeordnete Bedrohungssituation\"]}}]',17,1),(5297,'2024-05-16 08:27:46.069020','211','3.11/Social Engineering/Kollaborationssysteme/Fhrungskraft/Tactic Check & Follow-Up',2,'[{\"changed\": {\"fields\": [\"Zugeordnete Kompetenzdimension\"]}}]',17,1),(5298,'2024-05-16 08:27:56.736676','414','3.2/Durchfhrung von nicht zielgerichteten Zero-Day-Angriffen/Buchhaltungssystem/Fhrungskraft/Tactic Check & Follow-Up',2,'[{\"changed\": {\"fields\": [\"Zugeordnete Kompetenzdimension\"]}}]',17,1),(5299,'2024-05-16 08:28:02.747615','407','3.13/(Weit verbreiteter) Festplattenfehler/USB-Stick/Fhrungskraft/Tactic Check & Follow-Up',2,'[{\"changed\": {\"fields\": [\"Zugeordnete Kompetenzdimension\"]}}]',17,1),(5300,'2024-05-16 08:28:10.963476','400','3.7/(Speer)-Phishing/Mailsystem/Fhrungskraft/Tactic Check & Follow-Up',2,'[{\"changed\": {\"fields\": [\"Zugeordnete Kompetenzdimension\"]}}]',17,1),(5301,'2024-05-16 08:28:18.129039','393','3.9/Social Engineering/Instantmessenger/Fhrungskraft/Tactic Check & Follow-Up',2,'[{\"changed\": {\"fields\": [\"Zugeordnete Kompetenzdimension\"]}}]',17,1),(5302,'2024-05-16 08:28:26.102133','386','3.6/(Speer)-Phishing/Instantmessenger/Fhrungskraft/Tactic Check & Follow-Up',2,'[{\"changed\": {\"fields\": [\"Zugeordnete Kompetenzdimension\"]}}]',17,1),(5303,'2024-05-16 08:29:00.257708','379','2.2/Unzureichende Zugangskontrolle/Mitarbeiter/Innendienst/Tactic Check & Follow-Up',2,'[{\"changed\": {\"fields\": [\"Zugeordnete Bedrohungssituation\", \"Zugeordnete Kompetenzdimension\"]}}]',17,1),(5304,'2024-05-16 08:29:23.546949','378','2.2/Unzureichende Zugangskontrolle/Mitarbeiter/Innendienst/Tactic Mastery',2,'[{\"changed\": {\"fields\": [\"Zugeordnete Bedrohungssituation\"]}}]',17,1),(5305,'2024-05-16 08:29:28.891608','377','2.2/Unzureichende Zugangskontrolle/Mitarbeiter/Innendienst/Tactic Justification',2,'[{\"changed\": {\"fields\": [\"Zugeordnete Bedrohungssituation\"]}}]',17,1),(5306,'2024-05-16 08:29:34.482706','376','2.2/Unzureichende Zugangskontrolle/Mitarbeiter/Innendienst/Tactic Choice',2,'[{\"changed\": {\"fields\": [\"Zugeordnete Bedrohungssituation\"]}}]',17,1),(5307,'2024-05-16 08:29:40.217323','375','2.2/Unzureichende Zugangskontrolle/Mitarbeiter/Innendienst/Threat Impact Assessment',2,'[{\"changed\": {\"fields\": [\"Zugeordnete Bedrohungssituation\"]}}]',17,1),(5308,'2024-05-16 08:29:47.517269','374','2.2/Unzureichende Zugangskontrolle/Mitarbeiter/Innendienst/Threat Identification',2,'[{\"changed\": {\"fields\": [\"Zugeordnete Bedrohungssituation\"]}}]',17,1),(5309,'2024-05-16 08:29:52.994613','373','2.2/Unzureichende Zugangskontrolle/Mitarbeiter/Innendienst/Threat Awareness',2,'[{\"changed\": {\"fields\": [\"Zugeordnete Bedrohungssituation\"]}}]',17,1),(5310,'2024-05-16 08:30:12.789375','372','2.12/Social Engineering/Social Media Systeme/Innendienst/Tactic Check & Follow-Up',2,'[{\"changed\": {\"fields\": [\"Zugeordnete Bedrohungssituation\", \"Zugeordnete Kompetenzdimension\"]}}]',17,1),(5311,'2024-05-16 08:30:20.542109','371','2.12/Social Engineering/Social Media Systeme/Innendienst/Tactic Mastery',2,'[{\"changed\": {\"fields\": [\"Zugeordnete Bedrohungssituation\"]}}]',17,1),(5312,'2024-05-16 08:30:28.524379','370','2.12/Social Engineering/Social Media Systeme/Innendienst/Tactic Justification',2,'[{\"changed\": {\"fields\": [\"Zugeordnete Bedrohungssituation\"]}}]',17,1),(5313,'2024-05-16 08:30:35.444522','369','2.12/Social Engineering/Social Media Systeme/Innendienst/Tactic Choice',2,'[{\"changed\": {\"fields\": [\"Zugeordnete Bedrohungssituation\"]}}]',17,1),(5314,'2024-05-16 08:30:41.225274','368','2.12/Social Engineering/Social Media Systeme/Innendienst/Threat Impact Assessment',2,'[{\"changed\": {\"fields\": [\"Zugeordnete Bedrohungssituation\"]}}]',17,1),(5315,'2024-05-16 08:30:48.737983','367','2.12/Social Engineering/Social Media Systeme/Innendienst/Threat Identification',2,'[{\"changed\": {\"fields\": [\"Zugeordnete Bedrohungssituation\"]}}]',17,1),(5316,'2024-05-16 08:30:54.927006','366','2.12/Social Engineering/Social Media Systeme/Innendienst/Threat Awareness',2,'[{\"changed\": {\"fields\": [\"Zugeordnete Bedrohungssituation\"]}}]',17,1),(5317,'2024-05-16 08:31:06.102750','365','2.12/Social Engineering/Social Media Systeme/Innendienst/Tactic Check & Follow-Up',2,'[{\"changed\": {\"fields\": [\"Zugeordnete Bedrohungssituation\", \"Zugeordnete Kompetenzdimension\"]}}]',17,1),(5318,'2024-05-16 08:31:36.963284','365','2.10/Social Engineering/Mailsystem/Innendienst/Tactic Check & Follow-Up',2,'[{\"changed\": {\"fields\": [\"Zugeordnete Bedrohungssituation\"]}}]',17,1),(5319,'2024-05-16 08:31:43.859494','364','2.10/Social Engineering/Mailsystem/Innendienst/Tactic Mastery',2,'[{\"changed\": {\"fields\": [\"Zugeordnete Bedrohungssituation\"]}}]',17,1),(5320,'2024-05-16 08:31:50.251909','363','2.10/Social Engineering/Mailsystem/Innendienst/Tactic Justification',2,'[{\"changed\": {\"fields\": [\"Zugeordnete Bedrohungssituation\"]}}]',17,1),(5321,'2024-05-16 08:31:57.646510','362','2.10/Social Engineering/Mailsystem/Innendienst/Tactic Choice',2,'[{\"changed\": {\"fields\": [\"Zugeordnete Bedrohungssituation\"]}}]',17,1),(5322,'2024-05-16 08:32:05.959173','361','2.10/Social Engineering/Mailsystem/Innendienst/Threat Impact Assessment',2,'[{\"changed\": {\"fields\": [\"Zugeordnete Bedrohungssituation\"]}}]',17,1),(5323,'2024-05-16 08:32:13.888251','360','2.10/Social Engineering/Mailsystem/Innendienst/Threat Identification',2,'[{\"changed\": {\"fields\": [\"Zugeordnete Bedrohungssituation\"]}}]',17,1),(5324,'2024-05-16 08:32:21.873437','359','2.10/Social Engineering/Mailsystem/Innendienst/Threat Awareness',2,'[{\"changed\": {\"fields\": [\"Zugeordnete Bedrohungssituation\"]}}]',17,1),(5325,'2024-05-16 08:32:32.479919','358','2.10/Social Engineering/Mailsystem/Innendienst/Tactic Check & Follow-Up',2,'[{\"changed\": {\"fields\": [\"Zugeordnete Bedrohungssituation\", \"Zugeordnete Kompetenzdimension\"]}}]',17,1),(5326,'2024-05-16 08:32:48.166296','357','2.9/Social Engineering/Instantmessenger/Innendienst/Tactic Mastery',2,'[{\"changed\": {\"fields\": [\"Zugeordnete Bedrohungssituation\"]}}]',17,1),(5327,'2024-05-16 08:32:55.326916','356','2.9/Social Engineering/Instantmessenger/Innendienst/Tactic Justification',2,'[{\"changed\": {\"fields\": [\"Zugeordnete Bedrohungssituation\"]}}]',17,1),(5328,'2024-05-16 08:33:02.442509','355','2.9/Social Engineering/Instantmessenger/Innendienst/Tactic Choice',2,'[{\"changed\": {\"fields\": [\"Zugeordnete Bedrohungssituation\"]}}]',17,1),(5329,'2024-05-16 08:33:08.897080','354','2.9/Social Engineering/Instantmessenger/Innendienst/Threat Impact Assessment',2,'[{\"changed\": {\"fields\": [\"Zugeordnete Bedrohungssituation\"]}}]',17,1),(5330,'2024-05-16 08:33:14.995909','353','2.9/Social Engineering/Instantmessenger/Innendienst/Threat Identification',2,'[{\"changed\": {\"fields\": [\"Zugeordnete Bedrohungssituation\"]}}]',17,1),(5331,'2024-05-16 08:33:22.218758','352','2.9/Social Engineering/Instantmessenger/Innendienst/Threat Awareness',2,'[{\"changed\": {\"fields\": [\"Zugeordnete Bedrohungssituation\"]}}]',17,1),(5332,'2024-05-16 08:34:08.213698','197','2.7/Social Engineering/Mitarbeiter/Innendienst/Tactic Check & Follow-Up',2,'[{\"changed\": {\"fields\": [\"Zugeordnete Bedrohungssituation\", \"Zugeordnete Kompetenzdimension\"]}}]',17,1),(5333,'2024-05-16 08:34:15.258023','196','2.7/Social Engineering/Mitarbeiter/Innendienst/Tactic Mastery',2,'[{\"changed\": {\"fields\": [\"Zugeordnete Bedrohungssituation\"]}}]',17,1),(5334,'2024-05-16 08:34:20.965518','195','2.7/Social Engineering/Mitarbeiter/Innendienst/Tactic Justification',2,'[{\"changed\": {\"fields\": [\"Zugeordnete Bedrohungssituation\"]}}]',17,1),(5335,'2024-05-16 08:34:28.011717','194','2.7/Social Engineering/Mitarbeiter/Innendienst/Tactic Choice',2,'[{\"changed\": {\"fields\": [\"Zugeordnete Bedrohungssituation\"]}}]',17,1),(5336,'2024-05-16 08:34:34.384545','193','2.7/Social Engineering/Mitarbeiter/Innendienst/Threat Impact Assessment',2,'[{\"changed\": {\"fields\": [\"Zugeordnete Bedrohungssituation\"]}}]',17,1),(5337,'2024-05-16 08:34:40.334106','192','2.7/Social Engineering/Mitarbeiter/Innendienst/Threat Identification',2,'[{\"changed\": {\"fields\": [\"Zugeordnete Bedrohungssituation\"]}}]',17,1),(5338,'2024-05-16 08:34:46.915203','191','2.7/Social Engineering/Mitarbeiter/Innendienst/Threat Awareness',2,'[{\"changed\": {\"fields\": [\"Zugeordnete Bedrohungssituation\"]}}]',17,1),(5339,'2024-05-16 08:35:02.856632','182','2.5/Weitergabe sensibler Informationen/Mitarbeiter/Innendienst/Tactic Check & Follow-Up',2,'[{\"changed\": {\"fields\": [\"Zugeordnete Bedrohungssituation\", \"Zugeordnete Kompetenzdimension\"]}}]',17,1),(5340,'2024-05-16 08:35:11.285835','181','2.5/Weitergabe sensibler Informationen/Mitarbeiter/Innendienst/Tactic Mastery',2,'[{\"changed\": {\"fields\": [\"Zugeordnete Bedrohungssituation\"]}}]',17,1),(5341,'2024-05-16 08:35:17.843523','180','2.5/Weitergabe sensibler Informationen/Mitarbeiter/Innendienst/Tactic Justification',2,'[{\"changed\": {\"fields\": [\"Zugeordnete Bedrohungssituation\"]}}]',17,1),(5342,'2024-05-16 08:35:24.838759','179','2.5/Weitergabe sensibler Informationen/Mitarbeiter/Innendienst/Tactic Choice',2,'[{\"changed\": {\"fields\": [\"Zugeordnete Bedrohungssituation\"]}}]',17,1),(5343,'2024-05-16 08:35:31.237225','178','2.5/Weitergabe sensibler Informationen/Mitarbeiter/Innendienst/Threat Impact Assessment',2,'[{\"changed\": {\"fields\": [\"Zugeordnete Bedrohungssituation\"]}}]',17,1),(5344,'2024-05-16 08:35:37.367625','177','2.5/Weitergabe sensibler Informationen/Mitarbeiter/Innendienst/Threat Identification',2,'[{\"changed\": {\"fields\": [\"Zugeordnete Bedrohungssituation\"]}}]',17,1),(5345,'2024-05-16 08:35:45.340416','176','2.5/Weitergabe sensibler Informationen/Mitarbeiter/Innendienst/Threat Awareness',2,'[{\"changed\": {\"fields\": [\"Zugeordnete Bedrohungssituation\"]}}]',17,1),(5346,'2024-05-16 08:35:58.459889','175','2.8/Falscher Umgang mit kritischen und/oder sensiblen Informationen/Mitarbeiter/Innendienst/Tactic Check & Follow-Up',2,'[{\"changed\": {\"fields\": [\"Zugeordnete Bedrohungssituation\"]}}]',17,1),(5347,'2024-05-16 08:36:06.578279','174','2.8/Falscher Umgang mit kritischen und/oder sensiblen Informationen/Mitarbeiter/Innendienst/Tactic Mastery',2,'[{\"changed\": {\"fields\": [\"Zugeordnete Bedrohungssituation\"]}}]',17,1),(5348,'2024-05-16 08:36:13.664422','173','2.8/Falscher Umgang mit kritischen und/oder sensiblen Informationen/Mitarbeiter/Innendienst/Tactic Justification',2,'[{\"changed\": {\"fields\": [\"Zugeordnete Bedrohungssituation\"]}}]',17,1),(5349,'2024-05-16 08:36:22.215641','172','2.8/Falscher Umgang mit kritischen und/oder sensiblen Informationen/Mitarbeiter/Innendienst/Tactic Choice',2,'[{\"changed\": {\"fields\": [\"Zugeordnete Bedrohungssituation\"]}}]',17,1),(5350,'2024-05-16 08:36:29.627815','171','2.8/Falscher Umgang mit kritischen und/oder sensiblen Informationen/Mitarbeiter/Innendienst/Threat Impact Assessment',2,'[{\"changed\": {\"fields\": [\"Zugeordnete Bedrohungssituation\"]}}]',17,1),(5351,'2024-05-16 08:36:37.967831','170','2.8/Falscher Umgang mit kritischen und/oder sensiblen Informationen/Mitarbeiter/Innendienst/Threat Identification',2,'[{\"changed\": {\"fields\": [\"Zugeordnete Bedrohungssituation\"]}}]',17,1),(5352,'2024-05-16 08:36:46.072782','169','2.8/Falscher Umgang mit kritischen und/oder sensiblen Informationen/Mitarbeiter/Innendienst/Threat Awareness',2,'[{\"changed\": {\"fields\": [\"Zugeordnete Bedrohungssituation\"]}}]',17,1),(5353,'2024-05-16 08:37:02.370156','70','2.9/Social Engineering/Instantmessenger/Innendienst/Tactic Check & Follow-Up',2,'[{\"changed\": {\"fields\": [\"Zugeordnete Bedrohungssituation\"]}}]',17,1),(5354,'2024-05-16 08:37:25.191222','69','2.9/Social Engineering/Instantmessenger/Innendienst/Tactic Mastery',2,'[{\"changed\": {\"fields\": [\"Zugeordnete Bedrohungssituation\"]}}]',17,1),(5355,'2024-05-16 08:38:36.448347','35','2.15/Einschleusen bekannter Malware in interne Informationssysteme der Organisation/Mailsystem/Innendienst/Tactic Check & Follow-Up',2,'[{\"changed\": {\"fields\": [\"Zugeordnete Bedrohungssituation\", \"Zugeordnete Kompetenzdimension\"]}}]',17,1),(5356,'2024-05-16 08:38:45.553896','34','2.15/Einschleusen bekannter Malware in interne Informationssysteme der Organisation/Mailsystem/Innendienst/Tactic Mastery',2,'[{\"changed\": {\"fields\": [\"Zugeordnete Bedrohungssituation\"]}}]',17,1),(5357,'2024-05-16 08:38:53.743917','33','2.15/Einschleusen bekannter Malware in interne Informationssysteme der Organisation/Mailsystem/Innendienst/Tactic Justification',2,'[{\"changed\": {\"fields\": [\"Zugeordnete Bedrohungssituation\"]}}]',17,1),(5358,'2024-05-16 08:39:01.393391','32','2.15/Einschleusen bekannter Malware in interne Informationssysteme der Organisation/Mailsystem/Innendienst/Tactic Choice',2,'[{\"changed\": {\"fields\": [\"Zugeordnete Bedrohungssituation\"]}}]',17,1),(5359,'2024-05-16 08:39:08.417278','31','2.15/Einschleusen bekannter Malware in interne Informationssysteme der Organisation/Mailsystem/Innendienst/Threat Impact Assessment',2,'[{\"changed\": {\"fields\": [\"Zugeordnete Bedrohungssituation\"]}}]',17,1),(5360,'2024-05-16 08:39:15.750903','30','2.15/Einschleusen bekannter Malware in interne Informationssysteme der Organisation/Mailsystem/Innendienst/Threat Identification',2,'[{\"changed\": {\"fields\": [\"Zugeordnete Bedrohungssituation\"]}}]',17,1),(5361,'2024-05-16 08:39:22.920966','29','2.15/Einschleusen bekannter Malware in interne Informationssysteme der Organisation/Mailsystem/Innendienst/Threat Awareness',2,'[{\"changed\": {\"fields\": [\"Zugeordnete Bedrohungssituation\"]}}]',17,1),(5362,'2024-05-16 08:39:49.289224','28','2.9/Social Engineering/Instantmessenger/Innendienst/Tactic Check & Follow-Up',2,'[{\"changed\": {\"fields\": [\"Zugeordnete Bedrohungssituation\", \"Zugeordnete Kompetenzdimension\"]}}]',17,1),(5363,'2024-05-16 08:40:00.632426','27','2.9/Social Engineering/Instantmessenger/Innendienst/Tactic Mastery',2,'[{\"changed\": {\"fields\": [\"Zugeordnete Bedrohungssituation\"]}}]',17,1),(5364,'2024-05-16 08:40:08.093071','26','2.9/Social Engineering/Instantmessenger/Innendienst/Tactic Justification',2,'[{\"changed\": {\"fields\": [\"Zugeordnete Bedrohungssituation\"]}}]',17,1),(5365,'2024-05-16 08:40:16.028397','25','2.9/Social Engineering/Instantmessenger/Innendienst/Tactic Choice',2,'[{\"changed\": {\"fields\": [\"Zugeordnete Bedrohungssituation\"]}}]',17,1),(5366,'2024-05-16 08:40:37.131515','24','2.9/Social Engineering/Instantmessenger/Innendienst/Threat Impact Assessment',2,'[{\"changed\": {\"fields\": [\"Zugeordnete Bedrohungssituation\", \"Zugeordnete Kompetenzdimension\"]}}]',17,1),(5367,'2024-05-16 08:40:47.449719','23','2.9/Social Engineering/Instantmessenger/Innendienst/Threat Identification',2,'[{\"changed\": {\"fields\": [\"Zugeordnete Bedrohungssituation\"]}}]',17,1),(5368,'2024-05-16 08:40:57.346592','22','2.9/Social Engineering/Instantmessenger/Innendienst/Threat Awareness',2,'[{\"changed\": {\"fields\": [\"Zugeordnete Bedrohungssituation\"]}}]',17,1),(5369,'2024-05-16 08:41:22.567613','21','2.14/(Speer)-Phishing/Mailsystem/Innendienst/Tactic Check & Follow-Up',2,'[{\"changed\": {\"fields\": [\"Zugeordnete Bedrohungssituation\", \"Zugeordnete Kompetenzdimension\"]}}]',17,1),(5370,'2024-05-16 08:41:33.621878','20','2.14/(Speer)-Phishing/Mailsystem/Innendienst/Tactic Mastery',2,'[{\"changed\": {\"fields\": [\"Zugeordnete Bedrohungssituation\"]}}]',17,1),(5371,'2024-05-16 08:41:45.782569','19','2.14/(Speer)-Phishing/Mailsystem/Innendienst/Tactic Justification',2,'[{\"changed\": {\"fields\": [\"Zugeordnete Bedrohungssituation\"]}}]',17,1),(5372,'2024-05-16 08:41:54.185825','18','2.14/(Speer)-Phishing/Mailsystem/Innendienst/Tactic Choice',2,'[{\"changed\": {\"fields\": [\"Zugeordnete Bedrohungssituation\"]}}]',17,1),(5373,'2024-05-16 08:42:03.612545','17','2.14/(Speer)-Phishing/Mailsystem/Innendienst/Threat Impact Assessment',2,'[{\"changed\": {\"fields\": [\"Zugeordnete Bedrohungssituation\"]}}]',17,1),(5374,'2024-05-16 08:42:13.222175','16','2.14/(Speer)-Phishing/Mailsystem/Innendienst/Threat Identification',2,'[{\"changed\": {\"fields\": [\"Zugeordnete Bedrohungssituation\"]}}]',17,1),(5375,'2024-05-16 08:42:21.507108','15','2.14/(Speer)-Phishing/Mailsystem/Innendienst/Threat Awareness',2,'[{\"changed\": {\"fields\": [\"Zugeordnete Bedrohungssituation\"]}}]',17,1),(5376,'2024-05-16 08:42:39.734411','14','2.12/Social Engineering/Social Media Systeme/Innendienst/Tactic Check & Follow-Up',2,'[{\"changed\": {\"fields\": [\"Zugeordnete Bedrohungssituation\"]}}]',17,1),(5377,'2024-05-16 08:42:59.561858','13','2.12/Social Engineering/Social Media Systeme/Innendienst/Tactic Mastery',2,'[{\"changed\": {\"fields\": [\"Zugeordnete Bedrohungssituation\"]}}]',17,1),(5378,'2024-05-16 08:43:08.713679','12','2.12/Social Engineering/Social Media Systeme/Innendienst/Tactic Justification',2,'[{\"changed\": {\"fields\": [\"Zugeordnete Bedrohungssituation\"]}}]',17,1),(5379,'2024-05-16 08:43:19.285008','11','2.12/Social Engineering/Social Media Systeme/Innendienst/Tactic Choice',2,'[{\"changed\": {\"fields\": [\"Zugeordnete Bedrohungssituation\"]}}]',17,1),(5380,'2024-05-16 08:43:44.481807','10','2.12/Social Engineering/Social Media Systeme/Innendienst/Threat Impact Assessment',2,'[{\"changed\": {\"fields\": [\"Zugeordnete Bedrohungssituation\"]}}]',17,1),(5381,'2024-05-16 08:43:54.663083','9','2.12/Social Engineering/Social Media Systeme/Innendienst/Threat Identification',2,'[{\"changed\": {\"fields\": [\"Zugeordnete Bedrohungssituation\"]}}]',17,1),(5382,'2024-05-16 08:44:02.858652','8','2.12/Social Engineering/Social Media Systeme/Innendienst/Threat Awareness',2,'[{\"changed\": {\"fields\": [\"Zugeordnete Bedrohungssituation\"]}}]',17,1),(5383,'2024-05-16 08:44:14.290849','7','2.11/Social Engineering/Kollaborationssysteme/Innendienst/Tactic Check & Follow-Up',2,'[{\"changed\": {\"fields\": [\"Zugeordnete Bedrohungssituation\"]}}]',17,1),(5384,'2024-05-16 08:44:21.819286','6','2.11/Social Engineering/Kollaborationssysteme/Innendienst/Tactic Mastery',2,'[{\"changed\": {\"fields\": [\"Zugeordnete Bedrohungssituation\"]}}]',17,1),(5385,'2024-05-16 08:44:30.990067','5','2.11/Social Engineering/Kollaborationssysteme/Innendienst/Tactic Justification',2,'[{\"changed\": {\"fields\": [\"Zugeordnete Bedrohungssituation\"]}}]',17,1),(5386,'2024-05-16 08:44:38.537952','4','2.11/Social Engineering/Kollaborationssysteme/Innendienst/Tactic Choice',2,'[{\"changed\": {\"fields\": [\"Zugeordnete Bedrohungssituation\"]}}]',17,1),(5387,'2024-05-16 08:44:50.280211','3','2.11/Social Engineering/Kollaborationssysteme/Innendienst/Threat Impact Assessment',2,'[{\"changed\": {\"fields\": [\"Zugeordnete Bedrohungssituation\"]}}]',17,1),(5388,'2024-05-16 08:44:59.340721','2','2.11/Social Engineering/Kollaborationssysteme/Innendienst/Threat Identification',2,'[{\"changed\": {\"fields\": [\"Zugeordnete Bedrohungssituation\"]}}]',17,1),(5389,'2024-05-16 08:45:06.834722','1','2.11/Social Engineering/Kollaborationssysteme/Innendienst/Threat Awareness',2,'[{\"changed\": {\"fields\": [\"Zugeordnete Bedrohungssituation\"]}}]',17,1),(5390,'2024-05-16 08:54:05.673779','70','4.14/Einschleusen bekannter Malware in interne Informationssysteme der Organisation/Instantmessenger/Auendienst/Tactic Check & Follow-Up',2,'[{\"changed\": {\"fields\": [\"Zugeordnete Bedrohungssituation\"]}}]',17,1),(5391,'2024-05-16 08:54:47.033739','11','4.14/(Speer)-Phishing/Instantmessenger/Auendienst',2,'[{\"changed\": {\"fields\": [\"Zugeordneter Bedrohungsvektor\"]}}]',11,1),(5392,'2024-05-16 08:55:18.599743','69','4.14/(Speer)-Phishing/Instantmessenger/Auendienst/Tactic Mastery',2,'[{\"changed\": {\"fields\": [\"Zugeordnete Bedrohungssituation\"]}}]',17,1),(5393,'2024-05-16 08:55:28.052683','68','4.14/(Speer)-Phishing/Instantmessenger/Auendienst/Tactic Justification',2,'[{\"changed\": {\"fields\": [\"Zugeordnete Bedrohungssituation\"]}}]',17,1),(5394,'2024-05-16 08:55:52.673851','67','4.14/(Speer)-Phishing/Instantmessenger/Auendienst/Tactic Choice',2,'[{\"changed\": {\"fields\": [\"Zugeordnete Bedrohungssituation\"]}}]',17,1),(5395,'2024-05-16 08:55:59.087002','66','4.14/(Speer)-Phishing/Instantmessenger/Auendienst/Threat Impact Assessment',2,'[{\"changed\": {\"fields\": [\"Zugeordnete Bedrohungssituation\"]}}]',17,1),(5396,'2024-05-16 08:56:06.544301','65','4.14/(Speer)-Phishing/Instantmessenger/Auendienst/Threat Identification',2,'[{\"changed\": {\"fields\": [\"Zugeordnete Bedrohungssituation\"]}}]',17,1),(5397,'2024-05-16 08:56:13.206937','64','4.14/(Speer)-Phishing/Instantmessenger/Auendienst/Threat Awareness',2,'[{\"changed\": {\"fields\": [\"Zugeordnete Bedrohungssituation\"]}}]',17,1),(5398,'2024-05-16 08:56:47.338784','63','4.13/(Speer)-Phishing/Social Media Systeme/Auendienst/Tactic Check & Follow-Up',2,'[{\"changed\": {\"fields\": [\"Zugeordnete Bedrohungssituation\"]}}]',17,1),(5399,'2024-05-16 08:59:08.528032','62','4.13/(Speer)-Phishing/Social Media Systeme/Auendienst/Tactic Mastery',2,'[{\"changed\": {\"fields\": [\"Zugeordnete Bedrohungssituation\"]}}]',17,1),(5400,'2024-05-16 08:59:18.939715','61','4.13/(Speer)-Phishing/Social Media Systeme/Auendienst/Tactic Justification',2,'[{\"changed\": {\"fields\": [\"Zugeordnete Bedrohungssituation\"]}}]',17,1),(5401,'2024-05-16 08:59:25.530134','60','4.13/(Speer)-Phishing/Social Media Systeme/Auendienst/Tactic Choice',2,'[{\"changed\": {\"fields\": [\"Zugeordnete Bedrohungssituation\"]}}]',17,1),(5402,'2024-05-16 08:59:32.842373','59','4.13/(Speer)-Phishing/Social Media Systeme/Auendienst/Threat Impact Assessment',2,'[{\"changed\": {\"fields\": [\"Zugeordnete Bedrohungssituation\"]}}]',17,1),(5403,'2024-05-16 08:59:41.633296','58','4.13/(Speer)-Phishing/Social Media Systeme/Auendienst/Threat Identification',2,'[{\"changed\": {\"fields\": [\"Zugeordnete Bedrohungssituation\"]}}]',17,1),(5404,'2024-05-16 08:59:49.305059','57','4.13/(Speer)-Phishing/Social Media Systeme/Auendienst/Threat Awareness',2,'[{\"changed\": {\"fields\": [\"Zugeordnete Bedrohungssituation\"]}}]',17,1),(5405,'2024-05-16 08:59:58.142184','56','4.13/(Speer)-Phishing/Social Media Systeme/Auendienst/Tactic Check & Follow-Up',2,'[{\"changed\": {\"fields\": [\"Zugeordnete Bedrohungssituation\"]}}]',17,1),(5406,'2024-05-16 09:00:17.301885','55','4.11/Kompromittierung von Informationssystemen/Laptop/Auendienst/Tactic Mastery',2,'[{\"changed\": {\"fields\": [\"Zugeordnete Bedrohungssituation\"]}}]',17,1),(5407,'2024-05-16 09:00:28.090312','54','4.11/Kompromittierung von Informationssystemen/Laptop/Auendienst/Tactic Justification',2,'[{\"changed\": {\"fields\": [\"Zugeordnete Bedrohungssituation\"]}}]',17,1),(5408,'2024-05-16 09:00:35.208101','53','4.11/Kompromittierung von Informationssystemen/Laptop/Auendienst/Tactic Choice',2,'[{\"changed\": {\"fields\": [\"Zugeordnete Bedrohungssituation\"]}}]',17,1),(5409,'2024-05-16 09:00:42.498475','52','4.11/Kompromittierung von Informationssystemen/Laptop/Auendienst/Threat Impact Assessment',2,'[{\"changed\": {\"fields\": [\"Zugeordnete Bedrohungssituation\"]}}]',17,1),(5410,'2024-05-16 09:00:50.717062','51','4.11/Kompromittierung von Informationssystemen/Laptop/Auendienst/Threat Identification',2,'[{\"changed\": {\"fields\": [\"Zugeordnete Bedrohungssituation\"]}}]',17,1),(5411,'2024-05-16 09:00:57.956664','50','4.11/Kompromittierung von Informationssystemen/Laptop/Auendienst/Threat Awareness',2,'[{\"changed\": {\"fields\": [\"Zugeordnete Bedrohungssituation\"]}}]',17,1),(5412,'2024-05-16 09:01:17.566498','49','4.8/Verbreitung von Malware durch Bereitstellung von Wechselmedien/USB-Stick/Auendienst/Tactic Check & Follow-Up',2,'[{\"changed\": {\"fields\": [\"Zugeordnete Bedrohungssituation\"]}}]',17,1),(5413,'2024-05-16 09:01:25.060553','48','4.8/Verbreitung von Malware durch Bereitstellung von Wechselmedien/USB-Stick/Auendienst/Tactic Mastery',2,'[{\"changed\": {\"fields\": [\"Zugeordnete Bedrohungssituation\"]}}]',17,1),(5414,'2024-05-16 09:01:35.497336','47','4.8/Verbreitung von Malware durch Bereitstellung von Wechselmedien/USB-Stick/Auendienst/Tactic Justification',2,'[{\"changed\": {\"fields\": [\"Zugeordnete Bedrohungssituation\"]}}]',17,1),(5415,'2024-05-16 09:01:43.226230','46','4.8/Verbreitung von Malware durch Bereitstellung von Wechselmedien/USB-Stick/Auendienst/Tactic Choice',2,'[{\"changed\": {\"fields\": [\"Zugeordnete Bedrohungssituation\"]}}]',17,1),(5416,'2024-05-16 09:01:50.884784','45','4.8/Verbreitung von Malware durch Bereitstellung von Wechselmedien/USB-Stick/Auendienst/Threat Impact Assessment',2,'[{\"changed\": {\"fields\": [\"Zugeordnete Bedrohungssituation\"]}}]',17,1),(5417,'2024-05-16 09:01:58.236416','44','4.8/Verbreitung von Malware durch Bereitstellung von Wechselmedien/USB-Stick/Auendienst/Threat Identification',2,'[{\"changed\": {\"fields\": [\"Zugeordnete Bedrohungssituation\"]}}]',17,1),(5418,'2024-05-16 09:02:05.763707','43','4.8/Verbreitung von Malware durch Bereitstellung von Wechselmedien/USB-Stick/Auendienst/Threat Awareness',2,'[{\"changed\": {\"fields\": [\"Zugeordnete Bedrohungssituation\"]}}]',17,1),(5419,'2024-05-16 09:02:27.989356','42','4.4/Einschleusen bekannter Malware in interne Informationssysteme der Organisation/Mailsystem/Auendienst/Tactic Check & Follow-Up',2,'[{\"changed\": {\"fields\": [\"Zugeordnete Bedrohungssituation\", \"Zugeordnete Kompetenzdimension\"]}}]',17,1),(5420,'2024-05-16 09:02:34.714591','41','4.4/Einschleusen bekannter Malware in interne Informationssysteme der Organisation/Mailsystem/Auendienst/Tactic Mastery',2,'[{\"changed\": {\"fields\": [\"Zugeordnete Bedrohungssituation\"]}}]',17,1),(5421,'2024-05-16 09:02:43.265965','40','4.4/Einschleusen bekannter Malware in interne Informationssysteme der Organisation/Mailsystem/Auendienst/Tactic Justification',2,'[{\"changed\": {\"fields\": [\"Zugeordnete Bedrohungssituation\", \"Zugeordnete Kompetenzdimension\"]}}]',17,1),(5422,'2024-05-16 09:03:03.535581','39','4.4/Einschleusen bekannter Malware in interne Informationssysteme der Organisation/Mailsystem/Auendienst/Tactic Choice',2,'[{\"changed\": {\"fields\": [\"Zugeordnete Bedrohungssituation\", \"Zugeordnete Kompetenzdimension\"]}}]',17,1),(5423,'2024-05-16 09:03:14.422176','38','4.4/Einschleusen bekannter Malware in interne Informationssysteme der Organisation/Mailsystem/Auendienst/Threat Impact Assessment',2,'[{\"changed\": {\"fields\": [\"Zugeordnete Bedrohungssituation\"]}}]',17,1),(5424,'2024-05-16 09:03:20.934569','37','4.4/Einschleusen bekannter Malware in interne Informationssysteme der Organisation/Mailsystem/Auendienst/Threat Identification',2,'[{\"changed\": {\"fields\": [\"Zugeordnete Bedrohungssituation\"]}}]',17,1),(5425,'2024-05-16 09:03:33.619719','36','4.4/Einschleusen bekannter Malware in interne Informationssysteme der Organisation/Mailsystem/Auendienst/Threat Awareness',2,'[{\"changed\": {\"fields\": [\"Zugeordnete Bedrohungssituation\"]}}]',17,1),(5426,'2024-05-16 09:04:07.829299','351','4.12/Kompromittierung von Informationssystemen oder Gerten, die extern verwendet und wieder in das Unternehmen eingeschleust werden/Telefon/Auendienst/Tactic Check & Follow-Up',2,'[{\"changed\": {\"fields\": [\"Zugeordnete Bedrohungssituation\", \"Zugeordnete Kompetenzdimension\"]}}]',17,1),(5427,'2024-05-16 09:04:15.307552','350','4.12/Kompromittierung von Informationssystemen oder Gerten, die extern verwendet und wieder in das Unternehmen eingeschleust werden/Telefon/Auendienst/Tactic Mastery',2,'[{\"changed\": {\"fields\": [\"Zugeordnete Bedrohungssituation\"]}}]',17,1),(5428,'2024-05-16 09:04:21.766572','349','4.12/Kompromittierung von Informationssystemen oder Gerten, die extern verwendet und wieder in das Unternehmen eingeschleust werden/Telefon/Auendienst/Tactic Justification',2,'[{\"changed\": {\"fields\": [\"Zugeordnete Bedrohungssituation\"]}}]',17,1),(5429,'2024-05-16 09:04:27.696970','348','4.12/Kompromittierung von Informationssystemen oder Gerten, die extern verwendet und wieder in das Unternehmen eingeschleust werden/Telefon/Auendienst/Tactic Choice',2,'[{\"changed\": {\"fields\": [\"Zugeordnete Bedrohungssituation\"]}}]',17,1),(5430,'2024-05-16 09:04:33.633075','347','4.12/Kompromittierung von Informationssystemen oder Gerten, die extern verwendet und wieder in das Unternehmen eingeschleust werden/Telefon/Auendienst/Threat Impact Assessment',2,'[{\"changed\": {\"fields\": [\"Zugeordnete Bedrohungssituation\"]}}]',17,1),(5431,'2024-05-16 09:04:40.944645','346','4.12/Kompromittierung von Informationssystemen oder Gerten, die extern verwendet und wieder in das Unternehmen eingeschleust werden/Telefon/Auendienst/Threat Identification',2,'[{\"changed\": {\"fields\": [\"Zugeordnete Bedrohungssituation\"]}}]',17,1),(5432,'2024-05-16 09:04:47.253554','345','4.12/Kompromittierung von Informationssystemen oder Gerten, die extern verwendet und wieder in das Unternehmen eingeschleust werden/Telefon/Auendienst/Threat Awareness',2,'[{\"changed\": {\"fields\": [\"Zugeordnete Bedrohungssituation\"]}}]',17,1),(5433,'2024-05-16 09:05:19.243925','344','4.7/Bereitstellung gezielter Schadsoftware zur Kontrolle interner Systeme und zur Exfiltration von Daten/Instantmessenger/Auendienst/Tactic Check & Follow-Up',2,'[{\"changed\": {\"fields\": [\"Zugeordnete Bedrohungssituation\", \"Zugeordnete Kompetenzdimension\"]}}]',17,1),(5434,'2024-05-16 09:05:28.853247','343','4.7/Bereitstellung gezielter Schadsoftware zur Kontrolle interner Systeme und zur Exfiltration von Daten/Instantmessenger/Auendienst/Tactic Mastery',2,'[{\"changed\": {\"fields\": [\"Zugeordnete Bedrohungssituation\"]}}]',17,1),(5435,'2024-05-16 09:05:38.279628','342','4.7/Bereitstellung gezielter Schadsoftware zur Kontrolle interner Systeme und zur Exfiltration von Daten/Instantmessenger/Auendienst/Tactic Justification',2,'[{\"changed\": {\"fields\": [\"Zugeordnete Bedrohungssituation\"]}}]',17,1),(5436,'2024-05-16 09:05:45.111899','341','4.7/Bereitstellung gezielter Schadsoftware zur Kontrolle interner Systeme und zur Exfiltration von Daten/Instantmessenger/Auendienst/Tactic Choice',2,'[{\"changed\": {\"fields\": [\"Zugeordnete Bedrohungssituation\"]}}]',17,1),(5437,'2024-05-16 09:05:51.228153','340','4.7/Bereitstellung gezielter Schadsoftware zur Kontrolle interner Systeme und zur Exfiltration von Daten/Instantmessenger/Auendienst/Threat Impact Assessment',2,'[{\"changed\": {\"fields\": [\"Zugeordnete Bedrohungssituation\"]}}]',17,1),(5438,'2024-05-16 09:05:58.239870','339','4.7/Bereitstellung gezielter Schadsoftware zur Kontrolle interner Systeme und zur Exfiltration von Daten/Instantmessenger/Auendienst/Threat Identification',2,'[{\"changed\": {\"fields\": [\"Zugeordnete Bedrohungssituation\"]}}]',17,1),(5439,'2024-05-16 09:06:06.285041','338','4.7/Bereitstellung gezielter Schadsoftware zur Kontrolle interner Systeme und zur Exfiltration von Daten/Instantmessenger/Auendienst/Threat Awareness',2,'[{\"changed\": {\"fields\": [\"Zugeordnete Bedrohungssituation\"]}}]',17,1),(5440,'2024-05-16 09:06:22.644632','337','4.6/Einschleusen modifizierter Malware in interne Informationssysteme der Organisation/Instantmessenger/Auendienst/Tactic Check & Follow-Up',2,'[{\"changed\": {\"fields\": [\"Zugeordnete Bedrohungssituation\", \"Zugeordnete Kompetenzdimension\"]}}]',17,1),(5441,'2024-05-16 09:06:29.785858','336','4.6/Einschleusen modifizierter Malware in interne Informationssysteme der Organisation/Instantmessenger/Auendienst/Tactic Mastery',2,'[{\"changed\": {\"fields\": [\"Zugeordnete Bedrohungssituation\"]}}]',17,1),(5442,'2024-05-16 09:06:35.978262','335','4.6/Einschleusen modifizierter Malware in interne Informationssysteme der Organisation/Instantmessenger/Auendienst/Tactic Justification',2,'[{\"changed\": {\"fields\": [\"Zugeordnete Bedrohungssituation\"]}}]',17,1),(5443,'2024-05-16 09:06:47.101657','334','4.6/Einschleusen modifizierter Malware in interne Informationssysteme der Organisation/Instantmessenger/Auendienst/Tactic Choice',2,'[{\"changed\": {\"fields\": [\"Zugeordnete Bedrohungssituation\"]}}]',17,1),(5444,'2024-05-16 09:06:54.290653','333','4.6/Einschleusen modifizierter Malware in interne Informationssysteme der Organisation/Instantmessenger/Auendienst/Threat Impact Assessment',2,'[{\"changed\": {\"fields\": [\"Zugeordnete Bedrohungssituation\"]}}]',17,1),(5445,'2024-05-16 09:07:01.823093','332','4.6/Einschleusen modifizierter Malware in interne Informationssysteme der Organisation/Instantmessenger/Auendienst/Threat Identification',2,'[{\"changed\": {\"fields\": [\"Zugeordnete Bedrohungssituation\"]}}]',17,1),(5446,'2024-05-16 09:07:09.283020','331','4.6/Einschleusen modifizierter Malware in interne Informationssysteme der Organisation/Instantmessenger/Auendienst/Threat Awareness',2,'[{\"changed\": {\"fields\": [\"Zugeordnete Bedrohungssituation\"]}}]',17,1),(5447,'2024-05-16 09:07:51.933593','330','4.6/Einschleusen modifizierter Malware in interne Informationssysteme der Organisation/Instantmessenger/Auendienst/Tactic Check & Follow-Up',2,'[{\"changed\": {\"fields\": [\"Zugeordnete Bedrohungssituation\", \"Zugeordnete Kompetenzdimension\"]}}]',17,1),(5448,'2024-05-16 09:14:47.287590','329','4.6/Einschleusen modifizierter Malware in interne Informationssysteme der Organisation/Instantmessenger/Auendienst/Tactic Mastery',2,'[{\"changed\": {\"fields\": [\"Zugeordnete Bedrohungssituation\"]}}]',17,1),(5449,'2024-05-16 09:16:07.011990','328','4.6/Einschleusen modifizierter Malware in interne Informationssysteme der Organisation/Instantmessenger/Auendienst/Tactic Justification',2,'[{\"changed\": {\"fields\": [\"Zugeordnete Bedrohungssituation\"]}}]',17,1),(5450,'2024-05-16 09:16:19.600590','327','4.6/Einschleusen modifizierter Malware in interne Informationssysteme der Organisation/Instantmessenger/Auendienst/Tactic Choice',2,'[{\"changed\": {\"fields\": [\"Zugeordnete Bedrohungssituation\"]}}]',17,1),(5451,'2024-05-16 09:16:27.269554','326','4.6/Einschleusen modifizierter Malware in interne Informationssysteme der Organisation/Instantmessenger/Auendienst/Threat Impact Assessment',2,'[{\"changed\": {\"fields\": [\"Zugeordnete Bedrohungssituation\"]}}]',17,1),(5452,'2024-05-16 09:16:35.339630','325','4.6/Einschleusen modifizierter Malware in interne Informationssysteme der Organisation/Instantmessenger/Auendienst/Threat Identification',2,'[{\"changed\": {\"fields\": [\"Zugeordnete Bedrohungssituation\"]}}]',17,1),(5453,'2024-05-16 09:16:44.104762','324','4.6/Einschleusen modifizierter Malware in interne Informationssysteme der Organisation/Instantmessenger/Auendienst/Threat Awareness',2,'[{\"changed\": {\"fields\": [\"Zugeordnete Bedrohungssituation\"]}}]',17,1),(5454,'2024-05-16 10:42:01.581593','323','4.2/(Weit verbreiteter) Festplattenfehler/USB-Stick/Auendienst/Tactic Check & Follow-Up',2,'[{\"changed\": {\"fields\": [\"Zugeordnete Bedrohungssituation\", \"Zugeordnete Kompetenzdimension\"]}}]',17,1),(5455,'2024-05-16 10:42:13.960531','322','4.2/(Weit verbreiteter) Festplattenfehler/USB-Stick/Auendienst/Tactic Mastery',2,'[{\"changed\": {\"fields\": [\"Zugeordnete Bedrohungssituation\"]}}]',17,1),(5456,'2024-05-16 10:43:06.094202','321','4.2/(Weit verbreiteter) Festplattenfehler/USB-Stick/Auendienst/Tactic Justification',2,'[{\"changed\": {\"fields\": [\"Zugeordnete Bedrohungssituation\"]}}]',17,1),(5457,'2024-05-16 10:43:15.822027','320','4.2/(Weit verbreiteter) Festplattenfehler/USB-Stick/Auendienst/Tactic Choice',2,'[{\"changed\": {\"fields\": [\"Zugeordnete Bedrohungssituation\"]}}]',17,1),(5458,'2024-05-16 10:43:23.482994','319','4.2/(Weit verbreiteter) Festplattenfehler/USB-Stick/Auendienst/Threat Impact Assessment',2,'[{\"changed\": {\"fields\": [\"Zugeordnete Bedrohungssituation\"]}}]',17,1),(5459,'2024-05-16 10:43:30.824050','318','4.2/(Weit verbreiteter) Festplattenfehler/USB-Stick/Auendienst/Threat Identification',2,'[{\"changed\": {\"fields\": [\"Zugeordnete Bedrohungssituation\"]}}]',17,1),(5460,'2024-05-16 10:43:38.284213','317','4.2/(Weit verbreiteter) Festplattenfehler/USB-Stick/Auendienst/Threat Awareness',2,'[{\"changed\": {\"fields\": [\"Zugeordnete Bedrohungssituation\"]}}]',17,1),(5461,'2024-05-16 10:44:27.503168','316','4.14/(Speer)-Phishing/Instantmessenger/Auendienst/Tactic Check & Follow-Up',2,'[{\"changed\": {\"fields\": [\"Zugeordnete Bedrohungssituation\", \"Zugeordnete Kompetenzdimension\"]}}]',17,1),(5462,'2024-05-16 10:44:35.527925','315','4.14/(Speer)-Phishing/Instantmessenger/Auendienst/Tactic Mastery',2,'[{\"changed\": {\"fields\": [\"Zugeordnete Bedrohungssituation\"]}}]',17,1),(5463,'2024-05-16 10:44:43.288196','314','4.14/(Speer)-Phishing/Instantmessenger/Auendienst/Tactic Justification',2,'[{\"changed\": {\"fields\": [\"Zugeordnete Bedrohungssituation\"]}}]',17,1),(5464,'2024-05-16 10:44:51.825598','313','4.14/(Speer)-Phishing/Instantmessenger/Auendienst/Tactic Choice',2,'[{\"changed\": {\"fields\": [\"Zugeordnete Bedrohungssituation\"]}}]',17,1),(5465,'2024-05-16 10:45:01.611470','312','4.14/(Speer)-Phishing/Instantmessenger/Auendienst/Threat Impact Assessment',2,'[{\"changed\": {\"fields\": [\"Zugeordnete Bedrohungssituation\"]}}]',17,1),(5466,'2024-05-16 10:45:10.059497','311','4.14/(Speer)-Phishing/Instantmessenger/Auendienst/Threat Identification',2,'[{\"changed\": {\"fields\": [\"Zugeordnete Bedrohungssituation\"]}}]',17,1),(5467,'2024-05-16 10:45:18.695768','310','4.14/(Speer)-Phishing/Instantmessenger/Auendienst/Threat Awareness',2,'[{\"changed\": {\"fields\": [\"Zugeordnete Bedrohungssituation\"]}}]',17,1),(5468,'2024-05-16 10:45:38.488324','309','4.13/(Speer)-Phishing/Social Media Systeme/Auendienst/Tactic Check & Follow-Up',2,'[{\"changed\": {\"fields\": [\"Zugeordnete Bedrohungssituation\", \"Zugeordnete Kompetenzdimension\"]}}]',17,1),(5469,'2024-05-16 10:45:50.688210','308','4.13/(Speer)-Phishing/Social Media Systeme/Auendienst/Tactic Mastery',2,'[{\"changed\": {\"fields\": [\"Zugeordnete Bedrohungssituation\"]}}]',17,1),(5470,'2024-05-16 10:45:58.112259','307','4.13/(Speer)-Phishing/Social Media Systeme/Auendienst/Tactic Justification',2,'[{\"changed\": {\"fields\": [\"Zugeordnete Bedrohungssituation\"]}}]',17,1),(5471,'2024-05-16 10:46:07.219786','306','4.13/(Speer)-Phishing/Social Media Systeme/Auendienst/Tactic Choice',2,'[{\"changed\": {\"fields\": [\"Zugeordnete Bedrohungssituation\"]}}]',17,1),(5472,'2024-05-16 10:46:14.291966','305','4.13/(Speer)-Phishing/Social Media Systeme/Auendienst/Threat Impact Assessment',2,'[{\"changed\": {\"fields\": [\"Zugeordnete Bedrohungssituation\"]}}]',17,1),(5473,'2024-05-16 10:46:22.885932','304','4.13/(Speer)-Phishing/Social Media Systeme/Auendienst/Threat Identification',2,'[{\"changed\": {\"fields\": [\"Zugeordnete Bedrohungssituation\"]}}]',17,1),(5474,'2024-05-16 10:46:32.194460','303','4.13/(Speer)-Phishing/Social Media Systeme/Auendienst/Threat Awareness',2,'[{\"changed\": {\"fields\": [\"Zugeordnete Bedrohungssituation\"]}}]',17,1),(5475,'2024-05-16 10:46:51.357959','302','4.11/Kompromittierung von Informationssystemen/Laptop/Auendienst/Tactic Check & Follow-Up',2,'[{\"changed\": {\"fields\": [\"Zugeordnete Bedrohungssituation\", \"Zugeordnete Kompetenzdimension\"]}}]',17,1),(5476,'2024-05-16 10:47:05.327914','301','4.11/Kompromittierung von Informationssystemen/Laptop/Auendienst/Tactic Mastery',2,'[{\"changed\": {\"fields\": [\"Zugeordnete Bedrohungssituation\"]}}]',17,1),(5477,'2024-05-16 10:47:14.446173','300','4.11/Kompromittierung von Informationssystemen/Laptop/Auendienst/Tactic Justification',2,'[{\"changed\": {\"fields\": [\"Zugeordnete Bedrohungssituation\"]}}]',17,1),(5478,'2024-05-16 10:47:24.226609','299','4.11/Kompromittierung von Informationssystemen/Laptop/Auendienst/Tactic Choice',2,'[{\"changed\": {\"fields\": [\"Zugeordnete Bedrohungssituation\"]}}]',17,1),(5479,'2024-05-16 10:47:33.575667','298','4.11/Kompromittierung von Informationssystemen/Laptop/Auendienst/Threat Impact Assessment',2,'[{\"changed\": {\"fields\": [\"Zugeordnete Bedrohungssituation\"]}}]',17,1),(5480,'2024-05-16 10:47:41.486489','297','4.11/Kompromittierung von Informationssystemen/Laptop/Auendienst/Threat Identification',2,'[{\"changed\": {\"fields\": [\"Zugeordnete Bedrohungssituation\"]}}]',17,1),(5481,'2024-05-16 10:47:49.881206','296','4.11/Kompromittierung von Informationssystemen/Laptop/Auendienst/Threat Awareness',2,'[{\"changed\": {\"fields\": [\"Zugeordnete Bedrohungssituation\"]}}]',17,1),(5482,'2024-05-16 10:48:14.109829','295','4.8/Verbreitung von Malware durch Bereitstellung von Wechselmedien/USB-Stick/Auendienst/Tactic Check & Follow-Up',2,'[{\"changed\": {\"fields\": [\"Zugeordnete Bedrohungssituation\", \"Zugeordnete Kompetenzdimension\"]}}]',17,1),(5483,'2024-05-16 10:48:23.449271','294','4.8/Verbreitung von Malware durch Bereitstellung von Wechselmedien/USB-Stick/Auendienst/Tactic Mastery',2,'[{\"changed\": {\"fields\": [\"Zugeordnete Bedrohungssituation\"]}}]',17,1),(5484,'2024-05-16 10:48:33.424254','293','4.8/Verbreitung von Malware durch Bereitstellung von Wechselmedien/USB-Stick/Auendienst/Tactic Justification',2,'[{\"changed\": {\"fields\": [\"Zugeordnete Bedrohungssituation\"]}}]',17,1),(5485,'2024-05-16 10:48:41.879376','292','4.8/Verbreitung von Malware durch Bereitstellung von Wechselmedien/USB-Stick/Auendienst/Tactic Choice',2,'[{\"changed\": {\"fields\": [\"Zugeordnete Bedrohungssituation\"]}}]',17,1),(5486,'2024-05-16 10:48:52.759934','291','4.8/Verbreitung von Malware durch Bereitstellung von Wechselmedien/USB-Stick/Auendienst/Threat Impact Assessment',2,'[{\"changed\": {\"fields\": [\"Zugeordnete Bedrohungssituation\"]}}]',17,1),(5487,'2024-05-16 10:49:03.098823','290','4.8/Verbreitung von Malware durch Bereitstellung von Wechselmedien/USB-Stick/Auendienst/Threat Identification',2,'[{\"changed\": {\"fields\": [\"Zugeordnete Bedrohungssituation\"]}}]',17,1),(5488,'2024-05-16 10:49:23.471074','289','4.8/Verbreitung von Malware durch Bereitstellung von Wechselmedien/USB-Stick/Auendienst/Threat Awareness',2,'[{\"changed\": {\"fields\": [\"Zugeordnete Bedrohungssituation\"]}}]',17,1),(5489,'2024-05-16 10:49:41.511981','287','4.4/Einschleusen bekannter Malware in interne Informationssysteme der Organisation/Mailsystem/Auendienst/Tactic Mastery',2,'[{\"changed\": {\"fields\": [\"Zugeordnete Bedrohungssituation\"]}}]',17,1),(5490,'2024-05-16 10:49:53.363991','288','4.4/Einschleusen bekannter Malware in interne Informationssysteme der Organisation/Mailsystem/Auendienst/Tactic Check & Follow-Up',2,'[{\"changed\": {\"fields\": [\"Zugeordnete Bedrohungssituation\", \"Zugeordnete Kompetenzdimension\"]}}]',17,1),(5491,'2024-05-16 10:50:05.437985','286','4.4/Einschleusen bekannter Malware in interne Informationssysteme der Organisation/Mailsystem/Auendienst/Tactic Justification',2,'[{\"changed\": {\"fields\": [\"Zugeordnete Bedrohungssituation\"]}}]',17,1),(5492,'2024-05-16 10:50:14.076238','285','4.4/Einschleusen bekannter Malware in interne Informationssysteme der Organisation/Mailsystem/Auendienst/Tactic Choice',2,'[{\"changed\": {\"fields\": [\"Zugeordnete Bedrohungssituation\"]}}]',17,1),(5493,'2024-05-16 10:50:22.256923','284','4.4/Einschleusen bekannter Malware in interne Informationssysteme der Organisation/Mailsystem/Auendienst/Threat Impact Assessment',2,'[{\"changed\": {\"fields\": [\"Zugeordnete Bedrohungssituation\"]}}]',17,1),(5494,'2024-05-16 10:50:29.717142','283','4.4/Einschleusen bekannter Malware in interne Informationssysteme der Organisation/Mailsystem/Auendienst/Threat Identification',2,'[{\"changed\": {\"fields\": [\"Zugeordnete Bedrohungssituation\"]}}]',17,1),(5495,'2024-05-16 10:50:36.383010','282','4.4/Einschleusen bekannter Malware in interne Informationssysteme der Organisation/Mailsystem/Auendienst/Threat Awareness',2,'[{\"changed\": {\"fields\": [\"Zugeordnete Bedrohungssituation\"]}}]',17,1),(5496,'2024-05-16 10:54:27.083901','281','1.6/Einschleusen modifizierter Malware in interne Informationssysteme der Organisation/Internet Browser/IT-Admin/Tactic Check & Follow-Up',2,'[{\"changed\": {\"fields\": [\"Zugeordnete Bedrohungssituation\", \"Zugeordnete Kompetenzdimension\"]}}]',17,1),(5497,'2024-05-16 10:54:33.837745','280','1.6/Einschleusen modifizierter Malware in interne Informationssysteme der Organisation/Internet Browser/IT-Admin/Tactic Mastery',2,'[{\"changed\": {\"fields\": [\"Zugeordnete Bedrohungssituation\"]}}]',17,1),(5498,'2024-05-16 10:54:39.618079','279','1.6/Einschleusen modifizierter Malware in interne Informationssysteme der Organisation/Internet Browser/IT-Admin/Tactic Justification',2,'[{\"changed\": {\"fields\": [\"Zugeordnete Bedrohungssituation\"]}}]',17,1),(5499,'2024-05-16 10:54:46.913394','278','1.6/Einschleusen modifizierter Malware in interne Informationssysteme der Organisation/Internet Browser/IT-Admin/Tactic Choice',2,'[{\"changed\": {\"fields\": [\"Zugeordnete Bedrohungssituation\"]}}]',17,1),(5500,'2024-05-16 10:54:52.981108','277','1.6/Einschleusen modifizierter Malware in interne Informationssysteme der Organisation/Internet Browser/IT-Admin/Threat Impact Assessment',2,'[{\"changed\": {\"fields\": [\"Zugeordnete Bedrohungssituation\"]}}]',17,1),(5501,'2024-05-16 10:55:00.260637','276','1.6/Einschleusen modifizierter Malware in interne Informationssysteme der Organisation/Internet Browser/IT-Admin/Threat Identification',2,'[{\"changed\": {\"fields\": [\"Zugeordnete Bedrohungssituation\"]}}]',17,1),(5502,'2024-05-16 10:55:07.332169','275','1.6/Einschleusen modifizierter Malware in interne Informationssysteme der Organisation/Internet Browser/IT-Admin/Threat Awareness',2,'[{\"changed\": {\"fields\": [\"Zugeordnete Bedrohungssituation\"]}}]',17,1),(5503,'2024-05-16 10:55:28.638566','274','1.5/Durchfhrung von Brute-Force-Anmeldeversuchen/Passworterratungsangriffen/Laptop/IT-Admin/Tactic Check & Follow-Up',2,'[{\"changed\": {\"fields\": [\"Zugeordnete Bedrohungssituation\", \"Zugeordnete Kompetenzdimension\"]}}]',17,1),(5504,'2024-05-16 10:55:36.395093','273','1.5/Durchfhrung von Brute-Force-Anmeldeversuchen/Passworterratungsangriffen/Laptop/IT-Admin/Tactic Mastery',2,'[{\"changed\": {\"fields\": [\"Zugeordnete Bedrohungssituation\"]}}]',17,1),(5505,'2024-05-16 10:55:44.363329','272','1.5/Durchfhrung von Brute-Force-Anmeldeversuchen/Passworterratungsangriffen/Laptop/IT-Admin/Tactic Justification',2,'[{\"changed\": {\"fields\": [\"Zugeordnete Bedrohungssituation\"]}}]',17,1),(5506,'2024-05-16 10:55:51.990411','271','1.5/Durchfhrung von Brute-Force-Anmeldeversuchen/Passworterratungsangriffen/Laptop/IT-Admin/Tactic Choice',2,'[{\"changed\": {\"fields\": [\"Zugeordnete Bedrohungssituation\"]}}]',17,1),(5507,'2024-05-16 10:56:00.806765','270','1.5/Durchfhrung von Brute-Force-Anmeldeversuchen/Passworterratungsangriffen/Laptop/IT-Admin/Threat Impact Assessment',2,'[{\"changed\": {\"fields\": [\"Zugeordnete Bedrohungssituation\"]}}]',17,1),(5508,'2024-05-16 10:56:08.142523','269','1.5/Durchfhrung von Brute-Force-Anmeldeversuchen/Passworterratungsangriffen/Laptop/IT-Admin/Threat Identification',2,'[{\"changed\": {\"fields\": [\"Zugeordnete Bedrohungssituation\"]}}]',17,1),(5509,'2024-05-16 10:56:15.274736','268','1.5/Durchfhrung von Brute-Force-Anmeldeversuchen/Passworterratungsangriffen/Laptop/IT-Admin/Threat Awareness',2,'[{\"changed\": {\"fields\": [\"Zugeordnete Bedrohungssituation\"]}}]',17,1),(5510,'2024-05-16 10:56:43.703090','267','1.2/Durchfhrung einfacher/verteilter/gezielter Denial-of-Service-Angriffe (DoS)/Server/IT-Admin/Tactic Check & Follow-Up',2,'[{\"changed\": {\"fields\": [\"Zugeordnete Bedrohungssituation\", \"Zugeordnete Kompetenzdimension\"]}}]',17,1),(5511,'2024-05-16 10:56:52.183591','266','1.2/Durchfhrung einfacher/verteilter/gezielter Denial-of-Service-Angriffe (DoS)/Server/IT-Admin/Tactic Mastery',2,'[{\"changed\": {\"fields\": [\"Zugeordnete Bedrohungssituation\"]}}]',17,1),(5512,'2024-05-16 10:56:59.586344','265','1.2/Durchfhrung einfacher/verteilter/gezielter Denial-of-Service-Angriffe (DoS)/Server/IT-Admin/Tactic Justification',2,'[{\"changed\": {\"fields\": [\"Zugeordnete Bedrohungssituation\"]}}]',17,1),(5513,'2024-05-16 10:57:06.174125','264','1.2/Durchfhrung einfacher/verteilter/gezielter Denial-of-Service-Angriffe (DoS)/Server/IT-Admin/Tactic Choice',2,'[{\"changed\": {\"fields\": [\"Zugeordnete Bedrohungssituation\"]}}]',17,1),(5514,'2024-05-16 10:57:13.814856','263','1.2/Durchfhrung einfacher/verteilter/gezielter Denial-of-Service-Angriffe (DoS)/Server/IT-Admin/Threat Impact Assessment',2,'[{\"changed\": {\"fields\": [\"Zugeordnete Bedrohungssituation\"]}}]',17,1),(5515,'2024-05-16 10:57:22.983344','262','1.2/Durchfhrung einfacher/verteilter/gezielter Denial-of-Service-Angriffe (DoS)/Server/IT-Admin/Threat Identification',2,'[{\"changed\": {\"fields\": [\"Zugeordnete Bedrohungssituation\"]}}]',17,1),(5516,'2024-05-16 10:57:31.098612','261','1.2/Durchfhrung einfacher/verteilter/gezielter Denial-of-Service-Angriffe (DoS)/Server/IT-Admin/Threat Awareness',2,'[{\"changed\": {\"fields\": [\"Zugeordnete Bedrohungssituation\"]}}]',17,1),(5517,'2024-05-16 10:57:47.354157','260','1.1/Umfassende Laufwerksfehler/Server/IT-Admin/Tactic Check & Follow-Up',2,'[{\"changed\": {\"fields\": [\"Zugeordnete Bedrohungssituation\", \"Zugeordnete Kompetenzdimension\"]}}]',17,1),(5518,'2024-05-16 10:58:00.085598','259','1.1/Umfassende Laufwerksfehler/Server/IT-Admin/Tactic Mastery',2,'[{\"changed\": {\"fields\": [\"Zugeordnete Bedrohungssituation\"]}}]',17,1),(5519,'2024-05-16 10:58:08.069734','258','1.1/Umfassende Laufwerksfehler/Server/IT-Admin/Tactic Justification',2,'[{\"changed\": {\"fields\": [\"Zugeordnete Bedrohungssituation\"]}}]',17,1),(5520,'2024-05-16 10:58:15.882862','257','1.1/Umfassende Laufwerksfehler/Server/IT-Admin/Tactic Choice',2,'[{\"changed\": {\"fields\": [\"Zugeordnete Bedrohungssituation\"]}}]',17,1),(5521,'2024-05-16 10:58:23.313354','256','1.1/Umfassende Laufwerksfehler/Server/IT-Admin/Threat Impact Assessment',2,'[{\"changed\": {\"fields\": [\"Zugeordnete Bedrohungssituation\"]}}]',17,1),(5522,'2024-05-16 10:58:30.339102','255','1.1/Umfassende Laufwerksfehler/Server/IT-Admin/Threat Identification',2,'[{\"changed\": {\"fields\": [\"Zugeordnete Bedrohungssituation\"]}}]',17,1),(5523,'2024-05-16 10:58:36.749001','254','1.1/Umfassende Laufwerksfehler/Server/IT-Admin/Threat Awareness',2,'[{\"changed\": {\"fields\": [\"Zugeordnete Bedrohungssituation\"]}}]',17,1),(5524,'2024-05-16 10:59:36.902983','253','1.12/Durchfhrung von nicht zielgerichteten Zero-Day-Angriffen/Netzwerk/IT-Admin/Tactic Check & Follow-Up',2,'[{\"changed\": {\"fields\": [\"Zugeordnete Bedrohungssituation\", \"Zugeordnete Kompetenzdimension\"]}}]',17,1),(5525,'2024-05-16 10:59:45.022889','252','1.12/Durchfhrung von nicht zielgerichteten Zero-Day-Angriffen/Netzwerk/IT-Admin/Tactic Mastery',2,'[{\"changed\": {\"fields\": [\"Zugeordnete Bedrohungssituation\"]}}]',17,1),(5526,'2024-05-16 10:59:53.373925','251','1.12/Durchfhrung von nicht zielgerichteten Zero-Day-Angriffen/Netzwerk/IT-Admin/Tactic Justification',2,'[{\"changed\": {\"fields\": [\"Zugeordnete Bedrohungssituation\"]}}]',17,1),(5527,'2024-05-16 11:00:01.771694','250','1.12/Durchfhrung von nicht zielgerichteten Zero-Day-Angriffen/Netzwerk/IT-Admin/Tactic Choice',2,'[{\"changed\": {\"fields\": [\"Zugeordnete Bedrohungssituation\"]}}]',17,1),(5528,'2024-05-16 11:00:09.802049','249','1.12/Durchfhrung von nicht zielgerichteten Zero-Day-Angriffen/Netzwerk/IT-Admin/Threat Impact Assessment',2,'[{\"changed\": {\"fields\": [\"Zugeordnete Bedrohungssituation\"]}}]',17,1),(5529,'2024-05-16 11:00:17.884683','248','1.12/Durchfhrung von nicht zielgerichteten Zero-Day-Angriffen/Netzwerk/IT-Admin/Threat Identification',2,'[{\"changed\": {\"fields\": [\"Zugeordnete Bedrohungssituation\"]}}]',17,1),(5530,'2024-05-16 11:00:26.369176','247','1.12/Durchfhrung von nicht zielgerichteten Zero-Day-Angriffen/Netzwerk/IT-Admin/Threat Awareness',2,'[{\"changed\": {\"fields\": [\"Zugeordnete Bedrohungssituation\"]}}]',17,1),(5531,'2024-05-16 11:00:51.401919','246','1.8/Bereitstellung gezielter Schadsoftware zur Kontrolle interner Systeme und zur Exfiltration von Daten/Mailsystem/IT-Admin/Tactic Check & Follow-Up',2,'[{\"changed\": {\"fields\": [\"Zugeordnete Bedrohungssituation\", \"Zugeordnete Kompetenzdimension\"]}}]',17,1),(5532,'2024-05-16 11:01:00.217529','245','1.8/Bereitstellung gezielter Schadsoftware zur Kontrolle interner Systeme und zur Exfiltration von Daten/Mailsystem/IT-Admin/Tactic Mastery',2,'[{\"changed\": {\"fields\": [\"Zugeordnete Bedrohungssituation\"]}}]',17,1),(5533,'2024-05-16 11:01:09.630757','244','1.8/Bereitstellung gezielter Schadsoftware zur Kontrolle interner Systeme und zur Exfiltration von Daten/Mailsystem/IT-Admin/Tactic Justification',2,'[{\"changed\": {\"fields\": [\"Zugeordnete Bedrohungssituation\"]}}]',17,1),(5534,'2024-05-16 11:01:19.175826','243','1.8/Bereitstellung gezielter Schadsoftware zur Kontrolle interner Systeme und zur Exfiltration von Daten/Mailsystem/IT-Admin/Tactic Choice',2,'[{\"changed\": {\"fields\": [\"Zugeordnete Bedrohungssituation\"]}}]',17,1),(5535,'2024-05-16 11:01:27.737651','242','1.8/Bereitstellung gezielter Schadsoftware zur Kontrolle interner Systeme und zur Exfiltration von Daten/Mailsystem/IT-Admin/Threat Impact Assessment',2,'[{\"changed\": {\"fields\": [\"Zugeordnete Bedrohungssituation\"]}}]',17,1),(5536,'2024-05-16 11:01:39.485932','241','1.8/Bereitstellung gezielter Schadsoftware zur Kontrolle interner Systeme und zur Exfiltration von Daten/Mailsystem/IT-Admin/Threat Identification',2,'[{\"changed\": {\"fields\": [\"Zugeordnete Bedrohungssituation\"]}}]',17,1),(5537,'2024-05-16 11:01:49.467682','240','1.8/Bereitstellung gezielter Schadsoftware zur Kontrolle interner Systeme und zur Exfiltration von Daten/Mailsystem/IT-Admin/Threat Awareness',2,'[{\"changed\": {\"fields\": [\"Zugeordnete Bedrohungssituation\"]}}]',17,1),(5538,'2024-05-16 11:02:28.367452','239','1.7/Einschleusen modifizierter Malware in interne Informationssysteme der Organisation/Mailsystem/IT-Admin/Tactic Check & Follow-Up',2,'[{\"changed\": {\"fields\": [\"Zugeordnete Bedrohungssituation\", \"Zugeordnete Kompetenzdimension\"]}}]',17,1),(5539,'2024-05-16 11:04:04.509271','238','1.7/Einschleusen modifizierter Malware in interne Informationssysteme der Organisation/Mailsystem/IT-Admin/Tactic Mastery',2,'[{\"changed\": {\"fields\": [\"Zugeordnete Bedrohungssituation\"]}}]',17,1),(5540,'2024-05-16 11:04:12.568865','237','1.7/Einschleusen modifizierter Malware in interne Informationssysteme der Organisation/Mailsystem/IT-Admin/Tactic Justification',2,'[{\"changed\": {\"fields\": [\"Zugeordnete Bedrohungssituation\"]}}]',17,1),(5541,'2024-05-16 11:04:23.700261','236','1.7/Einschleusen modifizierter Malware in interne Informationssysteme der Organisation/Mailsystem/IT-Admin/Tactic Choice',2,'[{\"changed\": {\"fields\": [\"Zugeordnete Bedrohungssituation\"]}}]',17,1),(5542,'2024-05-16 11:04:33.787290','235','1.7/Einschleusen modifizierter Malware in interne Informationssysteme der Organisation/Mailsystem/IT-Admin/Threat Impact Assessment',2,'[{\"changed\": {\"fields\": [\"Zugeordnete Bedrohungssituation\"]}}]',17,1),(5543,'2024-05-16 11:04:42.524731','233','1.7/Einschleusen modifizierter Malware in interne Informationssysteme der Organisation/Mailsystem/IT-Admin/Threat Awareness',2,'[{\"changed\": {\"fields\": [\"Zugeordnete Bedrohungssituation\"]}}]',17,1),(5544,'2024-05-16 11:05:02.711147','232','1.4/Durchfhrung von nicht zielgerichteten Zero-Day-Angriffen/Server/IT-Admin/Threat Awareness',2,'[{\"changed\": {\"fields\": [\"Zugeordnete Bedrohungssituation\"]}}]',17,1),(5545,'2024-05-16 11:05:13.628290','231','1.4/Durchfhrung von nicht zielgerichteten Zero-Day-Angriffen/Server/IT-Admin/Tactic Check & Follow-Up',2,'[{\"changed\": {\"fields\": [\"Zugeordnete Bedrohungssituation\", \"Zugeordnete Kompetenzdimension\"]}}]',17,1),(5546,'2024-05-16 11:05:24.342422','230','1.4/Durchfhrung von nicht zielgerichteten Zero-Day-Angriffen/Server/IT-Admin/Tactic Mastery',2,'[{\"changed\": {\"fields\": [\"Zugeordnete Bedrohungssituation\"]}}]',17,1),(5547,'2024-05-16 11:05:33.599609','229','1.4/Durchfhrung von nicht zielgerichteten Zero-Day-Angriffen/Server/IT-Admin/Tactic Justification',2,'[{\"changed\": {\"fields\": [\"Zugeordnete Bedrohungssituation\"]}}]',17,1),(5548,'2024-05-16 11:05:42.352996','228','1.4/Durchfhrung von nicht zielgerichteten Zero-Day-Angriffen/Server/IT-Admin/Tactic Choice',2,'[{\"changed\": {\"fields\": [\"Zugeordnete Bedrohungssituation\"]}}]',17,1),(5549,'2024-05-16 11:05:52.671574','227','1.4/Durchfhrung von nicht zielgerichteten Zero-Day-Angriffen/Server/IT-Admin/Threat Impact Assessment',2,'[{\"changed\": {\"fields\": [\"Zugeordnete Bedrohungssituation\"]}}]',17,1),(5550,'2024-05-16 11:06:01.752550','226','1.4/Durchfhrung von nicht zielgerichteten Zero-Day-Angriffen/Server/IT-Admin/Threat Identification',2,'[{\"changed\": {\"fields\": [\"Zugeordnete Bedrohungssituation\"]}}]',17,1),(5551,'2024-05-16 11:06:12.226019','225','1.4/Durchfhrung von nicht zielgerichteten Zero-Day-Angriffen/Server/IT-Admin/Tactic Check & Follow-Up',2,'[{\"changed\": {\"fields\": [\"Zugeordnete Bedrohungssituation\", \"Zugeordnete Kompetenzdimension\"]}}]',17,1),(5552,'2024-05-16 11:06:43.755223','224','1.3/Durchfhrung von Brute-Force-Anmeldeversuchen/Passworterratungsangriffen/Server/IT-Admin/Tactic Mastery',2,'[{\"changed\": {\"fields\": [\"Zugeordnete Bedrohungssituation\"]}}]',17,1),(5553,'2024-05-16 11:06:57.258745','223','1.3/Durchfhrung von Brute-Force-Anmeldeversuchen/Passworterratungsangriffen/Server/IT-Admin/Tactic Justification',2,'[{\"changed\": {\"fields\": [\"Zugeordnete Bedrohungssituation\"]}}]',17,1),(5554,'2024-05-16 11:07:05.011490','222','1.3/Durchfhrung von Brute-Force-Anmeldeversuchen/Passworterratungsangriffen/Server/IT-Admin/Tactic Choice',2,'[{\"changed\": {\"fields\": [\"Zugeordnete Bedrohungssituation\"]}}]',17,1),(5555,'2024-05-16 11:07:13.491824','221','1.3/Durchfhrung von Brute-Force-Anmeldeversuchen/Passworterratungsangriffen/Server/IT-Admin/Threat Impact Assessment',2,'[{\"changed\": {\"fields\": [\"Zugeordnete Bedrohungssituation\"]}}]',17,1),(5556,'2024-05-16 11:07:21.738737','220','1.3/Durchfhrung von Brute-Force-Anmeldeversuchen/Passworterratungsangriffen/Server/IT-Admin/Threat Identification',2,'[{\"changed\": {\"fields\": [\"Zugeordnete Bedrohungssituation\"]}}]',17,1),(5557,'2024-05-16 11:07:29.175067','219','1.3/Durchfhrung von Brute-Force-Anmeldeversuchen/Passworterratungsangriffen/Server/IT-Admin/Threat Awareness',2,'[{\"changed\": {\"fields\": [\"Zugeordnete Bedrohungssituation\"]}}]',17,1),(5558,'2024-05-16 11:08:43.696527','119','1.4/Durchfhrung von nicht zielgerichteten Zero-Day-Angriffen/Server/IT-Admin/Tactic Check & Follow-Up',2,'[{\"changed\": {\"fields\": [\"Zugeordnete Bedrohungssituation\", \"Zugeordnete Kompetenzdimension\"]}}]',17,1),(5559,'2024-05-16 11:08:54.394403','118','1.4/Durchfhrung von nicht zielgerichteten Zero-Day-Angriffen/Server/IT-Admin/Tactic Mastery',2,'[{\"changed\": {\"fields\": [\"Zugeordnete Bedrohungssituation\"]}}]',17,1),(5560,'2024-05-16 11:09:01.520655','117','1.4/Durchfhrung von nicht zielgerichteten Zero-Day-Angriffen/Server/IT-Admin/Tactic Justification',2,'[{\"changed\": {\"fields\": [\"Zugeordnete Bedrohungssituation\"]}}]',17,1),(5561,'2024-05-16 11:09:08.476900','116','1.4/Durchfhrung von nicht zielgerichteten Zero-Day-Angriffen/Server/IT-Admin/Tactic Choice',2,'[{\"changed\": {\"fields\": [\"Zugeordnete Bedrohungssituation\"]}}]',17,1),(5562,'2024-05-16 11:09:15.414138','115','1.4/Durchfhrung von nicht zielgerichteten Zero-Day-Angriffen/Server/IT-Admin/Threat Impact Assessment',2,'[{\"changed\": {\"fields\": [\"Zugeordnete Bedrohungssituation\"]}}]',17,1),(5563,'2024-05-16 11:09:22.171896','114','1.4/Durchfhrung von nicht zielgerichteten Zero-Day-Angriffen/Server/IT-Admin/Threat Identification',2,'[{\"changed\": {\"fields\": [\"Zugeordnete Bedrohungssituation\"]}}]',17,1),(5564,'2024-05-16 11:09:29.894521','113','1.4/Durchfhrung von nicht zielgerichteten Zero-Day-Angriffen/Server/IT-Admin/Threat Awareness',2,'[{\"changed\": {\"fields\": [\"Zugeordnete Bedrohungssituation\"]}}]',17,1),(5565,'2024-05-16 11:10:48.313626','234','1.7/Einschleusen modifizierter Malware in interne Informationssysteme der Organisation/Mailsystem/IT-Admin/Threat Identification',2,'[{\"changed\": {\"fields\": [\"Zugeordnete Bedrohungssituation\"]}}]',17,1),(5566,'2024-05-16 11:11:55.032484','204','3.8/Social Engineering/Mitarbeiter/Fhrungskraft/Tactic Check & Follow-Up',2,'[{\"changed\": {\"fields\": [\"Zugeordnete Kompetenzdimension\"]}}]',17,1),(5567,'2024-05-16 11:13:03.055971','112','3.7/(Speer)-Phishing/Mailsystem/Fhrungskraft/Tactic Check & Follow-Up',2,'[{\"changed\": {\"fields\": [\"Zugeordnete Kompetenzdimension\"]}}]',17,1),(5568,'2024-05-16 11:16:05.991516','42','Bereitstellung (modifizierter) Malware fr interne Informationssysteme der Organisation',1,'[{\"added\": {}}]',9,1),(5569,'2024-05-16 11:16:30.905425','58','Bereitstellung (modifizierter) Malware fr interne Informationssysteme der Organisation/Mailsystem',1,'[{\"added\": {}}]',10,1),(5570,'2024-05-16 11:16:51.600804','59','Bereitstellung (modifizierter) Malware fr interne Informationssysteme der Organisation/Internet Browser',1,'[{\"added\": {}}]',10,1),(5571,'2024-05-16 11:17:19.486276','42','1.6/Bereitstellung (modifizierter) Malware fr interne Informationssysteme der Organisation/Internet Browser/IT-Admin',2,'[{\"changed\": {\"fields\": [\"Zugeordneter Bedrohungsvektor\"]}}]',11,1),(5572,'2024-05-16 11:17:35.594769','36','1.7/Bereitstellung (modifizierter) Malware fr interne Informationssysteme der Organisation/Mailsystem/IT-Admin',2,'[{\"changed\": {\"fields\": [\"Zugeordneter Bedrohungsvektor\"]}}]',11,1),(5573,'2024-05-16 11:22:16.940621','45','4.11/Kompromittierung von Informationssystemen oder Gerten, die extern verwendet und wieder in das Unternehmen eingeschleust werden/Laptop/Auendienst',2,'[{\"changed\": {\"fields\": [\"Zugeordneter Bedrohungsvektor\"]}}]',11,1),(5574,'2024-05-16 11:24:02.349165','16','Ausnutzung von Schwachstellen in internen Informationssystemen der Organisation',2,'[{\"changed\": {\"fields\": [\"Bezeichnung\", \"Beschreibung\"]}}]',9,1),(5575,'2024-05-16 11:24:41.643006','43','Ausnutzung von Schwachstellen durch Zero-Day-Angriffe',1,'[{\"added\": {}}]',9,1),(5576,'2024-05-16 11:25:04.187637','60','Ausnutzung von Schwachstellen durch Zero-Day-Angriffe/Buchhaltungssystem',1,'[{\"added\": {}}]',10,1),(5577,'2024-05-16 11:25:19.710397','61','3.2/Ausnutzung von Schwachstellen durch Zero-Day-Angriffe/Buchhaltungssystem/Fhrungskraft',2,'[{\"changed\": {\"fields\": [\"Zugeordneter Bedrohungsvektor\"]}}]',11,1),(5578,'2024-05-16 11:47:37.402319','44','Angriffe auf persnliche Gerte kritischer Mitarbeiter*innen',1,'[{\"added\": {}}]',9,1),(5579,'2024-05-16 11:47:54.100149','61','Angriffe auf persnliche Gerte kritischer Mitarbeiter*innen / Kompromittierung/PC',1,'[{\"added\": {}}]',10,1),(5580,'2024-05-16 11:48:32.845487','20','5.1/Angriffe auf persnliche Gerte kritischer Mitarbeiter*innen / Kompromittierung/PC/Geschftsfhrer*in',2,'[{\"changed\": {\"fields\": [\"Zugeordneter Bedrohungsvektor\"]}}]',11,1),(5581,'2024-05-16 11:49:08.293711','63','5.6/Kompromittierung von Informationssystemen oder Gerten, die extern verwendet und wieder in das Unternehmen eingeschleust werden/Telefon/Geschftsfhrer*in',2,'[{\"changed\": {\"fields\": [\"Zugeordneter Bedrohungsvektor\"]}}]',11,1),(5582,'2024-05-16 11:50:36.070157','56','2.2/Falsche Berechtigungseinstellungen/Mitarbeiter/Innendienst',2,'[{\"changed\": {\"fields\": [\"Zugeordneter Bedrohungsvektor\"]}}]',11,1),(5583,'2024-05-16 12:10:08.564612','1370','Threat Awareness/SBI/Social Engineering/Instant Messenger',3,'',20,1),(5584,'2024-05-16 12:10:08.571962','1369','Threat Awareness/SBI/Social Engineering/Instant Messenger',3,'',20,1),(5585,'2024-05-16 12:10:08.577195','1368','Threat Awareness/SBI/Social Engineering/Instant Messenger',3,'',20,1),(5586,'2024-05-16 12:10:08.582914','1376','Threat Identification/SBI/Social Engineering/Instant Messenger',3,'',20,1),(5587,'2024-05-16 12:10:08.589323','1375','Threat Identification/SBI/Social Engineering/Instant Messenger',3,'',20,1),(5588,'2024-05-16 12:10:08.595121','1374','Threat Identification/SBI/Social Engineering/Instant Messenger',3,'',20,1),(5589,'2024-05-16 12:10:08.606317','1373','Threat Identification/SBI/Social Engineering/Instant Messenger',3,'',20,1),(5590,'2024-05-16 12:10:08.611475','1372','Threat Identification/SBI/Social Engineering/Instant Messenger',3,'',20,1),(5591,'2024-05-16 12:10:08.616788','1371','Threat Identification/SBI/Social Engineering/Instant Messenger',3,'',20,1),(5592,'2024-05-16 12:10:08.622841','1380','Threat Impact Assessment/SBI/Social Engineering/Instant Messenger',3,'',20,1),(5593,'2024-05-16 12:10:08.627660','1379','Threat Impact Assessment/SBI/Social Engineering/Instant Messenger',3,'',20,1),(5594,'2024-05-16 12:10:08.642728','1378','Threat Impact Assessment/SBI/Social Engineering/Instant Messenger',3,'',20,1),(5595,'2024-05-16 12:10:08.652889','1377','Threat Impact Assessment/SBI/Social Engineering/Instant Messenger',3,'',20,1),(5596,'2024-05-16 12:10:08.658406','1384','Tactic Choice/SBI/Social Engineering/Instant Messenger',3,'',20,1),(5597,'2024-05-16 12:10:08.691164','1383','Tactic Choice/SBI/Social Engineering/Instant Messenger',3,'',20,1),(5598,'2024-05-16 12:10:08.698247','1382','Tactic Choice/SBI/Social Engineering/Instant Messenger',3,'',20,1),(5599,'2024-05-16 12:10:08.705155','1381','Tactic Choice/SBI/Social Engineering/Instant Messenger',3,'',20,1),(5600,'2024-05-16 12:10:08.711809','1388','Tactic Justification/SBI/Social Engineering/Instant Messenger',3,'',20,1),(5601,'2024-05-16 12:10:08.716790','1387','Tactic Justification/SBI/Social Engineering/Instant Messenger',3,'',20,1),(5602,'2024-05-16 12:10:08.721248','1386','Tactic Justification/SBI/Social Engineering/Instant Messenger',3,'',20,1),(5603,'2024-05-16 12:10:08.725897','1385','Tactic Justification/SBI/Social Engineering/Instant Messenger',3,'',20,1),(5604,'2024-05-16 12:10:08.730754','1392','Tactic Mastery/SBI/Social Engineering/Instant Messenger',3,'',20,1),(5605,'2024-05-16 12:10:08.736296','1391','Tactic Mastery/SBI/Social Engineering/Instant Messenger',3,'',20,1),(5606,'2024-05-16 12:10:08.743051','1390','Tactic Mastery/SBI/Social Engineering/Instant Messenger',3,'',20,1),(5607,'2024-05-16 12:10:08.748267','1389','Tactic Mastery/SBI/Social Engineering/Instant Messenger',3,'',20,1),(5608,'2024-05-16 12:10:30.536341','1','Innendienst',2,'[{\"changed\": {\"fields\": [\"Zugeordnete Bedrohungssituationen\"]}}]',19,1),(5609,'2024-05-16 12:24:29.185630','357','2.9/Social Engineering/Instantmessenger/Innendienst/Tactic Mastery',3,'',17,1),(5610,'2024-05-16 12:24:29.191030','356','2.9/Social Engineering/Instantmessenger/Innendienst/Tactic Justification',3,'',17,1),(5611,'2024-05-16 12:24:29.198804','355','2.9/Social Engineering/Instantmessenger/Innendienst/Tactic Choice',3,'',17,1),(5612,'2024-05-16 12:24:29.202845','354','2.9/Social Engineering/Instantmessenger/Innendienst/Threat Impact Assessment',3,'',17,1),(5613,'2024-05-16 12:24:29.207713','353','2.9/Social Engineering/Instantmessenger/Innendienst/Threat Identification',3,'',17,1),(5614,'2024-05-16 12:24:29.211623','352','2.9/Social Engineering/Instantmessenger/Innendienst/Threat Awareness',3,'',17,1),(5615,'2024-05-16 12:25:41.994267','84','Threat Awareness/Sachbearbeiter*in Innendienst/Social Engineering/Instantmessenger',2,'[]',20,1),(5616,'2024-05-16 12:25:53.509640','82','Threat Awareness/Sachbearbeiter*in Innendienst/Social Engineering/Instantmessenger',2,'[]',20,1),(5617,'2024-05-16 12:25:59.814239','83','Threat Awareness/Sachbearbeiter*in Innendienst/Social Engineering/Instantmessenger',2,'[]',20,1),(5618,'2024-05-16 12:27:47.809168','333','2.9/Social Engineering/Instantmessenger/Innendienst/Threat Awareness',2,'[{\"changed\": {\"fields\": [\"Zugeordnete Frage\"]}}]',18,1),(5619,'2024-05-16 12:28:02.508221','334','2.9/Social Engineering/Instantmessenger/Innendienst/Threat Identification',2,'[{\"changed\": {\"fields\": [\"Zugeordnete Frage\"]}}]',18,1),(5620,'2024-05-16 12:28:10.557962','335','2.9/Social Engineering/Instantmessenger/Innendienst/Threat Impact Assessment',2,'[{\"changed\": {\"fields\": [\"Zugeordnete Frage\"]}}]',18,1),(5621,'2024-05-16 12:28:18.993964','336','2.9/Social Engineering/Instantmessenger/Innendienst/Tactic Choice',2,'[{\"changed\": {\"fields\": [\"Zugeordnete Frage\"]}}]',18,1),(5622,'2024-05-16 12:28:38.190046','338','2.9/Social Engineering/Instantmessenger/Innendienst/Tactic Mastery',2,'[{\"changed\": {\"fields\": [\"Zugeordnete Frage\"]}}]',18,1),(5623,'2024-05-16 12:28:50.719645','339','2.9/Social Engineering/Instantmessenger/Innendienst/Tactic Check & Follow-Up',2,'[{\"changed\": {\"fields\": [\"Zugeordnete Frage\"]}}]',18,1),(5624,'2024-05-16 12:30:08.071004','337','2.9/Social Engineering/Instantmessenger/Innendienst/Tactic Justification',2,'[{\"changed\": {\"fields\": [\"Zugeordnete Frage\"]}}]',18,1),(5625,'2024-05-16 12:33:10.311821','1420','Threat Awareness/SBI/Social Engineering/Social Media Systeme',3,'',20,1),(5626,'2024-05-16 12:33:10.320012','1419','Threat Awareness/SBI/Social Engineering/Social Media Systeme',3,'',20,1),(5627,'2024-05-16 12:33:10.328703','1418','Threat Awareness/SBI/Social Engineering/Social Media Systeme',3,'',20,1),(5628,'2024-05-16 12:33:10.334265','1424','Threat Identification/SBI/Social Engineering/Social Media Systeme',3,'',20,1),(5629,'2024-05-16 12:33:10.340305','1423','Threat Identification/SBI/Social Engineering/Social Media Systeme',3,'',20,1),(5630,'2024-05-16 12:33:10.347153','1422','Threat Identification/SBI/Social Engineering/Social Media Systeme',3,'',20,1),(5631,'2024-05-16 12:33:10.354411','1421','Threat Identification/SBI/Social Engineering/Social Media Systeme',3,'',20,1),(5632,'2024-05-16 12:33:10.371111','1428','Threat Impact Assessment/SBI/Social Engineering/Social Media Systeme',3,'',20,1),(5633,'2024-05-16 12:33:10.376066','1427','Threat Impact Assessment/SBI/Social Engineering/Social Media Systeme',3,'',20,1),(5634,'2024-05-16 12:33:10.381004','1426','Threat Impact Assessment/SBI/Social Engineering/Social Media Systeme',3,'',20,1),(5635,'2024-05-16 12:33:10.388897','1425','Threat Impact Assessment/SBI/Social Engineering/Social Media Systeme',3,'',20,1),(5636,'2024-05-16 12:33:10.398426','1432','Tactic Choice/SBI/Social Engineering/Social Media Systeme',3,'',20,1),(5637,'2024-05-16 12:33:10.406547','1431','Tactic Choice/SBI/Social Engineering/Social Media Systeme',3,'',20,1),(5638,'2024-05-16 12:33:10.432340','1430','Tactic Choice/SBI/Social Engineering/Social Media Systeme',3,'',20,1),(5639,'2024-05-16 12:33:10.442132','1429','Tactic Choice/SBI/Social Engineering/Social Media Systeme',3,'',20,1),(5640,'2024-05-16 12:33:10.450047','1435','Tactic Justification/SBI/Social Engineering/Social Media Systeme',3,'',20,1),(5641,'2024-05-16 12:33:10.468610','1434','Tactic Justification/SBI/Social Engineering/Social Media Systeme',3,'',20,1),(5642,'2024-05-16 12:33:10.475808','1433','Tactic Justification/SBI/Social Engineering/Social Media Systeme',3,'',20,1),(5643,'2024-05-16 12:33:10.486843','1439','Tactic Mastery/SBI/Social Engineering/Social Media Systeme',3,'',20,1),(5644,'2024-05-16 12:33:10.494725','1438','Tactic Mastery/SBI/Social Engineering/Social Media Systeme',3,'',20,1),(5645,'2024-05-16 12:33:10.501420','1437','Tactic Mastery/SBI/Social Engineering/Social Media Systeme',3,'',20,1),(5646,'2024-05-16 12:33:10.507337','1436','Tactic Mastery/SBI/Social Engineering/Social Media Systeme',3,'',20,1),(5647,'2024-05-16 12:33:10.514025','1442','Tactic Check&Follow Up/SBI/Social Engineering/Social Media Systeme',3,'',20,1),(5648,'2024-05-16 12:33:10.526479','1441','Tactic Check&Follow Up/SBI/Social Engineering/Social Media Systeme',3,'',20,1),(5649,'2024-05-16 12:33:10.533510','1440','Tactic Check&Follow Up/SBI/Social Engineering/Social Media Systeme',3,'',20,1),(5650,'2024-05-16 12:34:01.621064','372','2.12/Social Engineering/Social Media Systeme/Innendienst/Tactic Check & Follow-Up',3,'',17,1),(5651,'2024-05-16 12:34:01.670032','371','2.12/Social Engineering/Social Media Systeme/Innendienst/Tactic Mastery',3,'',17,1),(5652,'2024-05-16 12:34:01.676814','370','2.12/Social Engineering/Social Media Systeme/Innendienst/Tactic Justification',3,'',17,1),(5653,'2024-05-16 12:34:01.682127','369','2.12/Social Engineering/Social Media Systeme/Innendienst/Tactic Choice',3,'',17,1),(5654,'2024-05-16 12:34:01.688107','368','2.12/Social Engineering/Social Media Systeme/Innendienst/Threat Impact Assessment',3,'',17,1),(5655,'2024-05-16 12:34:01.698643','367','2.12/Social Engineering/Social Media Systeme/Innendienst/Threat Identification',3,'',17,1),(5656,'2024-05-16 12:34:01.704343','366','2.12/Social Engineering/Social Media Systeme/Innendienst/Threat Awareness',3,'',17,1),(5657,'2024-05-16 12:34:31.681503','1','Innendienst',2,'[{\"changed\": {\"fields\": [\"Zugeordnete Bedrohungssituationen\"]}}]',19,1),(5658,'2024-05-16 12:37:45.412668','358','2.10/Social Engineering/Mailsystem/Innendienst/Tactic Check & Follow-Up',3,'',17,1),(5659,'2024-05-16 12:41:11.318355','1116','Threat Awareness/SBA/Einschleusen bekannter Malware in interne Informationssysteme der Organisation/Mailsystem',3,'',20,1),(5660,'2024-05-16 12:41:11.343760','1115','Threat Awareness/SBA/Einschleusen bekannter Malware in interne Informationssysteme der Organisation/Mailsystem',3,'',20,1),(5661,'2024-05-16 12:41:11.348940','1114','Threat Awareness/SBA/Einschleusen bekannter Malware in interne Informationssysteme der Organisation/Mailsystem',3,'',20,1),(5662,'2024-05-16 12:41:11.354403','1120','Threat Identification/SBA/Einschleusen bekannter Malware in interne Informationssysteme der Organisation/Mailsystem',3,'',20,1),(5663,'2024-05-16 12:41:11.360349','1119','Threat Identification/SBA/Einschleusen bekannter Malware in interne Informationssysteme der Organisation/Mailsystem',3,'',20,1),(5664,'2024-05-16 12:41:11.366457','1118','Threat Identification/SBA/Einschleusen bekannter Malware in interne Informationssysteme der Organisation/Mailsystem',3,'',20,1),(5665,'2024-05-16 12:41:11.374114','1117','Threat Identification/SBA/Einschleusen bekannter Malware in interne Informationssysteme der Organisation/Mailsystem',3,'',20,1),(5666,'2024-05-16 12:41:11.379083','1124','Threat Impact Assessment/SBA/Einschleusen bekannter Malware in interne Informationssysteme der Organisation/Mailsystem',3,'',20,1),(5667,'2024-05-16 12:41:11.385719','1122','Threat Impact Assessment/SBA/Einschleusen bekannter Malware in interne Informationssysteme der Organisation/Mailsystem',3,'',20,1),(5668,'2024-05-16 12:41:11.390598','1121','Threat Impact Assessment/SBA/Einschleusen bekannter Malware in interne Informationssysteme der Organisation/Mailsystem',3,'',20,1),(5669,'2024-05-16 12:41:11.395839','1128','Tactic Choice/SBA/Einschleusen bekannter Malware in interne Informationssysteme der Organisation/Mailsystem',3,'',20,1),(5670,'2024-05-16 12:41:11.400282','1127','Tactic Choice/SBA/Einschleusen bekannter Malware in interne Informationssysteme der Organisation/Mailsystem',3,'',20,1),(5671,'2024-05-16 12:41:11.406103','1126','Tactic Choice/SBA/Einschleusen bekannter Malware in interne Informationssysteme der Organisation/Mailsystem',3,'',20,1),(5672,'2024-05-16 12:41:11.410623','1125','Tactic Choice/SBA/Einschleusen bekannter Malware in interne Informationssysteme der Organisation/Mailsystem',3,'',20,1),(5673,'2024-05-16 12:41:11.415621','1131','Tactic Justification/SBA/Einschleusen bekannter Malware in interne Informationssysteme der Organisation/Mailsystem',3,'',20,1),(5674,'2024-05-16 12:41:11.420178','1130','Tactic Justification/SBA/Einschleusen bekannter Malware in interne Informationssysteme der Organisation/Mailsystem',3,'',20,1),(5675,'2024-05-16 12:41:11.424529','1129','Tactic Justification/SBA/Einschleusen bekannter Malware in interne Informationssysteme der Organisation/Mailsystem',3,'',20,1),(5676,'2024-05-16 12:41:11.428805','1134','Tactic Mastery/SBA/Einschleusen bekannter Malware in interne Informationssysteme der Organisation/Mailsystem',3,'',20,1),(5677,'2024-05-16 12:41:11.433580','1133','Tactic Mastery/SBA/Einschleusen bekannter Malware in interne Informationssysteme der Organisation/Mailsystem',3,'',20,1),(5678,'2024-05-16 12:41:11.472866','1132','Tactic Mastery/SBA/Einschleusen bekannter Malware in interne Informationssysteme der Organisation/Mailsystem',3,'',20,1),(5679,'2024-05-16 12:41:11.478579','1138','Tactic Check&Follow Up/SBA/Einschleusen bekannter Malware in interne Informationssysteme der Organisation/Mailsystem',3,'',20,1),(5680,'2024-05-16 12:41:11.486034','1137','Tactic Check&Follow Up/SBA/Einschleusen bekannter Malware in interne Informationssysteme der Organisation/Mailsystem',3,'',20,1),(5681,'2024-05-16 12:41:11.491003','1136','Tactic Check&Follow Up/SBA/Einschleusen bekannter Malware in interne Informationssysteme der Organisation/Mailsystem',3,'',20,1),(5682,'2024-05-16 12:41:11.495096','1135','Tactic Check&Follow Up/SBA/Einschleusen bekannter Malware in interne Informationssysteme der Organisation/Mailsystem',3,'',20,1),(5683,'2024-05-16 12:41:11.500560','1123','Tactic Check&Follow Up/SBA/Einschleusen bekannter Malware in interne Informationssysteme der Organisation/Mailsystem',3,'',20,1),(5684,'2024-05-16 12:42:07.029396','288','4.4/Einschleusen bekannter Malware in interne Informationssysteme der Organisation/Mailsystem/Auendienst/Tactic Check & Follow-Up',3,'',17,1),(5685,'2024-05-16 12:42:07.034576','287','4.4/Einschleusen bekannter Malware in interne Informationssysteme der Organisation/Mailsystem/Auendienst/Tactic Mastery',3,'',17,1),(5686,'2024-05-16 12:42:07.039665','286','4.4/Einschleusen bekannter Malware in interne Informationssysteme der Organisation/Mailsystem/Auendienst/Tactic Justification',3,'',17,1),(5687,'2024-05-16 12:42:07.044551','285','4.4/Einschleusen bekannter Malware in interne Informationssysteme der Organisation/Mailsystem/Auendienst/Tactic Choice',3,'',17,1),(5688,'2024-05-16 12:42:07.223440','284','4.4/Einschleusen bekannter Malware in interne Informationssysteme der Organisation/Mailsystem/Auendienst/Threat Impact Assessment',3,'',17,1),(5689,'2024-05-16 12:42:07.233665','283','4.4/Einschleusen bekannter Malware in interne Informationssysteme der Organisation/Mailsystem/Auendienst/Threat Identification',3,'',17,1),(5690,'2024-05-16 12:42:07.238667','282','4.4/Einschleusen bekannter Malware in interne Informationssysteme der Organisation/Mailsystem/Auendienst/Threat Awareness',3,'',17,1),(5691,'2024-05-16 12:42:26.576704','2','Auendienst',2,'[{\"changed\": {\"fields\": [\"Zugeordnete Bedrohungssituationen\"]}}]',19,1),(5692,'2024-05-16 12:42:41.536118','270','4.4/Einschleusen bekannter Malware in interne Informationssysteme der Organisation/Mailsystem/Auendienst/Threat Awareness',2,'[{\"changed\": {\"fields\": [\"Zugeordnete Frage\"]}}]',18,1),(5693,'2024-05-16 12:42:48.835908','271','4.4/Einschleusen bekannter Malware in interne Informationssysteme der Organisation/Mailsystem/Auendienst/Threat Identification',2,'[{\"changed\": {\"fields\": [\"Zugeordnete Frage\"]}}]',18,1),(5694,'2024-05-16 12:42:56.950172','272','4.4/Einschleusen bekannter Malware in interne Informationssysteme der Organisation/Mailsystem/Auendienst/Threat Impact Assessment',2,'[{\"changed\": {\"fields\": [\"Zugeordnete Frage\"]}}]',18,1),(5695,'2024-05-16 12:43:05.542714','273','4.4/Einschleusen bekannter Malware in interne Informationssysteme der Organisation/Mailsystem/Auendienst/Tactic Choice',2,'[{\"changed\": {\"fields\": [\"Zugeordnete Frage\"]}}]',18,1),(5696,'2024-05-16 12:43:14.622793','274','4.4/Einschleusen bekannter Malware in interne Informationssysteme der Organisation/Mailsystem/Auendienst/Tactic Justification',2,'[{\"changed\": {\"fields\": [\"Zugeordnete Frage\"]}}]',18,1),(5697,'2024-05-16 12:43:23.728848','275','4.4/Einschleusen bekannter Malware in interne Informationssysteme der Organisation/Mailsystem/Auendienst/Tactic Mastery',2,'[{\"changed\": {\"fields\": [\"Zugeordnete Frage\"]}}]',18,1),(5698,'2024-05-16 12:43:33.523789','276','4.4/Einschleusen bekannter Malware in interne Informationssysteme der Organisation/Mailsystem/Auendienst/Tactic Check & Follow-Up',2,'[{\"changed\": {\"fields\": [\"Zugeordnete Frage\"]}}]',18,1),(5699,'2024-05-16 12:50:55.221878','1270','Threat Awareness/SBA/Einschleusen bekannter Malware in interne Informationssysteme der Organisation/Instantmessenger',3,'',20,1),(5700,'2024-05-16 12:50:55.228503','1269','Threat Awareness/SBA/Einschleusen bekannter Malware in interne Informationssysteme der Organisation/Instantmessenger',3,'',20,1),(5701,'2024-05-16 12:50:55.233891','1268','Threat Awareness/SBA/Einschleusen bekannter Malware in interne Informationssysteme der Organisation/Instantmessenger',3,'',20,1),(5702,'2024-05-16 12:50:55.240475','1273','Threat Identification/SBA/Einschleusen bekannter Malware in interne Informationssysteme der Organisation/Instantmessenger',3,'',20,1),(5703,'2024-05-16 12:50:55.246004','1272','Threat Identification/SBA/Einschleusen bekannter Malware in interne Informationssysteme der Organisation/Instantmessenger',3,'',20,1),(5704,'2024-05-16 12:50:55.255375','1271','Threat Identification/SBA/Einschleusen bekannter Malware in interne Informationssysteme der Organisation/Instantmessenger',3,'',20,1),(5705,'2024-05-16 12:50:55.260891','1277','Threat Impact Assessment/SBA/Einschleusen bekannter Malware in interne Informationssysteme der Organisation/Instantmessenger',3,'',20,1),(5706,'2024-05-16 12:50:55.265402','1276','Threat Impact Assessment/SBA/Einschleusen bekannter Malware in interne Informationssysteme der Organisation/Instantmessenger',3,'',20,1),(5707,'2024-05-16 12:50:55.271394','1275','Threat Impact Assessment/SBA/Einschleusen bekannter Malware in interne Informationssysteme der Organisation/Instantmessenger',3,'',20,1),(5708,'2024-05-16 12:50:55.277191','1274','Threat Impact Assessment/SBA/Einschleusen bekannter Malware in interne Informationssysteme der Organisation/Instantmessenger',3,'',20,1),(5709,'2024-05-16 12:50:55.282267','1280','Tactic Choice/SBA/Einschleusen bekannter Malware in interne Informationssysteme der Organisation/Instantmessenger',3,'',20,1),(5710,'2024-05-16 12:50:55.288176','1279','Tactic Choice/SBA/Einschleusen bekannter Malware in interne Informationssysteme der Organisation/Instantmessenger',3,'',20,1),(5711,'2024-05-16 12:50:55.294066','1278','Tactic Choice/SBA/Einschleusen bekannter Malware in interne Informationssysteme der Organisation/Instantmessenger',3,'',20,1),(5712,'2024-05-16 12:50:55.347905','1283','Tactic Justification/SBA/Einschleusen bekannter Malware in interne Informationssysteme der Organisation/Instantmessenger',3,'',20,1),(5713,'2024-05-16 12:50:55.355051','1282','Tactic Justification/SBA/Einschleusen bekannter Malware in interne Informationssysteme der Organisation/Instantmessenger',3,'',20,1),(5714,'2024-05-16 12:50:55.360550','1281','Tactic Justification/SBA/Einschleusen bekannter Malware in interne Informationssysteme der Organisation/Instantmessenger',3,'',20,1),(5715,'2024-05-16 12:50:55.366742','1286','Tactic Mastery/SBA/Einschleusen bekannter Malware in interne Informationssysteme der Organisation/Instantmessenger',3,'',20,1),(5716,'2024-05-16 12:50:55.372053','1285','Tactic Mastery/SBA/Einschleusen bekannter Malware in interne Informationssysteme der Organisation/Instantmessenger',3,'',20,1),(5717,'2024-05-16 12:50:55.378060','1284','Tactic Mastery/SBA/Einschleusen bekannter Malware in interne Informationssysteme der Organisation/Instantmessenger',3,'',20,1),(5718,'2024-05-16 12:50:55.382983','1289','Tactic Check&Follow Up/SBA/Einschleusen bekannter Malware in interne Informationssysteme der Organisation/Instantmessenger',3,'',20,1),(5719,'2024-05-16 12:50:55.390439','1288','Tactic Check&Follow Up/SBA/Einschleusen bekannter Malware in interne Informationssysteme der Organisation/Instantmessenger',3,'',20,1),(5720,'2024-05-16 12:50:55.396655','1287','Tactic Check&Follow Up/SBA/Einschleusen bekannter Malware in interne Informationssysteme der Organisation/Instantmessenger',3,'',20,1),(5721,'2024-05-16 12:52:30.879183','330','4.6/Einschleusen modifizierter Malware in interne Informationssysteme der Organisation/Instantmessenger/Auendienst/Tactic Check & Follow-Up',3,'',17,1),(5722,'2024-05-16 12:52:30.884397','329','4.6/Einschleusen modifizierter Malware in interne Informationssysteme der Organisation/Instantmessenger/Auendienst/Tactic Mastery',3,'',17,1),(5723,'2024-05-16 12:52:30.923774','328','4.6/Einschleusen modifizierter Malware in interne Informationssysteme der Organisation/Instantmessenger/Auendienst/Tactic Justification',3,'',17,1),(5724,'2024-05-16 12:52:30.939358','327','4.6/Einschleusen modifizierter Malware in interne Informationssysteme der Organisation/Instantmessenger/Auendienst/Tactic Choice',3,'',17,1),(5725,'2024-05-16 12:52:30.945328','326','4.6/Einschleusen modifizierter Malware in interne Informationssysteme der Organisation/Instantmessenger/Auendienst/Threat Impact Assessment',3,'',17,1),(5726,'2024-05-16 12:52:30.950855','325','4.6/Einschleusen modifizierter Malware in interne Informationssysteme der Organisation/Instantmessenger/Auendienst/Threat Identification',3,'',17,1),(5727,'2024-05-16 12:52:30.969194','324','4.6/Einschleusen modifizierter Malware in interne Informationssysteme der Organisation/Instantmessenger/Auendienst/Threat Awareness',3,'',17,1),(5728,'2024-05-16 12:53:14.764462','2','Auendienst',2,'[{\"changed\": {\"fields\": [\"Zugeordnete Bedrohungssituationen\"]}}]',19,1),(5729,'2024-05-16 12:55:53.673216','49','4.8/Verbreitung von Malware durch Bereitstellung von Wechselmedien/USB-Stick/Auendienst/Tactic Check & Follow-Up',3,'',17,1),(5730,'2024-05-16 12:55:53.702773','48','4.8/Verbreitung von Malware durch Bereitstellung von Wechselmedien/USB-Stick/Auendienst/Tactic Mastery',3,'',17,1),(5731,'2024-05-16 12:55:53.741016','47','4.8/Verbreitung von Malware durch Bereitstellung von Wechselmedien/USB-Stick/Auendienst/Tactic Justification',3,'',17,1),(5732,'2024-05-16 12:55:53.777056','46','4.8/Verbreitung von Malware durch Bereitstellung von Wechselmedien/USB-Stick/Auendienst/Tactic Choice',3,'',17,1),(5733,'2024-05-16 12:55:53.813408','45','4.8/Verbreitung von Malware durch Bereitstellung von Wechselmedien/USB-Stick/Auendienst/Threat Impact Assessment',3,'',17,1),(5734,'2024-05-16 12:55:53.863024','44','4.8/Verbreitung von Malware durch Bereitstellung von Wechselmedien/USB-Stick/Auendienst/Threat Identification',3,'',17,1),(5735,'2024-05-16 12:55:53.886914','43','4.8/Verbreitung von Malware durch Bereitstellung von Wechselmedien/USB-Stick/Auendienst/Threat Awareness',3,'',17,1),(5736,'2024-05-16 12:56:09.713709','2','Auendienst',2,'[{\"changed\": {\"fields\": [\"Zugeordnete Bedrohungssituationen\"]}}]',19,1),(5737,'2024-05-16 12:58:54.865556','182','Threat Awareness/Sachbearbeiter*in Auendienst/Kompromittierung Informationssystem/Laptop',2,'[{\"changed\": {\"fields\": [\"Antwortoption\"]}}]',20,1),(5738,'2024-05-16 13:49:32.649159','302','4.11/Kompromittierung von Informationssystemen oder Gerten, die extern verwendet und wieder in das Unternehmen eingeschleust werden/Laptop/Auendienst/Tactic Check & Follow-Up',3,'',17,1),(5739,'2024-05-16 13:49:32.655154','301','4.11/Kompromittierung von Informationssystemen oder Gerten, die extern verwendet und wieder in das Unternehmen eingeschleust werden/Laptop/Auendienst/Tactic Mastery',3,'',17,1),(5740,'2024-05-16 13:49:32.675804','300','4.11/Kompromittierung von Informationssystemen oder Gerten, die extern verwendet und wieder in das Unternehmen eingeschleust werden/Laptop/Auendienst/Tactic Justification',3,'',17,1),(5741,'2024-05-16 13:49:32.680116','299','4.11/Kompromittierung von Informationssystemen oder Gerten, die extern verwendet und wieder in das Unternehmen eingeschleust werden/Laptop/Auendienst/Tactic Choice',3,'',17,1),(5742,'2024-05-16 13:49:32.684193','298','4.11/Kompromittierung von Informationssystemen oder Gerten, die extern verwendet und wieder in das Unternehmen eingeschleust werden/Laptop/Auendienst/Threat Impact Assessment',3,'',17,1),(5743,'2024-05-16 13:49:32.688890','297','4.11/Kompromittierung von Informationssystemen oder Gerten, die extern verwendet und wieder in das Unternehmen eingeschleust werden/Laptop/Auendienst/Threat Identification',3,'',17,1),(5744,'2024-05-16 13:49:32.693455','296','4.11/Kompromittierung von Informationssystemen oder Gerten, die extern verwendet und wieder in das Unternehmen eingeschleust werden/Laptop/Auendienst/Threat Awareness',3,'',17,1),(5745,'2024-05-16 13:49:48.882290','2','Auendienst',2,'[{\"changed\": {\"fields\": [\"Zugeordnete Bedrohungssituationen\"]}}]',19,1),(5746,'2024-05-16 13:50:49.964396','284','4.11/Kompromittierung von Informationssystemen oder Gerten, die extern verwendet und wieder in das Unternehmen eingeschleust werden/Laptop/Auendienst/Threat Awareness',2,'[{\"changed\": {\"fields\": [\"Zugeordnete Frage\"]}}]',18,1),(5747,'2024-05-16 13:54:14.876635','63','4.13/(Speer)-Phishing/Social Media Systeme/Auendienst/Tactic Check & Follow-Up',3,'',17,1),(5748,'2024-05-16 13:54:14.884174','62','4.13/(Speer)-Phishing/Social Media Systeme/Auendienst/Tactic Mastery',3,'',17,1),(5749,'2024-05-16 13:54:14.891389','61','4.13/(Speer)-Phishing/Social Media Systeme/Auendienst/Tactic Justification',3,'',17,1),(5750,'2024-05-16 13:54:14.898296','60','4.13/(Speer)-Phishing/Social Media Systeme/Auendienst/Tactic Choice',3,'',17,1),(5751,'2024-05-16 13:54:14.905099','59','4.13/(Speer)-Phishing/Social Media Systeme/Auendienst/Threat Impact Assessment',3,'',17,1),(5752,'2024-05-16 13:54:14.912482','58','4.13/(Speer)-Phishing/Social Media Systeme/Auendienst/Threat Identification',3,'',17,1),(5753,'2024-05-16 13:54:14.923170','57','4.13/(Speer)-Phishing/Social Media Systeme/Auendienst/Threat Awareness',3,'',17,1),(5754,'2024-05-16 13:54:42.282543','56','4.11/Kompromittierung von Informationssystemen oder Gerten, die extern verwendet und wieder in das Unternehmen eingeschleust werden/Laptop/Auendienst/Tactic Check & Follow-Up',2,'[{\"changed\": {\"fields\": [\"Zugeordnete Bedrohungssituation\"]}}]',17,1),(5755,'2024-05-16 13:54:56.022215','2','Auendienst',2,'[{\"changed\": {\"fields\": [\"Zugeordnete Bedrohungssituationen\"]}}]',19,1),(5756,'2024-05-16 13:58:59.645443','111','4.13/(Speer)-Phishing/Social Media Systeme/Auendienst/Impuls 1',2,'[{\"changed\": {\"fields\": [\"Bild-Datei\"]}}]',15,1),(5757,'2024-05-16 13:59:14.222604','112','4.13/(Speer)-Phishing/Social Media Systeme/Auendienst/Impuls 2',2,'[{\"changed\": {\"fields\": [\"Bild-Datei\"]}}]',15,1),(5758,'2024-05-16 13:59:38.674226','113','4.13/(Speer)-Phishing/Social Media Systeme/Auendienst/Impuls 3',2,'[{\"changed\": {\"fields\": [\"Bild-Datei\"]}}]',15,1),(5759,'2024-05-16 14:00:28.015311','111','4.13/(Speer)-Phishing/Social Media Systeme/Auendienst/Impuls 1',2,'[{\"changed\": {\"fields\": [\"Bild-Datei\"]}}]',15,1),(5760,'2024-05-16 14:00:47.107985','112','4.13/(Speer)-Phishing/Social Media Systeme/Auendienst/Impuls 2',2,'[{\"changed\": {\"fields\": [\"Bild-Datei\"]}}]',15,1),(5761,'2024-05-16 14:01:01.972782','17','4.13/(Speer)-Phishing/Social Media Systeme/Auendienst/Impuls 1',3,'',15,1),(5762,'2024-05-16 14:03:24.625841','316','4.14/(Speer)-Phishing/Instantmessenger/Auendienst/Tactic Check & Follow-Up',3,'',17,1),(5763,'2024-05-16 14:03:24.635925','315','4.14/(Speer)-Phishing/Instantmessenger/Auendienst/Tactic Mastery',3,'',17,1),(5764,'2024-05-16 14:03:24.645214','314','4.14/(Speer)-Phishing/Instantmessenger/Auendienst/Tactic Justification',3,'',17,1),(5765,'2024-05-16 14:03:24.653263','313','4.14/(Speer)-Phishing/Instantmessenger/Auendienst/Tactic Choice',3,'',17,1),(5766,'2024-05-16 14:03:24.660072','312','4.14/(Speer)-Phishing/Instantmessenger/Auendienst/Threat Impact Assessment',3,'',17,1),(5767,'2024-05-16 14:03:24.665644','311','4.14/(Speer)-Phishing/Instantmessenger/Auendienst/Threat Identification',3,'',17,1),(5768,'2024-05-16 14:03:24.680097','310','4.14/(Speer)-Phishing/Instantmessenger/Auendienst/Threat Awareness',3,'',17,1),(5769,'2024-05-16 14:03:37.108182','2','Auendienst',2,'[{\"changed\": {\"fields\": [\"Zugeordnete Bedrohungssituationen\"]}}]',19,1),(5770,'2024-05-16 14:12:00.679932','74','5.5/Kompromittierung von Informationssystemen oder Gerten, die extern verwendet und wieder in das Unternehmen eingeschleust werden/Laptop/Geschftsfhrer*in',1,'[{\"added\": {}}]',11,1),(5771,'2024-05-16 14:12:58.626133','478','5.5/Kompromittierung von Informationssystemen oder Gerten, die extern verwendet und wieder in das Unternehmen eingeschleust werden/Laptop/Geschftsfhrer*in/Threat Awareness',1,'[{\"added\": {}}]',17,1),(5772,'2024-05-16 14:13:42.960750','479','5.5/Kompromittierung von Informationssystemen oder Gerten, die extern verwendet und wieder in das Unternehmen eingeschleust werden/Laptop/Geschftsfhrer*in/Threat Identification',1,'[{\"added\": {}}]',17,1),(5773,'2024-05-16 14:14:05.906700','480','5.5/Kompromittierung von Informationssystemen oder Gerten, die extern verwendet und wieder in das Unternehmen eingeschleust werden/Laptop/Geschftsfhrer*in/Threat Impact Assessment',1,'[{\"added\": {}}]',17,1),(5774,'2024-05-16 14:14:23.049643','481','5.5/Kompromittierung von Informationssystemen oder Gerten, die extern verwendet und wieder in das Unternehmen eingeschleust werden/Laptop/Geschftsfhrer*in/Tactic Choice',1,'[{\"added\": {}}]',17,1),(5775,'2024-05-16 14:14:45.843963','482','5.5/Kompromittierung von Informationssystemen oder Gerten, die extern verwendet und wieder in das Unternehmen eingeschleust werden/Laptop/Geschftsfhrer*in/Tactic Justification',1,'[{\"added\": {}}]',17,1),(5776,'2024-05-16 14:15:07.965373','483','5.5/Kompromittierung von Informationssystemen oder Gerten, die extern verwendet und wieder in das Unternehmen eingeschleust werden/Laptop/Geschftsfhrer*in/Tactic Mastery',1,'[{\"added\": {}}]',17,1),(5777,'2024-05-16 14:15:41.326129','484','5.5/Kompromittierung von Informationssystemen oder Gerten, die extern verwendet und wieder in das Unternehmen eingeschleust werden/Laptop/Geschftsfhrer*in/Tactic Check & Follow-Up',1,'[{\"added\": {}}]',17,1),(5778,'2024-05-16 14:16:05.109504','1822','None',1,'[{\"added\": {}}]',20,1),(5779,'2024-05-16 14:16:45.556040','1823','None',1,'[{\"added\": {}}]',20,1),(5780,'2024-05-16 14:16:59.112603','1824','None',1,'[{\"added\": {}}]',20,1),(5781,'2024-05-16 14:17:20.499827','1825','None',1,'[{\"added\": {}}]',20,1),(5782,'2024-05-16 14:17:46.229935','1826','None',1,'[{\"added\": {}}]',20,1),(5783,'2024-05-16 14:18:03.768700','1827','None',1,'[{\"added\": {}}]',20,1),(5784,'2024-05-16 14:18:24.858980','1828','None',1,'[{\"added\": {}}]',20,1),(5785,'2024-05-16 14:20:15.204764','1829','None',1,'[{\"added\": {}}]',20,1),(5786,'2024-05-16 14:20:33.270693','1830','None',1,'[{\"added\": {}}]',20,1),(5787,'2024-05-16 14:21:01.009510','1830','None',2,'[{\"changed\": {\"fields\": [\"Antwortoption\", \"Bewertung der Antwortoption\"]}}]',20,1),(5788,'2024-05-16 14:21:32.054198','1831','None',1,'[{\"added\": {}}]',20,1),(5789,'2024-05-16 14:21:50.425191','1832','None',1,'[{\"added\": {}}]',20,1),(5790,'2024-05-16 14:22:08.043798','1833','None',1,'[{\"added\": {}}]',20,1),(5791,'2024-05-16 14:22:24.152247','1834','None',1,'[{\"added\": {}}]',20,1),(5792,'2024-05-16 14:22:38.475259','1835','None',1,'[{\"added\": {}}]',20,1),(5793,'2024-05-16 14:23:03.782894','1836','None',1,'[{\"added\": {}}]',20,1),(5794,'2024-05-16 14:23:27.351709','1837','None',1,'[{\"added\": {}}]',20,1),(5795,'2024-05-16 14:23:51.720559','482','5.5/Kompromittierung von Informationssystemen oder Gerten, die extern verwendet und wieder in das Unternehmen eingeschleust werden/Laptop/Geschftsfhrer*in/Tactic Justification',2,'[{\"changed\": {\"fields\": [\"Fragen-Typ\"]}}]',17,1),(5796,'2024-05-16 14:24:17.149011','1838','None',1,'[{\"added\": {}}]',20,1),(5797,'2024-05-16 14:24:32.260307','1839','None',1,'[{\"added\": {}}]',20,1),(5798,'2024-05-16 14:24:54.590872','1840','None',1,'[{\"added\": {}}]',20,1),(5799,'2024-05-16 14:25:15.257780','1841','None',1,'[{\"added\": {}}]',20,1),(5800,'2024-05-16 14:25:36.958931','1842','None',1,'[{\"added\": {}}]',20,1),(5801,'2024-05-16 14:26:07.048971','1843','None',1,'[{\"added\": {}}]',20,1),(5802,'2024-05-16 14:26:44.341753','1842','None',2,'[{\"changed\": {\"fields\": [\"Antwortoption\"]}}]',20,1),(5803,'2024-05-16 14:27:02.185271','1844','None',1,'[{\"added\": {}}]',20,1),(5804,'2024-05-16 14:27:21.939590','1845','None',1,'[{\"added\": {}}]',20,1),(5805,'2024-05-16 14:27:37.904044','1846','None',1,'[{\"added\": {}}]',20,1),(5806,'2024-05-16 14:28:38.215054','181','5.5/Kompromittierung von Informationssystemen oder Gerten, die extern verwendet und wieder in das Unternehmen eingeschleust werden/Laptop/Geschftsfhrer*in/None',1,'[{\"added\": {}}]',15,1),(5807,'2024-05-16 14:29:07.121833','182','5.5/Kompromittierung von Informationssystemen oder Gerten, die extern verwendet und wieder in das Unternehmen eingeschleust werden/Laptop/Geschftsfhrer*in/Impuls 2',1,'[{\"added\": {}}]',15,1),(5808,'2024-05-16 14:29:18.844056','181','5.5/Kompromittierung von Informationssystemen oder Gerten, die extern verwendet und wieder in das Unternehmen eingeschleust werden/Laptop/Geschftsfhrer*in/Impuls 1',2,'[{\"changed\": {\"fields\": [\"Nummer des Impulses\"]}}]',15,1),(5809,'2024-05-16 14:29:37.257020','183','5.5/Kompromittierung von Informationssystemen oder Gerten, die extern verwendet und wieder in das Unternehmen eingeschleust werden/Laptop/Geschftsfhrer*in/Impuls 3',1,'[{\"added\": {}}]',15,1),(5810,'2024-05-16 14:30:51.247272','72','5.5 / Kompromittierung von Informationssystemen oder Gerten, die extern verwendet und wieder in das Unternehmen eingeschleust werden / Laptop / Geschftsfhrer*in',1,'[{\"added\": {}}]',21,1),(5811,'2024-05-16 14:31:18.136904','72','5.5 / Kompromittierung von Informationssystemen oder Gerten, die extern verwendet und wieder in das Unternehmen eingeschleust werden / Laptop / Geschftsfhrer*in',2,'[{\"changed\": {\"fields\": [\"Text zum Impuls\"]}}]',21,1),(5812,'2024-05-16 14:31:42.350163','462','5.5/Kompromittierung von Informationssystemen oder Gerten, die extern verwendet und wieder in das Unternehmen eingeschleust werden/Laptop/Geschftsfhrer*in/Threat Awareness',1,'[{\"added\": {}}]',18,1),(5813,'2024-05-16 14:32:01.899878','463','5.5/Kompromittierung von Informationssystemen oder Gerten, die extern verwendet und wieder in das Unternehmen eingeschleust werden/Laptop/Geschftsfhrer*in/Threat Identification',1,'[{\"added\": {}}]',18,1),(5814,'2024-05-16 14:32:14.888858','464','5.5/Kompromittierung von Informationssystemen oder Gerten, die extern verwendet und wieder in das Unternehmen eingeschleust werden/Laptop/Geschftsfhrer*in/Threat Impact Assessment',1,'[{\"added\": {}}]',18,1),(5815,'2024-05-16 14:32:28.512738','465','5.5/Kompromittierung von Informationssystemen oder Gerten, die extern verwendet und wieder in das Unternehmen eingeschleust werden/Laptop/Geschftsfhrer*in/Tactic Choice',1,'[{\"added\": {}}]',18,1),(5816,'2024-05-16 14:32:41.065616','466','5.5/Kompromittierung von Informationssystemen oder Gerten, die extern verwendet und wieder in das Unternehmen eingeschleust werden/Laptop/Geschftsfhrer*in/Tactic Justification',1,'[{\"added\": {}}]',18,1),(5817,'2024-05-16 14:32:56.105014','467','5.5/Kompromittierung von Informationssystemen oder Gerten, die extern verwendet und wieder in das Unternehmen eingeschleust werden/Laptop/Geschftsfhrer*in/Tactic Mastery',1,'[{\"added\": {}}]',18,1),(5818,'2024-05-16 14:33:12.732711','468','5.5/Kompromittierung von Informationssystemen oder Gerten, die extern verwendet und wieder in das Unternehmen eingeschleust werden/Laptop/Geschftsfhrer*in/Tactic Check & Follow-Up',1,'[{\"added\": {}}]',18,1),(5819,'2024-05-16 14:33:25.294898','7','Geschftsfhrer*in',2,'[{\"changed\": {\"fields\": [\"Zugeordnete Bedrohungssituationen\"]}}]',19,1),(5820,'2024-05-16 14:39:16.419826','469','1.2/Durchfhrung einfacher/verteilter/gezielter Denial-of-Service-Angriffe (DoS)/Server/IT-Admin/Threat Awareness',1,'[{\"added\": {}}]',18,1),(5821,'2024-05-16 14:39:26.576668','470','1.2/Durchfhrung einfacher/verteilter/gezielter Denial-of-Service-Angriffe (DoS)/Server/IT-Admin/Threat Identification',1,'[{\"added\": {}}]',18,1),(5822,'2024-05-16 14:39:36.442287','471','1.2/Durchfhrung einfacher/verteilter/gezielter Denial-of-Service-Angriffe (DoS)/Server/IT-Admin/Threat Impact Assessment',1,'[{\"added\": {}}]',18,1),(5823,'2024-05-16 14:39:49.089524','472','1.2/Durchfhrung einfacher/verteilter/gezielter Denial-of-Service-Angriffe (DoS)/Server/IT-Admin/Tactic Choice',1,'[{\"added\": {}}]',18,1),(5824,'2024-05-16 14:40:00.260739','473','1.2/Durchfhrung einfacher/verteilter/gezielter Denial-of-Service-Angriffe (DoS)/Server/IT-Admin/Tactic Justification',1,'[{\"added\": {}}]',18,1),(5825,'2024-05-16 14:40:11.386047','474','1.2/Durchfhrung einfacher/verteilter/gezielter Denial-of-Service-Angriffe (DoS)/Server/IT-Admin/Tactic Mastery',1,'[{\"added\": {}}]',18,1),(5826,'2024-05-16 14:40:28.098872','475','1.2/Durchfhrung einfacher/verteilter/gezielter Denial-of-Service-Angriffe (DoS)/Server/IT-Admin/Tactic Check & Follow-Up',1,'[{\"added\": {}}]',18,1),(5827,'2024-05-16 14:44:40.038948','74','1.7/Bereitstellung (modifizierter) Malware fr interne Informationssysteme der Organisation/Mailsystem/IT-Admin/Impuls 3',3,'',15,1),(5828,'2024-05-16 14:44:40.046304','73','1.7/Bereitstellung (modifizierter) Malware fr interne Informationssysteme der Organisation/Mailsystem/IT-Admin/Impuls 2',3,'',15,1),(5829,'2024-05-16 14:44:40.051810','72','1.7/Bereitstellung (modifizierter) Malware fr interne Informationssysteme der Organisation/Mailsystem/IT-Admin/Impuls 1',3,'',15,1),(5830,'2024-05-16 14:46:17.741031','81','1.7/Bereitstellung (modifizierter) Malware fr interne Informationssysteme der Organisation/Mailsystem/IT-Admin/Impuls 1',2,'[{\"changed\": {\"fields\": [\"Bild-Datei\"]}}]',15,1),(5831,'2024-05-16 14:46:30.176177','82','1.7/Bereitstellung (modifizierter) Malware fr interne Informationssysteme der Organisation/Mailsystem/IT-Admin/Impuls 2',2,'[{\"changed\": {\"fields\": [\"Bild-Datei\"]}}]',15,1),(5832,'2024-05-16 14:46:40.950499','83','1.7/Bereitstellung (modifizierter) Malware fr interne Informationssysteme der Organisation/Mailsystem/IT-Admin/Impuls 3',2,'[{\"changed\": {\"fields\": [\"Bild-Datei\"]}}]',15,1),(5833,'2024-05-16 14:50:49.789831','81','1.7/Bereitstellung (modifizierter) Malware fr interne Informationssysteme der Organisation/Mailsystem/IT-Admin/Impuls 1',2,'[{\"changed\": {\"fields\": [\"Bild-Datei\"]}}]',15,1),(5834,'2024-05-16 14:50:57.887949','82','1.7/Bereitstellung (modifizierter) Malware fr interne Informationssysteme der Organisation/Mailsystem/IT-Admin/Impuls 2',2,'[{\"changed\": {\"fields\": [\"Bild-Datei\"]}}]',15,1),(5835,'2024-05-16 14:51:05.220870','83','1.7/Bereitstellung (modifizierter) Malware fr interne Informationssysteme der Organisation/Mailsystem/IT-Admin/Impuls 3',2,'[{\"changed\": {\"fields\": [\"Bild-Datei\"]}}]',15,1),(5836,'2024-05-16 14:52:37.366082','84','1.8/Bereitstellung gezielter Schadsoftware zur Kontrolle interner Systeme und zur Exfiltration von Daten/Mailsystem/IT-Admin/Impuls 1',2,'[{\"changed\": {\"fields\": [\"Bild-Datei\"]}}]',15,1),(5837,'2024-05-16 14:53:01.251558','85','1.8/Bereitstellung gezielter Schadsoftware zur Kontrolle interner Systeme und zur Exfiltration von Daten/Mailsystem/IT-Admin/Impuls 2',2,'[{\"changed\": {\"fields\": [\"Bild-Datei\", \"Text zur Bild-Datei\"]}}]',15,1),(5838,'2024-05-16 14:53:17.978807','86','1.8/Bereitstellung gezielter Schadsoftware zur Kontrolle interner Systeme und zur Exfiltration von Daten/Mailsystem/IT-Admin/Impuls 3',2,'[{\"changed\": {\"fields\": [\"Bild-Datei\", \"Text zur Bild-Datei\"]}}]',15,1),(5839,'2024-05-16 14:54:02.362770','87','1.12/Durchfhrung von nicht zielgerichteten Zero-Day-Angriffen/Netzwerk/IT-Admin/Impuls 1',2,'[{\"changed\": {\"fields\": [\"Bild-Datei\"]}}]',15,1),(5840,'2024-05-16 14:54:15.461571','88','1.12/Durchfhrung von nicht zielgerichteten Zero-Day-Angriffen/Netzwerk/IT-Admin/Impuls 2',2,'[{\"changed\": {\"fields\": [\"Bild-Datei\"]}}]',15,1),(5841,'2024-05-16 14:54:42.992586','89','1.12/Durchfhrung von nicht zielgerichteten Zero-Day-Angriffen/Netzwerk/IT-Admin/Impuls 3',2,'[{\"changed\": {\"fields\": [\"Bild-Datei\"]}}]',15,1),(5842,'2024-05-16 19:01:59.950393','1','2.9/Social Engineering/Instantmessenger/Innendienst/Impuls 1',2,'[{\"changed\": {\"fields\": [\"Zugeordnete Bedrohungssituation\", \"Nummer des Impulses\"]}}]',12,1),(5843,'2024-05-16 19:02:30.129681','2','2.9/Social Engineering/Instantmessenger/Innendienst/Impuls 2',2,'[{\"changed\": {\"fields\": [\"Zugeordnete Bedrohungssituation\", \"Nummer des Impulses\"]}}]',12,1),(5844,'2024-05-16 19:03:41.081916','3','2.9/Social Engineering/Instantmessenger/Innendienst/Impuls 3',2,'[{\"changed\": {\"fields\": [\"Zugeordnete Bedrohungssituation\", \"Nummer des Impulses\", \"Eingehende Nachricht 1\"]}}]',12,1),(5845,'2024-05-16 19:05:06.600526','91','Tactic Choice/Sachbearbeiter*in Innendienst/Social Engineering/Instantmessenger',2,'[{\"changed\": {\"fields\": [\"Antwortoption\"]}}]',20,1),(5846,'2024-05-16 19:05:24.093421','86','Threat Impact Assesment/Sachbearbeiter*in Innendienst/Social Engineering/Instantmessenger',2,'[{\"changed\": {\"fields\": [\"Antwortoption\"]}}]',20,1),(5847,'2024-05-16 19:05:36.292743','85','Threat Impact Assesment/Sachbearbeiter*in Innendienst/Social Engineering/Instantmessenger',2,'[{\"changed\": {\"fields\": [\"Antwortoption\"]}}]',20,1),(5848,'2024-05-16 19:06:25.951589','53','2.9/Social Engineering/Instantmessenger/Innendienst',2,'[{\"changed\": {\"fields\": [\"Beschreibung\"]}}]',11,1),(5849,'2024-05-16 19:06:26.127065','53','2.9/Social Engineering/Instantmessenger/Innendienst',2,'[]',11,1),(5850,'2024-05-16 19:08:52.590313','22','2.10/Social Engineering/Mailsystem/Innendienst/Impuls 1',1,'[{\"added\": {}}]',14,1),(5851,'2024-05-16 19:10:25.243562','23','2.10/Social Engineering/Mailsystem/Innendienst/Impuls 2',1,'[{\"added\": {}}]',14,1),(5852,'2024-05-16 19:11:52.888650','24','2.10/Social Engineering/Mailsystem/Innendienst/Impuls 3',1,'[{\"added\": {}}]',14,1),(5853,'2024-05-16 19:12:19.041766','73','2.10 / Social Engineering / Mailsystem / Innendienst',1,'[{\"added\": {}}]',22,1),(5854,'2024-05-16 19:12:38.101738','73','2.10 / Social Engineering / Mailsystem / Innendienst',2,'[{\"changed\": {\"fields\": [\"Text zum Impuls\"]}}]',22,1),(5855,'2024-05-16 19:13:10.082901','340','2.10/Social Engineering/Mailsystem/Innendienst/Threat Awareness',2,'[]',18,1),(5856,'2024-05-16 19:13:29.868621','1','Innendienst',2,'[{\"changed\": {\"fields\": [\"Zugeordnete Bedrohungssituationen\"]}}]',19,1),(5857,'2024-05-16 19:14:32.506389','340','2.10/Social Engineering/Mailsystem/Innendienst/Threat Awareness',2,'[{\"changed\": {\"fields\": [\"Zugeordneter Impuls\"]}}]',18,1),(5858,'2024-05-16 19:15:05.109222','52','2.10 / Social Engineering / Mailsystem / Innendienst',3,'',21,1),(5859,'2024-05-16 19:15:51.986598','51','2.9 / Social Engineering / Instantmessenger / Innendienst',3,'',21,1),(5860,'2024-05-16 19:16:42.758002','476','2.9/Social Engineering/Instantmessenger/Innendienst/Threat Awareness',1,'[{\"added\": {}}]',18,1),(5861,'2024-05-16 19:16:58.639215','1','Innendienst',2,'[{\"changed\": {\"fields\": [\"Zugeordnete Bedrohungssituationen\"]}}]',19,1),(5862,'2024-05-16 19:17:44.910477','340','2.10/Social Engineering/Mailsystem/Innendienst/Threat Awareness',2,'[]',18,1),(5863,'2024-05-16 19:21:14.024756','340','2.10/Social Engineering/Mailsystem/Innendienst/Threat Awareness',2,'[]',18,1),(5864,'2024-05-16 19:27:49.363053','1','Innendienst',2,'[{\"changed\": {\"fields\": [\"Zugeordnete Bedrohungssituationen\"]}}]',19,1),(5865,'2024-05-16 19:56:47.217876','1','Innendienst',2,'[{\"changed\": {\"fields\": [\"Zugeordnete Bedrohungssituationen\"]}}]',19,1),(5866,'2024-05-16 20:11:35.075016','55','3.6 / (Speer)-Phishing / Instantmessenger / Fhrungskraft',3,'',21,1),(5867,'2024-05-16 20:13:07.882157','12','3.6/(Speer)-Phishing/Instantmessenger/Fhrungskraft/Chat 1',1,'[{\"added\": {}}]',12,1),(5868,'2024-05-16 20:14:19.889867','13','3.6/(Speer)-Phishing/Instantmessenger/Fhrungskraft/Chat 2',1,'[{\"added\": {}}]',12,1),(5869,'2024-05-16 20:15:04.815785','14','3.6/(Speer)-Phishing/Instantmessenger/Fhrungskraft/Chat 3',1,'[{\"added\": {}}]',12,1),(5870,'2024-05-16 20:15:27.679124','74','3.6 / (Speer)-Phishing / Instantmessenger / Fhrungskraft',1,'[{\"added\": {}}]',23,1),(5871,'2024-05-16 20:15:44.348987','74','3.6 / (Speer)-Phishing / Instantmessenger / Fhrungskraft',2,'[{\"changed\": {\"fields\": [\"Text zum Impuls\"]}}]',23,1),(5872,'2024-05-16 20:16:12.762546','477','3.6/(Speer)-Phishing/Instantmessenger/Fhrungskraft/Threat Awareness',1,'[{\"added\": {}}]',18,1),(5873,'2024-05-22 08:48:20.802700','15','3.9/Social Engineering/Instantmessenger/Fhrungskraft/Chat 1',1,'[{\"added\": {}}]',12,1),(5874,'2024-05-22 08:50:29.291379','16','3.9/Social Engineering/Instantmessenger/Fhrungskraft/Chat 2',1,'[{\"added\": {}}]',12,1),(5875,'2024-05-22 08:51:13.473839','17','3.9/Social Engineering/Instantmessenger/Fhrungskraft/Chat 3',1,'[{\"added\": {}}]',12,1),(5876,'2024-05-22 08:51:38.214589','56','3.9 / Social Engineering / Instantmessenger / Fhrungskraft',3,'',21,1),(5877,'2024-05-22 08:51:59.096131','75','3.9 / Social Engineering / Instantmessenger / Fhrungskraft',1,'[{\"added\": {}}]',23,1),(5878,'2024-05-22 08:52:13.747051','75','3.9 / Social Engineering / Instantmessenger / Fhrungskraft',2,'[{\"changed\": {\"fields\": [\"Text zum Impuls\"]}}]',23,1),(5879,'2024-05-22 08:52:52.092075','478','3.9/Social Engineering/Instantmessenger/Fhrungskraft/Threat Awareness',1,'[{\"added\": {}}]',18,1),(5880,'2024-05-22 10:45:42.540514','153','3.13/(Weit verbreiteter) Festplattenfehler/USB-Stick/Fhrungskraft/Impuls 1',2,'[{\"changed\": {\"fields\": [\"Bild-Datei\"]}}]',15,1),(5881,'2024-05-22 10:45:57.644586','154','3.13/(Weit verbreiteter) Festplattenfehler/USB-Stick/Fhrungskraft/Impuls 2',2,'[{\"changed\": {\"fields\": [\"Bild-Datei\"]}}]',15,1),(5882,'2024-05-22 10:46:06.516796','155','3.13/(Weit verbreiteter) Festplattenfehler/USB-Stick/Fhrungskraft/Impuls 3',2,'[{\"changed\": {\"fields\": [\"Bild-Datei\"]}}]',15,1),(5883,'2024-05-22 10:51:09.000037','25','3.10/Social Engineering/Mailsystem/Fhrungskraft/E-Mail 1',1,'[{\"added\": {}}]',14,1),(5884,'2024-05-22 10:51:54.549294','25','3.10/Social Engineering/Mailsystem/Fhrungskraft/E-Mail 1',2,'[{\"changed\": {\"fields\": [\"Inhalt\"]}}]',14,1),(5885,'2024-05-22 10:53:53.664414','26','3.10/Social Engineering/Mailsystem/Fhrungskraft/E-Mail 2',1,'[{\"added\": {}}]',14,1),(5886,'2024-05-22 10:56:09.642068','27','3.10/Social Engineering/Mailsystem/Fhrungskraft/E-Mail 3',1,'[{\"added\": {}}]',14,1),(5887,'2024-05-22 10:56:27.100462','57','3.10 / Social Engineering / Mailsystem / Fhrungskraft',3,'',21,1),(5888,'2024-05-22 11:08:44.606341','18','4.6/Einschleusen modifizierter Malware in interne Informationssysteme der Organisation/Instantmessenger/Auendienst/Chat 1',1,'[{\"added\": {}}]',12,1),(5889,'2024-05-22 11:09:37.699365','19','4.6/Einschleusen modifizierter Malware in interne Informationssysteme der Organisation/Instantmessenger/Auendienst/Chat 2',1,'[{\"added\": {}}]',12,1),(5890,'2024-05-22 11:12:11.019987','19','4.6/Einschleusen modifizierter Malware in interne Informationssysteme der Organisation/Instantmessenger/Auendienst/Chat 2',2,'[{\"changed\": {\"fields\": [\"Eingehende Nachricht 1\"]}}]',12,1),(5891,'2024-05-22 11:13:30.003995','18','4.6/Einschleusen modifizierter Malware in interne Informationssysteme der Organisation/Instantmessenger/Auendienst/Chat 1',2,'[]',12,1),(5892,'2024-05-22 11:13:49.944362','18','4.6/Einschleusen modifizierter Malware in interne Informationssysteme der Organisation/Instantmessenger/Auendienst/Chat 1',2,'[{\"changed\": {\"fields\": [\"Eingehende Nachricht 2 (optional)\"]}}]',12,1),(5893,'2024-05-22 11:15:02.285091','20','4.6/Einschleusen modifizierter Malware in interne Informationssysteme der Organisation/Instantmessenger/Auendienst/Chat 3',1,'[{\"added\": {}}]',12,1),(5894,'2024-05-22 11:15:28.255190','20','4.6/Einschleusen modifizierter Malware in interne Informationssysteme der Organisation/Instantmessenger/Auendienst/Chat 3',2,'[{\"changed\": {\"fields\": [\"Eingehende Nachricht 1\"]}}]',12,1),(5895,'2024-05-22 11:29:13.253564','48','4.6 / Einschleusen modifizierter Malware in interne Informationssysteme der Organisation / Instantmessenger / Auendienst',3,'',21,1),(5896,'2024-05-22 11:30:00.676901','76','4.6 / Einschleusen modifizierter Malware in interne Informationssysteme der Organisation / Instantmessenger / Auendienst',1,'[{\"added\": {}}]',23,1),(5897,'2024-05-22 11:30:10.733169','76','4.6 / Einschleusen modifizierter Malware in interne Informationssysteme der Organisation / Instantmessenger / Auendienst',2,'[{\"changed\": {\"fields\": [\"Text zum Impuls\"]}}]',23,1),(5898,'2024-05-22 11:30:35.152514','479','4.6/Einschleusen modifizierter Malware in interne Informationssysteme der Organisation/Instantmessenger/Auendienst/Threat Awareness',1,'[{\"added\": {}}]',18,1),(5899,'2024-05-22 11:31:49.229248','49','4.7 / Bereitstellung gezielter Schadsoftware zur Kontrolle interner Systeme und zur Exfiltration von Daten / Instantmessenger / Auendienst',3,'',21,1),(5900,'2024-05-22 11:32:41.595837','21','4.7/Bereitstellung gezielter Schadsoftware zur Kontrolle interner Systeme und zur Exfiltration von Daten/Instantmessenger/Auendienst/Chat 1',1,'[{\"added\": {}}]',12,1),(5901,'2024-05-22 11:33:09.375691','21','4.7/Bereitstellung gezielter Schadsoftware zur Kontrolle interner Systeme und zur Exfiltration von Daten/Instantmessenger/Auendienst/Chat 1',2,'[{\"changed\": {\"fields\": [\"Eingehende Nachricht 1\"]}}]',12,1),(5902,'2024-05-22 11:34:05.813306','22','4.7/Bereitstellung gezielter Schadsoftware zur Kontrolle interner Systeme und zur Exfiltration von Daten/Instantmessenger/Auendienst/Chat 2',1,'[{\"added\": {}}]',12,1),(5903,'2024-05-22 11:34:58.334913','23','4.7/Bereitstellung gezielter Schadsoftware zur Kontrolle interner Systeme und zur Exfiltration von Daten/Instantmessenger/Auendienst/Chat 3',1,'[{\"added\": {}}]',12,1),(5904,'2024-05-22 11:35:16.742614','23','4.7/Bereitstellung gezielter Schadsoftware zur Kontrolle interner Systeme und zur Exfiltration von Daten/Instantmessenger/Auendienst/Chat 3',2,'[{\"changed\": {\"fields\": [\"Eingehende Nachricht 1\"]}}]',12,1),(5905,'2024-05-22 11:35:49.833583','77','4.7 / Bereitstellung gezielter Schadsoftware zur Kontrolle interner Systeme und zur Exfiltration von Daten / Instantmessenger / Auendienst',1,'[{\"added\": {}}]',23,1),(5906,'2024-05-22 11:35:57.943121','77','4.7 / Bereitstellung gezielter Schadsoftware zur Kontrolle interner Systeme und zur Exfiltration von Daten / Instantmessenger / Auendienst',2,'[{\"changed\": {\"fields\": [\"Text zum Impuls\"]}}]',23,1),(5907,'2024-05-22 11:36:16.951688','480','4.7/Bereitstellung gezielter Schadsoftware zur Kontrolle interner Systeme und zur Exfiltration von Daten/Instantmessenger/Auendienst/Threat Awareness',1,'[{\"added\": {}}]',18,1),(5908,'2024-05-22 12:07:10.984329','24','5.20/(Speer)-Phishing/Instantmessenger/Geschftsfhrer*in/Chat 1',1,'[{\"added\": {}}]',12,1),(5909,'2024-05-22 12:08:01.559403','25','5.20/(Speer)-Phishing/Instantmessenger/Geschftsfhrer*in/Chat 2',1,'[{\"added\": {}}]',12,1),(5910,'2024-05-22 12:10:46.970752','165','5.4/Ausnutzen bekannter Schwachstellen in mobilen Systemen (z. B. Laptops, PDAs, Smartphones)/Smartphone/Geschftsfhrer*in/Impuls 1',2,'[{\"changed\": {\"fields\": [\"Bild-Datei\"]}}]',15,1),(5911,'2024-05-22 12:11:01.386783','166','5.4/Ausnutzen bekannter Schwachstellen in mobilen Systemen (z. B. Laptops, PDAs, Smartphones)/Smartphone/Geschftsfhrer*in/Impuls 2',2,'[{\"changed\": {\"fields\": [\"Bild-Datei\"]}}]',15,1),(5912,'2024-05-22 12:11:11.125119','167','5.4/Ausnutzen bekannter Schwachstellen in mobilen Systemen (z. B. Laptops, PDAs, Smartphones)/Smartphone/Geschftsfhrer*in/Impuls 3',2,'[{\"changed\": {\"fields\": [\"Bild-Datei\"]}}]',15,1),(5913,'2024-05-22 12:30:04.526522','28','5.23/Spoofing/Online-Banking/Geschftsfhrer*in/E-Mail 1',1,'[{\"added\": {}}]',14,1),(5914,'2024-05-22 12:30:24.770096','28','5.23/Spoofing/Online-Banking/Geschftsfhrer*in/E-Mail 1',2,'[{\"changed\": {\"fields\": [\"Inhalt\"]}}]',14,1),(5915,'2024-05-22 12:53:46.984296','485','3.10/Social Engineering/Mailsystem/Fhrungskraft/Threat Awareness',1,'[{\"added\": {}}]',17,1),(5916,'2024-05-22 12:54:19.805040','486','3.10/Social Engineering/Mailsystem/Fhrungskraft/Threat Identification',1,'[{\"added\": {}}]',17,1),(5917,'2024-05-22 12:54:43.314871','487','3.10/Social Engineering/Mailsystem/Fhrungskraft/Threat Impact Assessment',1,'[{\"added\": {}}]',17,1),(5918,'2024-05-22 12:55:08.792391','488','3.10/Social Engineering/Mailsystem/Fhrungskraft/Tactic Choice',1,'[{\"added\": {}}]',17,1),(5919,'2024-05-22 12:55:33.355798','489','3.10/Social Engineering/Mailsystem/Fhrungskraft/Tactic Justification',1,'[{\"added\": {}}]',17,1),(5920,'2024-05-22 12:55:55.389436','490','3.10/Social Engineering/Mailsystem/Fhrungskraft/Tactic Mastery',1,'[{\"added\": {}}]',17,1),(5921,'2024-05-22 12:56:19.332839','491','3.10/Social Engineering/Mailsystem/Fhrungskraft/Tactic Check & Follow-Up',1,'[{\"added\": {}}]',17,1),(5922,'2024-05-22 12:56:40.785213','1847','None',1,'[{\"added\": {}}]',20,1),(5923,'2024-05-22 12:56:51.976593','1848','None',1,'[{\"added\": {}}]',20,1),(5924,'2024-05-22 12:57:02.860213','1849','None',1,'[{\"added\": {}}]',20,1),(5925,'2024-05-22 12:57:23.835662','1850','None',1,'[{\"added\": {}}]',20,1),(5926,'2024-05-22 12:57:40.393046','1851','None',1,'[{\"added\": {}}]',20,1),(5927,'2024-05-22 12:58:02.768528','1852','None',1,'[{\"added\": {}}]',20,1),(5928,'2024-05-22 12:58:19.151249','1853','None',1,'[{\"added\": {}}]',20,1),(5929,'2024-05-22 12:58:36.687429','1854','None',1,'[{\"added\": {}}]',20,1),(5930,'2024-05-22 12:58:52.169147','1855','None',1,'[{\"added\": {}}]',20,1),(5931,'2024-05-22 12:59:10.457557','1856','None',1,'[{\"added\": {}}]',20,1),(5932,'2024-05-22 12:59:30.439655','1857','None',1,'[{\"added\": {}}]',20,1),(5933,'2024-05-22 12:59:48.368682','1858','None',1,'[{\"added\": {}}]',20,1),(5934,'2024-05-22 13:00:05.143429','1859','None',1,'[{\"added\": {}}]',20,1),(5935,'2024-05-22 13:00:21.074056','1860','None',1,'[{\"added\": {}}]',20,1),(5936,'2024-05-22 13:00:37.135489','1861','None',1,'[{\"added\": {}}]',20,1),(5937,'2024-05-22 13:00:56.394241','1862','None',1,'[{\"added\": {}}]',20,1),(5938,'2024-05-22 13:01:13.400562','1863','None',1,'[{\"added\": {}}]',20,1),(5939,'2024-05-22 13:01:29.569091','1864','None',1,'[{\"added\": {}}]',20,1),(5940,'2024-05-22 13:01:48.586850','1865','None',1,'[{\"added\": {}}]',20,1),(5941,'2024-05-22 13:02:02.753872','1866','None',1,'[{\"added\": {}}]',20,1),(5943,'2024-05-22 13:02:18.404544','1867','None',1,'[{\"added\": {}}]',20,1),(5944,'2024-05-22 13:02:34.032261','1868','None',1,'[{\"added\": {}}]',20,1),(5946,'2024-05-22 13:02:49.167590','1869','None',1,'[{\"added\": {}}]',20,1),(5947,'2024-05-22 13:03:12.290354','1870','None',1,'[{\"added\": {}}]',20,1),(5948,'2024-05-22 13:03:30.955643','1871','None',1,'[{\"added\": {}}]',20,1),(5949,'2024-05-22 13:04:26.109776','78','3.10 / Social Engineering / Mailsystem / Fhrungskraft',1,'[{\"added\": {}}]',22,1),(5950,'2024-05-22 13:04:55.734108','481','3.10/Social Engineering/Mailsystem/Fhrungskraft/Threat Awareness',1,'[{\"added\": {}}]',18,1),(5951,'2024-05-22 13:05:09.956252','381','3.10/Social Engineering/Mailsystem/Fhrungskraft/Tactic Check & Follow-Up',2,'[{\"changed\": {\"fields\": [\"Zugeordnete Frage\"]}}]',18,1),(5952,'2024-05-22 13:05:21.206940','380','3.10/Social Engineering/Mailsystem/Fhrungskraft/Tactic Mastery',2,'[{\"changed\": {\"fields\": [\"Zugeordnete Frage\"]}}]',18,1),(5953,'2024-05-22 13:05:37.936104','381','3.10/Social Engineering/Mailsystem/Fhrungskraft/Tactic Check & Follow-Up',2,'[{\"changed\": {\"fields\": [\"Zugeordnete Frage\"]}}]',18,1),(5954,'2024-05-22 13:05:47.412956','379','3.10/Social Engineering/Mailsystem/Fhrungskraft/Tactic Justification',2,'[{\"changed\": {\"fields\": [\"Zugeordnete Frage\"]}}]',18,1),(5955,'2024-05-22 13:06:02.861994','378','3.10/Social Engineering/Mailsystem/Fhrungskraft/Tactic Choice',2,'[{\"changed\": {\"fields\": [\"Zugeordnete Frage\"]}}]',18,1),(5956,'2024-05-22 13:06:14.475077','377','3.10/Social Engineering/Mailsystem/Fhrungskraft/Threat Impact Assessment',2,'[{\"changed\": {\"fields\": [\"Zugeordnete Frage\"]}}]',18,1),(5957,'2024-05-22 13:06:23.674314','376','3.10/Social Engineering/Mailsystem/Fhrungskraft/Threat Identification',2,'[{\"changed\": {\"fields\": [\"Zugeordnete Frage\"]}}]',18,1),(5958,'2024-05-22 13:14:17.060280','75','2.3/Durchfhrung von Brute-Force-Anmeldeversuchen/Passworterratungsangriffen/PC/Innendienst',1,'[{\"added\": {}}]',11,1),(5959,'2024-05-22 13:15:04.459390','184','2.3/Durchfhrung von Brute-Force-Anmeldeversuchen/Passworterratungsangriffen/PC/Innendienst/Impuls 1',1,'[{\"added\": {}}]',15,1),(5960,'2024-05-22 13:15:20.504967','185','2.3/Durchfhrung von Brute-Force-Anmeldeversuchen/Passworterratungsangriffen/PC/Innendienst/Impuls 2',1,'[{\"added\": {}}]',15,1),(5961,'2024-05-22 13:15:40.755778','186','2.3/Durchfhrung von Brute-Force-Anmeldeversuchen/Passworterratungsangriffen/PC/Innendienst/Impuls 3',1,'[{\"added\": {}}]',15,1),(5962,'2024-05-22 13:15:54.916108','79','2.3 / Durchfhrung von Brute-Force-Anmeldeversuchen/Passworterratungsangriffen / PC / Innendienst',1,'[{\"added\": {}}]',21,1),(5963,'2024-05-22 13:16:04.579465','79','2.3 / Durchfhrung von Brute-Force-Anmeldeversuchen/Passworterratungsangriffen / PC / Innendienst',2,'[{\"changed\": {\"fields\": [\"Text zum Impuls\"]}}]',21,1),(5964,'2024-05-22 13:16:15.570365','71','3.14 / Falsche Berechtigungseinstellungen / Mitarbeiter / Fhrungskraft',2,'[{\"changed\": {\"fields\": [\"Text zum Impuls\"]}}]',21,1),(5965,'2024-05-22 13:16:22.646716','70','3.14 / Falsche Berechtigungseinstellungen / Mitarbeiter / Fhrungskraft',2,'[{\"changed\": {\"fields\": [\"Text zum Impuls\"]}}]',21,1),(5966,'2024-05-22 13:16:31.295015','68','5.23 / Spoofing / Online-Banking / Geschftsfhrer*in',2,'[{\"changed\": {\"fields\": [\"Text zum Impuls\"]}}]',21,1),(5967,'2024-05-22 13:16:36.841583','67','5.23 / Spoofing / Online-Banking / Geschftsfhrer*in',2,'[{\"changed\": {\"fields\": [\"Text zum Impuls\"]}}]',21,1),(5968,'2024-05-22 13:17:15.790385','492','2.3/Durchfhrung von Brute-Force-Anmeldeversuchen/Passworterratungsangriffen/PC/Innendienst/Threat Awareness',1,'[{\"added\": {}}]',17,1),(5969,'2024-05-22 13:17:37.661545','493','2.3/Durchfhrung von Brute-Force-Anmeldeversuchen/Passworterratungsangriffen/PC/Innendienst/Threat Identification',1,'[{\"added\": {}}]',17,1),(5970,'2024-05-22 13:18:04.106277','494','2.3/Durchfhrung von Brute-Force-Anmeldeversuchen/Passworterratungsangriffen/PC/Innendienst/Threat Impact Assessment',1,'[{\"added\": {}}]',17,1),(5971,'2024-05-22 13:18:25.520840','495','2.3/Durchfhrung von Brute-Force-Anmeldeversuchen/Passworterratungsangriffen/PC/Innendienst/Tactic Choice',1,'[{\"added\": {}}]',17,1),(5972,'2024-05-22 13:18:46.274449','496','2.3/Durchfhrung von Brute-Force-Anmeldeversuchen/Passworterratungsangriffen/PC/Innendienst/Tactic Justification',1,'[{\"added\": {}}]',17,1),(5973,'2024-05-22 13:19:07.241019','497','2.3/Durchfhrung von Brute-Force-Anmeldeversuchen/Passworterratungsangriffen/PC/Innendienst/Tactic Mastery',1,'[{\"added\": {}}]',17,1),(5974,'2024-05-22 13:19:29.269125','498','2.3/Durchfhrung von Brute-Force-Anmeldeversuchen/Passworterratungsangriffen/PC/Innendienst/Tactic Check & Follow-Up',1,'[{\"added\": {}}]',17,1),(5976,'2024-05-22 13:19:52.516439','1872','None',1,'[{\"added\": {}}]',20,1),(5977,'2024-05-22 13:20:04.578959','1873','None',1,'[{\"added\": {}}]',20,1),(5978,'2024-05-22 13:20:15.600947','1874','None',1,'[{\"added\": {}}]',20,1),(5979,'2024-05-22 13:20:31.241081','1875','None',1,'[{\"added\": {}}]',20,1),(5980,'2024-05-22 13:20:47.335553','1876','None',1,'[{\"added\": {}}]',20,1),(5981,'2024-05-22 13:21:02.757029','1877','None',1,'[{\"added\": {}}]',20,1),(5982,'2024-05-22 13:21:30.498279','1878','None',1,'[{\"added\": {}}]',20,1),(5983,'2024-05-22 13:21:53.248030','1879','None',1,'[{\"added\": {}}]',20,1),(5984,'2024-05-22 13:22:07.585691','1880','None',1,'[{\"added\": {}}]',20,1),(5985,'2024-05-22 13:22:25.861564','1881','None',1,'[{\"added\": {}}]',20,1),(5986,'2024-05-22 13:22:40.332154','1882','None',1,'[{\"added\": {}}]',20,1),(5987,'2024-05-22 13:22:57.536602','1883','None',1,'[{\"added\": {}}]',20,1),(5988,'2024-05-22 13:23:11.526441','1884','None',1,'[{\"added\": {}}]',20,1),(5989,'2024-05-22 13:23:43.302364','1885','None',1,'[{\"added\": {}}]',20,1),(5990,'2024-05-22 13:24:00.225021','1886','None',1,'[{\"added\": {}}]',20,1),(5991,'2024-05-22 13:24:20.464035','1887','None',1,'[{\"added\": {}}]',20,1),(5992,'2024-05-22 13:27:01.429979','1888','None',1,'[{\"added\": {}}]',20,1),(5993,'2024-05-22 13:27:17.859598','1889','None',1,'[{\"added\": {}}]',20,1),(5994,'2024-05-22 13:27:33.707066','1890','None',1,'[{\"added\": {}}]',20,1),(5995,'2024-05-22 13:27:52.738125','1891','None',1,'[{\"added\": {}}]',20,1),(5996,'2024-05-22 13:28:11.986655','1892','None',1,'[{\"added\": {}}]',20,1),(5998,'2024-05-22 13:28:26.003124','1893','None',1,'[{\"added\": {}}]',20,1),(5999,'2024-05-22 13:28:40.926425','1894','None',1,'[{\"added\": {}}]',20,1),(6000,'2024-05-22 13:28:56.159298','1895','None',1,'[{\"added\": {}}]',20,1),(6001,'2024-05-22 13:29:16.916393','1896','None',1,'[{\"added\": {}}]',20,1),(6002,'2024-05-22 13:29:39.753947','482','2.3/Durchfhrung von Brute-Force-Anmeldeversuchen/Passworterratungsangriffen/PC/Innendienst/Threat Awareness',1,'[{\"added\": {}}]',18,1),(6003,'2024-05-22 13:29:59.384981','483','2.3/Durchfhrung von Brute-Force-Anmeldeversuchen/Passworterratungsangriffen/PC/Innendienst/Threat Identification',1,'[{\"added\": {}}]',18,1),(6004,'2024-05-22 13:30:11.079574','484','2.3/Durchfhrung von Brute-Force-Anmeldeversuchen/Passworterratungsangriffen/PC/Innendienst/Threat Impact Assessment',1,'[{\"added\": {}}]',18,1),(6005,'2024-05-22 13:30:23.833696','485','2.3/Durchfhrung von Brute-Force-Anmeldeversuchen/Passworterratungsangriffen/PC/Innendienst/Tactic Choice',1,'[{\"added\": {}}]',18,1),(6007,'2024-05-22 13:30:35.249945','486','2.3/Durchfhrung von Brute-Force-Anmeldeversuchen/Passworterratungsangriffen/PC/Innendienst/Tactic Justification',1,'[{\"added\": {}}]',18,1),(6008,'2024-05-22 13:30:51.429349','487','2.3/Durchfhrung von Brute-Force-Anmeldeversuchen/Passworterratungsangriffen/PC/Innendienst/Tactic Mastery',1,'[{\"added\": {}}]',18,1),(6009,'2024-05-22 13:31:03.631066','488','2.3/Durchfhrung von Brute-Force-Anmeldeversuchen/Passworterratungsangriffen/PC/Innendienst/Tactic Check & Follow-Up',1,'[{\"added\": {}}]',18,1),(6040,'2024-05-22 13:47:48.083479','28','5.23/Spoofing/Online-Banking/Geschftsfhrer*in/E-Mail 1',2,'[]',14,1),(6042,'2024-05-22 13:48:49.622911','29','5.23/Spoofing/Online-Banking/Geschftsfhrer*in/E-Mail 2',1,'[{\"added\": {}}]',14,1),(6047,'2024-05-22 13:49:46.784558','29','5.23/Spoofing/Online-Banking/Geschftsfhrer*in/E-Mail 2',2,'[{\"changed\": {\"fields\": [\"Vorschau\", \"Inhalt\"]}}]',14,1),(6050,'2024-05-22 13:50:13.813767','29','5.23/Spoofing/Online-Banking/Geschftsfhrer*in/E-Mail 2',2,'[{\"changed\": {\"fields\": [\"Inhalt\"]}}]',14,1),(6052,'2024-05-22 13:51:32.261246','30','5.23/Spoofing/Online-Banking/Geschftsfhrer*in/E-Mail 3',1,'[{\"added\": {}}]',14,1),(6053,'2024-05-22 13:51:54.020316','80','5.23 / Spoofing / Online-Banking / Geschftsfhrer*in',1,'[{\"added\": {}}]',22,1),(6054,'2024-05-22 13:52:51.776519','66','5.4/Ausnutzen bekannter Schwachstellen in mobilen Systemen (z. B. Laptops, PDAs, Smartphones)/Smartphone/Geschftsfhrer*in',2,'[{\"changed\": {\"fields\": [\"Beschreibung\"]}}]',11,1),(6055,'2024-05-22 13:53:11.852889','57','3.6/(Speer)-Phishing/Instantmessenger/Fhrungskraft',2,'[{\"changed\": {\"fields\": [\"Beschreibung\"]}}]',11,1),(6056,'2024-05-22 13:53:36.324954','50','4.6/Einschleusen modifizierter Malware in interne Informationssysteme der Organisation/Instantmessenger/Auendienst',2,'[{\"changed\": {\"fields\": [\"Beschreibung\"]}}]',11,1),(6057,'2024-05-22 13:54:16.292898','32','3.11/Social Engineering/Kollaborationssysteme/Fhrungskraft',2,'[{\"changed\": {\"fields\": [\"Beschreibung\"]}}]',11,1),(6058,'2024-05-22 13:54:59.501343','1','2.11/Social Engineering/Kollaborationssysteme/Innendienst',2,'[{\"changed\": {\"fields\": [\"Beschreibung\"]}}]',11,1),(6065,'2024-05-22 14:32:25.859508','168','5.20/(Speer)-Phishing/Instantmessenger/Geschftsfhrer*in/Impuls 1',2,'[{\"changed\": {\"fields\": [\"Bild-Datei\"]}}]',15,1),(6067,'2024-05-22 14:32:40.745767','169','5.20/(Speer)-Phishing/Instantmessenger/Geschftsfhrer*in/Impuls 2',2,'[{\"changed\": {\"fields\": [\"Bild-Datei\"]}}]',15,1),(6069,'2024-05-22 14:32:47.446628','170','5.20/(Speer)-Phishing/Instantmessenger/Geschftsfhrer*in/Impuls 3',2,'[{\"changed\": {\"fields\": [\"Bild-Datei\"]}}]',15,1),(6075,'2024-05-22 15:16:23.718770','187','5.1/Angriffe auf persnliche Gerte kritischer Mitarbeiter*innen / Kompromittierung/PC/Geschftsfhrer*in/Bild 2',3,'',15,1),(6076,'2024-05-22 15:16:52.763591','188','5.1/Angriffe auf persnliche Gerte kritischer Mitarbeiter*innen / Kompromittierung/PC/Geschftsfhrer*in/Impuls 2',1,'[{\"added\": {}}]',15,1),(6077,'2024-05-22 15:17:10.241115','189','5.1/Angriffe auf persnliche Gerte kritischer Mitarbeiter*innen / Kompromittierung/PC/Geschftsfhrer*in/Impuls 2',1,'[{\"added\": {}}]',15,1),(6078,'2024-05-22 15:17:31.538107','190','5.1/Angriffe auf persnliche Gerte kritischer Mitarbeiter*innen / Kompromittierung/PC/Geschftsfhrer*in/Impuls 3',1,'[{\"added\": {}}]',15,1),(6079,'2024-05-22 15:18:03.211475','188','5.1/Angriffe auf persnliche Gerte kritischer Mitarbeiter*innen / Kompromittierung/PC/Geschftsfhrer*in/Impuls 1',2,'[{\"changed\": {\"fields\": [\"Nummer des Impulses\"]}}]',15,1),(6080,'2024-05-22 15:18:19.307000','82','5.1 / Angriffe auf persnliche Gerte kritischer Mitarbeiter*innen / Kompromittierung / PC / Geschftsfhrer*in',2,'[{\"changed\": {\"fields\": [\"Bild\"]}}]',21,1),(6081,'2024-05-22 15:19:30.510522','120','4.5/Einschleusen bekannter Malware in interne Informationssysteme der Organisation/Instantmessenger/Auendienst/Impuls 1',2,'[{\"changed\": {\"fields\": [\"Bild-Datei\"]}}]',15,1),(6082,'2024-05-22 15:19:38.212446','121','4.5/Einschleusen bekannter Malware in interne Informationssysteme der Organisation/Instantmessenger/Auendienst/Impuls 2',2,'[{\"changed\": {\"fields\": [\"Bild-Datei\"]}}]',15,1),(6083,'2024-05-22 15:19:45.685516','122','4.5/Einschleusen bekannter Malware in interne Informationssysteme der Organisation/Instantmessenger/Auendienst/Impuls 3',2,'[{\"changed\": {\"fields\": [\"Bild-Datei\"]}}]',15,1),(6084,'2024-05-22 15:21:20.874298','191','3.8/Social Engineering/Mitarbeiter/Fhrungskraft/Impuls 1',1,'[{\"added\": {}}]',15,1),(6085,'2024-05-22 15:21:38.087801','192','3.8/Social Engineering/Mitarbeiter/Fhrungskraft/Imouls 2',1,'[{\"added\": {}}]',15,1),(6086,'2024-05-22 15:21:55.306125','193','3.8/Social Engineering/Mitarbeiter/Fhrungskraft/Impuls 3',1,'[{\"added\": {}}]',15,1),(6087,'2024-05-22 15:22:09.624596','83','3.8 / Social Engineering / Mitarbeiter / Fhrungskraft',1,'[{\"added\": {}}]',21,1),(6088,'2024-05-22 15:24:22.212353','81','5.1 / Angriffe auf persnliche Gerte kritischer Mitarbeiter*innen / Kompromittierung / PC / Geschftsfhrer*in',3,'',22,1),(6089,'2024-05-22 15:24:49.204059','130','5.1/Angriffe auf persnliche Gerte kritischer Mitarbeiter*innen / Kompromittierung/PC/Geschftsfhrer*in/Threat Awareness',2,'[{\"changed\": {\"fields\": [\"Zugeordneter Impuls\"]}}]',18,1),(6090,'2024-05-22 15:25:03.549004','193','3.8/Social Engineering/Mitarbeiter/Fhrungskraft/Threat Awareness',2,'[{\"changed\": {\"fields\": [\"Zugeordneter Impuls\"]}}]',18,1),(6106,'2024-05-23 11:09:21.941198','496','5.1/Angriffe auf persnliche Gerte kritischer Mitarbeiter*innen / Kompromittierung/PC/Geschftsfhrer*in/Threat Awareness',2,'[{\"changed\": {\"fields\": [\"Zugeordneter Impuls\"]}}]',18,1),(6107,'2024-05-23 11:12:11.635583','31','5.1/Angriffe auf persnliche Gerte kritischer Mitarbeiter*innen / Kompromittierung/PC/Geschftsfhrer*in/E-Mail 1',3,'',14,1),(6108,'2024-05-23 11:12:15.773132','32','5.1/Angriffe auf persnliche Gerte kritischer Mitarbeiter*innen / Kompromittierung/PC/Geschftsfhrer*in/E-Mail 3',3,'',14,1),(6109,'2024-05-28 11:38:56.864690','7','Geschftsfhrer*in',2,'[{\"changed\": {\"fields\": [\"Zugeordnete Bedrohungssituationen\"]}}]',19,1),(6110,'2024-05-28 11:39:06.758583','5','IT-Admin',2,'[{\"changed\": {\"fields\": [\"Zugeordnete Bedrohungssituationen\"]}}]',19,1),(6111,'2024-05-28 11:39:24.910097','4','Fhrungskraft',2,'[{\"changed\": {\"fields\": [\"Zugeordnete Bedrohungssituationen\"]}}]',19,1),(6112,'2024-05-28 11:39:37.961899','2','Auendienst',2,'[{\"changed\": {\"fields\": [\"Zugeordnete Bedrohungssituationen\"]}}]',19,1),(6113,'2024-05-28 11:39:49.161958','1','Innendienst',2,'[{\"changed\": {\"fields\": [\"Zugeordnete Bedrohungssituationen\"]}}]',19,1),(6114,'2024-06-06 11:12:31.772377','966','Threat Awareness/IT Admin/Durchfhrung von nicht zielgerichteten Zero-Day-Angriffen/Netzwerk',2,'[{\"changed\": {\"fields\": [\"Antwortoption\"]}}]',20,1),(6115,'2024-06-06 11:12:51.160379','967','Threat Awareness/IT Admin/Durchfhrung von nicht zielgerichteten Zero-Day-Angriffen/Netzwerk',2,'[{\"changed\": {\"fields\": [\"Antwortoption\"]}}]',20,1),(6116,'2024-06-06 11:12:57.894193','966','Threat Awareness/IT Admin/Durchfhrung von nicht zielgerichteten Zero-Day-Angriffen/Netzwerk',2,'[{\"changed\": {\"fields\": [\"Antwortoption\"]}}]',20,1),(6117,'2024-06-06 11:13:06.553915','968','Threat Awareness/IT Admin/Durchfhrung von nicht zielgerichteten Zero-Day-Angriffen/Netzwerk',2,'[{\"changed\": {\"fields\": [\"Antwortoption\"]}}]',20,1),(6118,'2024-06-06 11:35:06.119560','261','1.2/Durchfhrung einfacher/verteilter/gezielter Denial-of-Service-Angriffe (DoS)/Server/IT-Admin/Threat Awareness',2,'[{\"changed\": {\"fields\": [\"Text zur Frage\"]}}]',17,1),(6119,'2024-06-06 11:35:21.598472','1033','Threat Awareness/IT Admin/Durchfhrung einfacher/verteilter/gezielter Denial-of-Service-Angriffe/Server',2,'[{\"changed\": {\"fields\": [\"Antwortoption\"]}}]',20,1),(6120,'2024-06-06 11:35:30.307621','1034','Threat Awareness/IT Admin/Durchfhrung einfacher/verteilter/gezielter Denial-of-Service-Angriffe/Server',2,'[{\"changed\": {\"fields\": [\"Antwortoption\"]}}]',20,1),(6121,'2024-06-06 11:35:38.004019','1035','Threat Awareness/IT Admin/Durchfhrung einfacher/verteilter/gezielter Denial-of-Service-Angriffe/Server',2,'[{\"changed\": {\"fields\": [\"Antwortoption\"]}}]',20,1),(6122,'2024-06-06 12:56:24.057086','5','IT-Admin',2,'[{\"changed\": {\"fields\": [\"Zugeordnete Bedrohungssituationen\"]}}]',19,1),(6123,'2024-06-06 12:57:46.827749','1086','Threat Identification/IT Admin/Bereitstellung (modifizierter) Malware fr interne Informationssysteme der Organisation/Browser',2,'[{\"changed\": {\"fields\": [\"Antwortoption\"]}}]',20,1),(6124,'2024-06-06 13:00:58.061913','906','Threat Awareness/IT Admin/Bereitstellung (modifizierter) Malware fr interne Informationssysteme der Organisation/Mailsystem',2,'[{\"changed\": {\"fields\": [\"Antwortoption\"]}}]',20,1),(6125,'2024-06-06 13:01:05.009626','907','Threat Awareness/IT Admin/Bereitstellung (modifizierter) Malware fr interne Informationssysteme der Organisation/Mailsystem',2,'[{\"changed\": {\"fields\": [\"Antwortoption\"]}}]',20,1),(6126,'2024-06-07 09:18:52.711016','1920','Tactic Justification/IT Admin/Bereitstellung (modifizierter) Malware fr interne Informationssysteme der Organisation/Mailsystem',1,'[{\"added\": {}}]',20,1),(6127,'2024-06-07 09:19:38.451920','926','Tactic Mastery/IT Admin/Bereitstellung (modifizierter) Malware fr interne Informationssysteme der Organisation/Mailsystem',3,'',20,1),(6128,'2024-06-07 09:32:14.397148','937','Threat Awareness/IT Admin/Bereitstellung gezielter Schadsoftware zur Kontrolle interner Systeme und zur Exfiltration von Daten/Mailsystem',2,'[{\"changed\": {\"fields\": [\"Antwortoption\"]}}]',20,1),(6129,'2024-06-07 09:33:36.768082','939','Threat Awareness/IT Admin/Bereitstellung gezielter Schadsoftware zur Kontrolle interner Systeme und zur Exfiltration von Daten/Mailsystem',2,'[{\"changed\": {\"fields\": [\"Bewertung der Antwortoption\"]}}]',20,1),(6130,'2024-06-07 09:33:43.507345','938','Threat Awareness/IT Admin/Bereitstellung gezielter Schadsoftware zur Kontrolle interner Systeme und zur Exfiltration von Daten/Mailsystem',2,'[{\"changed\": {\"fields\": [\"Bewertung der Antwortoption\"]}}]',20,1),(6131,'2024-06-07 09:57:25.504927','59','Bereitstellung (modifizierter) Malware fr interne Informationssysteme der Organisation/Internet Browser',2,'[{\"changed\": {\"fields\": [\"Beschreibung\"]}}]',10,1),(6132,'2024-06-07 09:57:31.957428','59','Bereitstellung (modifizierter) Malware fr interne Informationssysteme der Organisation/Internet Browser',2,'[]',10,1),(6133,'2024-06-07 09:59:01.636855','58','Bereitstellung (modifizierter) Malware fr interne Informationssysteme der Organisation/Mailsystem',2,'[{\"changed\": {\"fields\": [\"Beschreibung\"]}}]',10,1),(6134,'2024-06-07 10:09:07.958388','1','Innendienst',2,'[{\"changed\": {\"fields\": [\"Zugeordnete Bedrohungssituationen\"]}}]',19,1),(6135,'2024-07-22 16:43:58.712696','1','Innendienst',2,'[{\"changed\": {\"fields\": [\"Zugeordnete Bedrohungssituationen\"]}}]',19,1),(6136,'2024-07-22 17:11:23.857565','30','2.7/Social Engineering/Mitarbeiter/Innendienst',2,'[{\"changed\": {\"fields\": [\"Beschreibung\"]}}]',11,1),(6137,'2024-07-22 17:14:47.254497','78','Threat Identification/Sachbearbeiter*in Innendienst/Social Engineering/Instantmessenger',2,'[{\"changed\": {\"fields\": [\"Bewertung der Antwortoption\"]}}]',20,1),(6138,'2024-07-22 17:15:17.018293','80','Threat Identification/Sachbearbeiter*in Innendienst/Social Engineering/Instantmessenger',2,'[{\"changed\": {\"fields\": [\"Bewertung der Antwortoption\"]}}]',20,1),(6139,'2024-07-22 17:16:00.355947','81','Threat Identification/Sachbearbeiter*in Innendienst/Social Engineering/Instantmessenger',2,'[{\"changed\": {\"fields\": [\"Antwortoption\", \"Bewertung der Antwortoption\"]}}]',20,1),(6140,'2024-07-22 17:16:28.970945','1921','Threat Identification/Sachbearbeiter*in Innendienst/Social Engineering/Instantmessenger',1,'[{\"added\": {}}]',20,1),(6141,'2024-07-22 17:17:38.508178','85','Threat Impact Assesment/Sachbearbeiter*in Innendienst/Social Engineering/Instantmessenger',2,'[{\"changed\": {\"fields\": [\"Antwortoption\"]}}]',20,1),(6142,'2024-07-22 17:17:47.965409','86','Threat Impact Assesment/Sachbearbeiter*in Innendienst/Social Engineering/Instantmessenger',2,'[{\"changed\": {\"fields\": [\"Antwortoption\"]}}]',20,1),(6143,'2024-07-22 17:21:15.464010','93','Tactic Justification/Sachbearbeiter*in Innendienst/Social Engineering/Instantmessenger',2,'[{\"changed\": {\"fields\": [\"Antwortoption\"]}}]',20,1),(6144,'2024-07-22 17:21:38.010459','98','Tactic Mastery/Sachbearbeiter*in Innendienst/Social Engineering/Instantmessenger',2,'[{\"changed\": {\"fields\": [\"Antwortoption\"]}}]',20,1),(6145,'2024-07-22 17:47:54.226735','493','2.3/Durchfhrung von Brute-Force-Anmeldeversuchen/Passworterratungsangriffen/PC/Innendienst/Threat Identification',2,'[{\"changed\": {\"fields\": [\"Text zur Frage\"]}}]',17,1),(6146,'2024-07-22 17:48:43.420128','4','Fhrungskraft',2,'[{\"changed\": {\"fields\": [\"Zugeordnete Bedrohungssituationen\"]}}]',19,1),(6147,'2024-07-22 17:50:46.659128','754','Threat Awareness/Fhrungskraft/Social Engineering/Mitarbeiter',2,'[{\"changed\": {\"fields\": [\"Antwortoption\"]}}]',20,1),(6148,'2024-07-22 17:50:55.568475','753','Threat Awareness/Fhrungskraft/Social Engineering/Mitarbeiter',2,'[{\"changed\": {\"fields\": [\"Antwortoption\"]}}]',20,1),(6149,'2024-07-22 17:51:04.016091','752','Threat Awareness/Fhrungskraft/Social Engineering/Mitarbeiter',2,'[{\"changed\": {\"fields\": [\"Antwortoption\"]}}]',20,1),(6150,'2024-07-22 19:16:42.012007','1484','Tactic Mastery/FK/Phishing/Instantmessenger',2,'[{\"changed\": {\"fields\": [\"Antwortoption\"]}}]',20,1),(6151,'2024-07-22 19:17:20.765566','1485','Tactic Mastery/FK/Phishing/Instantmessenger',2,'[{\"changed\": {\"fields\": [\"Antwortoption\"]}}]',20,1),(6152,'2024-07-22 19:18:14.223820','1487','Tactic Check&Follow Up/FK/Phishing/Instantmessenger',2,'[{\"changed\": {\"fields\": [\"Antwortoption\"]}}]',20,1),(6153,'2024-07-22 19:18:27.290112','1486','Tactic Check&Follow Up/FK/Phishing/Instantmessenger',2,'[{\"changed\": {\"fields\": [\"Antwortoption\"]}}]',20,1),(6154,'2024-07-22 19:22:10.120225','16','3.9/Social Engineering/Instantmessenger/Fhrungskraft/Chat 2',2,'[{\"changed\": {\"fields\": [\"Eingehende Nachricht 1\"]}}]',12,1),(6155,'2024-07-22 19:24:30.941925','1504','Tactic Choice/FK/Social Engineering/Instantmessenger',2,'[{\"changed\": {\"fields\": [\"Antwortoption\"]}}]',20,1),(6156,'2024-07-22 19:49:34.658220','1856','None',3,'',20,1),(6157,'2024-07-23 08:19:58.024546','2','Auendienst',2,'[{\"changed\": {\"fields\": [\"Zugeordnete Bedrohungssituationen\"]}}]',19,1),(6158,'2024-07-23 08:21:44.591132','102','4.4/Einschleusen bekannter Malware in interne Informationssysteme der Organisation/Mailsystem/Auendienst/Impuls 1',3,'',15,1),(6159,'2024-07-23 08:21:58.718923','104','4.4/Einschleusen bekannter Malware in interne Informationssysteme der Organisation/Mailsystem/Auendienst/Impuls 3',3,'',15,1),(6160,'2024-07-23 08:21:58.737093','103','4.4/Einschleusen bekannter Malware in interne Informationssysteme der Organisation/Mailsystem/Auendienst/Impuls 2',3,'',15,1),(6161,'2024-07-23 08:22:53.150341','270','4.4/Einschleusen bekannter Malware in interne Informationssysteme der Organisation/Mailsystem/Auendienst/Threat Awareness',2,'[{\"changed\": {\"fields\": [\"Zugeordneter Impuls\"]}}]',18,1),(6162,'2024-07-23 08:28:34.222809','7','4.4/Einschleusen bekannter Malware in interne Informationssysteme der Organisation/Mailsystem/Auendienst/E-Mail 11',2,'[{\"changed\": {\"fields\": [\"Nummer des Impulses\"]}}]',14,1),(6163,'2024-07-23 08:28:44.811512','8','4.4/Einschleusen bekannter Malware in interne Informationssysteme der Organisation/Mailsystem/Auendienst/E-Mail 1',2,'[{\"changed\": {\"fields\": [\"Nummer des Impulses\"]}}]',14,1),(6164,'2024-07-23 08:28:52.395395','7','4.4/Einschleusen bekannter Malware in interne Informationssysteme der Organisation/Mailsystem/Auendienst/E-Mail 2',2,'[{\"changed\": {\"fields\": [\"Nummer des Impulses\"]}}]',14,1),(6165,'2024-07-23 08:30:10.575548','8','4.4/Einschleusen bekannter Malware in interne Informationssysteme der Organisation/Mailsystem/Auendienst/E-Mail 2',2,'[{\"changed\": {\"fields\": [\"Nummer des Impulses\"]}}]',14,1),(6166,'2024-07-23 08:30:25.598358','7','4.4/Einschleusen bekannter Malware in interne Informationssysteme der Organisation/Mailsystem/Auendienst/E-Mail 1',2,'[{\"changed\": {\"fields\": [\"Nummer des Impulses\"]}}]',14,1),(6167,'2024-07-23 08:32:37.045374','138','Threat Identification/Sachbearbeiter*in Auendienst/Malware/Mailsystem',3,'',20,1),(6168,'2024-07-23 08:52:37.009515','2','Auendienst',2,'[{\"changed\": {\"fields\": [\"Zugeordnete Bedrohungssituationen\"]}}]',19,1),(6169,'2024-07-23 08:55:40.396259','305','4.5/Einschleusen bekannter Malware in interne Informationssysteme der Organisation/Instantmessenger/Auendienst/Threat Awareness',2,'[]',18,1),(6170,'2024-07-23 09:08:38.293203','489','4.5/Einschleusen bekannter Malware in interne Informationssysteme der Organisation/Instantmessenger/Auendienst/Threat Awareness',2,'[{\"changed\": {\"fields\": [\"Zugeordneter Impuls\"]}}]',18,1),(6171,'2024-07-23 09:09:41.557009','489','4.5/Einschleusen bekannter Malware in interne Informationssysteme der Organisation/Instantmessenger/Auendienst/Threat Awareness',2,'[]',18,1),(6172,'2024-07-23 09:11:12.447755','499','4.5/Einschleusen bekannter Malware in interne Informationssysteme der Organisation/Instantmessenger/Auendienst/Threat Awareness',2,'[{\"changed\": {\"fields\": [\"Text zur Frage\"]}}]',17,1),(6173,'2024-07-23 11:08:09.891284','489','4.5/Einschleusen bekannter Malware in interne Informationssysteme der Organisation/Instantmessenger/Auendienst/Threat Awareness',2,'[]',18,1),(6174,'2024-07-23 11:09:14.273268','489','4.5/Einschleusen bekannter Malware in interne Informationssysteme der Organisation/Instantmessenger/Auendienst/Threat Awareness',2,'[{\"changed\": {\"fields\": [\"Zugeordneter Impuls\"]}}]',18,1),(6175,'2024-07-23 11:09:59.293449','489','4.5/Einschleusen bekannter Malware in interne Informationssysteme der Organisation/Instantmessenger/Auendienst/Threat Awareness',2,'[{\"changed\": {\"fields\": [\"Zugeordnete Frage\", \"Zugeordneter Impuls\"]}}]',18,1),(6176,'2024-07-23 11:10:38.884018','489','4.6/Einschleusen modifizierter Malware in interne Informationssysteme der Organisation/Instantmessenger/Auendienst/Threat Awareness',2,'[{\"changed\": {\"fields\": [\"Zugeordnete Frage\", \"Zugeordnete Bedrohungssituation\"]}}]',18,1),(6177,'2024-07-23 11:11:04.678028','489','4.5/Einschleusen bekannter Malware in interne Informationssysteme der Organisation/Instantmessenger/Auendienst/Threat Awareness',2,'[{\"changed\": {\"fields\": [\"Zugeordnete Bedrohungssituation\"]}}]',18,1),(6178,'2024-07-23 11:11:33.225385','499','4.5/Einschleusen bekannter Malware in interne Informationssysteme der Organisation/Instantmessenger/Auendienst/Threat Awareness',2,'[]',17,1),(6179,'2024-07-23 11:11:57.133594','2','Auendienst',2,'[{\"changed\": {\"fields\": [\"Zugeordnete Bedrohungssituationen\"]}}]',19,1),(6180,'2024-07-23 12:21:23.265151','1299','Threat Impact Assessment/SBA/Einschleusen modifizierter Malware in interne Informationssysteme der Organisation/Instantmessenger',2,'[{\"changed\": {\"fields\": [\"Antwortoption\"]}}]',20,1),(6181,'2024-07-23 12:22:06.854404','1301','Tactic Choice/SBA/Einschleusen modifizierter Malware in interne Informationssysteme der Organisation/Instantmessenger',2,'[{\"changed\": {\"fields\": [\"Antwortoption\"]}}]',20,1),(6182,'2024-07-23 12:23:49.726052','1314','Tactic Check&Follow Up/SBA/Einschleusen modifizierter Malware in interne Informationssysteme der Organisation/Instantmessenger',2,'[{\"changed\": {\"fields\": [\"Antwortoption\"]}}]',20,1),(6183,'2024-07-23 12:27:35.310870','1321','Threat Identification/SBA/Bereitstellung gezielter Schadsoftware zur Kontrolle interner Systeme und zur Exfiltration von Daten/Instantmessen',2,'[{\"changed\": {\"fields\": [\"Antwortoption\"]}}]',20,1),(6184,'2024-07-23 12:30:34.070928','1338','Tactic Check&Follow Up/SBA/Bereitstellung gezielter Schadsoftware zur Kontrolle interner Systeme und zur Exfiltration von Daten/Instantmesse',2,'[{\"changed\": {\"fields\": [\"Antwortoption\"]}}]',20,1),(6185,'2024-07-23 12:37:18.714300','2','Auendienst',2,'[{\"changed\": {\"fields\": [\"Zugeordnete Bedrohungssituationen\"]}}]',19,1),(6186,'2024-07-23 12:38:27.145119','46','4.13/(Speer)-Phishing/Social Media Systeme/Auendienst',2,'[{\"changed\": {\"fields\": [\"Beschreibung\"]}}]',11,1),(6187,'2024-07-23 12:58:57.422914','7','Geschftsfhrer*in',2,'[{\"changed\": {\"fields\": [\"Zugeordnete Bedrohungssituationen\"]}}]',19,1),(6188,'2024-07-23 13:22:33.027985','537','Threat Awareness/Geschftsfhrung/Kompromittierung/Computer',2,'[{\"changed\": {\"fields\": [\"Antwortoption\"]}}]',20,1),(6189,'2024-07-23 13:22:41.083913','538','Threat Awareness/Geschftsfhrung/Kompromittierung/Computer',2,'[{\"changed\": {\"fields\": [\"Antwortoption\"]}}]',20,1),(6190,'2024-07-23 13:22:49.033224','539','Threat Awareness/Geschftsfhrung/Kompromittierung/Computer',2,'[{\"changed\": {\"fields\": [\"Antwortoption\"]}}]',20,1),(6191,'2024-07-23 13:26:50.840438','136','5.1/Angriffe auf persnliche Gerte kritischer Mitarbeiter*innen / Kompromittierung/PC/Geschftsfhrer*in/Tactic Check & Follow-Up',3,'',18,1),(6192,'2024-07-23 13:26:50.846160','135','5.1/Angriffe auf persnliche Gerte kritischer Mitarbeiter*innen / Kompromittierung/PC/Geschftsfhrer*in/Tactic Mastery',3,'',18,1),(6193,'2024-07-23 13:26:50.857468','134','5.1/Angriffe auf persnliche Gerte kritischer Mitarbeiter*innen / Kompromittierung/PC/Geschftsfhrer*in/Tactic Justification',3,'',18,1),(6194,'2024-07-23 13:26:50.862549','133','5.1/Angriffe auf persnliche Gerte kritischer Mitarbeiter*innen / Kompromittierung/PC/Geschftsfhrer*in/Tactic Choice',3,'',18,1),(6195,'2024-07-23 13:26:50.869085','132','5.1/Angriffe auf persnliche Gerte kritischer Mitarbeiter*innen / Kompromittierung/PC/Geschftsfhrer*in/Threat Impact Assessment',3,'',18,1),(6196,'2024-07-23 13:26:50.873858','131','5.1/Angriffe auf persnliche Gerte kritischer Mitarbeiter*innen / Kompromittierung/PC/Geschftsfhrer*in/Threat Identification',3,'',18,1),(6197,'2024-07-23 13:26:50.879860','130','5.1/Angriffe auf persnliche Gerte kritischer Mitarbeiter*innen / Kompromittierung/PC/Geschftsfhrer*in/Threat Awareness',3,'',18,1),(6198,'2024-07-23 13:34:33.164782','1666','Threat Awareness/GF/Ausnutzen bekannter Schwachstellen/Smartphone',2,'[{\"changed\": {\"fields\": [\"Antwortoption\"]}}]',20,1),(6199,'2024-07-23 13:34:41.409738','1667','Threat Awareness/GF/Ausnutzen bekannter Schwachstellen/Smartphone',2,'[{\"changed\": {\"fields\": [\"Antwortoption\"]}}]',20,1),(6200,'2024-07-23 13:34:49.704623','1668','Threat Awareness/GF/Ausnutzen bekannter Schwachstellen/Smartphone',2,'[{\"changed\": {\"fields\": [\"Antwortoption\"]}}]',20,1),(6201,'2024-07-23 13:35:45.216087','1669','Threat Identification/GF/Ausnutzen bekannter Schwachstellen/Smartphone',2,'[{\"changed\": {\"fields\": [\"Antwortoption\"]}}]',20,1),(6202,'2024-07-23 13:39:48.869601','1690','Threat Awareness/GF/(Speer)-Phishing/Instantmessenger',2,'[{\"changed\": {\"fields\": [\"Antwortoption\"]}}]',20,1),(6203,'2024-07-23 13:39:55.598525','1691','Threat Awareness/GF/(Speer)-Phishing/Instantmessenger',2,'[{\"changed\": {\"fields\": [\"Antwortoption\"]}}]',20,1),(6204,'2024-07-23 13:40:02.637771','1692','Threat Awareness/GF/(Speer)-Phishing/Instantmessenger',2,'[{\"changed\": {\"fields\": [\"Antwortoption\"]}}]',20,1),(6205,'2024-07-23 13:47:29.889741','1697','Threat Identification/GF/(Speer)-Phishing/Instantmessenger',2,'[{\"changed\": {\"fields\": [\"Antwortoption\"]}}]',20,1),(6206,'2024-07-23 13:48:29.011495','1695','Threat Identification/GF/(Speer)-Phishing/Instantmessenger',2,'[{\"changed\": {\"fields\": [\"Antwortoption\"]}}]',20,1),(6207,'2024-07-23 13:48:41.557395','1702','Tactic Choice/GF/(Speer)-Phishing/Instantmessenger',2,'[{\"changed\": {\"fields\": [\"Antwortoption\"]}}]',20,1),(6208,'2024-07-23 13:48:49.270156','1703','Tactic Choice/GF/(Speer)-Phishing/Instantmessenger',2,'[{\"changed\": {\"fields\": [\"Antwortoption\"]}}]',20,1),(6209,'2024-07-23 13:48:57.778314','1704','Tactic Choice/GF/(Speer)-Phishing/Instantmessenger',2,'[{\"changed\": {\"fields\": [\"Antwortoption\"]}}]',20,1),(6210,'2024-07-23 13:50:50.688775','1710','Tactic Mastery/GF/(Speer)-Phishing/Instantmessenger',2,'[{\"changed\": {\"fields\": [\"Antwortoption\"]}}]',20,1),(6211,'2024-07-23 13:51:02.164900','1709','Tactic Mastery/GF/(Speer)-Phishing/Instantmessenger',2,'[{\"changed\": {\"fields\": [\"Antwortoption\"]}}]',20,1),(6212,'2024-07-23 13:51:11.553012','1714','Tactic Check & Follow UpGF/(Speer)-Phishing/Instantmessenger',2,'[{\"changed\": {\"fields\": [\"Antwortoption\"]}}]',20,1),(6213,'2024-07-23 13:53:15.726302','68','5.23 / Spoofing / Online-Banking / Geschftsfhrer*in',3,'',21,1),(6214,'2024-07-23 13:54:05.795959','503','5.23/Spoofing/Online-Banking/Geschftsfhrer*in/Threat Identification',1,'[{\"added\": {}}]',18,1),(6215,'2024-07-23 13:54:31.173928','7','Geschftsfhrer*in',2,'[{\"changed\": {\"fields\": [\"Zugeordnete Bedrohungssituationen\"]}}]',19,1),(6216,'2024-07-23 13:55:21.535970','177','5.23/Spoofing/Online-Banking/Geschftsfhrer*in/Impuls 3',3,'',15,1),(6217,'2024-07-23 13:55:21.543439','176','5.23/Spoofing/Online-Banking/Geschftsfhrer*in/Impuls 2',3,'',15,1),(6218,'2024-07-23 13:55:21.552684','175','5.23/Spoofing/Online-Banking/Geschftsfhrer*in/Impuls 1',3,'',15,1),(6219,'2024-07-23 13:55:43.149012','80','5.23 / Spoofing / Online-Banking / Geschftsfhrer*in',2,'[]',22,1),(6220,'2024-07-23 13:56:14.496787','439','5.23/Spoofing/Online-Banking/Geschftsfhrer*in/Threat Awareness',2,'[{\"changed\": {\"fields\": [\"Zugeordneter Impuls\"]}}]',18,1),(6221,'2024-07-23 13:58:08.814534','1748','Threat Awareness/GF/Spoofing/Online-Banking',2,'[{\"changed\": {\"fields\": [\"Antwortoption\"]}}]',20,1),(6222,'2024-07-23 13:58:15.399525','1749','Threat Awareness/GF/Spoofing/Online-Banking',2,'[{\"changed\": {\"fields\": [\"Antwortoption\"]}}]',20,1),(6223,'2024-07-23 13:58:22.581284','1750','Threat Awareness/GF/Spoofing/Online-Banking',2,'[{\"changed\": {\"fields\": [\"Antwortoption\"]}}]',20,1),(6224,'2024-07-23 14:07:13.880529','1843','None',2,'[{\"changed\": {\"fields\": [\"Bewertung der Antwortoption\"]}}]',20,1),(6225,'2024-07-23 14:07:35.433883','1843','None',2,'[{\"changed\": {\"fields\": [\"Bewertung der Antwortoption\"]}}]',20,1),(6226,'2024-07-24 07:55:46.425097','2','Auendienst',2,'[{\"changed\": {\"fields\": [\"Zugeordnete Bedrohungssituationen\"]}}]',19,1),(6227,'2024-07-24 08:04:08.157730','311','4.5/Einschleusen bekannter Malware in interne Informationssysteme der Organisation/Instantmessenger/Auendienst/Tactic Check & Follow-Up',3,'',18,1),(6228,'2024-07-24 08:04:08.163601','310','4.5/Einschleusen bekannter Malware in interne Informationssysteme der Organisation/Instantmessenger/Auendienst/Tactic Mastery',3,'',18,1),(6229,'2024-07-24 08:04:08.169938','309','4.5/Einschleusen bekannter Malware in interne Informationssysteme der Organisation/Instantmessenger/Auendienst/Tactic Justification',3,'',18,1),(6230,'2024-07-24 08:04:08.175367','308','4.5/Einschleusen bekannter Malware in interne Informationssysteme der Organisation/Instantmessenger/Auendienst/Tactic Choice',3,'',18,1),(6231,'2024-07-24 08:04:08.182864','307','4.5/Einschleusen bekannter Malware in interne Informationssysteme der Organisation/Instantmessenger/Auendienst/Threat Impact Assessment',3,'',18,1),(6232,'2024-07-24 08:04:08.188885','306','4.5/Einschleusen bekannter Malware in interne Informationssysteme der Organisation/Instantmessenger/Auendienst/Threat Identification',3,'',18,1),(6233,'2024-07-24 08:04:08.193826','305','4.5/Einschleusen bekannter Malware in interne Informationssysteme der Organisation/Instantmessenger/Auendienst/Threat Awareness',3,'',18,1),(6234,'2024-07-24 08:04:15.525270','489','4.5/Einschleusen bekannter Malware in interne Informationssysteme der Organisation/Instantmessenger/Auendienst/Threat Awareness',2,'[]',18,1),(6235,'2024-07-24 08:58:03.379494','1897','Threat Awareness/Sachbearbeiter*in Auendienst/Malware/InstantMessenger',2,'[{\"changed\": {\"fields\": [\"Antwortoption\"]}}]',20,1),(6236,'2024-07-24 08:58:11.211512','1898','Threat Awareness/Sachbearbeiter*in Auendienst/Malware/InstantMessenger',2,'[{\"changed\": {\"fields\": [\"Antwortoption\"]}}]',20,1),(6237,'2024-07-24 08:58:21.002329','1899','Threat Awareness/Sachbearbeiter*in Auendienst/Malware/InstantMessenger',2,'[{\"changed\": {\"fields\": [\"Antwortoption\"]}}]',20,1),(6238,'2024-07-24 11:34:36.376631','1','Innendienst',2,'[{\"changed\": {\"fields\": [\"Zugeordnete Bedrohungssituationen\"]}}]',19,1),(6239,'2024-08-02 11:02:03.321386','43','Kompromittierung von Informationssystemen oder Gerten, die extern verwendet und wieder in das Unternehmen eingeschleust werden/Telefon',2,'[{\"changed\": {\"fields\": [\"Beschreibung\"]}}]',10,1),(6240,'2024-08-03 12:22:40.106232','1','Menschliche Manipulation',1,'[{\"added\": {}}]',40,1),(6241,'2024-08-03 12:23:22.650093','2','Informationsweitergabe',1,'[{\"added\": {}}]',40,1),(6242,'2024-08-03 12:24:29.039048','3','Malware',1,'[{\"added\": {}}]',40,1),(6243,'2024-08-03 12:25:44.015054','4','Hardware- und Berechtigungen',1,'[{\"added\": {}}]',40,1),(6244,'2024-08-03 12:26:44.931476','5','Schwachstellenausnutzung',1,'[{\"added\": {}}]',40,1),(6245,'2024-08-03 12:27:35.308533','6','DOS und Authentifizierungsangriffe',1,'[{\"added\": {}}]',40,1),(6246,'2024-08-03 12:40:13.411494','58','3.9/Social Engineering/Instantmessenger/Fhrungskraft',2,'[{\"changed\": {\"fields\": [\"Zugeordneter Bedrohungsvektor\"]}}]',11,1),(6247,'2024-08-03 12:42:06.704971','13','None/Social Engineering/Instantmessenger/Privatperson',2,'[{\"changed\": {\"fields\": [\"Zugeordneter Bedrohungsvektor\"]}}]',11,1),(6248,'2024-08-03 12:42:28.658456','4','Social Engineering/Instantmessenger',3,'',10,1),(6249,'2024-08-03 12:44:04.891920','46','Social Engineering/Social Media Systeme',3,'',10,1),(6250,'2024-08-03 12:45:32.038283','57','3.6/(Speer)-Phishing/Instantmessenger/Fhrungskraft',2,'[{\"changed\": {\"fields\": [\"Zugeordneter Bedrohungsvektor\"]}}]',11,1),(6251,'2024-08-03 12:45:42.377111','48','(Speer)-Phishing/Instantmessenger',3,'',10,1),(6252,'2024-08-03 12:47:04.790119','13','Durchfhrung von nicht zielgerichteten Zero-Day-Angriffen/Server',3,'',10,1),(6253,'2024-08-03 13:04:24.437380','62','Einschleusen bekannter Malware in interne Informationssysteme der Organisation/Instantmessenger',3,'',10,1),(6254,'2024-08-03 13:05:31.483889','5','2.15/Einschleusen bekannter Malware in interne Informationssysteme der Organisation/Mailsystem/Innendienst',2,'[{\"changed\": {\"fields\": [\"Zugeordneter Bedrohungsvektor\"]}}]',11,1),(6255,'2024-08-03 13:06:02.980854','5','Einschleusen bekannter Malware in interne Informationssysteme der Organisation/Mailsystem',3,'',10,1),(6256,'2024-08-03 13:07:49.306157','3','Malware',2,'[{\"changed\": {\"fields\": [\"Bedrohungsereignisse\"]}}]',40,1),(6257,'2024-08-03 13:09:40.964005','51','Kompromittierung von Informationssystemen/Telefon',3,'',10,1),(6258,'2024-08-03 13:11:09.183652','15','Kompromittierung von Informationssystemen/PC',3,'',10,1),(6259,'2024-08-03 13:11:16.462492','7','Kompromittierung von Informationssystemen/Laptop',3,'',10,1),(6260,'2024-08-03 13:13:38.454387','11','Kompromittierung von Informationssystemen/Internes Informationssystem',3,'',10,1),(6261,'2024-08-03 13:13:56.689403','21','Ausnutzung von Schwachstellen in internen Informationssystemen der Organisation/Buchhaltungssystem',2,'[{\"changed\": {\"fields\": [\"Zugeordneter Bedrohungsbereich\"]}}]',10,1),(6262,'2024-08-03 13:15:01.148366','36','Kompromittierung von Informationssystemen/Laptop',3,'',10,1),(6263,'2024-08-03 13:15:51.471369','3','Malware',2,'[{\"changed\": {\"fields\": [\"Bedrohungsereignisse\"]}}]',40,1),(6264,'2024-08-03 13:16:25.539909','3','Malware',2,'[{\"changed\": {\"fields\": [\"Bedrohungsereignisse\"]}}]',40,1),(6265,'2024-08-03 13:16:45.531545','3','Malware',2,'[{\"changed\": {\"fields\": [\"Bedrohungsereignisse\"]}}]',40,1),(6266,'2024-08-03 13:24:27.473664','1','Durchfhrung von Social Engineering auf der Basis von Outsider/Insider, um Informationen zu erhalten',2,'[{\"changed\": {\"fields\": [\"Bezeichnung\", \"Beschreibung\"]}}]',9,1),(6267,'2024-08-03 13:24:40.654468','2','(Speer)-Phishing',2,'[{\"changed\": {\"fields\": [\"Beschreibung\"]}}]',9,1),(6268,'2024-08-03 13:25:59.285375','43','Ausnutzung von Schwachstellen durch Zero-Day-Angriffe',2,'[{\"changed\": {\"fields\": [\"Beschreibung\"]}}]',9,1),(6269,'2024-08-03 13:26:41.036678','44','Angriffe auf persnliche Gerte kritischer Mitarbeiter*innen',3,'',9,1),(6270,'2024-08-03 13:27:33.239118','42','Bereitstellung (modifizierter) Malware fr interne Informationssysteme der Organisation',2,'[{\"changed\": {\"fields\": [\"Beschreibung\"]}}]',9,1),(6271,'2024-08-03 13:28:51.189314','15','None/Verbreitung von Malware durch Bereitstellung von Wechselmedien/USB-Stick/Privatperson',2,'[{\"changed\": {\"fields\": [\"Zugeordneter Bedrohungsvektor\"]}}]',11,1),(6272,'2024-08-03 13:29:02.303927','10','Verbreitung von Malware durch Bereitstellung von Wechselmedien/USB-Stick',3,'',10,1),(6273,'2024-08-03 13:29:15.186233','24','Bereitstellung von Malware/Internes Informationssystem',3,'',10,1),(6274,'2024-08-03 14:26:58.452541','6','DOS und Authentifizierungsangriffe',2,'[]',40,1),(6275,'2024-08-03 14:32:44.678647','10','Durchfhrung von nicht zielgerichteten Zero-Day-Angriffen',2,'[{\"changed\": {\"fields\": [\"Beschreibung\"]}}]',9,1),(6276,'2024-08-03 14:33:59.862913','16','Ausnutzung von Schwachstellen in internen Informationssystemen der Organisation',2,'[{\"changed\": {\"fields\": [\"Beschreibung\"]}}]',9,1),(6277,'2024-08-03 15:11:45.442382','26','Kompromittierung von Informationssystemen oder Gerten, die extern verwendet und wieder in das Unternehmen eingeschleust werden',2,'[{\"changed\": {\"fields\": [\"Beschreibung\"]}}]',9,1),(6278,'2024-08-07 16:32:17.301553','6','DoS und Authentifizierung',2,'[{\"changed\": {\"fields\": [\"Kategorie\"]}}]',40,1),(6279,'2024-08-07 16:32:26.821015','1','Social Engineering',2,'[{\"changed\": {\"fields\": [\"Kategorie\"]}}]',40,1),(6280,'2024-08-07 16:32:36.723253','4','Hardware- und Berechtigungsprobleme',2,'[{\"changed\": {\"fields\": [\"Kategorie\"]}}]',40,1),(6281,'2024-08-07 16:33:49.521122','4','Hardware und Berechtigungen',2,'[{\"changed\": {\"fields\": [\"Kategorie\"]}}]',40,1),(6282,'2024-08-07 16:36:45.741279','1','Social Engineering',2,'[{\"changed\": {\"fields\": [\"Bedrohungsereignisse\"]}}]',40,1),(6283,'2024-08-07 16:38:46.535794','1','Social Engineering',2,'[{\"changed\": {\"fields\": [\"Bedrohungsereignisse\"]}}]',40,1),(6284,'2024-08-07 16:41:29.188769','1','Social Engineering',2,'[{\"changed\": {\"fields\": [\"Bedrohungsereignisse\"]}}]',40,1),(6285,'2024-08-07 16:41:42.794706','3','Malware',2,'[{\"changed\": {\"fields\": [\"Bedrohungsereignisse\"]}}]',40,1),(6286,'2024-08-07 16:51:03.921827','1','Innendienst',2,'[{\"changed\": {\"fields\": [\"Trainingsempfehlung\"]}}]',7,1),(6287,'2024-08-07 16:53:42.647910','1','Innendienst',2,'[{\"changed\": {\"fields\": [\"Trainingsempfehlung\"]}}]',7,1),(6288,'2024-08-07 17:09:15.280674','3','Malware',2,'[{\"changed\": {\"fields\": [\"Bedrohungsereignisse\"]}}]',40,1),(6289,'2024-08-07 17:09:23.377891','1','Social Engineering',2,'[{\"changed\": {\"fields\": [\"Bedrohungsereignisse\"]}}]',40,1),(6290,'2024-08-08 08:10:40.009943','1','Social Engineering',2,'[{\"changed\": {\"fields\": [\"Erkl\\u00e4rung\"]}}]',40,1),(6291,'2024-08-08 08:12:27.745719','2','Informationsweitergabe',2,'[{\"changed\": {\"fields\": [\"Erkl\\u00e4rung\"]}}]',40,1),(6292,'2024-08-08 08:22:41.407769','3','Malware',2,'[{\"changed\": {\"fields\": [\"Erkl\\u00e4rung\"]}}]',40,1),(6293,'2024-08-08 08:36:12.711099','3','Malware',2,'[{\"changed\": {\"fields\": [\"Erkl\\u00e4rung\"]}}]',40,1),(6294,'2024-08-08 08:38:00.118987','4','Hardware und Berechtigungen',2,'[{\"changed\": {\"fields\": [\"Erkl\\u00e4rung\"]}}]',40,1),(6295,'2024-08-08 11:31:36.418143','6','Denial-of-Service',2,'[{\"changed\": {\"fields\": [\"Kategorie\"]}}]',40,1),(6296,'2024-08-08 11:31:49.216743','3','Umgang mit Malware',2,'[{\"changed\": {\"fields\": [\"Kategorie\"]}}]',40,1),(6297,'2024-08-08 11:32:02.475241','7','Passwortmanagement',1,'[{\"added\": {}}]',40,1),(6298,'2024-08-08 11:32:06.673375','6','Denial-of-Service',2,'[{\"changed\": {\"fields\": [\"Bedrohungsereignisse\"]}}]',40,1),(6299,'2024-08-08 11:50:34.436351','3','Umgang mit Malware',2,'[]',40,1),(6300,'2024-08-20 09:33:16.240446','1','Social Engineering',1,'[{\"added\": {}}]',41,1),(6301,'2024-08-20 09:34:03.060023','2','Informationsweitergabe',1,'[{\"added\": {}}]',41,1),(6302,'2024-08-20 09:36:21.277706','3','Umgang mit Malware',1,'[{\"added\": {}}]',41,1),(6303,'2024-08-20 09:37:05.617616','4','Hardware und Berechtigungen',1,'[{\"added\": {}}]',41,1),(6304,'2024-08-20 09:40:46.080726','5','Ausnutzen von Schwachstellen',1,'[{\"added\": {}}]',41,1),(6305,'2024-08-20 09:41:26.073653','6','Denial of Service',1,'[{\"added\": {}}]',41,1),(6306,'2024-08-20 09:41:54.032399','7','Passwortmanagement',1,'[{\"added\": {}}]',41,1),(6307,'2024-08-20 10:18:12.714518','1','Social Engineering',2,'[{\"changed\": {\"fields\": [\"Erkl\\u00e4rung\"]}}]',41,1),(6308,'2024-08-20 10:19:43.212202','2','Informationsweitergabe',2,'[{\"changed\": {\"fields\": [\"Erkl\\u00e4rung\"]}}]',41,1),(6309,'2024-08-20 10:21:55.418119','3','Umgang mit Malware',2,'[{\"changed\": {\"fields\": [\"Erkl\\u00e4rung\"]}}]',41,1),(6310,'2024-08-20 10:22:28.774299','4','Hardware und Berechtigungen',2,'[{\"changed\": {\"fields\": [\"Erkl\\u00e4rung\"]}}]',41,1),(6311,'2024-08-20 10:23:00.200481','5','Ausnutzen von Schwachstellen',2,'[{\"changed\": {\"fields\": [\"Erkl\\u00e4rung\"]}}]',41,1),(6312,'2024-08-20 10:23:16.835601','6','Denial of Service',2,'[{\"changed\": {\"fields\": [\"Erkl\\u00e4rung\"]}}]',41,1),(6313,'2024-08-20 10:23:40.637852','7','Passwortmanagement',2,'[{\"changed\": {\"fields\": [\"Erkl\\u00e4rung\"]}}]',41,1),(6314,'2024-08-20 10:24:29.142160','3','Umgang mit Malware',2,'[{\"changed\": {\"fields\": [\"Bedrohungsereignisse\"]}}]',41,1),(6315,'2024-08-20 10:25:24.990326','1','Social Engineering',2,'[{\"changed\": {\"fields\": [\"Bedrohungsereignisse\"]}}]',41,1),(6316,'2024-08-20 10:26:21.071308','1','Social Engineering',2,'[{\"changed\": {\"fields\": [\"Bedrohungsereignisse\"]}}]',41,1),(6317,'2024-08-20 10:27:11.545978','3','Umgang mit Malware',2,'[{\"changed\": {\"fields\": [\"Bedrohungsereignisse\"]}}]',41,1),(6318,'2024-08-20 10:27:23.454653','1','Social Engineering',2,'[{\"changed\": {\"fields\": [\"Bedrohungsereignisse\"]}}]',41,1),(6319,'2024-08-20 10:27:56.833018','5','Schwachstellenausnutzung',2,'[{\"changed\": {\"fields\": [\"Kategorie\"]}}]',41,1),(6320,'2024-08-20 10:28:20.853040','6','Denial-of-Service',2,'[{\"changed\": {\"fields\": [\"Kategorie\"]}}]',41,1),(6321,'2024-09-03 13:18:11.736792','1','itskompetent_adm',2,'[{\"changed\": {\"name\": \"Kampagnen-Berechtigung\", \"object\": \"itskompetent_adm\", \"fields\": [\"Kampagnen Manager Status\"]}}]',4,1),(6322,'2024-09-03 13:24:03.481597','2','Auendienst',2,'[{\"changed\": {\"fields\": [\"Zugeordnete Bedrohungssituationen\"]}}]',19,1),(6323,'2024-09-03 13:24:42.429283','2','Auendienst',2,'[{\"changed\": {\"fields\": [\"Zugeordnete Bedrohungssituationen\"]}}]',19,1),(6324,'2024-09-03 13:33:26.826760','2','Auendienst',2,'[{\"changed\": {\"fields\": [\"Zugeordnete Bedrohungssituationen\"]}}]',19,1),(6325,'2024-09-03 13:33:57.458501','1','Innendienst',2,'[{\"changed\": {\"fields\": [\"Zugeordnete Bedrohungssituationen\"]}}]',19,1),(6326,'2024-09-03 13:39:11.980866','7','Geschftsfhrer*in',2,'[{\"changed\": {\"fields\": [\"Zugeordnete Bedrohungssituationen\"]}}]',19,1),(6327,'2024-09-04 08:16:04.089619','7','Geschftsfhrer*in',2,'[{\"changed\": {\"fields\": [\"Zugeordnete Bedrohungssituationen\"]}}]',19,1),(6328,'2024-09-04 08:16:13.346292','5','IT-Admin',2,'[]',19,1),(6329,'2024-09-04 08:16:19.126120','4','Fhrungskraft',2,'[{\"changed\": {\"fields\": [\"Zugeordnete Bedrohungssituationen\"]}}]',19,1),(6330,'2024-09-04 08:16:55.501320','2','Auendienst',2,'[{\"changed\": {\"fields\": [\"Zugeordnete Bedrohungssituationen\"]}}]',19,1),(6331,'2024-09-04 08:17:07.943914','1','Innendienst',2,'[{\"changed\": {\"fields\": [\"Zugeordnete Bedrohungssituationen\"]}}]',19,1),(6332,'2024-09-04 09:28:28.675334','2','Auendienst',2,'[{\"changed\": {\"fields\": [\"Zugeordnete Bedrohungssituationen\"]}}]',19,1),(6333,'2024-09-04 09:29:55.669024','1','Innendienst',2,'[{\"changed\": {\"fields\": [\"Zugeordnete Bedrohungssituationen\"]}}]',19,1),(6334,'2024-09-04 09:31:47.750301','1','Innendienst',2,'[{\"changed\": {\"fields\": [\"Zugeordnete Bedrohungssituationen\"]}}]',19,1),(6335,'2024-09-04 10:50:06.956201','4','Fhrungskraft',2,'[{\"changed\": {\"fields\": [\"Zugeordnete Bedrohungssituationen\"]}}]',19,1),(6336,'2024-09-04 10:50:42.915651','5','IT-Admin',2,'[{\"changed\": {\"fields\": [\"Zugeordnete Bedrohungssituationen\"]}}]',19,1),(6337,'2024-09-05 13:04:23.200024','61','Angriffe auf persnliche Gerte kritischer Mitarbeiter*innen / Kompromittierung/PC',2,'[{\"changed\": {\"fields\": [\"Beschreibung\"]}}]',10,1),(6338,'2024-09-05 13:05:11.365272','60','Ausnutzung von Schwachstellen durch Zero-Day-Angriffe/Buchhaltungssystem',2,'[{\"changed\": {\"fields\": [\"Beschreibung\"]}}]',10,1),(6339,'2024-09-05 13:06:30.530018','53','Ausnutzen bekannter Schwachstellen in mobilen Systemen (z. B. Laptops, PDAs, Smartphones)/Smartphone',2,'[{\"changed\": {\"fields\": [\"Beschreibung\"]}}]',10,1),(6340,'2024-09-05 13:07:29.440685','47','Unzureichende Zugangskontrolle/Mitarbeiter',2,'[{\"changed\": {\"fields\": [\"Beschreibung\"]}}]',10,1),(6341,'2024-09-05 13:08:07.978021','44','Durchfhrung von Social Engineering auf der Basis von Outsider/Insider, um Informationen zu erhalten/Instantmessenger',2,'[{\"changed\": {\"fields\": [\"Beschreibung\"]}}]',10,1),(6342,'2024-09-05 13:08:43.956897','42','Bereitstellung gezielter Schadsoftware zur Kontrolle interner Systeme und zur Exfiltration von Daten/Instantmessenger',2,'[{\"changed\": {\"fields\": [\"Beschreibung\"]}}]',10,1),(6343,'2024-09-05 13:09:24.674080','39','(Weit verbreiteter) Festplattenfehler/USB-Stick',2,'[{\"changed\": {\"fields\": [\"Beschreibung\"]}}]',10,1),(6344,'2024-09-05 13:09:56.354607','38','(Speer)-Phishing/Instantmessenger',2,'[{\"changed\": {\"fields\": [\"Beschreibung\"]}}]',10,1),(6345,'2024-09-05 13:10:37.382963','37','(Speer)-Phishing/Social Media Systeme',2,'[{\"changed\": {\"fields\": [\"Beschreibung\"]}}]',10,1),(6346,'2024-09-05 13:11:45.266867','33','Einschleusen modifizierter Malware in interne Informationssysteme der Organisation/Internet Browser',2,'[{\"changed\": {\"fields\": [\"Beschreibung\"]}}]',10,1),(6347,'2024-09-05 13:12:12.673309','32','Durchfhrung von Brute-Force-Anmeldeversuchen/Passworterratungsangriffen/Laptop',2,'[]',10,1),(6348,'2024-09-05 13:12:36.748464','31','Durchfhrung einfacher/verteilter/gezielter Denial-of-Service-Angriffe (DoS)/Server',2,'[]',10,1),(6349,'2024-09-05 13:12:49.347714','25','Durchfhrung von Brute-Force-Anmeldeversuchen/Passworterratungsangriffen/Server',2,'[]',10,1),(6350,'2024-09-05 13:13:17.722613','23','Durchfhrung von Social Engineering auf der Basis von Outsider/Insider, um Informationen zu erhalten/Mitarbeiter',2,'[{\"changed\": {\"fields\": [\"Beschreibung\"]}}]',10,1),(6351,'2024-09-05 13:13:24.588720','22','Weitergabe sensibler Informationen/Mitarbeiter',2,'[]',10,1),(6352,'2024-09-05 13:13:32.223107','21','Ausnutzung von Schwachstellen in internen Informationssystemen der Organisation/Buchhaltungssystem',2,'[]',10,1),(6353,'2024-09-05 13:22:23.879501','15','Online-Shop',2,'[{\"changed\": {\"fields\": [\"Beschreibung\"]}}]',8,1),(6354,'2024-09-05 13:22:45.999733','14','Online-Banking',2,'[{\"changed\": {\"fields\": [\"Beschreibung\"]}}]',8,1),(6355,'2024-09-05 13:23:22.726572','28','Autorisiertem Personal folgen, um Zutritt zu verschiedenen Einrichtungen zu erhalten (Tailgating)',2,'[{\"changed\": {\"fields\": [\"Beschreibung\"]}}]',9,1),(6356,'2024-09-05 13:23:52.040918','30','Ungesperrte Bildschirme',2,'[{\"changed\": {\"fields\": [\"Beschreibung\"]}}]',9,1),(6357,'2024-09-06 10:39:37.184104','1','Innendienst',2,'[{\"changed\": {\"fields\": [\"Zugeordnete Bedrohungssituationen\"]}}]',19,1),(6358,'2024-09-27 11:44:18.165848','25','6.1/Shopping-/Service-Betrug/Online-Shop/Privatperson',2,'[{\"changed\": {\"fields\": [\"Kennung\"]}}]',11,1),(6359,'2024-09-27 11:44:22.971112','24','6.2/Pharming-Angriff/Online-Banking/Privatperson',2,'[{\"changed\": {\"fields\": [\"Kennung\"]}}]',11,1),(6360,'2024-09-27 11:44:28.492930','23','6.3/Ausnutzen schlecht konfigurierter Systeme/IoT-Gert/Privatperson',2,'[{\"changed\": {\"fields\": [\"Kennung\"]}}]',11,1),(6361,'2024-09-27 11:44:33.741608','22','6.4/Malware ber downloadbare Software/Wearable/Privatperson',2,'[{\"changed\": {\"fields\": [\"Kennung\"]}}]',11,1),(6362,'2024-09-27 11:44:38.161993','21','6.5/(Speer)-Phishing/Mailsystem/Privatperson',2,'[{\"changed\": {\"fields\": [\"Kennung\"]}}]',11,1),(6363,'2024-09-27 11:44:42.878906','15','6.6/Verbreitung von Malware durch Bereitstellung von Wechselmedien/USB-Stick/Privatperson',2,'[{\"changed\": {\"fields\": [\"Kennung\"]}}]',11,1),(6364,'2024-09-27 11:44:47.059038','14','6.7/Man-in-the-Middle-Attack/Vernetztes Auto/Privatperson',2,'[{\"changed\": {\"fields\": [\"Kennung\"]}}]',11,1),(6365,'2024-09-27 11:44:51.488713','13','6.8/Durchfhrung von Social Engineering auf der Basis von Outsider/Insider, um Informationen zu erhalten/Instantmessenger/Privatperson',2,'[{\"changed\": {\"fields\": [\"Kennung\"]}}]',11,1),(6366,'2024-09-27 11:44:56.735978','12','6.9/Web Defacement/Social Media Systeme/Privatperson',2,'[{\"changed\": {\"fields\": [\"Kennung\"]}}]',11,1),(6367,'2024-09-27 11:45:04.207592','56','6.1/Shopping-/Service-Betrug/Online-Shop/Privatperson/Impuls3',2,'[{\"changed\": {\"fields\": [\"Zugeordnete Bedrohungssituation\"]}}]',15,1),(6368,'2024-09-27 11:45:11.645886','55','6.1/Shopping-/Service-Betrug/Online-Shop/Privatperson/Impuls2',2,'[{\"changed\": {\"fields\": [\"Zugeordnete Bedrohungssituation\"]}}]',15,1),(6369,'2024-09-27 11:45:20.920030','54','6.1/Shopping-/Service-Betrug/Online-Shop/Privatperson/Impuls1',2,'[{\"changed\": {\"fields\": [\"Zugeordnete Bedrohungssituation\"]}}]',15,1),(6370,'2024-09-27 11:45:33.184279','53','6.2/Pharming-Angriff/Online-Banking/Privatperson/Impuls3',2,'[{\"changed\": {\"fields\": [\"Zugeordnete Bedrohungssituation\"]}}]',15,1),(6371,'2024-09-27 11:45:40.878509','52','6.2/Pharming-Angriff/Online-Banking/Privatperson/Impuls2',2,'[{\"changed\": {\"fields\": [\"Zugeordnete Bedrohungssituation\"]}}]',15,1),(6372,'2024-09-27 11:45:55.508145','51','6.2/Pharming-Angriff/Online-Banking/Privatperson/Impuls1',2,'[{\"changed\": {\"fields\": [\"Zugeordnete Bedrohungssituation\"]}}]',15,1),(6373,'2024-09-27 11:46:12.705383','50','6.3/Ausnutzen schlecht konfigurierter Systeme/IoT-Gert/Privatperson/Impuls3',2,'[{\"changed\": {\"fields\": [\"Zugeordnete Bedrohungssituation\"]}}]',15,1),(6374,'2024-09-27 11:46:20.398006','49','6.3/Ausnutzen schlecht konfigurierter Systeme/IoT-Gert/Privatperson/Impuls2',2,'[{\"changed\": {\"fields\": [\"Zugeordnete Bedrohungssituation\"]}}]',15,1),(6375,'2024-09-27 11:46:27.720806','48','6.3/Ausnutzen schlecht konfigurierter Systeme/IoT-Gert/Privatperson/Impuls1',2,'[{\"changed\": {\"fields\": [\"Zugeordnete Bedrohungssituation\"]}}]',15,1),(6376,'2024-09-27 11:46:47.670583','47','6.4/Malware ber downloadbare Software/Wearable/Privatperson/Impuls3',2,'[{\"changed\": {\"fields\": [\"Zugeordnete Bedrohungssituation\"]}}]',15,1),(6377,'2024-09-27 11:46:55.027345','46','6.4/Malware ber downloadbare Software/Wearable/Privatperson/Impuls2',2,'[{\"changed\": {\"fields\": [\"Zugeordnete Bedrohungssituation\"]}}]',15,1),(6378,'2024-09-27 11:47:02.520835','45','6.4/Malware ber downloadbare Software/Wearable/Privatperson/Impuls1',2,'[{\"changed\": {\"fields\": [\"Zugeordnete Bedrohungssituation\"]}}]',15,1),(6379,'2024-09-27 11:51:55.105972','43','Geschftsfhrung/Kompromittierung/PC/Impuls3',3,'',15,1),(6380,'2024-09-27 11:51:55.110971','42','Geschftsfhrung/Kompromittierung/PC/Impuls2',3,'',15,1),(6381,'2024-09-27 11:51:55.115153','41','Geschftsfhrung/Kompromittierung/PC/Impuls1',3,'',15,1),(6382,'2024-09-27 11:52:35.165520','37','ITAD/Durchfhrung von nicht zielgerichteten Zero-Day-Angriffen/Server/Impuls 3',3,'',15,1),(6383,'2024-09-27 11:52:35.170160','36','ITAD/Durchfhrung von nicht zielgerichteten Zero-Day-Angriffen/Server/Impuls 2',3,'',15,1),(6384,'2024-09-27 11:52:35.174400','35','ITAD/Durchfhrung von nicht zielgerichteten Zero-Day-Angriffen/Server/Impuls 1',3,'',15,1),(6385,'2024-09-27 11:52:53.688106','40','Consumer/Connectedcar/Impuls 3',3,'',15,1),(6386,'2024-09-27 11:52:53.698349','39','Consumer/Connectedcar/Impuls 2',3,'',15,1),(6387,'2024-09-27 11:52:53.705565','38','Consumer/Connectedcar/Impuls 1',3,'',15,1),(6388,'2024-09-27 11:53:10.465731','31','6.6/Verbreitung von Malware durch Bereitstellung von Wechselmedien/USB-Stick/Privatperson/MalwareDatentraeger3',2,'[{\"changed\": {\"fields\": [\"Zugeordnete Bedrohungssituation\"]}}]',15,1),(6389,'2024-09-27 11:53:17.791769','30','6.6/Verbreitung von Malware durch Bereitstellung von Wechselmedien/USB-Stick/Privatperson/MalwareDatentraeger2',2,'[{\"changed\": {\"fields\": [\"Zugeordnete Bedrohungssituation\"]}}]',15,1),(6390,'2024-09-27 11:53:25.395971','29','6.6/Verbreitung von Malware durch Bereitstellung von Wechselmedien/USB-Stick/Privatperson/MalwareDatentraeger1',2,'[{\"changed\": {\"fields\": [\"Zugeordnete Bedrohungssituation\"]}}]',15,1),(6391,'2024-09-27 11:53:35.626823','28','6.7/Man-in-the-Middle-Attack/Vernetztes Auto/Privatperson/MitM3',2,'[{\"changed\": {\"fields\": [\"Zugeordnete Bedrohungssituation\"]}}]',15,1),(6392,'2024-09-27 11:53:44.345383','27','6.7/Man-in-the-Middle-Attack/Vernetztes Auto/Privatperson/MitM2',2,'[{\"changed\": {\"fields\": [\"Zugeordnete Bedrohungssituation\"]}}]',15,1),(6393,'2024-09-27 11:53:51.265523','26','6.7/Man-in-the-Middle-Attack/Vernetztes Auto/Privatperson/MitM1',2,'[{\"changed\": {\"fields\": [\"Zugeordnete Bedrohungssituation\"]}}]',15,1),(6394,'2024-09-27 11:54:02.593684','25','6.8/Durchfhrung von Social Engineering auf der Basis von Outsider/Insider, um Informationen zu erhalten/Instantmessenger/Privatperson/SocialEngineering3',2,'[{\"changed\": {\"fields\": [\"Zugeordnete Bedrohungssituation\"]}}]',15,1),(6395,'2024-09-27 11:54:09.526348','24','6.8/Durchfhrung von Social Engineering auf der Basis von Outsider/Insider, um Informationen zu erhalten/Instantmessenger/Privatperson/SocialEngineering2',2,'[{\"changed\": {\"fields\": [\"Zugeordnete Bedrohungssituation\"]}}]',15,1),(6396,'2024-09-27 11:54:16.635229','23','6.8/Durchfhrung von Social Engineering auf der Basis von Outsider/Insider, um Informationen zu erhalten/Instantmessenger/Privatperson/SocialEngineering1',2,'[{\"changed\": {\"fields\": [\"Zugeordnete Bedrohungssituation\"]}}]',15,1),(6397,'2024-09-27 11:54:27.629714','22','6.9/Web Defacement/Social Media Systeme/Privatperson/WebDefacement3',2,'[{\"changed\": {\"fields\": [\"Zugeordnete Bedrohungssituation\"]}}]',15,1),(6398,'2024-09-27 11:54:34.718088','21','6.9/Web Defacement/Social Media Systeme/Privatperson/WebDefacement2',2,'[{\"changed\": {\"fields\": [\"Zugeordnete Bedrohungssituation\"]}}]',15,1),(6399,'2024-09-27 11:54:41.508093','20','6.9/Web Defacement/Social Media Systeme/Privatperson/WebDefacement1',2,'[{\"changed\": {\"fields\": [\"Zugeordnete Bedrohungssituation\"]}}]',15,1),(6400,'2024-09-27 11:55:11.618380','15','6.5/(Speer)-Phishing/Mailsystem/Privatperson/E-Mail 3',2,'[{\"changed\": {\"fields\": [\"Zugeordnete Bedrohungssituation\", \"Nummer des Impulses\"]}}]',14,1),(6401,'2024-09-27 11:55:22.200141','14','6.5/(Speer)-Phishing/Mailsystem/Privatperson/E-Mail 2',2,'[{\"changed\": {\"fields\": [\"Zugeordnete Bedrohungssituation\", \"Nummer des Impulses\"]}}]',14,1),(6402,'2024-09-27 11:55:32.811894','13','6.5/(Speer)-Phishing/Mailsystem/Privatperson/E-Mail 1',2,'[{\"changed\": {\"fields\": [\"Zugeordnete Bedrohungssituation\", \"Nummer des Impulses\"]}}]',14,1),(6403,'2024-09-27 11:56:35.001049','168','6.1/Shopping-/Service-Betrug/Online-Shop/Privatperson/Tactic Check & Follow-Up',2,'[{\"changed\": {\"fields\": [\"Zugeordnete Bedrohungssituation\"]}}]',17,1),(6404,'2024-09-27 11:56:45.059939','167','6.1/Shopping-/Service-Betrug/Online-Shop/Privatperson/Tactic Mastery',2,'[{\"changed\": {\"fields\": [\"Zugeordnete Bedrohungssituation\"]}}]',17,1),(6405,'2024-09-27 11:56:52.495113','166','6.1/Shopping-/Service-Betrug/Online-Shop/Privatperson/Tactic Justification',2,'[{\"changed\": {\"fields\": [\"Zugeordnete Bedrohungssituation\"]}}]',17,1),(6406,'2024-09-27 11:57:11.873519','165','6.1/Shopping-/Service-Betrug/Online-Shop/Privatperson/Tactic Choice',2,'[{\"changed\": {\"fields\": [\"Zugeordnete Bedrohungssituation\"]}}]',17,1),(6407,'2024-09-27 11:57:22.984780','164','6.1/Shopping-/Service-Betrug/Online-Shop/Privatperson/Threat Impact Assessment',2,'[{\"changed\": {\"fields\": [\"Zugeordnete Bedrohungssituation\"]}}]',17,1),(6408,'2024-09-27 11:57:31.682698','163','6.1/Shopping-/Service-Betrug/Online-Shop/Privatperson/Threat Identification',2,'[{\"changed\": {\"fields\": [\"Zugeordnete Bedrohungssituation\"]}}]',17,1),(6409,'2024-09-27 11:57:43.686222','162','6.1/Shopping-/Service-Betrug/Online-Shop/Privatperson/Threat Awareness',2,'[{\"changed\": {\"fields\": [\"Zugeordnete Bedrohungssituation\", \"Zugeordnete Kompetenzdimension\"]}}]',17,1),(6410,'2024-09-27 11:57:54.980065','161','6.2/Pharming-Angriff/Online-Banking/Privatperson/Tactic Check & Follow-Up',2,'[{\"changed\": {\"fields\": [\"Zugeordnete Bedrohungssituation\"]}}]',17,1),(6411,'2024-09-27 11:58:02.213773','160','6.2/Pharming-Angriff/Online-Banking/Privatperson/Tactic Mastery',2,'[{\"changed\": {\"fields\": [\"Zugeordnete Bedrohungssituation\"]}}]',17,1),(6412,'2024-09-27 11:58:10.922234','159','6.2/Pharming-Angriff/Online-Banking/Privatperson/Tactic Justification',2,'[{\"changed\": {\"fields\": [\"Zugeordnete Bedrohungssituation\"]}}]',17,1),(6413,'2024-09-27 11:58:18.154765','158','6.2/Pharming-Angriff/Online-Banking/Privatperson/Tactic Choice',2,'[{\"changed\": {\"fields\": [\"Zugeordnete Bedrohungssituation\"]}}]',17,1),(6414,'2024-09-27 11:58:25.977139','157','6.2/Pharming-Angriff/Online-Banking/Privatperson/Threat Impact Assessment',2,'[{\"changed\": {\"fields\": [\"Zugeordnete Bedrohungssituation\"]}}]',17,1),(6415,'2024-09-27 11:58:34.063385','156','6.2/Pharming-Angriff/Online-Banking/Privatperson/Threat Identification',2,'[{\"changed\": {\"fields\": [\"Zugeordnete Bedrohungssituation\"]}}]',17,1),(6416,'2024-09-27 12:03:02.125381','218','Tactic Check & Follow Up/IT Admin/Bereitstellung von Malware/Internes Informationssystem',3,'',17,1),(6417,'2024-09-27 12:03:02.132486','217','Tactic Mastery/IT Admin/Bereitstellung von Malware/Internes Informationssystem',3,'',17,1),(6418,'2024-09-27 12:03:02.139175','216','Tactic Justification/IT Admin/Bereitstellung von Malware/Internes Informationssystem',3,'',17,1),(6419,'2024-09-27 12:03:02.143472','215','Tactic Choice/IT Admin/Bereitstellung von Malware/Internes Informationssystem',3,'',17,1),(6420,'2024-09-27 12:03:02.150771','214','Threat Impact Assessment/IT Admin/Bereitstellung von Malware/Internes Informationssystem',3,'',17,1),(6421,'2024-09-27 12:03:02.158381','213','Threat Identification/IT Admin/Bereitstellung von Malware/Internes Informationssystem',3,'',17,1),(6422,'2024-09-27 12:03:02.164096','212','Threat Awareness/IT Admin/Bereitstellung von Malware/Internes Informationssystem',3,'',17,1),(6423,'2024-09-27 12:03:33.593845','155','6.2/Pharming-Angriff/Online-Banking/Privatperson/Threat Awareness',2,'[{\"changed\": {\"fields\": [\"Zugeordnete Bedrohungssituation\"]}}]',17,1),(6424,'2024-09-27 12:03:56.575722','154','6.3/Ausnutzen schlecht konfigurierter Systeme/IoT-Gert/Privatperson/Tactic Check & Follow-Up',2,'[{\"changed\": {\"fields\": [\"Zugeordnete Bedrohungssituation\"]}}]',17,1),(6425,'2024-09-27 12:04:04.345785','153','6.3/Ausnutzen schlecht konfigurierter Systeme/IoT-Gert/Privatperson/Tactic Mastery',2,'[{\"changed\": {\"fields\": [\"Zugeordnete Bedrohungssituation\"]}}]',17,1),(6426,'2024-09-27 12:04:11.991015','152','6.3/Ausnutzen schlecht konfigurierter Systeme/IoT-Gert/Privatperson/Tactic Justification',2,'[{\"changed\": {\"fields\": [\"Zugeordnete Bedrohungssituation\"]}}]',17,1),(6427,'2024-09-27 12:04:21.272662','151','6.3/Ausnutzen schlecht konfigurierter Systeme/IoT-Gert/Privatperson/Tactic Choice',2,'[{\"changed\": {\"fields\": [\"Zugeordnete Bedrohungssituation\"]}}]',17,1),(6428,'2024-09-27 12:04:28.934613','150','6.3/Ausnutzen schlecht konfigurierter Systeme/IoT-Gert/Privatperson/Threat Impact Assessment',2,'[{\"changed\": {\"fields\": [\"Zugeordnete Bedrohungssituation\"]}}]',17,1),(6429,'2024-09-27 12:04:36.428247','149','6.3/Ausnutzen schlecht konfigurierter Systeme/IoT-Gert/Privatperson/Threat Identification',2,'[{\"changed\": {\"fields\": [\"Zugeordnete Bedrohungssituation\"]}}]',17,1),(6430,'2024-09-27 12:04:47.416335','148','6.3/Ausnutzen schlecht konfigurierter Systeme/IoT-Gert/Privatperson/Threat Awareness',2,'[{\"changed\": {\"fields\": [\"Zugeordnete Bedrohungssituation\"]}}]',17,1),(6431,'2024-09-27 12:04:54.969945','147','6.3/Ausnutzen schlecht konfigurierter Systeme/IoT-Gert/Privatperson/Tactic Check & Follow-Up',2,'[{\"changed\": {\"fields\": [\"Zugeordnete Bedrohungssituation\"]}}]',17,1),(6432,'2024-09-27 12:05:15.652026','147','6.4/Malware ber downloadbare Software/Wearable/Privatperson/Tactic Check & Follow-Up',2,'[{\"changed\": {\"fields\": [\"Zugeordnete Bedrohungssituation\"]}}]',17,1),(6433,'2024-09-27 12:05:21.268064','146','6.4/Malware ber downloadbare Software/Wearable/Privatperson/Tactic Mastery',2,'[{\"changed\": {\"fields\": [\"Zugeordnete Bedrohungssituation\"]}}]',17,1),(6434,'2024-09-27 12:05:26.831430','145','6.4/Malware ber downloadbare Software/Wearable/Privatperson/Tactic Justification',2,'[{\"changed\": {\"fields\": [\"Zugeordnete Bedrohungssituation\"]}}]',17,1),(6435,'2024-09-27 12:05:32.796277','144','6.4/Malware ber downloadbare Software/Wearable/Privatperson/Tactic Choice',2,'[{\"changed\": {\"fields\": [\"Zugeordnete Bedrohungssituation\"]}}]',17,1),(6436,'2024-09-27 12:05:39.139064','143','6.4/Malware ber downloadbare Software/Wearable/Privatperson/Threat Impact Assessment',2,'[{\"changed\": {\"fields\": [\"Zugeordnete Bedrohungssituation\"]}}]',17,1),(6437,'2024-09-27 12:05:44.756000','142','6.4/Malware ber downloadbare Software/Wearable/Privatperson/Threat Identification',2,'[{\"changed\": {\"fields\": [\"Zugeordnete Bedrohungssituation\"]}}]',17,1),(6438,'2024-09-27 12:05:51.265311','141','6.4/Malware ber downloadbare Software/Wearable/Privatperson/Threat Awareness',2,'[{\"changed\": {\"fields\": [\"Zugeordnete Bedrohungssituation\"]}}]',17,1),(6439,'2024-09-27 12:06:01.096917','140','6.5/(Speer)-Phishing/Mailsystem/Privatperson/Tactic Check & Follow-Up',2,'[{\"changed\": {\"fields\": [\"Zugeordnete Bedrohungssituation\"]}}]',17,1),(6440,'2024-09-27 12:06:06.917414','139','6.5/(Speer)-Phishing/Mailsystem/Privatperson/Tactic Mastery',2,'[{\"changed\": {\"fields\": [\"Zugeordnete Bedrohungssituation\"]}}]',17,1),(6441,'2024-09-27 12:06:14.246821','138','6.5/(Speer)-Phishing/Mailsystem/Privatperson/Tactic Justification',2,'[{\"changed\": {\"fields\": [\"Zugeordnete Bedrohungssituation\"]}}]',17,1),(6442,'2024-09-27 12:06:19.962889','137','6.5/(Speer)-Phishing/Mailsystem/Privatperson/Tactic Choice',2,'[{\"changed\": {\"fields\": [\"Zugeordnete Bedrohungssituation\"]}}]',17,1),(6443,'2024-09-27 12:06:26.633086','136','6.5/(Speer)-Phishing/Mailsystem/Privatperson/Threat Impact Assessment',2,'[{\"changed\": {\"fields\": [\"Zugeordnete Bedrohungssituation\"]}}]',17,1),(6444,'2024-09-27 12:06:33.644231','135','6.5/(Speer)-Phishing/Mailsystem/Privatperson/Threat Identification',2,'[{\"changed\": {\"fields\": [\"Zugeordnete Bedrohungssituation\"]}}]',17,1),(6445,'2024-09-27 12:06:40.140998','134','6.5/(Speer)-Phishing/Mailsystem/Privatperson/Threat Awareness',2,'[{\"changed\": {\"fields\": [\"Zugeordnete Bedrohungssituation\"]}}]',17,1),(6446,'2024-09-27 12:07:01.139257','126','6.7/Man-in-the-Middle-Attack/Vernetztes Auto/Privatperson/Tactic Check & Follow-Up',2,'[{\"changed\": {\"fields\": [\"Zugeordnete Bedrohungssituation\", \"Zugeordnete Kompetenzdimension\"]}}]',17,1),(6447,'2024-09-27 12:07:20.604430','125','6.7/Man-in-the-Middle-Attack/Vernetztes Auto/Privatperson/Tactic Mastery',2,'[{\"changed\": {\"fields\": [\"Zugeordnete Bedrohungssituation\"]}}]',17,1),(6448,'2024-09-27 12:07:27.170105','124','6.7/Man-in-the-Middle-Attack/Vernetztes Auto/Privatperson/Tactic Justification',2,'[{\"changed\": {\"fields\": [\"Zugeordnete Bedrohungssituation\"]}}]',17,1),(6449,'2024-09-27 12:07:33.692794','123','6.7/Man-in-the-Middle-Attack/Vernetztes Auto/Privatperson/Tactic Choice',2,'[{\"changed\": {\"fields\": [\"Zugeordnete Bedrohungssituation\"]}}]',17,1),(6450,'2024-09-27 12:07:40.261764','122','6.7/Man-in-the-Middle-Attack/Vernetztes Auto/Privatperson/Threat Impact Assessment',2,'[{\"changed\": {\"fields\": [\"Zugeordnete Bedrohungssituation\"]}}]',17,1),(6451,'2024-09-27 12:07:47.519966','121','6.7/Man-in-the-Middle-Attack/Vernetztes Auto/Privatperson/Threat Identification',2,'[{\"changed\": {\"fields\": [\"Zugeordnete Bedrohungssituation\"]}}]',17,1),(6452,'2024-09-27 12:08:05.002285','120','6.7/Man-in-the-Middle-Attack/Vernetztes Auto/Privatperson/Threat Awareness',2,'[{\"changed\": {\"fields\": [\"Zugeordnete Bedrohungssituation\", \"Zugeordnete Kompetenzdimension\"]}}]',17,1),(6453,'2024-09-27 12:08:23.843023','126','6.7/Man-in-the-Middle-Attack/Vernetztes Auto/Privatperson/Tactic Check & Follow-Up',3,'',17,1),(6454,'2024-09-27 12:08:23.848795','125','6.7/Man-in-the-Middle-Attack/Vernetztes Auto/Privatperson/Tactic Mastery',3,'',17,1),(6455,'2024-09-27 12:08:23.855422','124','6.7/Man-in-the-Middle-Attack/Vernetztes Auto/Privatperson/Tactic Justification',3,'',17,1),(6456,'2024-09-27 12:08:23.860356','123','6.7/Man-in-the-Middle-Attack/Vernetztes Auto/Privatperson/Tactic Choice',3,'',17,1),(6457,'2024-09-27 12:08:23.866688','122','6.7/Man-in-the-Middle-Attack/Vernetztes Auto/Privatperson/Threat Impact Assessment',3,'',17,1),(6458,'2024-09-27 12:08:23.871267','121','6.7/Man-in-the-Middle-Attack/Vernetztes Auto/Privatperson/Threat Identification',3,'',17,1),(6459,'2024-09-27 12:08:23.876849','120','6.7/Man-in-the-Middle-Attack/Vernetztes Auto/Privatperson/Threat Awareness',3,'',17,1),(6460,'2024-09-27 12:08:54.895326','98','6.6/Verbreitung von Malware durch Bereitstellung von Wechselmedien/USB-Stick/Privatperson/Tactic Check & Follow-Up',2,'[{\"changed\": {\"fields\": [\"Zugeordnete Bedrohungssituation\"]}}]',17,1),(6461,'2024-09-27 12:09:02.934032','97','6.6/Verbreitung von Malware durch Bereitstellung von Wechselmedien/USB-Stick/Privatperson/Tactic Mastery',2,'[{\"changed\": {\"fields\": [\"Zugeordnete Bedrohungssituation\"]}}]',17,1),(6462,'2024-09-27 12:09:14.014942','96','6.6/Verbreitung von Malware durch Bereitstellung von Wechselmedien/USB-Stick/Privatperson/Tactic Justification',2,'[{\"changed\": {\"fields\": [\"Zugeordnete Bedrohungssituation\"]}}]',17,1),(6463,'2024-09-27 12:09:22.975643','95','6.6/Verbreitung von Malware durch Bereitstellung von Wechselmedien/USB-Stick/Privatperson/Tactic Choice',2,'[{\"changed\": {\"fields\": [\"Zugeordnete Bedrohungssituation\"]}}]',17,1),(6464,'2024-09-27 12:09:31.747603','94','6.6/Verbreitung von Malware durch Bereitstellung von Wechselmedien/USB-Stick/Privatperson/Threat Impact Assessment',2,'[{\"changed\": {\"fields\": [\"Zugeordnete Bedrohungssituation\"]}}]',17,1),(6465,'2024-09-27 12:09:39.243256','93','6.6/Verbreitung von Malware durch Bereitstellung von Wechselmedien/USB-Stick/Privatperson/Threat Identification',2,'[{\"changed\": {\"fields\": [\"Zugeordnete Bedrohungssituation\"]}}]',17,1),(6466,'2024-09-27 12:09:47.334584','92','6.6/Verbreitung von Malware durch Bereitstellung von Wechselmedien/USB-Stick/Privatperson/Threat Awareness',2,'[{\"changed\": {\"fields\": [\"Zugeordnete Bedrohungssituation\"]}}]',17,1),(6467,'2024-09-27 12:10:01.129485','91','6.7/Man-in-the-Middle-Attack/Vernetztes Auto/Privatperson/Tactic Check & Follow-Up',2,'[{\"changed\": {\"fields\": [\"Zugeordnete Bedrohungssituation\"]}}]',17,1),(6468,'2024-09-27 12:10:08.364563','90','6.7/Man-in-the-Middle-Attack/Vernetztes Auto/Privatperson/Tactic Mastery',2,'[{\"changed\": {\"fields\": [\"Zugeordnete Bedrohungssituation\"]}}]',17,1),(6469,'2024-09-27 12:10:17.592718','89','6.7/Man-in-the-Middle-Attack/Vernetztes Auto/Privatperson/Tactic Justification',2,'[{\"changed\": {\"fields\": [\"Zugeordnete Bedrohungssituation\"]}}]',17,1),(6470,'2024-09-27 12:10:27.040690','88','6.7/Man-in-the-Middle-Attack/Vernetztes Auto/Privatperson/Tactic Choice',2,'[{\"changed\": {\"fields\": [\"Zugeordnete Bedrohungssituation\"]}}]',17,1),(6471,'2024-09-27 12:10:35.084977','87','6.7/Man-in-the-Middle-Attack/Vernetztes Auto/Privatperson/Threat Impact Assessment',2,'[{\"changed\": {\"fields\": [\"Zugeordnete Bedrohungssituation\"]}}]',17,1),(6472,'2024-09-27 12:10:46.083278','86','6.7/Man-in-the-Middle-Attack/Vernetztes Auto/Privatperson/Threat Identification',2,'[{\"changed\": {\"fields\": [\"Zugeordnete Bedrohungssituation\"]}}]',17,1),(6473,'2024-09-27 12:10:55.548124','85','6.7/Man-in-the-Middle-Attack/Vernetztes Auto/Privatperson/Threat Awareness',2,'[{\"changed\": {\"fields\": [\"Zugeordnete Bedrohungssituation\"]}}]',17,1),(6474,'2024-09-27 12:11:13.265177','84','6.8/Durchfhrung von Social Engineering auf der Basis von Outsider/Insider, um Informationen zu erhalten/Instantmessenger/Privatperson/Tactic Check & Follow-Up',2,'[{\"changed\": {\"fields\": [\"Zugeordnete Bedrohungssituation\", \"Zugeordnete Kompetenzdimension\"]}}]',17,1),(6475,'2024-09-27 12:11:22.060185','83','6.8/Durchfhrung von Social Engineering auf der Basis von Outsider/Insider, um Informationen zu erhalten/Instantmessenger/Privatperson/Tactic Mastery',2,'[{\"changed\": {\"fields\": [\"Zugeordnete Bedrohungssituation\"]}}]',17,1),(6476,'2024-09-27 12:11:39.802974','82','6.8/Durchfhrung von Social Engineering auf der Basis von Outsider/Insider, um Informationen zu erhalten/Instantmessenger/Privatperson/Tactic Justification',2,'[{\"changed\": {\"fields\": [\"Zugeordnete Bedrohungssituation\"]}}]',17,1),(6477,'2024-09-27 12:11:51.669613','81','6.8/Durchfhrung von Social Engineering auf der Basis von Outsider/Insider, um Informationen zu erhalten/Instantmessenger/Privatperson/Tactic Choice',2,'[{\"changed\": {\"fields\": [\"Zugeordnete Bedrohungssituation\"]}}]',17,1),(6478,'2024-09-27 12:12:05.686908','80','6.8/Durchfhrung von Social Engineering auf der Basis von Outsider/Insider, um Informationen zu erhalten/Instantmessenger/Privatperson/Threat Impact Assessment',2,'[{\"changed\": {\"fields\": [\"Zugeordnete Bedrohungssituation\"]}}]',17,1),(6479,'2024-09-27 12:12:15.335207','79','6.8/Durchfhrung von Social Engineering auf der Basis von Outsider/Insider, um Informationen zu erhalten/Instantmessenger/Privatperson/Threat Identification',2,'[{\"changed\": {\"fields\": [\"Zugeordnete Bedrohungssituation\"]}}]',17,1),(6480,'2024-09-27 12:12:22.590340','78','6.8/Durchfhrung von Social Engineering auf der Basis von Outsider/Insider, um Informationen zu erhalten/Instantmessenger/Privatperson/Threat Awareness',2,'[{\"changed\": {\"fields\": [\"Zugeordnete Bedrohungssituation\"]}}]',17,1),(6481,'2024-09-27 12:12:32.825871','77','6.8/Durchfhrung von Social Engineering auf der Basis von Outsider/Insider, um Informationen zu erhalten/Instantmessenger/Privatperson/Tactic Check & Follow-Up',2,'[{\"changed\": {\"fields\": [\"Zugeordnete Bedrohungssituation\"]}}]',17,1),(6482,'2024-09-27 12:12:47.579617','77','6.9/Web Defacement/Social Media Systeme/Privatperson/Tactic Check & Follow-Up',2,'[{\"changed\": {\"fields\": [\"Zugeordnete Bedrohungssituation\"]}}]',17,1),(6483,'2024-09-27 12:12:56.720281','76','6.9/Web Defacement/Social Media Systeme/Privatperson/Tactic Mastery',2,'[{\"changed\": {\"fields\": [\"Zugeordnete Bedrohungssituation\"]}}]',17,1),(6484,'2024-09-27 12:13:09.400066','75','6.9/Web Defacement/Social Media Systeme/Privatperson/Tactic Justification',2,'[{\"changed\": {\"fields\": [\"Zugeordnete Bedrohungssituation\"]}}]',17,1),(6485,'2024-09-27 12:13:20.321128','74','6.9/Web Defacement/Social Media Systeme/Privatperson/Tactic Choice',2,'[{\"changed\": {\"fields\": [\"Zugeordnete Bedrohungssituation\"]}}]',17,1),(6486,'2024-09-27 12:13:30.181971','73','6.9/Web Defacement/Social Media Systeme/Privatperson/Threat Impact Assessment',2,'[{\"changed\": {\"fields\": [\"Zugeordnete Bedrohungssituation\"]}}]',17,1),(6487,'2024-09-27 12:13:38.637562','72','6.9/Web Defacement/Social Media Systeme/Privatperson/Threat Identification',2,'[{\"changed\": {\"fields\": [\"Zugeordnete Bedrohungssituation\"]}}]',17,1),(6488,'2024-09-27 12:13:52.441350','71','6.9/Web Defacement/Social Media Systeme/Privatperson/Threat Awareness',2,'[{\"changed\": {\"fields\": [\"Zugeordnete Bedrohungssituation\"]}}]',17,1),(6489,'2024-09-27 12:14:59.970266','129','None/Man-in-the-Middle-Attack/Connected Car/Consumer/Tactic Check & Follow-Up',3,'',18,1),(6490,'2024-09-27 12:14:59.978925','128','None/Man-in-the-Middle-Attack/Connected Car/Consumer/Tactic Mastery',3,'',18,1),(6491,'2024-09-27 12:14:59.983381','127','None/Man-in-the-Middle-Attack/Connected Car/Consumer/Tactic Justification',3,'',18,1),(6492,'2024-09-27 12:14:59.987714','126','None/Man-in-the-Middle-Attack/Connected Car/Consumer/Tactic Choice',3,'',18,1),(6493,'2024-09-27 12:14:59.992901','125','None/Man-in-the-Middle-Attack/Connected Car/Consumer/Threat Impact Assessment',3,'',18,1),(6494,'2024-09-27 12:14:59.997958','124','None/Man-in-the-Middle-Attack/Connected Car/Consumer/Threat Identification',3,'',18,1),(6495,'2024-09-27 12:15:00.009457','123','None/Man-in-the-Middle-Attack/Connected Car/Consumer/Threat Awareness',3,'',18,1),(6496,'2024-09-29 08:54:59.926835','192','3.8/Durchfhrung von Social Engineering auf der Basis von Outsider/Insider, um Informationen zu erhalten/Mitarbeiter/Fhrungskraft/Impuls 2',2,'[{\"changed\": {\"fields\": [\"Nummer des Impulses\"]}}]',15,1),(6497,'2024-09-29 14:14:20.441753','16','Test12',1,'[{\"added\": {}}]',4,1),(6498,'2024-09-29 14:14:49.622721','16','Test12',2,'[{\"added\": {\"name\": \"Kampagnen-Berechtigung\", \"object\": \"Test12\"}}]',4,1),(6499,'2024-09-29 14:31:52.223990','4','Arneo',3,'',4,1),(6500,'2024-09-29 14:31:52.229625','5','d_mann',3,'',4,1),(6501,'2024-09-29 14:31:52.232124','14','epoualeu',3,'',4,1),(6502,'2024-09-29 14:31:52.232917','11','flo_ramp',3,'',4,1),(6503,'2024-09-29 14:31:52.233638','2','hugenberg',3,'',4,1),(6504,'2024-09-29 14:31:52.234316','3','hullik',3,'',4,1),(6505,'2024-09-29 14:31:52.235005','13','jadr',3,'',4,1),(6506,'2024-09-29 14:31:52.235716','7','khang',3,'',4,1),(6507,'2024-09-29 14:31:52.236408','15','schlukas',3,'',4,1),(6508,'2024-09-30 06:35:28.761129','13','IoT-Gert',3,'',8,1),(6509,'2024-09-30 06:35:28.780846','12','Wearable',3,'',8,1),(6510,'2024-09-30 06:35:28.782560','10','Connected Car',3,'',8,1),(6511,'2024-09-30 06:35:28.783396','7','Vernetztes Auto',3,'',8,1),(6512,'2024-09-30 06:35:58.117189','33','Angriffe im World Wide Web',3,'',9,1),(6513,'2024-09-30 06:35:58.121461','27','Ausnutzung von Multi-Tenancy in einer Cloud-Umgebung',3,'',9,1),(6514,'2024-09-30 06:35:58.123952','19','Krypto-Diebstahl',3,'',9,1),(6515,'2024-09-30 06:36:15.845590','8','Consumer',3,'',7,1),(6516,'2024-09-30 06:36:30.800612','5','Privatperson',3,'',7,1),(6517,'2024-09-30 06:48:39.312314','20','No emails related',3,'',22,1),(6518,'2024-09-30 06:49:16.958192','11','None',3,'',12,1),(6519,'2024-09-30 06:49:16.962594','10','None',3,'',12,1),(6520,'2024-09-30 06:49:16.964735','9','None',3,'',12,1),(6521,'2024-09-30 06:49:16.966234','8','None',3,'',12,1),(6522,'2024-09-30 06:49:16.967533','7','None',3,'',12,1),(6523,'2024-09-30 06:49:31.704560','21','No chat interface related',3,'',23,1),(6524,'2024-09-30 07:13:58.496821','1','itskompetent_adm',2,'[{\"changed\": {\"fields\": [\"password\"]}}]',4,1),(6525,'2024-09-30 07:40:00.904500','433','Blacklisted token for None',3,'',37,1),(6526,'2024-09-30 07:40:00.909995','432','Blacklisted token for None',3,'',37,1),(6527,'2024-09-30 07:40:00.912162','431','Blacklisted token for None',3,'',37,1),(6528,'2024-09-30 07:40:00.914537','430','Blacklisted token for None',3,'',37,1),(6529,'2024-09-30 07:40:00.917173','429','Blacklisted token for None',3,'',37,1),(6530,'2024-09-30 07:40:00.918556','428','Blacklisted token for None',3,'',37,1),(6531,'2024-09-30 07:40:00.919842','427','Blacklisted token for None',3,'',37,1),(6532,'2024-09-30 07:40:00.920872','426','Blacklisted token for None',3,'',37,1),(6533,'2024-09-30 07:40:00.921882','425','Blacklisted token for None',3,'',37,1),(6534,'2024-09-30 07:40:00.922880','424','Blacklisted token for None',3,'',37,1),(6535,'2024-09-30 07:40:00.923848','423','Blacklisted token for None',3,'',37,1),(6536,'2024-09-30 07:40:00.924752','421','Blacklisted token for None',3,'',37,1),(6537,'2024-09-30 07:40:00.925734','420','Blacklisted token for None',3,'',37,1),(6538,'2024-09-30 07:40:00.926680','419','Blacklisted token for None',3,'',37,1),(6539,'2024-09-30 07:40:00.927353','418','Blacklisted token for None',3,'',37,1),(6540,'2024-09-30 07:40:00.928144','416','Blacklisted token for None',3,'',37,1),(6541,'2024-09-30 07:40:00.928953','414','Blacklisted token for None',3,'',37,1),(6542,'2024-09-30 07:40:00.929704','413','Blacklisted token for None',3,'',37,1),(6543,'2024-09-30 07:40:00.930470','412','Blacklisted token for None',3,'',37,1),(6544,'2024-09-30 07:40:00.931154','408','Blacklisted token for None',3,'',37,1),(6545,'2024-09-30 07:40:00.932138','406','Blacklisted token for None',3,'',37,1),(6546,'2024-09-30 07:40:00.933814','405','Blacklisted token for None',3,'',37,1),(6547,'2024-09-30 07:40:00.934814','404','Blacklisted token for None',3,'',37,1),(6548,'2024-09-30 07:40:00.935554','402','Blacklisted token for None',3,'',37,1),(6549,'2024-09-30 07:40:00.936296','401','Blacklisted token for None',3,'',37,1),(6550,'2024-09-30 07:40:00.936997','399','Blacklisted token for None',3,'',37,1),(6551,'2024-09-30 07:40:00.937660','398','Blacklisted token for None',3,'',37,1),(6552,'2024-09-30 07:40:00.938319','397','Blacklisted token for None',3,'',37,1),(6553,'2024-09-30 07:40:00.938985','396','Blacklisted token for None',3,'',37,1),(6554,'2024-09-30 07:40:00.939646','395','Blacklisted token for None',3,'',37,1),(6555,'2024-09-30 07:40:00.940201','394','Blacklisted token for None',3,'',37,1),(6556,'2024-09-30 07:40:00.941063','393','Blacklisted token for None',3,'',37,1),(6557,'2024-09-30 07:40:00.941994','392','Blacklisted token for None',3,'',37,1),(6558,'2024-09-30 07:40:00.942646','391','Blacklisted token for None',3,'',37,1),(6559,'2024-09-30 07:40:00.943292','390','Blacklisted token for None',3,'',37,1),(6560,'2024-09-30 07:40:00.943937','389','Blacklisted token for None',3,'',37,1),(6561,'2024-09-30 07:40:00.944600','388','Blacklisted token for None',3,'',37,1),(6562,'2024-09-30 07:40:00.945247','387','Blacklisted token for None',3,'',37,1),(6563,'2024-09-30 07:40:00.945812','386','Blacklisted token for None',3,'',37,1),(6564,'2024-09-30 07:40:00.946472','385','Blacklisted token for None',3,'',37,1),(6565,'2024-09-30 07:40:00.947120','384','Blacklisted token for None',3,'',37,1),(6566,'2024-09-30 07:40:00.947785','383','Blacklisted token for None',3,'',37,1),(6567,'2024-09-30 07:40:00.948952','382','Blacklisted token for None',3,'',37,1),(6568,'2024-09-30 07:40:00.950015','381','Blacklisted token for None',3,'',37,1),(6569,'2024-09-30 07:40:00.950832','380','Blacklisted token for None',3,'',37,1),(6570,'2024-09-30 07:40:00.951515','379','Blacklisted token for None',3,'',37,1),(6571,'2024-09-30 07:40:00.952083','378','Blacklisted token for None',3,'',37,1),(6572,'2024-09-30 07:40:00.952728','377','Blacklisted token for None',3,'',37,1),(6573,'2024-09-30 07:40:00.953400','376','Blacklisted token for None',3,'',37,1),(6574,'2024-09-30 07:40:00.954055','375','Blacklisted token for None',3,'',37,1),(6575,'2024-09-30 07:40:00.954857','374','Blacklisted token for None',3,'',37,1),(6576,'2024-09-30 07:40:00.955503','373','Blacklisted token for None',3,'',37,1),(6577,'2024-09-30 07:40:00.956214','372','Blacklisted token for None',3,'',37,1),(6578,'2024-09-30 07:40:00.956999','371','Blacklisted token for None',3,'',37,1),(6579,'2024-09-30 07:40:00.958949','370','Blacklisted token for None',3,'',37,1),(6580,'2024-09-30 07:40:00.959616','369','Blacklisted token for None',3,'',37,1),(6581,'2024-09-30 07:40:00.960223','368','Blacklisted token for None',3,'',37,1),(6582,'2024-09-30 07:40:00.961126','367','Blacklisted token for None',3,'',37,1),(6583,'2024-09-30 07:40:00.962071','366','Blacklisted token for None',3,'',37,1),(6584,'2024-09-30 07:40:00.962771','365','Blacklisted token for None',3,'',37,1),(6585,'2024-09-30 07:40:00.963450','364','Blacklisted token for None',3,'',37,1),(6586,'2024-09-30 07:40:00.964196','363','Blacklisted token for None',3,'',37,1),(6587,'2024-09-30 07:40:00.965501','362','Blacklisted token for None',3,'',37,1),(6588,'2024-09-30 07:40:00.966943','361','Blacklisted token for None',3,'',37,1),(6589,'2024-09-30 07:40:00.967697','360','Blacklisted token for None',3,'',37,1),(6590,'2024-09-30 07:40:00.968420','359','Blacklisted token for None',3,'',37,1),(6591,'2024-09-30 07:40:00.969101','358','Blacklisted token for None',3,'',37,1),(6592,'2024-09-30 07:40:00.969799','357','Blacklisted token for None',3,'',37,1),(6593,'2024-09-30 07:40:00.970613','356','Blacklisted token for None',3,'',37,1),(6594,'2024-09-30 07:40:00.971264','355','Blacklisted token for None',3,'',37,1),(6595,'2024-09-30 07:40:00.971928','354','Blacklisted token for None',3,'',37,1),(6596,'2024-09-30 07:40:00.972621','353','Blacklisted token for None',3,'',37,1),(6597,'2024-09-30 07:40:00.973175','352','Blacklisted token for None',3,'',37,1),(6598,'2024-09-30 07:40:00.973834','351','Blacklisted token for None',3,'',37,1),(6599,'2024-09-30 07:40:00.974577','350','Blacklisted token for None',3,'',37,1),(6600,'2024-09-30 07:40:00.975206','349','Blacklisted token for None',3,'',37,1),(6601,'2024-09-30 07:40:00.975903','348','Blacklisted token for None',3,'',37,1),(6602,'2024-09-30 07:40:00.976837','347','Blacklisted token for None',3,'',37,1),(6603,'2024-09-30 07:40:00.977779','346','Blacklisted token for None',3,'',37,1),(6604,'2024-09-30 07:40:00.978495','345','Blacklisted token for None',3,'',37,1),(6605,'2024-09-30 07:40:00.979311','344','Blacklisted token for None',3,'',37,1),(6606,'2024-09-30 07:40:00.980032','343','Blacklisted token for None',3,'',37,1),(6607,'2024-09-30 07:40:00.981139','342','Blacklisted token for None',3,'',37,1),(6608,'2024-09-30 07:40:00.982834','341','Blacklisted token for None',3,'',37,1),(6609,'2024-09-30 07:40:00.983962','340','Blacklisted token for None',3,'',37,1),(6610,'2024-09-30 07:40:00.984872','339','Blacklisted token for None',3,'',37,1),(6611,'2024-09-30 07:40:00.985570','338','Blacklisted token for None',3,'',37,1),(6612,'2024-09-30 07:40:00.986258','337','Blacklisted token for None',3,'',37,1),(6613,'2024-09-30 07:40:00.986947','336','Blacklisted token for None',3,'',37,1),(6614,'2024-09-30 07:40:00.987613','335','Blacklisted token for None',3,'',37,1),(6615,'2024-09-30 07:40:00.988278','334','Blacklisted token for None',3,'',37,1),(6616,'2024-09-30 07:40:00.988892','333','Blacklisted token for None',3,'',37,1),(6617,'2024-09-30 07:40:00.989626','332','Blacklisted token for None',3,'',37,1),(6618,'2024-09-30 07:40:00.990293','331','Blacklisted token for None',3,'',37,1),(6619,'2024-09-30 07:40:00.991126','330','Blacklisted token for None',3,'',37,1),(6620,'2024-09-30 07:40:00.991934','329','Blacklisted token for None',3,'',37,1),(6621,'2024-09-30 07:40:00.992605','328','Blacklisted token for None',3,'',37,1),(6622,'2024-09-30 07:40:00.993265','327','Blacklisted token for None',3,'',37,1),(6623,'2024-09-30 07:40:00.993957','326','Blacklisted token for None',3,'',37,1),(6624,'2024-09-30 07:40:00.994580','325','Blacklisted token for None',3,'',37,1),(6625,'2024-09-30 07:40:19.470149','324','Blacklisted token for None',3,'',37,1),(6626,'2024-09-30 07:40:19.478846','323','Blacklisted token for None',3,'',37,1),(6627,'2024-09-30 07:40:19.480725','322','Blacklisted token for None',3,'',37,1),(6628,'2024-09-30 07:40:19.482045','321','Blacklisted token for None',3,'',37,1),(6629,'2024-09-30 07:40:19.483837','320','Blacklisted token for None',3,'',37,1),(6630,'2024-09-30 07:40:19.485159','319','Blacklisted token for None',3,'',37,1),(6631,'2024-09-30 07:40:19.486213','318','Blacklisted token for None',3,'',37,1),(6632,'2024-09-30 07:40:19.487005','317','Blacklisted token for None',3,'',37,1),(6633,'2024-09-30 07:40:19.487800','316','Blacklisted token for None',3,'',37,1),(6634,'2024-09-30 07:40:19.488729','315','Blacklisted token for None',3,'',37,1),(6635,'2024-09-30 07:40:19.489565','314','Blacklisted token for None',3,'',37,1),(6636,'2024-09-30 07:40:19.490439','313','Blacklisted token for None',3,'',37,1),(6637,'2024-09-30 07:40:19.491272','312','Blacklisted token for None',3,'',37,1),(6638,'2024-09-30 07:40:19.492019','311','Blacklisted token for None',3,'',37,1),(6639,'2024-09-30 07:40:19.492742','310','Blacklisted token for None',3,'',37,1),(6640,'2024-09-30 07:40:19.493358','309','Blacklisted token for None',3,'',37,1),(6641,'2024-09-30 07:40:19.494116','308','Blacklisted token for None',3,'',37,1),(6642,'2024-09-30 07:40:19.495207','307','Blacklisted token for None',3,'',37,1),(6643,'2024-09-30 07:40:19.496096','306','Blacklisted token for None',3,'',37,1),(6644,'2024-09-30 07:40:19.496912','305','Blacklisted token for None',3,'',37,1),(6645,'2024-09-30 07:40:19.498268','304','Blacklisted token for None',3,'',37,1),(6646,'2024-09-30 07:40:19.500895','303','Blacklisted token for None',3,'',37,1),(6647,'2024-09-30 07:40:19.502854','302','Blacklisted token for None',3,'',37,1),(6648,'2024-09-30 07:40:19.503640','301','Blacklisted token for None',3,'',37,1),(6649,'2024-09-30 07:40:19.504409','300','Blacklisted token for None',3,'',37,1),(6650,'2024-09-30 07:40:19.505304','299','Blacklisted token for None',3,'',37,1),(6651,'2024-09-30 07:40:19.506408','298','Blacklisted token for None',3,'',37,1),(6652,'2024-09-30 07:40:19.507352','297','Blacklisted token for None',3,'',37,1),(6653,'2024-09-30 07:40:19.508149','296','Blacklisted token for None',3,'',37,1),(6654,'2024-09-30 07:40:19.508887','295','Blacklisted token for None',3,'',37,1),(6655,'2024-09-30 07:40:19.509754','294','Blacklisted token for None',3,'',37,1),(6656,'2024-09-30 07:40:19.510762','293','Blacklisted token for None',3,'',37,1),(6657,'2024-09-30 07:40:19.511544','292','Blacklisted token for None',3,'',37,1),(6658,'2024-09-30 07:40:19.512436','291','Blacklisted token for None',3,'',37,1),(6659,'2024-09-30 07:40:19.513169','290','Blacklisted token for None',3,'',37,1),(6660,'2024-09-30 07:40:19.513859','289','Blacklisted token for None',3,'',37,1),(6661,'2024-09-30 07:40:19.514597','288','Blacklisted token for None',3,'',37,1),(6662,'2024-09-30 07:40:19.515539','287','Blacklisted token for None',3,'',37,1),(6663,'2024-09-30 07:40:19.516858','286','Blacklisted token for None',3,'',37,1),(6664,'2024-09-30 07:40:19.517659','285','Blacklisted token for None',3,'',37,1),(6665,'2024-09-30 07:40:19.518431','284','Blacklisted token for None',3,'',37,1),(6666,'2024-09-30 07:40:19.519242','283','Blacklisted token for None',3,'',37,1),(6667,'2024-09-30 07:40:19.520076','282','Blacklisted token for None',3,'',37,1),(6668,'2024-09-30 07:40:19.520732','281','Blacklisted token for None',3,'',37,1),(6669,'2024-09-30 07:40:19.521405','280','Blacklisted token for None',3,'',37,1),(6670,'2024-09-30 07:40:19.522070','279','Blacklisted token for None',3,'',37,1),(6671,'2024-09-30 07:40:19.523301','278','Blacklisted token for None',3,'',37,1),(6672,'2024-09-30 07:40:19.524566','277','Blacklisted token for None',3,'',37,1),(6673,'2024-09-30 07:40:19.526487','276','Blacklisted token for None',3,'',37,1),(6674,'2024-09-30 07:40:19.527291','275','Blacklisted token for None',3,'',37,1),(6675,'2024-09-30 07:40:19.528032','274','Blacklisted token for None',3,'',37,1),(6676,'2024-09-30 07:40:19.528686','273','Blacklisted token for None',3,'',37,1),(6677,'2024-09-30 07:40:19.529534','272','Blacklisted token for None',3,'',37,1),(6678,'2024-09-30 07:40:19.530448','271','Blacklisted token for None',3,'',37,1),(6679,'2024-09-30 07:40:19.531806','270','Blacklisted token for None',3,'',37,1),(6680,'2024-09-30 07:40:19.533333','269','Blacklisted token for None',3,'',37,1),(6681,'2024-09-30 07:40:19.534172','268','Blacklisted token for None',3,'',37,1),(6682,'2024-09-30 07:40:19.535089','267','Blacklisted token for None',3,'',37,1),(6683,'2024-09-30 07:40:19.535871','266','Blacklisted token for None',3,'',37,1),(6684,'2024-09-30 07:40:19.536651','265','Blacklisted token for None',3,'',37,1),(6685,'2024-09-30 07:40:19.537263','264','Blacklisted token for None',3,'',37,1),(6686,'2024-09-30 07:40:19.537881','263','Blacklisted token for None',3,'',37,1),(6687,'2024-09-30 07:40:19.538535','262','Blacklisted token for None',3,'',37,1),(6688,'2024-09-30 07:40:19.539148','261','Blacklisted token for None',3,'',37,1),(6689,'2024-09-30 07:40:19.539693','260','Blacklisted token for None',3,'',37,1),(6690,'2024-09-30 07:40:19.540294','259','Blacklisted token for None',3,'',37,1),(6691,'2024-09-30 07:40:19.540910','258','Blacklisted token for None',3,'',37,1),(6692,'2024-09-30 07:40:19.541570','257','Blacklisted token for None',3,'',37,1),(6693,'2024-09-30 07:40:19.542197','256','Blacklisted token for None',3,'',37,1),(6694,'2024-09-30 07:40:19.542955','255','Blacklisted token for None',3,'',37,1),(6695,'2024-09-30 07:40:19.543642','254','Blacklisted token for None',3,'',37,1),(6696,'2024-09-30 07:40:19.544297','253','Blacklisted token for None',3,'',37,1),(6697,'2024-09-30 07:40:19.544883','252','Blacklisted token for None',3,'',37,1),(6698,'2024-09-30 07:40:19.545584','251','Blacklisted token for None',3,'',37,1),(6699,'2024-09-30 07:40:19.546244','250','Blacklisted token for None',3,'',37,1),(6700,'2024-09-30 07:40:19.546903','249','Blacklisted token for None',3,'',37,1),(6701,'2024-09-30 07:40:19.547715','248','Blacklisted token for None',3,'',37,1),(6702,'2024-09-30 07:40:19.548496','247','Blacklisted token for None',3,'',37,1),(6703,'2024-09-30 07:40:19.549822','246','Blacklisted token for None',3,'',37,1),(6704,'2024-09-30 07:40:19.550657','245','Blacklisted token for None',3,'',37,1),(6705,'2024-09-30 07:40:19.551334','244','Blacklisted token for None',3,'',37,1),(6706,'2024-09-30 07:40:19.551996','243','Blacklisted token for None',3,'',37,1),(6707,'2024-09-30 07:40:19.552608','242','Blacklisted token for None',3,'',37,1),(6708,'2024-09-30 07:40:19.553142','241','Blacklisted token for None',3,'',37,1),(6709,'2024-09-30 07:40:19.553784','240','Blacklisted token for None',3,'',37,1),(6710,'2024-09-30 07:40:19.554397','239','Blacklisted token for None',3,'',37,1),(6711,'2024-09-30 07:40:19.555017','238','Blacklisted token for None',3,'',37,1),(6712,'2024-09-30 07:40:19.555633','237','Blacklisted token for None',3,'',37,1),(6713,'2024-09-30 07:40:19.556246','236','Blacklisted token for None',3,'',37,1),(6714,'2024-09-30 07:40:19.556861','235','Blacklisted token for None',3,'',37,1),(6715,'2024-09-30 07:40:19.557468','234','Blacklisted token for None',3,'',37,1),(6716,'2024-09-30 07:40:19.558013','233','Blacklisted token for None',3,'',37,1),(6717,'2024-09-30 07:40:19.558601','232','Blacklisted token for None',3,'',37,1),(6718,'2024-09-30 07:40:19.559476','231','Blacklisted token for None',3,'',37,1),(6719,'2024-09-30 07:40:19.560137','230','Blacklisted token for None',3,'',37,1),(6720,'2024-09-30 07:40:19.560987','229','Blacklisted token for None',3,'',37,1),(6721,'2024-09-30 07:40:19.561620','228','Blacklisted token for None',3,'',37,1),(6722,'2024-09-30 07:40:19.562243','227','Blacklisted token for None',3,'',37,1),(6723,'2024-09-30 07:40:19.562853','226','Blacklisted token for None',3,'',37,1),(6724,'2024-09-30 07:40:19.563463','225','Blacklisted token for None',3,'',37,1),(6725,'2024-09-30 07:40:19.564004','224','Blacklisted token for None',3,'',37,1),(6726,'2024-09-30 07:40:19.564686','223','Blacklisted token for None',3,'',37,1),(6727,'2024-09-30 07:40:19.565651','222','Blacklisted token for None',3,'',37,1),(6728,'2024-09-30 07:40:19.566783','221','Blacklisted token for None',3,'',37,1),(6729,'2024-09-30 07:40:19.567686','220','Blacklisted token for None',3,'',37,1),(6730,'2024-09-30 07:40:19.568359','219','Blacklisted token for None',3,'',37,1),(6731,'2024-09-30 07:40:19.569011','218','Blacklisted token for None',3,'',37,1),(6732,'2024-09-30 07:40:19.569612','217','Blacklisted token for None',3,'',37,1),(6733,'2024-09-30 07:40:19.570155','216','Blacklisted token for None',3,'',37,1),(6734,'2024-09-30 07:40:19.570741','215','Blacklisted token for None',3,'',37,1),(6735,'2024-09-30 07:40:19.571325','214','Blacklisted token for None',3,'',37,1),(6736,'2024-09-30 07:40:19.571955','213','Blacklisted token for None',3,'',37,1),(6737,'2024-09-30 07:40:19.572778','212','Blacklisted token for None',3,'',37,1),(6738,'2024-09-30 07:40:19.573399','211','Blacklisted token for None',3,'',37,1),(6739,'2024-09-30 07:40:19.574066','210','Blacklisted token for None',3,'',37,1),(6740,'2024-09-30 07:40:19.574696','209','Blacklisted token for None',3,'',37,1),(6741,'2024-09-30 07:40:19.575271','208','Blacklisted token for None',3,'',37,1),(6742,'2024-09-30 07:40:19.575917','207','Blacklisted token for None',3,'',37,1),(6743,'2024-09-30 07:40:19.576568','206','Blacklisted token for None',3,'',37,1),(6744,'2024-09-30 07:40:19.577193','205','Blacklisted token for None',3,'',37,1),(6745,'2024-09-30 07:40:19.577802','204','Blacklisted token for None',3,'',37,1),(6746,'2024-09-30 07:40:19.578400','203','Blacklisted token for None',3,'',37,1),(6747,'2024-09-30 07:40:19.579051','202','Blacklisted token for None',3,'',37,1),(6748,'2024-09-30 07:40:19.579659','201','Blacklisted token for None',3,'',37,1),(6749,'2024-09-30 07:40:19.580243','200','Blacklisted token for None',3,'',37,1),(6750,'2024-09-30 07:40:19.580861','199','Blacklisted token for None',3,'',37,1),(6751,'2024-09-30 07:40:19.581513','198','Blacklisted token for None',3,'',37,1),(6752,'2024-09-30 07:40:19.582121','197','Blacklisted token for None',3,'',37,1),(6753,'2024-09-30 07:40:19.582742','196','Blacklisted token for None',3,'',37,1),(6754,'2024-09-30 07:40:19.583378','195','Blacklisted token for None',3,'',37,1),(6755,'2024-09-30 07:40:19.584105','194','Blacklisted token for None',3,'',37,1),(6756,'2024-09-30 07:40:19.584774','193','Blacklisted token for None',3,'',37,1),(6757,'2024-09-30 07:40:19.585350','192','Blacklisted token for None',3,'',37,1),(6758,'2024-09-30 07:40:19.586023','191','Blacklisted token for None',3,'',37,1),(6759,'2024-09-30 07:40:19.586636','190','Blacklisted token for None',3,'',37,1),(6760,'2024-09-30 07:40:19.587244','189','Blacklisted token for None',3,'',37,1),(6761,'2024-09-30 07:40:19.587890','188','Blacklisted token for None',3,'',37,1),(6762,'2024-09-30 07:40:19.588543','187','Blacklisted token for None',3,'',37,1),(6763,'2024-09-30 07:40:19.589188','186','Blacklisted token for None',3,'',37,1),(6764,'2024-09-30 07:40:19.589804','185','Blacklisted token for None',3,'',37,1),(6765,'2024-09-30 07:40:19.590377','184','Blacklisted token for None',3,'',37,1),(6766,'2024-09-30 07:40:19.591157','183','Blacklisted token for None',3,'',37,1),(6767,'2024-09-30 07:40:19.591748','182','Blacklisted token for None',3,'',37,1),(6768,'2024-09-30 07:40:19.592354','181','Blacklisted token for None',3,'',37,1),(6769,'2024-09-30 07:40:19.592962','180','Blacklisted token for None',3,'',37,1),(6770,'2024-09-30 07:40:19.593578','179','Blacklisted token for None',3,'',37,1),(6771,'2024-09-30 07:40:19.594198','178','Blacklisted token for None',3,'',37,1),(6772,'2024-09-30 07:40:19.594798','177','Blacklisted token for None',3,'',37,1),(6773,'2024-09-30 07:40:19.595360','176','Blacklisted token for None',3,'',37,1),(6774,'2024-09-30 07:40:19.595960','175','Blacklisted token for None',3,'',37,1),(6775,'2024-09-30 07:40:19.596556','174','Blacklisted token for None',3,'',37,1),(6776,'2024-09-30 07:40:19.597142','173','Blacklisted token for None',3,'',37,1),(6777,'2024-09-30 07:40:19.597782','172','Blacklisted token for None',3,'',37,1),(6778,'2024-09-30 07:40:19.598418','171','Blacklisted token for None',3,'',37,1),(6779,'2024-09-30 07:40:19.599040','170','Blacklisted token for None',3,'',37,1),(6780,'2024-09-30 07:40:19.599633','169','Blacklisted token for None',3,'',37,1),(6781,'2024-09-30 07:40:19.600210','168','Blacklisted token for None',3,'',37,1),(6782,'2024-09-30 07:40:19.600726','167','Blacklisted token for None',3,'',37,1),(6783,'2024-09-30 07:40:19.601375','166','Blacklisted token for None',3,'',37,1),(6784,'2024-09-30 07:40:19.602017','165','Blacklisted token for None',3,'',37,1),(6785,'2024-09-30 07:40:19.602619','164','Blacklisted token for None',3,'',37,1),(6786,'2024-09-30 07:40:19.603346','163','Blacklisted token for None',3,'',37,1),(6787,'2024-09-30 07:40:19.603969','162','Blacklisted token for None',3,'',37,1),(6788,'2024-09-30 07:40:19.604557','161','Blacklisted token for None',3,'',37,1),(6789,'2024-09-30 07:40:19.605178','160','Blacklisted token for None',3,'',37,1),(6790,'2024-09-30 07:40:19.605779','159','Blacklisted token for None',3,'',37,1),(6791,'2024-09-30 07:40:19.606319','158','Blacklisted token for None',3,'',37,1),(6792,'2024-09-30 07:40:19.606919','157','Blacklisted token for None',3,'',37,1),(6793,'2024-09-30 07:40:19.607500','156','Blacklisted token for None',3,'',37,1),(6794,'2024-09-30 07:40:19.608169','155','Blacklisted token for None',3,'',37,1),(6795,'2024-09-30 07:40:19.608749','154','Blacklisted token for None',3,'',37,1),(6796,'2024-09-30 07:40:19.609326','153','Blacklisted token for None',3,'',37,1),(6797,'2024-09-30 07:40:19.609931','152','Blacklisted token for None',3,'',37,1),(6798,'2024-09-30 07:40:19.610569','151','Blacklisted token for None',3,'',37,1),(6799,'2024-09-30 07:40:19.611197','150','Blacklisted token for None',3,'',37,1),(6800,'2024-09-30 07:40:19.611719','149','Blacklisted token for None',3,'',37,1),(6801,'2024-09-30 07:40:19.612338','148','Blacklisted token for None',3,'',37,1),(6802,'2024-09-30 07:40:19.613083','147','Blacklisted token for None',3,'',37,1),(6803,'2024-09-30 07:40:19.613670','146','Blacklisted token for None',3,'',37,1),(6804,'2024-09-30 07:40:19.614308','145','Blacklisted token for None',3,'',37,1),(6805,'2024-09-30 07:40:19.614905','144','Blacklisted token for None',3,'',37,1),(6806,'2024-09-30 07:40:19.615487','143','Blacklisted token for None',3,'',37,1),(6807,'2024-09-30 07:40:19.616085','142','Blacklisted token for None',3,'',37,1),(6808,'2024-09-30 07:40:19.616622','141','Blacklisted token for None',3,'',37,1),(6809,'2024-09-30 07:40:19.617205','140','Blacklisted token for None',3,'',37,1),(6810,'2024-09-30 07:40:19.617788','139','Blacklisted token for None',3,'',37,1),(6811,'2024-09-30 07:40:19.618387','138','Blacklisted token for None',3,'',37,1),(6812,'2024-09-30 07:40:19.618975','137','Blacklisted token for None',3,'',37,1),(6813,'2024-09-30 07:40:19.619567','136','Blacklisted token for None',3,'',37,1),(6814,'2024-09-30 07:40:19.620143','135','Blacklisted token for None',3,'',37,1),(6815,'2024-09-30 07:40:19.620799','134','Blacklisted token for None',3,'',37,1),(6816,'2024-09-30 07:40:19.621333','133','Blacklisted token for None',3,'',37,1),(6817,'2024-09-30 07:40:19.621949','132','Blacklisted token for None',3,'',37,1),(6818,'2024-09-30 07:40:19.622528','131','Blacklisted token for None',3,'',37,1),(6819,'2024-09-30 07:40:19.623112','130','Blacklisted token for None',3,'',37,1),(6820,'2024-09-30 07:40:19.623764','129','Blacklisted token for None',3,'',37,1),(6821,'2024-09-30 07:40:19.624345','128','Blacklisted token for None',3,'',37,1),(6822,'2024-09-30 07:40:19.624944','127','Blacklisted token for None',3,'',37,1),(6823,'2024-09-30 07:40:19.625534','126','Blacklisted token for None',3,'',37,1),(6824,'2024-09-30 07:40:19.626085','125','Blacklisted token for None',3,'',37,1),(6825,'2024-09-30 07:40:19.626666','124','Blacklisted token for None',3,'',37,1),(6826,'2024-09-30 07:40:19.627311','123','Blacklisted token for None',3,'',37,1),(6827,'2024-09-30 07:40:19.627917','122','Blacklisted token for None',3,'',37,1),(6828,'2024-09-30 07:40:19.628496','121','Blacklisted token for None',3,'',37,1),(6829,'2024-09-30 07:40:19.629057','120','Blacklisted token for None',3,'',37,1),(6830,'2024-09-30 07:40:19.629635','119','Blacklisted token for None',3,'',37,1),(6831,'2024-09-30 07:40:19.630224','118','Blacklisted token for None',3,'',37,1),(6832,'2024-09-30 07:40:19.630752','117','Blacklisted token for None',3,'',37,1),(6833,'2024-09-30 07:40:19.631370','116','Blacklisted token for None',3,'',37,1),(6834,'2024-09-30 07:40:19.631993','115','Blacklisted token for None',3,'',37,1),(6835,'2024-09-30 07:40:19.632563','114','Blacklisted token for None',3,'',37,1),(6836,'2024-09-30 07:40:19.633242','113','Blacklisted token for None',3,'',37,1),(6837,'2024-09-30 07:40:19.633854','112','Blacklisted token for None',3,'',37,1),(6838,'2024-09-30 07:40:19.634615','111','Blacklisted token for None',3,'',37,1),(6839,'2024-09-30 07:40:19.635185','110','Blacklisted token for None',3,'',37,1),(6840,'2024-09-30 07:40:19.635713','109','Blacklisted token for None',3,'',37,1),(6841,'2024-09-30 07:40:19.636335','108','Blacklisted token for None',3,'',37,1),(6842,'2024-09-30 07:40:19.636947','107','Blacklisted token for None',3,'',37,1),(6843,'2024-09-30 07:40:19.637784','106','Blacklisted token for None',3,'',37,1),(6844,'2024-09-30 07:40:19.638422','105','Blacklisted token for None',3,'',37,1),(6845,'2024-09-30 07:40:19.639036','104','Blacklisted token for None',3,'',37,1),(6846,'2024-09-30 07:40:19.639614','103','Blacklisted token for None',3,'',37,1),(6847,'2024-09-30 07:40:19.640263','102','Blacklisted token for None',3,'',37,1),(6848,'2024-09-30 07:40:19.640781','101','Blacklisted token for None',3,'',37,1),(6849,'2024-09-30 07:40:19.641397','100','Blacklisted token for None',3,'',37,1),(6850,'2024-09-30 07:40:19.642171','99','Blacklisted token for None',3,'',37,1),(6851,'2024-09-30 07:40:19.642831','98','Blacklisted token for None',3,'',37,1),(6852,'2024-09-30 07:40:19.643798','97','Blacklisted token for None',3,'',37,1),(6853,'2024-09-30 07:40:19.644439','96','Blacklisted token for None',3,'',37,1),(6854,'2024-09-30 07:40:19.645175','95','Blacklisted token for None',3,'',37,1),(6855,'2024-09-30 07:40:19.645900','94','Blacklisted token for None',3,'',37,1),(6856,'2024-09-30 07:40:19.646555','93','Blacklisted token for None',3,'',37,1),(6857,'2024-09-30 07:40:19.647330','92','Blacklisted token for None',3,'',37,1),(6858,'2024-09-30 07:40:19.648035','91','Blacklisted token for None',3,'',37,1),(6859,'2024-09-30 07:40:19.648672','90','Blacklisted token for None',3,'',37,1),(6860,'2024-09-30 07:40:19.649211','89','Blacklisted token for None',3,'',37,1),(6861,'2024-09-30 07:40:19.649898','88','Blacklisted token for None',3,'',37,1),(6862,'2024-09-30 07:40:19.650543','87','Blacklisted token for None',3,'',37,1),(6863,'2024-09-30 07:40:19.651466','86','Blacklisted token for None',3,'',37,1),(6864,'2024-09-30 07:40:19.652408','85','Blacklisted token for None',3,'',37,1),(6865,'2024-09-30 07:40:19.653373','84','Blacklisted token for None',3,'',37,1),(6866,'2024-09-30 07:40:19.654183','83','Blacklisted token for None',3,'',37,1),(6867,'2024-09-30 07:40:19.654898','82','Blacklisted token for None',3,'',37,1),(6868,'2024-09-30 07:40:19.655607','81','Blacklisted token for None',3,'',37,1),(6869,'2024-09-30 07:40:19.656158','80','Blacklisted token for None',3,'',37,1),(6870,'2024-09-30 07:40:19.656828','79','Blacklisted token for None',3,'',37,1),(6871,'2024-09-30 07:40:19.657499','78','Blacklisted token for None',3,'',37,1),(6872,'2024-09-30 07:40:19.658170','77','Blacklisted token for None',3,'',37,1),(6873,'2024-09-30 07:40:19.658854','76','Blacklisted token for None',3,'',37,1),(6874,'2024-09-30 07:40:19.659471','75','Blacklisted token for None',3,'',37,1),(6875,'2024-09-30 07:40:19.660092','74','Blacklisted token for None',3,'',37,1),(6876,'2024-09-30 07:40:19.660718','73','Blacklisted token for None',3,'',37,1),(6877,'2024-09-30 07:40:19.661293','72','Blacklisted token for None',3,'',37,1),(6878,'2024-09-30 07:40:19.663160','71','Blacklisted token for None',3,'',37,1),(6879,'2024-09-30 07:40:19.663882','70','Blacklisted token for None',3,'',37,1),(6880,'2024-09-30 07:40:19.664548','69','Blacklisted token for None',3,'',37,1),(6881,'2024-09-30 07:40:19.665648','68','Blacklisted token for None',3,'',37,1),(6882,'2024-09-30 07:40:19.666979','67','Blacklisted token for None',3,'',37,1),(6883,'2024-09-30 07:40:19.667852','66','Blacklisted token for None',3,'',37,1),(6884,'2024-09-30 07:40:19.668423','65','Blacklisted token for None',3,'',37,1),(6885,'2024-09-30 07:40:19.669152','64','Blacklisted token for None',3,'',37,1),(6886,'2024-09-30 07:40:19.669841','63','Blacklisted token for None',3,'',37,1),(6887,'2024-09-30 07:40:19.670483','62','Blacklisted token for None',3,'',37,1),(6888,'2024-09-30 07:40:19.671116','61','Blacklisted token for None',3,'',37,1),(6889,'2024-09-30 07:40:19.671728','60','Blacklisted token for None',3,'',37,1),(6890,'2024-09-30 07:40:19.672418','59','Blacklisted token for None',3,'',37,1),(6891,'2024-09-30 07:40:19.673266','58','Blacklisted token for None',3,'',37,1),(6892,'2024-09-30 07:40:19.673802','57','Blacklisted token for None',3,'',37,1),(6893,'2024-09-30 07:40:19.674432','56','Blacklisted token for None',3,'',37,1),(6894,'2024-09-30 07:40:19.675082','55','Blacklisted token for None',3,'',37,1),(6895,'2024-09-30 07:40:19.675713','54','Blacklisted token for None',3,'',37,1),(6896,'2024-09-30 07:40:19.676492','53','Blacklisted token for None',3,'',37,1),(6897,'2024-09-30 07:40:19.677163','52','Blacklisted token for None',3,'',37,1),(6898,'2024-09-30 07:40:19.677869','51','Blacklisted token for None',3,'',37,1),(6899,'2024-09-30 07:40:19.678586','50','Blacklisted token for None',3,'',37,1),(6900,'2024-09-30 07:40:19.679295','49','Blacklisted token for None',3,'',37,1),(6901,'2024-09-30 07:40:19.679931','48','Blacklisted token for None',3,'',37,1),(6902,'2024-09-30 07:40:19.680464','47','Blacklisted token for None',3,'',37,1),(6903,'2024-09-30 07:40:19.681088','46','Blacklisted token for None',3,'',37,1),(6904,'2024-09-30 07:40:19.681712','45','Blacklisted token for None',3,'',37,1),(6905,'2024-09-30 07:40:19.682333','44','Blacklisted token for None',3,'',37,1),(6906,'2024-09-30 07:40:19.682969','43','Blacklisted token for None',3,'',37,1),(6907,'2024-09-30 07:40:19.683604','42','Blacklisted token for None',3,'',37,1),(6908,'2024-09-30 07:40:19.684216','41','Blacklisted token for None',3,'',37,1),(6909,'2024-09-30 07:40:19.685193','40','Blacklisted token for None',3,'',37,1),(6910,'2024-09-30 07:40:19.686074','39','Blacklisted token for None',3,'',37,1),(6911,'2024-09-30 07:40:19.686920','38','Blacklisted token for None',3,'',37,1),(6912,'2024-09-30 07:40:19.687659','37','Blacklisted token for None',3,'',37,1),(6913,'2024-09-30 07:40:19.688314','36','Blacklisted token for None',3,'',37,1),(6914,'2024-09-30 07:40:19.689000','35','Blacklisted token for None',3,'',37,1),(6915,'2024-09-30 07:40:19.689658','34','Blacklisted token for None',3,'',37,1),(6916,'2024-09-30 07:40:19.690296','33','Blacklisted token for None',3,'',37,1),(6917,'2024-09-30 07:40:19.690944','32','Blacklisted token for None',3,'',37,1),(6918,'2024-09-30 07:40:19.691482','31','Blacklisted token for None',3,'',37,1),(6919,'2024-09-30 07:40:19.692109','30','Blacklisted token for None',3,'',37,1),(6920,'2024-09-30 07:40:19.692745','29','Blacklisted token for None',3,'',37,1),(6921,'2024-09-30 07:40:19.693448','28','Blacklisted token for None',3,'',37,1),(6922,'2024-09-30 07:40:19.694209','27','Blacklisted token for None',3,'',37,1),(6923,'2024-09-30 07:40:19.694868','26','Blacklisted token for None',3,'',37,1),(6924,'2024-09-30 07:40:19.695514','25','Blacklisted token for None',3,'',37,1),(6925,'2024-09-30 07:40:19.696167','24','Blacklisted token for None',3,'',37,1),(6926,'2024-09-30 07:40:19.696704','23','Blacklisted token for None',3,'',37,1),(6927,'2024-09-30 07:40:19.697333','22','Blacklisted token for None',3,'',37,1),(6928,'2024-09-30 07:40:19.698109','21','Blacklisted token for None',3,'',37,1),(6929,'2024-09-30 07:40:19.699785','20','Blacklisted token for None',3,'',37,1),(6930,'2024-09-30 07:40:19.701853','19','Blacklisted token for None',3,'',37,1),(6931,'2024-09-30 07:40:19.702857','18','Blacklisted token for None',3,'',37,1),(6932,'2024-09-30 07:40:19.703686','17','Blacklisted token for None',3,'',37,1),(6933,'2024-09-30 07:40:19.704356','16','Blacklisted token for None',3,'',37,1),(6934,'2024-09-30 07:40:19.704939','15','Blacklisted token for None',3,'',37,1),(6935,'2024-09-30 07:40:19.705596','14','Blacklisted token for None',3,'',37,1),(6936,'2024-09-30 07:40:19.706228','13','Blacklisted token for None',3,'',37,1),(6937,'2024-09-30 07:40:19.706885','12','Blacklisted token for None',3,'',37,1),(6938,'2024-09-30 07:40:19.707557','11','Blacklisted token for None',3,'',37,1),(6939,'2024-09-30 07:40:19.708260','10','Blacklisted token for None',3,'',37,1),(6940,'2024-09-30 07:40:19.708921','9','Blacklisted token for None',3,'',37,1),(6941,'2024-09-30 07:40:19.709658','8','Blacklisted token for None',3,'',37,1),(6942,'2024-09-30 07:40:19.710373','7','Blacklisted token for None',3,'',37,1),(6943,'2024-09-30 07:40:19.711001','6','Blacklisted token for None',3,'',37,1),(6944,'2024-09-30 07:40:19.711642','5','Blacklisted token for None',3,'',37,1),(6945,'2024-09-30 07:40:19.712285','4','Blacklisted token for None',3,'',37,1),(6946,'2024-09-30 07:40:19.712955','3','Blacklisted token for None',3,'',37,1),(6947,'2024-09-30 07:40:19.713572','2','Blacklisted token for None',3,'',37,1),(6948,'2024-09-30 07:40:19.714209','1','Blacklisted token for None',3,'',37,1),(6949,'2024-09-30 07:40:19.714996','422','Blacklisted token for itskompetent_adm',3,'',37,1),(6950,'2024-09-30 07:40:19.716611','417','Blacklisted token for itskompetent_adm',3,'',37,1),(6951,'2024-09-30 07:40:19.717957','415','Blacklisted token for itskompetent_adm',3,'',37,1),(6952,'2024-09-30 07:40:19.718860','411','Blacklisted token for itskompetent_adm',3,'',37,1),(6953,'2024-09-30 07:40:19.719541','410','Blacklisted token for itskompetent_adm',3,'',37,1),(6954,'2024-09-30 07:40:19.720230','409','Blacklisted token for itskompetent_adm',3,'',37,1),(6955,'2024-09-30 07:40:19.720892','407','Blacklisted token for itskompetent_adm',3,'',37,1),(6956,'2024-09-30 07:40:19.721529','403','Blacklisted token for itskompetent_adm',3,'',37,1),(6957,'2024-09-30 07:40:19.722143','400','Blacklisted token for itskompetent_adm',3,'',37,1),(6958,'2024-09-30 07:40:19.722753','437','Blacklisted token for Test12',3,'',37,1),(6959,'2024-09-30 07:40:19.723471','436','Blacklisted token for Test12',3,'',37,1),(6960,'2024-09-30 07:40:19.724172','435','Blacklisted token for Test12',3,'',37,1),(6961,'2024-09-30 07:40:19.724811','434','Blacklisted token for Test12',3,'',37,1),(6962,'2024-09-30 14:01:47.279322','17','Test13',1,'[{\"added\": {}}, {\"added\": {\"name\": \"Kampagnen-Berechtigung\", \"object\": \"Test13\"}}]',4,1),(6963,'2024-09-30 14:56:34.544884','18','Test',1,'[{\"added\": {}}, {\"added\": {\"name\": \"Kampagnen-Berechtigung\", \"object\": \"Test\"}}]',4,1),(6964,'2024-09-30 15:53:51.611512','1','Innendienst',2,'[{\"changed\": {\"fields\": [\"Zugeordnete Bedrohungssituationen\"]}}]',19,1),(6965,'2024-09-30 15:54:06.282889','2','Auendienst',2,'[{\"changed\": {\"fields\": [\"Zugeordnete Bedrohungssituationen\"]}}]',19,1),(6966,'2024-09-30 15:54:19.948862','4','Fhrungskraft',2,'[{\"changed\": {\"fields\": [\"Zugeordnete Bedrohungssituationen\"]}}]',19,1),(6967,'2024-09-30 15:54:33.200033','5','IT-Admin',2,'[{\"changed\": {\"fields\": [\"Zugeordnete Bedrohungssituationen\"]}}]',19,1),(6968,'2024-09-30 15:54:42.955462','7','Geschftsfhrer*in',2,'[{\"changed\": {\"fields\": [\"Zugeordnete Bedrohungssituationen\"]}}]',19,1),(6969,'2024-09-30 15:56:53.780339','67','No images related',3,'',21,1),(6970,'2024-09-30 15:56:53.785745','31','No images related',3,'',21,1),(6971,'2024-09-30 15:56:53.787813','25','No images related',3,'',21,1),(6972,'2024-09-30 15:56:53.789438','24','No images related',3,'',21,1),(6973,'2024-09-30 15:56:53.790707','22','No images related',3,'',21,1),(6974,'2024-09-30 15:56:53.792022','19','No images related',3,'',21,1),(6975,'2024-09-30 15:56:53.793364','18','No images related',3,'',21,1),(6976,'2024-09-30 15:56:53.794514','17','No images related',3,'',21,1),(6977,'2024-09-30 15:56:53.795673','14','No images related',3,'',21,1),(6978,'2024-09-30 15:56:53.797009','13','No images related',3,'',21,1),(6979,'2024-09-30 15:56:53.798118','12','No images related',3,'',21,1),(6980,'2024-09-30 15:56:53.799362','11','No images related',3,'',21,1),(6981,'2024-09-30 15:56:53.801334','8','No images related',3,'',21,1),(6982,'2024-09-30 15:56:53.802773','7','No images related',3,'',21,1),(6983,'2024-09-30 15:57:00.657809','23','No images related',3,'',21,1),(6984,'2024-09-30 16:45:34.926437','7','Auendienst',2,'[{\"changed\": {\"fields\": [\"T\\u00e4tigkeiten\"]}}]',7,1),(6985,'2024-09-30 16:48:05.782218','1','Innendienst',2,'[{\"changed\": {\"fields\": [\"T\\u00e4tigkeiten\"]}}]',7,1),(6986,'2024-09-30 16:48:29.809415','3','Geschftsfhrer*in',2,'[{\"changed\": {\"fields\": [\"T\\u00e4tigkeiten\"]}}]',7,1),(6987,'2024-09-30 16:52:56.050855','58','3.9/Durchfhrung von Social Engineering auf der Basis von Outsider/Insider, um Informationen zu erhalten/Instantmessenger/Fhrungskraft',2,'[{\"changed\": {\"fields\": [\"Beschreibung\"]}}]',11,1),(6988,'2024-09-30 16:53:06.362602','51','4.7/Bereitstellung gezielter Schadsoftware zur Kontrolle interner Systeme und zur Exfiltration von Daten/Instantmessenger/Auendienst',2,'[{\"changed\": {\"fields\": [\"Beschreibung\"]}}]',11,1),(6989,'2024-09-30 16:53:21.941883','49','4.5/Einschleusen bekannter Malware in interne Informationssysteme der Organisation/Instantmessenger/Auendienst',2,'[{\"changed\": {\"fields\": [\"Beschreibung\"]}}]',11,1),(6990,'2024-09-30 16:53:59.972762','2','2.12/Durchfhrung von Social Engineering auf der Basis von Outsider/Insider, um Informationen zu erhalten/Social Media Systeme/Innendienst',2,'[{\"changed\": {\"fields\": [\"Beschreibung\"]}}]',11,1),(6991,'2024-09-30 17:00:18.493370','706','Auf dem Notizblock befinden sich die Uhrzeit und der Kanal eines Kollaborations-Meetings.',2,'[{\"changed\": {\"fields\": [\"Antwortoption\"]}}]',20,1),(6992,'2024-09-30 17:00:49.609288','1723','Das Aktualisieren von Office-Anwendungen kann Sicherheitsprobleme verursachen.',2,'[{\"changed\": {\"fields\": [\"Antwortoption\"]}}]',20,1),(6993,'2024-09-30 17:01:00.213236','1722','Niemand hat Ihnen vorzuschreiben, wann Sie Office-Anwendungen aktualisieren.',2,'[{\"changed\": {\"fields\": [\"Antwortoption\"]}}]',20,1),(6994,'2024-09-30 17:01:12.447094','1774','Ihre Version von der Office-Anwendung wird unbrauchbar.',2,'[{\"changed\": {\"fields\": [\"Antwortoption\"]}}]',20,1),(6995,'2024-09-30 17:43:54.211986','2','Auendienst',2,'[{\"changed\": {\"fields\": [\"Zugeordnete Bedrohungssituationen\"]}}]',19,1),(6996,'2024-09-30 18:51:03.563338','16','Test12',3,'',4,1),(6997,'2024-09-30 18:51:03.594497','17','Test13',3,'',4,1),(6998,'2024-09-30 18:59:55.072475','18','Test',2,'[{\"changed\": {\"name\": \"Kampagnen-Berechtigung\", \"object\": \"Test\", \"fields\": [\"Passwort \\u00e4ndern erforderlich\"]}}]',4,1),(6999,'2024-09-30 19:03:06.486205','18','Test',3,'',4,1),(7000,'2024-09-30 19:03:16.921242','1','itskompetent_adm',2,'[{\"changed\": {\"name\": \"Kampagnen-Berechtigung\", \"object\": \"itskompetent_adm\", \"fields\": [\"Kampagnen Manager Status\"]}}]',4,1),(7001,'2024-09-30 19:03:38.850075','2','Auendienst',2,'[{\"changed\": {\"fields\": [\"Zugeordnete Bedrohungssituationen\"]}}]',19,1);
/*!40000 ALTER TABLE `django_admin_log` ENABLE KEYS */;
UNLOCK TABLES;

--
-- Table structure for table `django_content_type`
--

DROP TABLE IF EXISTS `django_content_type`;
/*!40101 SET @saved_cs_client     = @@character_set_client */;
/*!50503 SET character_set_client = utf8mb4 */;
CREATE TABLE `django_content_type` (
  `id` int NOT NULL AUTO_INCREMENT,
  `app_label` varchar(100) NOT NULL,
  `model` varchar(100) NOT NULL,
  PRIMARY KEY (`id`),
  UNIQUE KEY `django_content_type_app_label_model_76bd3d3b_uniq` (`app_label`,`model`)
) ENGINE=InnoDB AUTO_INCREMENT=42 DEFAULT CHARSET=utf8mb4 COLLATE=utf8mb4_0900_ai_ci;
/*!40101 SET character_set_client = @saved_cs_client */;

--
-- Dumping data for table `django_content_type`
--

LOCK TABLES `django_content_type` WRITE;
/*!40000 ALTER TABLE `django_content_type` DISABLE KEYS */;
INSERT INTO `django_content_type` VALUES (1,'admin','logentry'),(3,'auth','group'),(2,'auth','permission'),(4,'auth','user'),(33,'campagne','campagne'),(29,'campagne','competencedimensionscore'),(34,'campagne','competencedimensionscoreperthreat'),(32,'campagne','competencetestresult'),(31,'campagne','invitation'),(30,'campagne','threatsituationscore'),(23,'competence_tests','chatimpulse'),(12,'competence_tests','chatinterface'),(20,'competence_tests','choiceitem'),(13,'competence_tests','competencedimension'),(19,'competence_tests','competencetest'),(18,'competence_tests','competencetestitem'),(22,'competence_tests','emailimpulse'),(14,'competence_tests','emailitem'),(21,'competence_tests','imageimpulse'),(15,'competence_tests','imageitem'),(16,'competence_tests','impulse'),(17,'competence_tests','questionitem'),(5,'contenttypes','contenttype'),(7,'job_profiles','jobprofile'),(6,'sessions','session'),(39,'sites','site'),(8,'threats','threatarea'),(40,'threats','threatcategory'),(9,'threats','threatevent'),(11,'threats','threatsituation'),(10,'threats','threatvector'),(37,'token_blacklist','blacklistedtoken'),(38,'token_blacklist','outstandingtoken'),(26,'trainings','deliverymethod'),(27,'trainings','language'),(28,'trainings','targetaudience'),(25,'trainings','training'),(41,'trainings','trainingcategory'),(35,'trainings','traininggroup'),(24,'trainings','trainingscontent'),(36,'users','userprofile');
/*!40000 ALTER TABLE `django_content_type` ENABLE KEYS */;
UNLOCK TABLES;

--
-- Table structure for table `django_migrations`
--

DROP TABLE IF EXISTS `django_migrations`;
/*!40101 SET @saved_cs_client     = @@character_set_client */;
/*!50503 SET character_set_client = utf8mb4 */;
CREATE TABLE `django_migrations` (
  `id` bigint NOT NULL AUTO_INCREMENT,
  `app` varchar(255) NOT NULL,
  `name` varchar(255) NOT NULL,
  `applied` datetime(6) NOT NULL,
  PRIMARY KEY (`id`)
) ENGINE=InnoDB AUTO_INCREMENT=136 DEFAULT CHARSET=utf8mb4 COLLATE=utf8mb4_0900_ai_ci;
/*!40101 SET character_set_client = @saved_cs_client */;

--
-- Dumping data for table `django_migrations`
--

LOCK TABLES `django_migrations` WRITE;
/*!40000 ALTER TABLE `django_migrations` DISABLE KEYS */;
INSERT INTO `django_migrations` VALUES (1,'contenttypes','0001_initial','2022-09-22 18:08:57.963482'),(2,'auth','0001_initial','2022-09-22 18:08:58.667432'),(3,'admin','0001_initial','2022-09-22 18:08:58.817825'),(4,'admin','0002_logentry_remove_auto_add','2022-09-22 18:08:58.826530'),(5,'admin','0003_logentry_add_action_flag_choices','2022-09-22 18:08:58.835978'),(6,'contenttypes','0002_remove_content_type_name','2022-09-22 18:08:58.911055'),(7,'auth','0002_alter_permission_name_max_length','2022-09-22 18:08:58.978028'),(8,'auth','0003_alter_user_email_max_length','2022-09-22 18:08:59.010897'),(9,'auth','0004_alter_user_username_opts','2022-09-22 18:08:59.021764'),(10,'auth','0005_alter_user_last_login_null','2022-09-22 18:08:59.076627'),(11,'auth','0006_require_contenttypes_0002','2022-09-22 18:08:59.083169'),(12,'auth','0007_alter_validators_add_error_messages','2022-09-22 18:08:59.091487'),(13,'auth','0008_alter_user_username_max_length','2022-09-22 18:08:59.153823'),(14,'auth','0009_alter_user_last_name_max_length','2022-09-22 18:08:59.222035'),(15,'auth','0010_alter_group_name_max_length','2022-09-22 18:08:59.245225'),(16,'auth','0011_update_proxy_permissions','2022-09-22 18:08:59.256340'),(17,'auth','0012_alter_user_first_name_max_length','2022-09-22 18:08:59.324115'),(18,'job_profiles','0001_initial','2022-09-22 18:08:59.355489'),(19,'threats','0001_initial','2022-09-22 18:08:59.725423'),(20,'job_profiles','0002_alter_jobprofile_options_and_more','2022-09-22 18:08:59.760564'),(21,'job_profiles','0003_jobprofile_job_category','2022-09-22 18:08:59.801240'),(22,'job_profiles','0004_remove_jobprofile_job_category','2022-09-22 18:08:59.827440'),(23,'competence_tests','0001_initial','2022-09-22 18:09:01.278708'),(24,'competence_tests','0002_alter_chatimpulse_options_and_more','2022-09-22 18:09:01.334224'),(25,'competence_tests','0003_alter_chatinterface_chat_message_incoming_date_2','2022-09-22 18:09:01.380396'),(26,'competence_tests','0004_remove_chatimpulse_chat_interface_and_more','2022-09-22 18:09:01.631312'),(27,'competence_tests','0005_alter_chatinterface_options_alter_choiceitem_options_and_more','2022-09-22 18:09:02.250234'),(28,'competence_tests','0006_alter_chatinterface_chat_message_incoming','2022-09-22 18:09:02.340479'),(29,'competence_tests','0007_alter_choiceitem_options_and_more','2022-09-22 18:09:02.413910'),(30,'competence_tests','0008_alter_chatinterface_chat_message_outgoing_date_and_more','2022-09-22 18:09:02.551739'),(31,'competence_tests','0009_alter_emailitem_email_content','2022-09-22 18:09:02.621151'),(32,'competence_tests','0010_emailitem_email_teaser','2022-09-22 18:09:02.646236'),(33,'job_profiles','0005_alter_jobprofile_job_description','2022-09-22 18:09:02.710494'),(34,'sessions','0001_initial','2022-09-22 18:09:02.752969'),(35,'threats','0002_alter_threatarea_options_alter_threatevent_options_and_more','2022-09-22 18:09:02.833759'),(36,'threats','0003_alter_threatsituation_threat_vector','2022-09-22 18:09:02.958740'),(37,'threats','0004_remove_threatvector_job_profile_and_more','2022-09-22 18:09:03.061648'),(38,'threats','0005_alter_threatsituation_job_profile','2022-09-22 18:09:03.199951'),(39,'trainings','0001_initial','2022-09-22 18:09:03.945006'),(40,'trainings','0002_alter_training_competence_dimension_and_more','2022-09-22 18:09:04.008010'),(41,'competence_tests','0011_alter_competencedimension_options_and_more','2022-11-05 15:15:59.005313'),(42,'threats','0006_alter_threatarea_area_description_and_more','2022-11-05 15:15:59.383321'),(43,'trainings','0003_alter_training_training_description_and_more','2022-11-05 15:15:59.493719'),(44,'competence_tests','0012_chatinterface_chat_sender_known','2022-11-23 12:16:51.416222'),(45,'trainings','0004_remove_training_training_description','2022-11-23 12:16:51.463282'),(46,'trainings','0005_training_training_url','2022-11-23 12:16:51.517239'),(47,'job_profiles','0006_jobprofile_job_tasks','2022-11-28 16:22:54.040802'),(48,'threats','0007_threatvector_threat_vector_description','2022-11-28 16:22:54.083926'),(49,'trainings','0006_deliverymethod_language_targetaudience_and_more','2022-11-28 16:22:55.099717'),(50,'trainings','0007_remove_training_trainings_topic','2022-11-28 16:22:55.145615'),(51,'trainings','0008_alter_training_training_provider','2022-11-28 16:22:55.197197'),(52,'trainings','0009_alter_training_certification_and_more','2022-11-28 16:22:55.235272'),(53,'job_profiles','0007_jobprofile_show_job_profile','2022-11-28 19:21:47.319983'),(54,'trainings','0010_remove_training_target_audience_training_job_profile_and_more','2022-11-28 19:21:47.643127'),(55,'trainings','0011_remove_training_job_profile','2022-11-28 19:21:47.688010'),(56,'threats','0008_alter_threatsituation_threat_vector','2022-11-29 20:19:03.642784'),(57,'trainings','0012_remove_training_competence_dimension','2022-11-30 20:43:15.891504'),(58,'trainings','0013_training_competence_dimension_training_difficulty_and_more','2023-10-04 15:07:52.945204'),(59,'trainings','0014_remove_training_trainings_topic_and_more','2023-10-05 15:19:05.270576'),(60,'trainings','0015_training_target_group_alter_training_threat_event_and_more','2023-10-05 15:19:05.446444'),(61,'trainings','0016_targetaudience_alter_training_certification_and_more','2023-10-06 09:20:08.259690'),(62,'campagne','0001_initial','2024-02-11 14:37:47.989206'),(63,'campagne','0002_remove_competencetestresult_participant_and_more','2024-02-11 14:37:48.562327'),(64,'campagne','0003_invitation_one_token_mode','2024-02-11 14:37:48.652730'),(65,'campagne','0004_remove_invitation_one_token_mode_campagne','2024-02-11 14:37:49.074752'),(66,'campagne','0005_invitation_reusable_invitation_tokencounter','2024-02-11 14:37:49.330166'),(67,'campagne','0006_alter_invitation_tokencounter','2024-02-11 14:37:49.609790'),(68,'campagne','0007_invitation_email_encrypted','2024-02-11 14:37:49.720431'),(69,'campagne','0008_invitation_invited','2024-02-11 14:37:49.914667'),(70,'campagne','0009_invitation_reminded','2024-02-11 14:37:50.041623'),(71,'campagne','0010_threatsituationscore_competence_dimension_score','2024-02-11 14:37:50.320212'),(72,'campagne','0011_remove_threatsituationscore_competence_dimension_score_and_more','2024-02-11 14:37:51.258015'),(73,'campagne','0012_competencedimensionscoreperthreat_and_more','2024-02-11 14:37:51.870070'),(74,'campagne','0013_rename_competence_dimension_score_threatsituationscore_related_competence_dimension_scores','2024-02-11 14:37:51.996465'),(75,'trainings','0017_alter_training_certification_and_more','2024-02-11 14:37:52.018909'),(76,'trainings','0018_traininggroup_remove_training_difficulty_and_more','2024-02-17 11:26:12.820133'),(77,'trainings','0019_remove_training_training_group','2024-02-17 11:26:12.978099'),(78,'trainings','0020_training_training_group','2024-02-17 11:26:13.115595'),(79,'trainings','0021_alter_training_competence_dimension','2024-02-17 11:26:13.156688'),(80,'trainings','0022_rename_competence_dimension_training_competence_dimensions','2024-02-17 11:26:13.292906'),(81,'campagne','0014_campagne_security_key_activated','2024-03-15 14:37:34.469626'),(82,'users','0001_initial','2024-03-15 14:37:34.618563'),(83,'users','0002_alter_userprofile_options_and_more','2024-03-15 14:37:34.640114'),(84,'users','0003_alter_userprofile_user','2024-03-15 14:37:34.668425'),(85,'token_blacklist','0001_initial','2024-04-21 15:13:12.862186'),(86,'token_blacklist','0002_outstandingtoken_jti_hex','2024-04-21 15:13:12.927154'),(87,'token_blacklist','0003_auto_20171017_2007','2024-04-21 15:13:12.959118'),(88,'token_blacklist','0004_auto_20171017_2013','2024-04-21 15:13:13.187038'),(89,'token_blacklist','0005_remove_outstandingtoken_jti','2024-04-21 15:13:13.454432'),(90,'token_blacklist','0006_auto_20171017_2113','2024-04-21 15:13:13.504370'),(91,'token_blacklist','0007_auto_20171017_2214','2024-04-21 15:13:13.881980'),(92,'token_blacklist','0008_migrate_to_bigautofield','2024-04-21 15:13:14.229539'),(93,'token_blacklist','0010_fix_migrate_to_bigautofield','2024-04-21 15:13:14.260333'),(94,'token_blacklist','0011_linearizes_history','2024-04-21 15:13:14.265477'),(95,'token_blacklist','0012_alter_outstandingtoken_user','2024-04-21 15:13:14.292255'),(96,'competence_tests','0013_competencetest_threat_situations','2024-04-23 09:52:04.969449'),(97,'competence_tests','0014_remove_emailitem_email_button_text','2024-04-23 09:52:05.129096'),(98,'job_profiles','0008_alter_jobprofile_job_tasks','2024-04-23 09:52:05.141255'),(99,'threats','0009_threatsituation_threat_situation_identificator','2024-04-23 09:52:05.223813'),(100,'competence_tests','0015_remove_competencetest_threat_vector','2024-04-23 10:03:08.114026'),(101,'competence_tests','0016_emailitem_email_is_signed_image','2024-04-24 09:12:39.507390'),(102,'sites','0001_initial','2024-04-24 09:15:26.506969'),(103,'sites','0002_alter_domain_unique','2024-04-24 09:15:26.538109'),(104,'campagne','0015_campagne_security_display_profile_and_more','2024-05-15 10:59:32.544160'),(105,'campagne','0016_campagne_campaign_ended_and_more','2024-05-15 10:59:32.596949'),(106,'campagne','0017_remove_campagne_security_display_profile_and_more','2024-05-15 10:59:32.694759'),(107,'campagne','0018_remove_invitation_invited_remove_invitation_reminded_and_more','2024-05-15 10:59:32.805710'),(108,'campagne','0019_alter_campagne_security_display_threshold','2024-05-15 10:59:32.824533'),(109,'competence_tests','0017_chatinterface_chat_interface_identificator_and_more','2024-05-15 10:59:32.916413'),(110,'competence_tests','0018_remove_chatinterface_chat_interface_identificator_and_more','2024-05-15 10:59:33.702029'),(111,'users','0004_userprofile_securitydisplaythreshold','2024-05-15 10:59:33.754433'),(112,'users','0005_remove_userprofile_securitydisplaythreshold_and_more','2024-05-15 10:59:33.851701'),(113,'users','0006_remove_userprofile_security_display_threshold','2024-05-15 10:59:33.884600'),(114,'competence_tests','0019_questionitem_competence_dimension','2024-05-15 15:40:47.899382'),(115,'competence_tests','0020_remove_questionitem_competence_dimension','2024-05-15 15:40:48.081735'),(116,'competence_tests','0021_questionitem_competence_dimension','2024-05-15 15:40:48.218191'),(117,'competence_tests','0022_remove_questionitem_competence_dimension','2024-05-15 15:40:48.399326'),(118,'competence_tests','0023_questionitem_competence_dimension','2024-05-15 15:40:48.522000'),(119,'competence_tests','0024_imageitem_impulse_number','2024-05-15 15:40:48.563759'),(120,'competence_tests','0025_chatinterface_impulse_number_and_more','2024-05-15 15:40:48.635361'),(121,'threats','0010_threatcategory','2024-08-03 12:11:34.662614'),(122,'threats','0011_remove_threatcategory_threat_event_and_more','2024-08-03 12:11:34.985280'),(123,'threats','0012_threatcategory_threat_category_evaluation','2024-08-03 12:11:35.019506'),(124,'job_profiles','0009_jobprofile_job_profile_training_recommendation','2024-08-07 16:27:47.810884'),(125,'threats','0013_remove_threatcategory_threat_area_and_more','2024-08-07 16:27:47.894802'),(126,'threats','0014_remove_threatcategory_threat_category_evaluation_and_more','2024-08-07 16:27:48.049677'),(127,'job_profiles','0010_remove_jobprofile_job_profile_training_recommendation','2024-08-20 09:27:49.503245'),(128,'threats','0015_delete_threatcategory','2024-08-20 09:27:49.549431'),(129,'trainings','0023_trainingcategory','2024-08-20 09:27:49.774395'),(130,'competence_tests','0026_remove_questionitem_question_name','2024-09-29 10:50:28.887222'),(131,'competence_tests','0027_remove_imageitem_image_name','2024-09-29 10:50:29.100567'),(132,'competence_tests','0028_remove_emailitem_email_name','2024-09-29 10:50:29.271648'),(134,'users','0008_remove_userprofile_must_change_password','2024-09-29 10:50:29.441517'),(135,'users','0007_userprofile_must_change_password','2024-09-29 14:13:36.816271');
/*!40000 ALTER TABLE `django_migrations` ENABLE KEYS */;
UNLOCK TABLES;

--
-- Table structure for table `django_session`
--

DROP TABLE IF EXISTS `django_session`;
/*!40101 SET @saved_cs_client     = @@character_set_client */;
/*!50503 SET character_set_client = utf8mb4 */;
CREATE TABLE `django_session` (
  `session_key` varchar(40) NOT NULL,
  `session_data` longtext NOT NULL,
  `expire_date` datetime(6) NOT NULL,
  PRIMARY KEY (`session_key`),
  KEY `django_session_expire_date_a5c62663` (`expire_date`)
) ENGINE=InnoDB DEFAULT CHARSET=utf8mb4 COLLATE=utf8mb4_0900_ai_ci;
/*!40101 SET character_set_client = @saved_cs_client */;

--
-- Dumping data for table `django_session`
--

LOCK TABLES `django_session` WRITE;
/*!40000 ALTER TABLE `django_session` DISABLE KEYS */;
INSERT INTO `django_session` VALUES ('0irpzvraay81tub5ihnoim6vq4mxou7x','.eJxVjDEOwjAMRe-SGUVxHErMyN4zRE5sSAG1UtNOiLtDpQ6w_vfef5nE61LT2nROg5izAXP43TKXh44bkDuPt8mWaVzmIdtNsTtttp9En5fd_Tuo3Oq3LsdYHCC7LkBwHgHAkUZC9EiKnti5koHoFJFArkJRAql02TOpBvP-AJy7NrI:1sFB0L:0BA06nNzsxdp2gfDacX9fji5cM06q9IfEazwvY59mTs','2024-06-20 11:10:01.777315'),('1qcou8tzglxorerxfkpb0eszr4j51qmg','.eJxVjcEOgjAQRP-lZyUsbWnx6N1vaLbbLaCGGgox0fjvloSDXufNvHkLh-syuDXz7MYgTgLE4TfzSDeeNhCuOPWpojQt8-irrVLtNFeXFPh-3rt_ggHzUNYGGZXSUikPgQi1UZIkorRGYWeJQ-S2iwhRagQyWkeWvvHaF9TZuEkfmPMzzcHNnHlxSypvRU0t9Pw66pbAYkvUkWpqa9DXrEBbqKFkKMXnC5-ATac:1rzxuW:GezXDmRpyo5XGvJQexIWf8gSPd0xZEwjnU8RWnXBAa4','2024-05-09 12:09:08.358832'),('26t5a98ewgvld8yo5rng5lic6kmgpymj','.eJxVjEEOwiAQRe_C2pDgDAIu3XsGMgyDVA1NSrtqvLtt0oVu_3vvryrSMte4dJnikNVVGXX63RLxS9oO8pPaY9Q8tnkakt4VfdCu72OW9-1w_w4q9brVjoQQLSAmk5nJOgQGIvAOKXiWXOQSCpkClgw7a4tAOiebNhR8UZ8vAO85JA:1ocqTu:GLtHMfUcdVHunJsDDPh5mFv36963TpCDa5JMbDjTW9k','2022-10-10 15:57:18.075853'),('27xguv4cw8j2hnpwnbgjr8tlqfhioig0','.eJxVjMsOwiAQAP-FsyGU8vTovd9AdtlVqgaS0p6M_65NetDrzGReIsG2lrR1XlKBXsRZkIqO0EU2DOZKDqJhctGjsn4cGCzmMQbIAZ0Plkix1ToYYANaBYzi9Dud6bsc_hlCfnDdBd2h3prMra7LjHJP5GG7nBrx83K07w87qDhF:1svAbW:_DDZlXCoJura46GK8l-g6cZIrYQC1KSieJd_cSC6tDQ','2024-10-14 07:13:58.520182'),('2dxlnjrebkbvps956p0jhc2489in5fqh','.eJxVjEEOwiAQRe_C2pDgDAIu3XsGMgyDVA1NSrtqvLtt0oVu_3vvryrSMte4dJnikNVVGXX63RLxS9oO8pPaY9Q8tnkakt4VfdCu72OW9-1w_w4q9brVjoQQLSAmk5nJOgQGIvAOKXiWXOQSCpkClgw7a4tAOiebNhR8UZ8vAO85JA:1pZBDq:MeyIfKPlcrmWpXwgZMxBZO_RztAmSuhie0o2qJtDTNw','2023-03-20 13:49:50.119489'),('2f4u9or6sbu5nx5djntsp5px171dudhb','.eJxVjDEOwjAMRe-SGUVxHErMyN4zRE5sSAG1UtNOiLtDpQ6w_vfef5nE61LT2nROg5izAXP43TKXh44bkDuPt8mWaVzmIdtNsTtttp9En5fd_Tuo3Oq3LsdYHCC7LkBwHgHAkUZC9EiKnti5koHoFJFArkJRAql02TOpBvP-AJy7NrI:1sgLDd:EJje7ZGTJ9Nq-fuXDW7i0zAG6l0FYJ5s5n5K9oegOw4','2024-09-03 09:32:01.521199'),('2hk7mlt7j8ko1h7a24foksr2s0r6tupq','.eJxVjEEOwiAQRe_C2pDgDAIu3XsGMgyDVA1NSrtqvLtt0oVu_3vvryrSMte4dJnikNVVGXX63RLxS9oO8pPaY9Q8tnkakt4VfdCu72OW9-1w_w4q9brVjoQQLSAmk5nJOgQGIvAOKXiWXOQSCpkClgw7a4tAOiebNhR8UZ8vAO85JA:1q95U9:AJVHJPfYZJCqGK2o-h1izgHZ6WG1hihmVZOESsccIBw','2023-06-27 14:59:05.755472'),('3mj5zsvgl3b6vdk1o5zw176fonslrdq4','e30:1rl8yU:KQAPknqmwmJs93QZBns_OYWBsHMrLykCB3rFTdSjO8k','2024-03-29 14:55:58.175391'),('3pzcv46aycnnrr4mk8f18nng3ms6s2pj','eyJfcGFzc3dvcmRfcmVzZXRfdG9rZW4iOiJjNjFnZXotNTZjMThhNmNjOWM0MjA4N2FiMGU0MTU4MTAxY2M5YTMifQ:1rzxv1:GIFQ2qVADrn-T4pZM2JxELfwHpxLm6hWG3D5nmx-4Ko','2024-05-09 12:09:39.787149'),('4k9829ldnvevb5mdnwf11rnarqrr42nn','.eJxVjEEOwiAQRe_C2pDgDAIu3XsGMgyDVA1NSrtqvLtt0oVu_3vvryrSMte4dJnikNVVGXX63RLxS9oO8pPaY9Q8tnkakt4VfdCu72OW9-1w_w4q9brVjoQQLSAmk5nJOgQGIvAOKXiWXOQSCpkClgw7a4tAOiebNhR8UZ8vAO85JA:1oqiFj:HVuPT_HmpMSf9cgUuwLuE6zvaUSDn9Bb-Qnlct18xFw','2022-11-17 21:59:59.919099'),('4lm30sfrj1zri3lrklylbf7ipk1uopfs','.eJxVjDEOwjAMRe-SGUVxHErMyN4zRE5sSAG1UtNOiLtDpQ6w_vfef5nE61LT2nROg5izAXP43TKXh44bkDuPt8mWaVzmIdtNsTtttp9En5fd_Tuo3Oq3LsdYHCC7LkBwHgHAkUZC9EiKnti5koHoFJFArkJRAql02TOpBvP-AJy7NrI:1sRWXR:haOfZJ9ZtJXEmOVGx0B-s6mtTRebWHZQlyXcUa5fQ-8','2024-07-24 12:35:13.570361'),('4ulqcdyz1m8dwj6t420vef4q6q6vrfnz','.eJxVjDEOwjAMRe-SGUVxHErMyN4zRE5sSAG1UtNOiLtDpQ6w_vfef5nE61LT2nROg5izAXP43TKXh44bkDuPt8mWaVzmIdtNsTtttp9En5fd_Tuo3Oq3LsdYHCC7LkBwHgHAkUZC9EiKnti5koHoFJFArkJRAql02TOpBvP-AJy7NrI:1sncQ5:ffEqu2xnD1t3uXhKxNpkQf8-AW7oR8rPjyKYl2E43Gw','2024-09-23 11:18:57.207832'),('4xlt747l9bl0pv6nyi21ssqwqoo22n42','.eJxVjEEOwiAQRe_C2hBKYei4dN8zkIEZpWpoUtqV8e7apAvd_vfef6lI21ri1mSJE6uz8ur0uyXKD6k74DvV26zzXNdlSnpX9EGbHmeW5-Vw_w4KtfKtEdhlRkHDzkC2aDuwvTcGqCfAIXTXMCQjgbNj8taJAGEChj4Ioaj3B8zEN7c:1rectd:VvYnhXaCtvfD6xPjo2MiUhp7LisdgFNvelB-hliWsMY','2024-03-11 15:28:01.753291'),('4zmttfncuxl4nje5envnpwb3gmnopvv1','.eJxVjEEOwiAQRe_C2pDgDAIu3XsGMgyDVA1NSrtqvLtt0oVu_3vvryrSMte4dJnikNVVGXX63RLxS9oO8pPaY9Q8tnkakt4VfdCu72OW9-1w_w4q9brVjoQQLSAmk5nJOgQGIvAOKXiWXOQSCpkClgw7a4tAOiebNhR8UZ8vAO85JA:1qETaG:hBSNQTg81hJZDOkxntoSSYNSmCVIRIUo2wJDOLlZtco','2023-07-12 11:43:40.861818'),('569kg1z3hxa3gptjfyews0hxwnjjg6tq','e30:1s2bec:_aAOgFutVBpf9AQlEKRgoxqC7MypfbcoOtqo4OAaoMY','2024-05-16 18:59:38.018559'),('5wwzemilpnhuitrtjbaqjzclcfjgbaez','.eJxVjMsOwiAQRf-FtSE8ZAou3fsNZAYYqRqalHZl_HdD0oVu7znnvkXEfatx72WNcxYXYcXpdyNMz9IGyA9s90WmpW3rTHIo8qBd3pZcXtfD_Tuo2OuoYUIzpeCtdwrAhnBmBg8JA2cqlIr3yCYoy4ZJK60pKMikWINjl8XnC-NlOBs:1qQpiD:mYQLq4mLFNKG59WPajByjzlrOkjCNlfwWGisumbTHag','2023-08-15 13:46:57.749466'),('6lndp6sdzttjkew75uata2ftyxp572lo','.eJxVjDEOwjAMRe-SGUVxHErMyN4zRE5sSAG1UtNOiLtDpQ6w_vfef5nE61LT2nROg5izAXP43TKXh44bkDuPt8mWaVzmIdtNsTtttp9En5fd_Tuo3Oq3LsdYHCC7LkBwHgHAkUZC9EiKnti5koHoFJFArkJRAql02TOpBvP-AJy7NrI:1s9hQ8:0qWLHj3gCDq7j-qzSOrXoLvDFqPlO59mc3MsEjzoiuQ','2024-06-05 08:34:00.758606'),('6xdbhdy00uzvzno7vwaozumnkke2t24f','.eJxVjEEOwiAQRe_C2pDgDAIu3XsGMgyDVA1NSrtqvLtt0oVu_3vvryrSMte4dJnikNVVGXX63RLxS9oO8pPaY9Q8tnkakt4VfdCu72OW9-1w_w4q9brVjoQQLSAmk5nJOgQGIvAOKXiWXOQSCpkClgw7a4tAOiebNhR8UZ8vAO85JA:1poOJh:Ut3ORbip1sYxELL-IPKWBN3aLKp5PzzBkKLOKyQu7Hs','2023-05-01 12:50:45.972766'),('7ix8ou368zbq3mz7ooto0bplnzzig01m','.eJxVjDEOwjAMRe-SGUVxHErMyN4zRE5sSAG1UtNOiLtDpQ6w_vfef5nE61LT2nROg5izAXP43TKXh44bkDuPt8mWaVzmIdtNsTtttp9En5fd_Tuo3Oq3LsdYHCC7LkBwHgHAkUZC9EiKnti5koHoFJFArkJRAql02TOpBvP-AJy7NrI:1sncld:MhaYMuKLd_enNrJt7EaN9cCyiXznwI-yajmfeWzRk_g','2024-09-23 11:41:13.065613'),('7m7xf4599yecirf7rgb1ylv6dp8o8e0q','.eJxVjMsOwiAQRf-FtSE8ZAou3fsNZAYYqRqalHZl_HdD0oVu7znnvkXEfatx72WNcxYXYcXpdyNMz9IGyA9s90WmpW3rTHIo8qBd3pZcXtfD_Tuo2OuoYUIzpeCtdwrAhnBmBg8JA2cqlIr3yCYoy4ZJK60pKMikWINjl8XnC-NlOBs:1qtUPJ:SHiJUNJlZWi989LWon1yF-T5B2hnW7Vpz0mqZz623Vk','2023-11-02 14:53:53.480031'),('7s0x39b978jztf9jzvb9prcrpu9sz3ws','.eJxVjMsOwiAQAP-FsyGU8vTovd9AdtlVqgaS0p6M_65NetDrzGReIsG2lrR1XlKBXsRZkIqO0EU2DOZKDqJhctGjsn4cGCzmMQbIAZ0Plkix1ToYYANaBYzi9Dud6bsc_hlCfnDdBd2h3prMra7LjHJP5GG7nBrx83K07w87qDhF:1svLfd:2--QXgS52dB7dhCVr1be15QEdFv6YtNY_B29aQYyuKU','2024-10-14 19:02:57.669258'),('835yry58qzbxfbfs4oouy6tsryczfv75','.eJxVjEEOwiAQRe_C2pDgDAIu3XsGMgyDVA1NSrtqvLtt0oVu_3vvryrSMte4dJnikNVVGXX63RLxS9oO8pPaY9Q8tnkakt4VfdCu72OW9-1w_w4q9brVjoQQLSAmk5nJOgQGIvAOKXiWXOQSCpkClgw7a4tAOiebNhR8UZ8vAO85JA:1p7ZOy:WBHnryMcwcJvGzsAkZjS8vEaxnpAxJScBxMFP-LTqVg','2023-01-03 09:59:12.175834'),('97hsrg69d03wy7t9swxl4bwdkdkrhnhc','.eJxVjEEOwiAQRe_C2pDgDAIu3XsGMgyDVA1NSrtqvLtt0oVu_3vvryrSMte4dJnikNVVGXX63RLxS9oO8pPaY9Q8tnkakt4VfdCu72OW9-1w_w4q9brVjoQQLSAmk5nJOgQGIvAOKXiWXOQSCpkClgw7a4tAOiebNhR8UZ8vAO85JA:1qdR8p:ImchJhmiiEz19V4OIpcQpb0mDUGDHhOxzYOsJmmWpBQ','2023-09-19 08:10:31.018141'),('9ahdvtg0hfjgi4j03hpbyfn0melw00yh','.eJxVjDsOwjAQBe_iGlmO4y8lPWewdr0LDiBbipMKcXdkKQW0b2beWyTYt5L2zmtaSJzFJE6_G0J-ch2AHlDvTeZWt3VBORR50C6vjfh1Ody_gwK9jFpFR-giGwZzIwfRMLnoUVk_TwwW8xwD5IDOB0uk2GodDLABrQJG8fkC_J84RQ:1svIhh:d6rl9wWEOblU1-M1rUjH9rzFQS-AFX35Vi2JwwLFZUU','2024-10-14 15:52:53.207355'),('aq2kid8z4arpmxh5pbbo967r3euvzub4','eyJfcGFzc3dvcmRfcmVzZXRfdG9rZW4iOiJjNjFnZXotNTZjMThhNmNjOWM0MjA4N2FiMGU0MTU4MTAxY2M5YTMifQ:1rzxuV:rqQXXfIgLHhBuE4H70pyj1hg2jqa81MT7qFfgNyTOeM','2024-05-09 12:09:07.923553'),('ay9xkuwk7e4nton09mr218lndlv7midm','eyJfcGFzc3dvcmRfcmVzZXRfdG9rZW4iOiJjNXpkc2ktODFlNjA2MmEwMzZhZGVjMWI5NzA1MTc0NDEyNTBkNjQifQ:1rzYki:eHg8zaKnW-xWobSyeZuwe8y7_W3G9rqOGb6T3yaTc7Y','2024-05-08 09:17:20.313788'),('be2ixvgw9m5m25vvfqqff7dz38lns0en','.eJxVjEEOwiAQRe_C2hBKYei4dN8zkIEZpWpoUtqV8e7apAvd_vfef6lI21ri1mSJE6uz8ur0uyXKD6k74DvV26zzXNdlSnpX9EGbHmeW5-Vw_w4KtfKtEdhlRkHDzkC2aDuwvTcGqCfAIXTXMCQjgbNj8taJAGEChj4Ioaj3B8zEN7c:1rpmIp:hgC9IKcVEFXmAu7qYgjQN2NdPX3w3UsLvjY3ZPDeKA0','2024-04-11 09:44:07.567985'),('bvluyo4fdbzm6zphvfzeno4tofhzn3p6','.eJxVjEEOwiAQRe_C2pDgDAIu3XsGMgyDVA1NSrtqvLtt0oVu_3vvryrSMte4dJnikNVVGXX63RLxS9oO8pPaY9Q8tnkakt4VfdCu72OW9-1w_w4q9brVjoQQLSAmk5nJOgQGIvAOKXiWXOQSCpkClgw7a4tAOiebNhR8UZ8vAO85JA:1p2K1d:Pa-FbE22EUmF6whinWpDHxjevVOADNpSV3aM0AXRLIg','2022-12-19 22:33:25.222592'),('dbsmmvf6wuihynq88v0hg3d4mm50x716','.eJxVjDEOwjAMRe-SGUVxHErMyN4zRE5sSAG1UtNOiLtDpQ6w_vfef5nE61LT2nROg5izAXP43TKXh44bkDuPt8mWaVzmIdtNsTtttp9En5fd_Tuo3Oq3LsdYHCC7LkBwHgHAkUZC9EiKnti5koHoFJFArkJRAql02TOpBvP-AJy7NrI:1s4MAG:Y1eUv8mepGYqusL80Sjknde3EbARDQznkQwBFmRPzSM','2024-05-21 14:51:32.506113'),('e3m2vu8cbwuqvcnge8xmsghuih1ogocz','.eJxVjMsOwiAQRf-FtSE8ZAou3fsNZAYYqRqalHZl_HdD0oVu7znnvkXEfatx72WNcxYXYcXpdyNMz9IGyA9s90WmpW3rTHIo8qBd3pZcXtfD_Tuo2OuoYUIzpeCtdwrAhnBmBg8JA2cqlIr3yCYoy4ZJK60pKMikWINjl8XnC-NlOBs:1qWFdk:T9e_kerRDpIBRxspXk3KytAN7l8sJ1D5XBSY1Gc0gxc','2023-08-30 12:28:44.463640'),('enjafqz5jnbzhgttufoizom58qyoime7','.eJxVjMsOwiAQRf-FtSE8ZAou3fsNZAYYqRqalHZl_HdD0oVu7znnvkXEfatx72WNcxYXYcXpdyNMz9IGyA9s90WmpW3rTHIo8qBd3pZcXtfD_Tuo2OuoYUIzpeCtdwrAhnBmBg8JA2cqlIr3yCYoy4ZJK60pKMikWINjl8XnC-NlOBs:1qWFTS:4nMyodcjE7TD7tBpgH-tfZlMMVQqjzNinAn4lgjDycs','2023-08-30 12:18:06.493573'),('fmud5rcxwblqnqmxpme08s374db62bq2','eyJfcGFzc3dvcmRfcmVzZXRfdG9rZW4iOiJjYnA3MGYtYWU3ZWU1YjkxMmQ1N2JiMDQ1ZDdiZjc1ZTQ3ZDJlZDAifQ:1sdqlG:dZ7nYVQr82A_RlBEVmFp5GjX1mromnJkK_tDJ22vXnY','2024-08-27 12:36:26.165633'),('go9jlniwxkcd6uon2ovlf99j0u5u0lwd','.eJxVjEEOwiAQRe_C2pDgDAIu3XsGMgyDVA1NSrtqvLtt0oVu_3vvryrSMte4dJnikNVVGXX63RLxS9oO8pPaY9Q8tnkakt4VfdCu72OW9-1w_w4q9brVjoQQLSAmk5nJOgQGIvAOKXiWXOQSCpkClgw7a4tAOiebNhR8UZ8vAO85JA:1q3uWt:YRt_wOBm5uj7NOrGhsHRWE30Q26p-Uven0G4x1irn2Y','2023-06-13 08:16:31.148087'),('h1l1jy2qn406fwudl4i724rl4oucfdjn','.eJxVjEEOwiAQRe_C2pAJgkNduvcMhBkGqRpISrtqvLtt0oVu33v_ryrEZS5h6TKFMamrQnX6ZRT5JXUX6Rnro2ludZ5G0nuiD9v1vSV5347276DEXra1RwBrI9lEApKcd8IibM-Z0oAi2cGF0DGg8YNBsMZ4gzl7lg0Sqc8X_ag4bw:1s7CqP:QdiI0O27Hksei92gjBYO4vTepOKtlMgPGaK3xUVQfHE','2024-05-29 11:30:49.256181'),('k4b4qa4ffshqkleb5f3nq8l44nmv0ibq','.eJxVjMsOwiAQRf-FtSE8ZAou3fsNZAYYqRqalHZl_HdD0oVu7znnvkXEfatx72WNcxYXYcXpdyNMz9IGyA9s90WmpW3rTHIo8qBd3pZcXtfD_Tuo2OuoYUIzpeCtdwrAhnBmBg8JA2cqlIr3yCYoy4ZJK60pKMikWINjl8XnC-NlOBs:1qbfUl:dTsVzhCXWl6QezANwq_VeiZMRSj2qz93Aoo0NLCm2Is','2023-09-14 11:05:51.764751'),('kii1zhuu0gg7qpqg81l1wwjjt9ew9dc8','.eJxVjEEOwiAQRe_C2pDgDAIu3XsGMgyDVA1NSrtqvLtt0oVu_3vvryrSMte4dJnikNVVGXX63RLxS9oO8pPaY9Q8tnkakt4VfdCu72OW9-1w_w4q9brVjoQQLSAmk5nJOgQGIvAOKXiWXOQSCpkClgw7a4tAOiebNhR8UZ8vAO85JA:1qo0lH:MpUnanKtDTnf7O_Gb4SXRDlyIkfAG1uJs1BQa70001g','2023-10-18 12:13:55.073215'),('kowvknxxur177tpfzulgk5gb69ird5pb','.eJxVjMsOwiAQRf-FtSGMMAVcuu83kGGY2qqBpI-V8d-1SRe6veec-1KJtnVM2yJzmoq6KK9Ov1smfkjdQblTvTXNra7zlPWu6IMuum9FntfD_TsYaRm_dXAlgzgb0ZKQoIMzouEBBsQhQkDH0XeeURyDtdiFzkL20bAJ6CGo9wfN0Daa:1rzHME:b6DfuEq7xdDq4uN-Ye9UoDGsDBVTeTfAXD3FrJ6A6KQ','2024-05-07 14:42:54.150841'),('l33gj3ed6syny6xbofj6ec7u9qh2nwab','.eJxVjMsOwiAQRf-FtSGMMAVcuu83kGGY2qqBpI-V8d-1SRe6veec-1KJtnVM2yJzmoq6KK9Ov1smfkjdQblTvTXNra7zlPWu6IMuum9FntfD_TsYaRm_dXAlgzgb0ZKQoIMzouEBBsQhQkDH0XeeURyDtdiFzkL20bAJ6CGo9wfN0Daa:1rzFlJ:abmjeLdAPe7OWyv5pfbA4Dhl5tu2p1RUaXGtn4pm_H4','2024-05-07 13:00:41.894910'),('lcuw3nob2ov6joj7lgsyi5l1brycgyrv','.eJxVjDEOwjAMRe-SGUVxHErMyN4zRE5sSAG1UtNOiLtDpQ6w_vfef5nE61LT2nROg5izAXP43TKXh44bkDuPt8mWaVzmIdtNsTtttp9En5fd_Tuo3Oq3LsdYHCC7LkBwHgHAkUZC9EiKnti5koHoFJFArkJRAql02TOpBvP-AJy7NrI:1sVvvn:9ZigSU3RpvTBotmZT0RkQCVmKPCR4Hx67gNO0uIMkt4','2024-08-05 16:30:35.620010'),('lzre4cgd6uyw340aqokajjylwtmqvaar','.eJxVjDEOwjAMRe-SGUVxHErMyN4zRE5sSAG1UtNOiLtDpQ6w_vfef5nE61LT2nROg5izAXP43TKXh44bkDuPt8mWaVzmIdtNsTtttp9En5fd_Tuo3Oq3LsdYHCC7LkBwHgHAkUZC9EiKnti5koHoFJFArkJRAql02TOpBvP-AJy7NrI:1slT7g:aQG61pCV123zutFkAZEJLERtVuR-jlz0Zi98dLU644E','2024-09-17 12:59:04.766397'),('m75mebadivzc3fv3kytw14y5twpn5nto','.eJxVjEEOwiAQRe_C2pDgDAIu3XsGMgyDVA1NSrtqvLtt0oVu_3vvryrSMte4dJnikNVVGXX63RLxS9oO8pPaY9Q8tnkakt4VfdCu72OW9-1w_w4q9brVjoQQLSAmk5nJOgQGIvAOKXiWXOQSCpkClgw7a4tAOiebNhR8UZ8vAO85JA:1oxA5z:ndD2guJozKN3aWN6IycQWp4cGpCY1ezGeqFcXvSIGOs','2022-12-05 16:56:35.133946'),('mxljeghgylkg18uvqk6mmouv4s539ts3','.eJxVjEEOwiAQRe_C2pDgDAIu3XsGMgyDVA1NSrtqvLtt0oVu_3vvryrSMte4dJnikNVVGXX63RLxS9oO8pPaY9Q8tnkakt4VfdCu72OW9-1w_w4q9brVjoQQLSAmk5nJOgQGIvAOKXiWXOQSCpkClgw7a4tAOiebNhR8UZ8vAO85JA:1pjJdR:E29gImKfGm30jL22WbYWOISgsPJX-BaoaCLtzl3iHcA','2023-04-17 12:50:09.985485'),('n8mqicxcb82i4xnv0k5ameby3wz6zyos','.eJxVjEEOwiAQRe_C2pDgDAIu3XsGMgyDVA1NSrtqvLtt0oVu_3vvryrSMte4dJnikNVVGXX63RLxS9oO8pPaY9Q8tnkakt4VfdCu72OW9-1w_w4q9brVjoQQLSAmk5nJOgQGIvAOKXiWXOQSCpkClgw7a4tAOiebNhR8UZ8vAO85JA:1racnQ:C95YD7z3gkr4Cx6znU2ITP-6ykKHrJ0viDqB9jyYAkw','2024-02-29 14:33:04.359547'),('nbffl6i37s1rmzxni1fa3745r168b0ri','e30:1rzy0t:Mi3KMetx6KWy6shUZ205whPZCAJErrTbmVx5Wkzjx1U','2024-05-09 12:15:43.288166'),('oybbrpm4grm7kjrw8im2yiiezr3a92tc','.eJxVjEEOwiAQRe_C2hBKYei4dN8zkIEZpWpoUtqV8e7apAvd_vfef6lI21ri1mSJE6uz8ur0uyXKD6k74DvV26zzXNdlSnpX9EGbHmeW5-Vw_w4KtfKtEdhlRkHDzkC2aDuwvTcGqCfAIXTXMCQjgbNj8taJAGEChj4Ioaj3B8zEN7c:1rmbGt:lRiB1yBrDhTEHx7Mm3MTiFOjfaZtGFENg94-oDbbU2g','2024-04-02 15:20:59.180852'),('psxyjgihl51a58nlna1kdof5x2wzpekt','.eJxVjMsOwiAQRf-FtSE8ZAou3fsNZAYYqRqalHZl_HdD0oVu7znnvkXEfatx72WNcxYXYcXpdyNMz9IGyA9s90WmpW3rTHIo8qBd3pZcXtfD_Tuo2OuoYUIzpeCtdwrAhnBmBg8JA2cqlIr3yCYoy4ZJK60pKMikWINjl8XnC-NlOBs:1pkn1j:MIB6-Hywa4DYvyg6x676HKbc6XFpbSX7fypq1y91uis','2023-04-21 14:25:19.425505'),('saza4uy4434uxjyn92z48s9716di57cm','.eJxVjEEOwiAQRe_C2pDgDAIu3XsGMgyDVA1NSrtqvLtt0oVu_3vvryrSMte4dJnikNVVGXX63RLxS9oO8pPaY9Q8tnkakt4VfdCu72OW9-1w_w4q9brVjoQQLSAmk5nJOgQGIvAOKXiWXOQSCpkClgw7a4tAOiebNhR8UZ8vAO85JA:1rxR2d:KmHiCLUNer3hNBOlJ329h3iaTyBaYeaRf9xpDhtoxa8','2024-05-02 12:39:03.520241'),('sr6dxafcl0ojnx73thjfgrsdpna0nzf7','.eJxVjMsOwiAQRf-FtSE8ZAou3fsNZAYYqRqalHZl_HdD0oVu7znnvkXEfatx72WNcxYXYcXpdyNMz9IGyA9s90WmpW3rTHIo8qBd3pZcXtfD_Tuo2OuoYUIzpeCtdwrAhnBmBg8JA2cqlIr3yCYoy4ZJK60pKMikWINjl8XnC-NlOBs:1pzH70:6LarFrUvu9IhcwWCcPGzoVFocslrrbCyKWjC8Ts7c4M','2023-05-31 13:22:38.488279'),('t8k7c47szsosuf73e3cnchyh5qdp3oa1','e30:1s3eZC:Nb0KcGGyxpQ_H7dEI33tfCPcvHCnCSTiHHk-wRzN8js','2024-05-19 16:18:22.410928'),('tb10zdo7azl7h3csfoj83gl9j5spacj9','e30:1rl93h:k9XIH2DCRIgXG3dcJvP7VozWwWdH23E0_8kDCfTPgWU','2024-03-29 15:01:21.993656'),('tvpr3x63mkok1isqpwg0nkggoenipbn6','e30:1rl8ze:k-RzMrFzsjmbmLHbaW226fkiVYTWxHv3LoVKsSKp538','2024-03-29 14:57:10.912843'),('tykojeauryo7octng062zdbof2k3jfaj','.eJxVjDEOwjAMRe-SGUVxHErMyN4zRE5sSAG1UtNOiLtDpQ6w_vfef5nE61LT2nROg5izAXP43TKXh44bkDuPt8mWaVzmIdtNsTtttp9En5fd_Tuo3Oq3LsdYHCC7LkBwHgHAkUZC9EiKnti5koHoFJFArkJRAql02TOpBvP-AJy7NrI:1su9NY:YOs3pGjKKVzCPxVCXuw4a364rZWzR7Bwom0UbzxCgfc','2024-10-11 11:43:20.905444'),('uc205flu8xvm08uwdcny5fwvg6vv3zl8','.eJxVjEEOwiAQRe_C2pDgDAIu3XsGMgyDVA1NSrtqvLtt0oVu_3vvryrSMte4dJnikNVVGXX63RLxS9oO8pPaY9Q8tnkakt4VfdCu72OW9-1w_w4q9brVjoQQLSAmk5nJOgQGIvAOKXiWXOQSCpkClgw7a4tAOiebNhR8UZ8vAO85JA:1pTilL:7laPn3dDTx3aWqycMu-ppoQRSbn-wTnLOFMS8lOEy5o','2023-03-05 12:25:51.596416'),('uul5k1n1t83b7fbratdcazph5zxkxo4z','.eJxVjDEOwjAMRe-SGUVxHErMyN4zRE5sSAG1UtNOiLtDpQ6w_vfef5nE61LT2nROg5izAXP43TKXh44bkDuPt8mWaVzmIdtNsTtttp9En5fd_Tuo3Oq3LsdYHCC7LkBwHgHAkUZC9EiKnti5koHoFJFArkJRAql02TOpBvP-AJy7NrI:1slTSw:sDAdw0ZrlabWp7fwn6RWTMmL-upT-xUnihjfvDxHtRc','2024-09-17 13:21:02.571655'),('wc7l6cxgf9hxv2sy86zfjhxahprv3h05','.eJxVjEEOwiAQRe_C2pDgDAIu3XsGMgyDVA1NSrtqvLtt0oVu_3vvryrSMte4dJnikNVVGXX63RLxS9oO8pPaY9Q8tnkakt4VfdCu72OW9-1w_w4q9brVjoQQLSAmk5nJOgQGIvAOKXiWXOQSCpkClgw7a4tAOiebNhR8UZ8vAO85JA:1rl9NM:zOXEt2bSr4NyADbtPSChglg1tiTN71E9NKJ-MEKKX1k','2024-03-29 15:21:40.063049'),('x5zyhmsvzy258je19a0zc87gychuf0md','eyJfcGFzc3dvcmRfcmVzZXRfdG9rZW4iOiJjNW9oamEtZjA4OTYyMzcxYmQzYTBjNDNhODJhZDNkOTE2NTBlNmUifQ:1rxQVD:uRVlqrjpl1cPduXglsEbEhUyvc1Hq4jeZs8kFDJWOwE','2024-05-02 12:04:31.670032'),('xhwwl0mbiif74lws1k9c8sctrar1dswy','.eJxVjMsOwiAQRf-FtSE8ZAou3fsNZAYYqRqalHZl_HdD0oVu7znnvkXEfatx72WNcxYXYcXpdyNMz9IGyA9s90WmpW3rTHIo8qBd3pZcXtfD_Tuo2OuoYUIzpeCtdwrAhnBmBg8JA2cqlIr3yCYoy4ZJK60pKMikWINjl8XnC-NlOBs:1poLFi:Ku9c7VlFzBiP2fttGG7fkqS8Ys0M0caFFLJi9mLy7yQ','2023-05-01 09:34:26.713216'),('yerwyowunu4x20dr4hz76xkjz2llngt2','.eJxVjEEOwiAQRe_C2pDgDAIu3XsGMgyDVA1NSrtqvLtt0oVu_3vvryrSMte4dJnikNVVGXX63RLxS9oO8pPaY9Q8tnkakt4VfdCu72OW9-1w_w4q9brVjoQQLSAmk5nJOgQGIvAOKXiWXOQSCpkClgw7a4tAOiebNhR8UZ8vAO85JA:1qJw5y:WrG-gL7-5Uor5_8JBWfzR7HB8t0deslrp-qEIT6y52s','2023-07-27 13:10:58.334651'),('yn0kij99lbmpon8igy9zf1ybdbkb400l','.eJxVjDEOwjAMRe-SGUVxHErMyN4zRE5sSAG1UtNOiLtDpQ6w_vfef5nE61LT2nROg5izAXP43TKXh44bkDuPt8mWaVzmIdtNsTtttp9En5fd_Tuo3Oq3LsdYHCC7LkBwHgHAkUZC9EiKnti5koHoFJFArkJRAql02TOpBvP-AJy7NrI:1sdqlY:SyjsM9KHNKlB8mTqGJ8F49K84LfYpW5zGP9iiu02Jw0','2024-08-27 12:36:44.687727'),('yo1y43dujjfp69ocgbdlmamj5t31ag8o','.eJxVjEEOwiAQRe_C2pDgDAIu3XsGMgyDVA1NSrtqvLtt0oVu_3vvryrSMte4dJnikNVVGXX63RLxS9oO8pPaY9Q8tnkakt4VfdCu72OW9-1w_w4q9brVjoQQLSAmk5nJOgQGIvAOKXiWXOQSCpkClgw7a4tAOiebNhR8UZ8vAO85JA:1pOMU5:yPrk19pAxDE1us3uPuEnLBf1RLLHQWAC1NmH5dywlvI','2023-02-18 17:37:53.113597'),('yo258xbfzgh42r22t6lrndq5h1jygvnd','.eJxVjDEOwjAMRe-SGUVxHErMyN4zRE5sSAG1UtNOiLtDpQ6w_vfef5nE61LT2nROg5izAXP43TKXh44bkDuPt8mWaVzmIdtNsTtttp9En5fd_Tuo3Oq3LsdYHCC7LkBwHgHAkUZC9EiKnti5koHoFJFArkJRAql02TOpBvP-AJy7NrI:1slTjU:F3-P6jvPvrIBZNPvoBg4lK3Kcttra9g7mxZ4OZkLPkA','2024-09-17 13:38:08.848121'),('z5rqq2cyve254tn8lek80cchz9hpg58k','.eJxVjEEOwiAQRe_C2pDgDAIu3XsGMgyDVA1NSrtqvLtt0oVu_3vvryrSMte4dJnikNVVGXX63RLxS9oO8pPaY9Q8tnkakt4VfdCu72OW9-1w_w4q9brVjoQQLSAmk5nJOgQGIvAOKXiWXOQSCpkClgw7a4tAOiebNhR8UZ8vAO85JA:1suuQ3:lXk2IiUZGI_yYRr0jwBzWWvkKg-ei8c-_-DvIBu7IXc','2024-10-13 13:57:03.135810'),('zn2fb8zxi3rcskevzqyohczxnfbr2d1d','.eJxVjDEOwjAMRe-SGUVxHErMyN4zRE5sSAG1UtNOiLtDpQ6w_vfef5nE61LT2nROg5izAXP43TKXh44bkDuPt8mWaVzmIdtNsTtttp9En5fd_Tuo3Oq3LsdYHCC7LkBwHgHAkUZC9EiKnti5koHoFJFArkJRAql02TOpBvP-AJy7NrI:1slTjh:WNOqeaEPP_Pk87ju-kzZDDb9fvZPKIywrqnWRPKN5lI','2024-09-17 13:38:21.454429'),('zqn3hjl8473qobub69ujtnamequs1ttc','.eJxVjEEOwiAQRe_C2pDgDAIu3XsGMgyDVA1NSrtqvLtt0oVu_3vvryrSMte4dJnikNVVGXX63RLxS9oO8pPaY9Q8tnkakt4VfdCu72OW9-1w_w4q9brVjoQQLSAmk5nJOgQGIvAOKXiWXOQSCpkClgw7a4tAOiebNhR8UZ8vAO85JA:1olWHG:AmK8qpGlsixYjF0EuSSiZgq2DFboKJae61sC50yLT48','2022-11-03 14:12:06.925008'),('zyuwg89806t69oyhdstd1537v5j28pkx','.eJxVjEEOwiAQRe_C2hCgUMCle89AZoapVA0kpV0Z765NutDtf-_9l0iwrSVtnZc0Z3EWRpx-NwR6cN1BvkO9NUmtrsuMclfkQbu8tszPy-H-HRTo5Vv7KRtrstY-0mTY6lFHB94GgmG0qJjJBXIKCVxAR6SNiYCDguw9DSjeH-AIOB8:1pk46t:4rh04BXlzrNj738p1lFyx4wurBDUx1O__y3tPYG-86o','2023-04-19 14:27:39.959089');
/*!40000 ALTER TABLE `django_session` ENABLE KEYS */;
UNLOCK TABLES;

--
-- Table structure for table `django_site`
--

DROP TABLE IF EXISTS `django_site`;
/*!40101 SET @saved_cs_client     = @@character_set_client */;
/*!50503 SET character_set_client = utf8mb4 */;
CREATE TABLE `django_site` (
  `id` int NOT NULL AUTO_INCREMENT,
  `domain` varchar(100) NOT NULL,
  `name` varchar(50) NOT NULL,
  PRIMARY KEY (`id`),
  UNIQUE KEY `django_site_domain_a2e37b91_uniq` (`domain`)
) ENGINE=InnoDB AUTO_INCREMENT=2 DEFAULT CHARSET=utf8mb4 COLLATE=utf8mb4_0900_ai_ci;
/*!40101 SET character_set_client = @saved_cs_client */;

--
-- Dumping data for table `django_site`
--

LOCK TABLES `django_site` WRITE;
/*!40000 ALTER TABLE `django_site` DISABLE KEYS */;
INSERT INTO `django_site` VALUES (1,'api.itskompetent.uni-goettingen.de','ITS.Kompetent');
/*!40000 ALTER TABLE `django_site` ENABLE KEYS */;
UNLOCK TABLES;

--
-- Table structure for table `job_profiles_jobprofile`
--

DROP TABLE IF EXISTS `job_profiles_jobprofile`;
/*!40101 SET @saved_cs_client     = @@character_set_client */;
/*!50503 SET character_set_client = utf8mb4 */;
CREATE TABLE `job_profiles_jobprofile` (
  `id` bigint NOT NULL AUTO_INCREMENT,
  `job_name` varchar(140) NOT NULL,
  `job_description` longtext NOT NULL,
  `job_tasks` longtext,
  `show_job_profile` tinyint(1) NOT NULL,
  PRIMARY KEY (`id`)
) ENGINE=InnoDB AUTO_INCREMENT=10 DEFAULT CHARSET=utf8mb4 COLLATE=utf8mb4_0900_ai_ci;
/*!40101 SET character_set_client = @saved_cs_client */;

--
-- Dumping data for table `job_profiles_jobprofile`
--

LOCK TABLES `job_profiles_jobprofile` WRITE;
/*!40000 ALTER TABLE `job_profiles_jobprofile` DISABLE KEYS */;
INSERT INTO `job_profiles_jobprofile` VALUES (1,'Innendienst','Herr Mller ist Sachbearbeiter im Innendienst im Vertrieb & Marketing. Er arbeitet berwiegend am stationren PC und ihat viel telefonischen Kontakt zu Kunden.','	Arbeit im Projekt Smarte Ventilatoren, in dem er in Kontakt mit verschiedenen Projektpartnern wie externen Dienstleister (u.a. TechNik GmbH) und Stammlieferanten steht \r\n	Erstellung von Angeboten und Auftragsbesttigungen \r\n	Verwaltung ausgewhlter Stammkunden \r\n	Er arbeitet berwiegend mit einem ERP-System, Office-Anwendungen, E-Mail-Programm, Kollaborationssystemen, Cloud-Speicher und verfgt ber einen internen Unternehmensaccount fr einen Instant-Messenger',1),(3,'Geschftsfhrer*in','Frau Arneo ist Geschftsfhrerin der Arneo GmbH und trgt die Gesamtverantwortung fr die strategische Ausrichtung und das operative Management des Unternehmens. Sie ist eine erfahrene Unternehmenslenkerin, die die Vision, die Ziele und die Strategie des Unternehmens definiert und umsetzt, um nachhaltiges Wachstum und Erfolg zu gewhrleisten.','	Festlegung von Unternehmensvision, -zielen und -strategie\r\n	Gesamtverantwortung fr operatives Management, inklusive Risikomanagement\r\n	Fhrung und Motivation von Fhrungskrften und Mitarbeitern\r\n	berwachung der Unternehmensperformance und Innovationsmanagement',1),(4,'Fhrungskraft','Frau Blitz ist eine Fhrungskraft und trgt die Verantwortung fr die strategische Planung, Organisation und Leitung von Teams oder Abteilungen innerhalb des Unternehmens. Sie ist eine erfahrene Entscheidungstrgerin, der in der Lage ist, Mitarbeiter*innen zu motivieren und zu fhren, um Unternehmensziele zu erreichen.','	Strategische Planung und Umsetzung von Unternehmenszielen\r\n	Organisatorische Leitung von Teams oder Abteilungen\r\n	Motivation, Fhrung und Entwicklung von Mitarbeitern\r\n	Entscheidungsfindung und Risikomanagement\r\n	Aufbau und Pflege von Beziehungen zu internen und externen Stakeholdern\r\n	Budgetverantwortung und Ressourcenmanagement',1),(6,'IT-Admin','Herr Laimer ist IT-Admin. Er ist verantwortlich fr die Administration, berwachung und Wartung der IT-Infrastruktur des Unternehmens. Mit seinen umfassenden IT-Kenntnissen und Erfahrungen stellt er sicher, dass alle IT-Systeme und Netzwerke reibungslos funktionieren und den Sicherheitsrichtlinien entsprechen.','	Administration, berwachung und Wartung der IT-Infrastruktur\r\n	Sicherstellung des reibungslosen Betriebs von IT-Systemen und Netzwerken\r\n	Umsetzung von Sicherheitsrichtlinien und Schutz vor Cyberbedrohungen\r\n	Untersttzung von Mitarbeitern bei IT-Fragen und Problemen',1),(7,'Auendienst','Herr Schmidt ist Sachbearbeiter im Auendienst im Vertrieb & Marketing. Er ist viel unterwegs und arbeitet auch hufiger im Ausland. Damit hat er ein hohes Risiko fr Fremdeinfluss.','	Arbeit im Projekt Smarte Ventilatoren, in dem er hier die neuen smarten Ventilatoren auf Messen prsentiert und Kunden dazu akquiriert\r\n	Des Weiteren ist er fr Betreuung und Beratung weiterer Stammkunden der Arneo GmbH zustndig und \r\n	Analysiert dafr stets neue Verkaufsgebiete und Ermitteln neuer Absatzmglichkeiten	\r\n	Dabei arbeitet er berwiegend von unterwegs und besitzt einen Laptop, auf dem er die allgemeinen Office-Anwendungen und ein E-Mail-Programm nutzt, sowie ein dienstliches Smartphone mit einem Unternehmensaccount fr einen internen Instant-Messenger',1);
/*!40000 ALTER TABLE `job_profiles_jobprofile` ENABLE KEYS */;
UNLOCK TABLES;

--
-- Table structure for table `threats_threatarea`
--

DROP TABLE IF EXISTS `threats_threatarea`;
/*!40101 SET @saved_cs_client     = @@character_set_client */;
/*!50503 SET character_set_client = utf8mb4 */;
CREATE TABLE `threats_threatarea` (
  `id` bigint NOT NULL AUTO_INCREMENT,
  `area_name` varchar(140) NOT NULL,
  `area_description` longtext,
  PRIMARY KEY (`id`)
) ENGINE=InnoDB AUTO_INCREMENT=23 DEFAULT CHARSET=utf8mb4 COLLATE=utf8mb4_0900_ai_ci;
/*!40101 SET character_set_client = @saved_cs_client */;

--
-- Dumping data for table `threats_threatarea`
--

LOCK TABLES `threats_threatarea` WRITE;
/*!40000 ALTER TABLE `threats_threatarea` DISABLE KEYS */;
INSERT INTO `threats_threatarea` VALUES (1,'Kollaborationssysteme','Software oder Plattformen, die die Zusammenarbeit und Kommunikation in einer Organisation untersttzen.'),(2,'Social Media Systeme','Online-Plattformen, die Benutzern ermglichen, Inhalte zu teilen, zu kommunizieren und zu interagieren'),(3,'Mailsystem','Ein System zum Senden, Empfangen und Verwalten von E-Mails.'),(4,'Instantmessenger','Eine Softwareanwendung, die Echtzeitkommunikation ber das Internet ermglicht.'),(5,'USB-Stick','Ein tragbares Speichergert, das an einen Computer angeschlossen werden kann, um Daten zu bertragen oder zu speichern.'),(6,'Laptop','Ein tragbarer Computer, der hnliche Funktionen wie ein Desktop-PC bietet.'),(8,'Internes Informationssystem','Ein System, das von einer Organisation intern genutzt wird, um Daten zu verwalten und zu teilen.'),(9,'Server','Ein Computer oder ein Computersystem, der/das Dienste oder Ressourcen fr andere Computer bereitstellt.'),(11,'PC','Ein PC ist ein individueller Computerarbeitsplatz, der fr die tglichen Arbeitsaufgaben von Mitarbeitern verwendet wird und eine Vielzahl von Softwareanwendungen ausfhrt.'),(14,'Online-Banking','Online-Banking bezeichnet die elektronische Abwicklung von Bankgeschften ber das Internet, bei der Kunden Finanztransaktionen wie berweisungen, Kontostandsabfragen oder Wertpapierhandel bequem ber eine Website oder mobile App durchfhren knnen.'),(15,'Online-Shop','Eine eine digitale Verkaufsplattform im Internet, auf der Produkte oder Dienstleistungen angeboten und von Kunden ber eine Website oder App erworben werden knnen.'),(16,'Mitarbeiter','Personen, die in einer Organisation arbeiten und Zugriff auf Informationen haben.'),(17,'Sensible Informationen','Daten, die vertraulich oder geschtzt sind, wie persnliche Identifikationsinformationen, finanzielle Daten oder geistiges Eigentum.'),(18,'Netzwerk','Ein System von verbundenen Gerten, das Daten austauscht.'),(19,'Internet Browser','Eine Softwareanwendung, die verwendet wird, um Zugang zum Internet zu erhalten und Webseiten anzuzeigen.'),(20,'Telefon','Ein Kommunikationsgert, das fr Sprachanrufe, Textnachrichten und mglicherweise auch Internetzugang verwendet wird.'),(21,'Buchhaltungssystem','in Buchhaltungssystem ist eine Software, die Geschftstransaktionen erfasst, Finanzberichte generiert und die Verwaltung von Einnahmen und Ausgaben erleichtert.'),(22,'Smartphone','Mobiltelefon mit Touchscreen und zustzlichen Funktionen wie GPS und der Mglichkeit, Apps darauf zu installieren');
/*!40000 ALTER TABLE `threats_threatarea` ENABLE KEYS */;
UNLOCK TABLES;

--
-- Table structure for table `threats_threatevent`
--

DROP TABLE IF EXISTS `threats_threatevent`;
/*!40101 SET @saved_cs_client     = @@character_set_client */;
/*!50503 SET character_set_client = utf8mb4 */;
CREATE TABLE `threats_threatevent` (
  `id` bigint NOT NULL AUTO_INCREMENT,
  `event_name` varchar(140) NOT NULL,
  `event_description` longtext,
  PRIMARY KEY (`id`)
) ENGINE=InnoDB AUTO_INCREMENT=45 DEFAULT CHARSET=utf8mb4 COLLATE=utf8mb4_0900_ai_ci;
/*!40101 SET character_set_client = @saved_cs_client */;

--
-- Dumping data for table `threats_threatevent`
--

LOCK TABLES `threats_threatevent` WRITE;
/*!40000 ALTER TABLE `threats_threatevent` DISABLE KEYS */;
INSERT INTO `threats_threatevent` VALUES (1,'Durchfhrung von Social Engineering auf der Basis von Outsider/Insider, um Informationen zu erhalten','Der Angreifer unternimmt Aktionen (z. B. per E-Mail oder Telefon) mit der Absicht, Personen innerhalb von Organisationen zu berreden oder auf andere Weise dazu zu bringen, kritische/sensible Informationen (z. B. personenbezogene Daten) preiszugeben.'),(2,'(Speer)-Phishing','Der Angreifer flscht Mitteilungen einer legitimen/vertrauenswrdigen Quelle, um an vertrauliche Informationen wie Benutzernamen oder Kennwrter oder zu gelangen. Typische Angriffe erfolgen per E-Mail, Instant Messaging oder auf vergleichbare Weise; dabei werden die Benutzer in der Regel auf scheinbar legitime Websites geleitet, whrend die eingegebenen Informationen in Wirklichkeit gestohlen werden. Der Angreifer setzt u. U. Phishing-Angriffe ein, die auf hochrangige Ziele abzielen (z. B. leitende Angestellte/Fhrungskrfte).'),(3,'Einschleusen bekannter Malware in interne Informationssysteme der Organisation','Der Angreifer nutzt gngige bermittlungsmechanismen (z. B. E-Mail), um Malware in Informationssysteme von Unternehmen zu installieren/einzuschleusen.'),(4,'Kompromittierung von Informationssystemen','Hierbei nutzt der Angreifer gngige bermittlungsmechanismen wie E-Mails, um Malware in die Informationssysteme von Unternehmen einzufhren und zu installieren.'),(5,'Web Defacement','Der Angreifer macht unautorisierte nderungen an ffentlichen Webseiten.'),(6,'Man-in-the-Middle-Attack','Der Angreifer fngt Nachrichten des Opfers ab und sendet sie an ihr Ziel weiter, um so unbemerkt die Kommunikation zu kompromittieren.'),(7,'Verbreitung von Malware durch Bereitstellung von Wechselmedien','Der Angreifer verteilt Wechseldatenspeicher mit Malware, die das Opfer an eigenen Gerten nutzt.'),(10,'Durchfhrung von nicht zielgerichteten Zero-Day-Angriffen','Der Angreifer setzt Angriffe ein, die noch nicht verffentlichte Schwachstellen ausnutzen. Die Angriffe basieren nicht auf den Erkenntnissen des Angreifers ber spezifische Schwachstellen von Organisationen.'),(11,'Malware ber downloadbare Software','Der Angreifer korrumpiert Freeware, Shareware oder kommerzielle IT-Produkte oder fgt Malware in diese ein. Der Angreifer zielt nicht spezifische Organisationen, und sucht nach Eintrittspunkten in interne organisatorische IS. Diese Bedrohung ist besonders fr Handy-Applikationen relevant.'),(12,'Ausnutzen schlecht konfigurierter Systeme','Der Angreifer erlangt durch das Internet Zugang zu IS, die nicht fr die Konnektivitt zum Internet autorisiert sind oder organisatorische Vorgaben nicht erfllen.'),(13,'Pharming-Angriff','Pharming ist eine Art von Phishing, bei der der Angreifer Nutzer zu bsartigen Seiten oder Proxy-Servern leitet, typescherweise mittels Domain Name System (DNS)-Poisoning.'),(14,'Shopping-/Service-Betrug','Der Angreifer verkauft nicht existierende Produkte oder Services.'),(15,'Falscher Umgang mit kritischen und/oder sensiblen Informationen','Diese Art von Bedrohung kann verschiedene Formen annehmen. Ein Mitarbeiter knnte versehentlich sensible Daten an falsche Empfnger senden, beispielsweise durch einen Fehler bei der Adressierung einer E-Mail oder durch die Auswahl eines falschen Empfngers in einer Datenbank. Eine andere Mglichkeit ist der mutwillige Diebstahl oder die Weitergabe vertraulicher Informationen durch einen Mitarbeiter, sei es aus finanziellen Motiven, Rache, Nachlssigkeit oder Unwissenheit ber die Bedeutung der Daten.'),(16,'Ausnutzung von Schwachstellen in internen Informationssystemen der Organisation','Der Angreifer sucht nach bekannten Schwachstellen in den internen Informationssystemen des Unternehmens und nutzt diese Schwachstellen aus.'),(17,'Durchfhrung von Brute-Force-Anmeldeversuchen/Passworterratungsangriffen','Der Angreifer versucht, sich durch zuflliges oder systematisches Erraten von Passwrtern Zugang zu den Informationssystemen eines Unternehmens zu verschaffen, mglicherweise mit Hilfe von Programmen zum Knacken von Passwrtern.'),(18,'Durchfhrung von Data Scavenging-Angriffen in einer Cloud-Umgebung','Der Angreifer erlangt Daten, die von organisatorischen Prozessen in einer Cloud-Umgebung verwendet und dann gelscht werden.'),(20,'Angriffe auf persnliche Gerte kritischer Mitarbeiter*innen / Kompromittierung','Der Angreifer zielt auf wichtige Mitarbeiter des Unternehmens ab, indem er Malware auf deren persnliche Computern platziert. Ziel ist es, alle Flle auszunutzen, in denen Mitarbeiter persnliche Informationssysteme oder -gerte fr den Umgang mit kritischen/sensiblen Informationen nutzen.'),(21,'Durchfhrung von Network-Sniffing an freien Netzwerken','Ein Angreifer, der Zugang zu ungeschtzten drahtgebundenen oder drahtlosen Datenkanlen hat, die zur bertragung von Informationen verwendet werden, nutzt Netzwerk-Sniffing, um Komponenten, Ressourcen und Schutzmanahmen zu identifizieren.'),(22,'Installation von Allzweck-/persistenten/gezielten Sniffern in organisationsgesteuerten Informationssystemen oder Netzwerken','Der Angreifer installiert eine Sniffersoftware auf internen Informationssystemen oder Netzwerken der Organisation oder Netzwerke.'),(23,'Erfassen sensibler Informationen durch Netzwerk-Sniffing externer Netzwerke','Der Angreifer erhlt Zugriff auf ungeschtzte drahtgebundene oder drahtlose Datenkanle, die Organisationen (oder Organisationspersonal) zur bertragung von Informationen nutzen (z. B. Kioske, ffentliche drahtlose Netzwerke) und fngt diese Kommunikation ab.'),(24,'Kompromittierung von Informationssystem-Sitzungen des Datenverkehrs zwischen der Organisation und externen Entitten','Der Angreifer bernimmt die Kontrolle ber bereits bestehende, legitime Informationssystemsitzungen zwischen Organisationen und externen Stellen.'),(25,'Durchfhrung einfacher/verteilter/gezielter Denial-of-Service-Angriffe (DoS)','Ein Angreifer versucht, eine ber das Internet zugngliche Ressource fr die beabsichtigten Benutzer unzugnglich zu machen oder zu verhindern, dass die Ressource effizient oder berhaupt funktioniert, vorbergehend oder auf unbestimmte Zeit.'),(26,'Kompromittierung von Informationssystemen oder Gerten, die extern verwendet und wieder in das Unternehmen eingeschleust werden','Der Angreifer installiert Malware auf Informationssystemen oder Gerten, whrend sich diese Systeme/Gerte auerhalb des Unternehmens befinden, um anschlieend das Unternehmen zu infizieren, wenn es wieder angeschlossen ist.'),(28,'Autorisiertem Personal folgen, um Zutritt zu verschiedenen Einrichtungen zu erhalten (Tailgating)','Tailgating beschreibt im Sicherheitskontext das unbefugte Betreten geschtzter Bereiche, indem eine Person autorisiertem Personal physisch folgt, ohne selbst ordnungsgem Zugang gewhrt bekommen zu haben. Dabei nutzt der Angreifer die Gutglubigkeit oder Unaufmerksamkeit der befugten Person, um Zutritt zu sensiblen Einrichtungen zu erlangen.'),(29,'Ausnutzen bekannter Schwachstellen in mobilen Systemen (z. B. Laptops, PDAs, Smartphones)','Der Angreifer macht sich die Tatsache zunutze, dass sich Smartphones auerhalb des physischen Schutzes von Organisationen und des logischen Schutzes von Unternehmensfirewalls befinden, und kompromittiert die Smartphones auf der Grundlage bekannter Schwachstellen, um Informationen aus diesen Systemen zu sammeln.'),(30,'Ungesperrte Bildschirme','Ungesperrte Bildschirme beziehen sich auf Gerte wie Computer, Smartphones oder Tablets, deren Bildschirmsperre nicht aktiviert wurde, sodass sie ohne zustzliche Authentifizierung frei zugnglich sind. Dies stellt ein Sicherheitsrisiko dar, da Unbefugte ohne Hindernis auf sensible Informationen und Funktionen zugreifen knnen.'),(31,'(Weit verbreiteter) Festplattenfehler','Beschdigung des Speichers aufgrund eines Festplattenfehlers/Mehrere Festplattenfehler aufgrund der Alterung einer Reihe von Gerten, die alle zur gleichen Zeit vom gleichen Anbieter erworben wurden'),(32,'Spoofing','Der Angreifer erstellt Duplikate von legitimen Websites, wenn Benutzer eine geflschte\r\nWebsite besuchen, kann diese Informationen sammeln oder Malware herunterladen.'),(34,'Weitergabe sensibler Informationen','Ein autorisierter Mitarbeiter kontaminiert irrtmlich ein Gert, ein Informationssystem oder ein Netzwerk, indem Informationen mit einer Geheimhaltungsstufe/Sensibilitt darauf ablegt oder daran gesendet werden, zu deren Handhabung es nicht autorisiert wurde. Die Informationen sind dem Zugriff Unbefugter ausgesetzt, und das Gert, System oder Netzwerk ist nicht verfgbar, whrend der Schaden untersucht und behoben wird'),(35,'Bereitstellung von Malware','Der Angreifer nutzt komplexere bermittlungsmechanismen als E-Mail (z. B. Internetverkehr, Instant Messaging, FTP), zum bermitteln von (modifizierter) Malware, um sich so Zugang zu internen Informationssystemen des Unternehmens zu verschaffen.'),(36,'Einschleusen modifizierter Malware in interne Informationssysteme der Organisation','Der Angreifer nutzt komplexere bermittlungsmechanismen als E-Mail (z. B. Internetverkehr, Instant Messaging, FTP), zum bermitteln von (modifizierter) Malware, um sich so Zugang zu internen Informationssystemen des Unternehmens zu verschaffen.'),(37,'Bereitstellung gezielter Schadsoftware zur Kontrolle interner Systeme und zur Exfiltration von Daten','Der Angreifer installiert Malware, die speziell darauf ausgelegt ist, die Kontrolle ber die internen Informationssysteme eines Unternehmens zu bernehmen, vertrauliche Informationen zu identifizieren und diese Informationen zu exfiltrieren.'),(38,'Umfassende Laufwerksfehler','Beschdigung bzw. beralterung einer Reihe von Laufwerken, die alle zur gleichen Zeit vom gleichen Anbieter erworben wurden.'),(39,'Unzureichende Zugangskontrolle','Schleusen Sie autorisierte Mitarbeiter ein, um Zugang zu den Einrichtungen der Organisation zu erhalten.'),(41,'Falsche Berechtigungseinstellungen','Ein autorisierter Benutzer oder Administrator weist einem Benutzer flschlicherweise auergewhnliche Berechtigungen zu oder setzt die Berechtigungsanforderungen fr eine Ressource zu niedrig an.'),(42,'Bereitstellung (modifizierter) Malware fr interne Informationssysteme der Organisation','Der Angreifer nutzt ausgefeiltere bermittlungsmechanismen als E-Mail (z. B. Internetverkehr, Instant Messaging, FTP), um Malware und mglicherweise Modifikationen bekannter Malware zu bermitteln, um sich Zugang zu internen Informationssystemen des Unternehmens zu verschaffen.'),(43,'Ausnutzung von Schwachstellen durch Zero-Day-Angriffe','Der Angreifer fhrt Angriffe durch, die noch nicht verffentlichte Schwachstellen ausnutzen. Zero-Day-Angriffe basieren auf der Einsicht des Angreifers in die von Unternehmen genutzten Informationssysteme und Anwendungen sowie auf der Erkundung von Unternehmen durch den Angreifer.');
/*!40000 ALTER TABLE `threats_threatevent` ENABLE KEYS */;
UNLOCK TABLES;

--
-- Table structure for table `threats_threatsituation`
--

DROP TABLE IF EXISTS `threats_threatsituation`;
/*!40101 SET @saved_cs_client     = @@character_set_client */;
/*!50503 SET character_set_client = utf8mb4 */;
CREATE TABLE `threats_threatsituation` (
  `id` bigint NOT NULL AUTO_INCREMENT,
  `threat_description` longtext,
  `threat_vector_id` bigint DEFAULT NULL,
  `job_profile_id` bigint DEFAULT NULL,
  `threat_situation_identificator` varchar(140) DEFAULT NULL,
  PRIMARY KEY (`id`),
  KEY `threats_threatsituation_job_profile_id_7985b6b2` (`job_profile_id`),
  KEY `threats_threatsituation_threat_vector_id_b7e1f4c2` (`threat_vector_id`),
  CONSTRAINT `threats_threatsituat_job_profile_id_7985b6b2_fk_job_profi` FOREIGN KEY (`job_profile_id`) REFERENCES `job_profiles_jobprofile` (`id`),
  CONSTRAINT `threats_threatsituat_threat_vector_id_b7e1f4c2_fk_threats_t` FOREIGN KEY (`threat_vector_id`) REFERENCES `threats_threatvector` (`id`)
) ENGINE=InnoDB AUTO_INCREMENT=77 DEFAULT CHARSET=utf8mb4 COLLATE=utf8mb4_0900_ai_ci;
/*!40101 SET character_set_client = @saved_cs_client */;

--
-- Dumping data for table `threats_threatsituation`
--

LOCK TABLES `threats_threatsituation` WRITE;
/*!40000 ALTER TABLE `threats_threatsituation` DISABLE KEYS */;
INSERT INTO `threats_threatsituation` VALUES (1,'Als Vorbereitung fr das wchentliche Jour Fixe des Projekts Smarte Ventilatoren mchten Sie die neuen Lieferanten fr die aktuell anstehende Beschaffung der Ventilator-Filter in die Projektskizze eintragen. In diesem Moment erreicht Sie eine Nachricht einer Ihnen unbekannten Person ber das interne Kollaborationssystem.',1,1,'2.11'),(2,'Sie sind seit kurzem in einem Social Network aktiv und begeistert von den vielen Mglichkeiten. Besonders erfreut sind Sie darber, mit bekannten und unbekannten Geschftskontakten Verbindungen zu knpfen und immer auf dem Laufenden zu bleiben. Whrend Ihrer Pause werfen Sie einen Blick hinein und bemerken folgende Nachrichten. Dabei fllt Ihnen wieder ein, dass in den Medien von ausgefeilten Social-Engineering-Angriffen auf KMU berichtet wurde.',2,1,'2.12'),(3,'Kurz bevor Sie in die Mittagspause mit Ihrem Kollegen Mark Kistner aufbrechen wollen, schauen Sie nochmal nach Ihren Mails, da Sie auf ein Angebot von Ihrem Kollegen Lukas Maier warten.',3,1,'2.14'),(5,'Sie kommen nach der Mittagspause an Ihren Arbeitsplatz zurck und schauen in Ihr Mail-Programm, weil Sie auf die Plankosten des neuen Projekts Smarte Ventilatoren von Ihrer Kollegin Anna Brand aus der Abteilung Buchhaltung & Finanzen warten. Dabei fllt Ihnen wieder ein, dass in den Medien von ausgefeilten Malware-Angriffen auf KMU berichtet wurde.',34,1,'2.15'),(11,'Im Rahmen des Projekts Smarte Ventilatoren stehen Sie regelmig im Austausch mit Innendienstmitarbeiter Sven Mller, da er fr die Verwaltung der Stammkunden zustndig ist. Sie prfen unterwegs  Ihr dienstliches Instant-Messenger-Konto und stellen fest, dass Sie eine neue Nachricht erhalten haben.',38,7,'4.14'),(16,'Eines Morgens kommt Ihre Assistentin aufgelst auf Sie zu: \"Knnen Sie mal bitte mit mir in das Buchhaltungssystem schauen? Irgendwas stimmt mit den Rechnungen nicht!\" Sie zeigt Ihnen an ihrem Bildschirm das Buchhaltungssystem mit einer Beispielrechnung.',21,4,'3.1'),(17,'Sie beginnen Ihren Arbeitstag in der Arneo GmbH und prfen als erstes Ihr E-Mail-Postfach, weil Sie auf Verkaufszahlen aus dem Projekt warten.',3,4,'3.7'),(20,'Nachdem Sie sich bereits online und auf einer Messe ber Team-Koordinationssoftware informiert haben, begegnen Sie in den nchsten Arbeitstagen folgenden Situationen.',61,3,'5.1'),(26,'Heute Vormittag fand eine Team-Besprechung des Projektteams Smarte Ventilatoren statt. Am Ende der Besprechung eilen alle Beteiligten in die Kantine, da heute Currywurst Tag ist.',20,1,'2.8'),(28,'Ihr Kollege Mark Kistner aus der Produktionsabteilung kommt vorbei, um Sie zur Kaffeepause abzuholen. Sie wollen noch schnell eine E-Mail beantworten und bitten ihn, kurz zu warten. Whrend des Wartens erblickt Mark Kistner einen Ordner auf Ihrem Schreibtisch und fragt: Kann ich da solange mal reinschauen?',22,1,'2.5'),(30,'Auf dem Weg zu einem wichtigen Meeting treffen Sie vor der verschlossenen Brotr eines Kollegen aus der Abteilung IT & EDV auf eine aufgebrachte Frau. Sie kennen diese Frau nicht. Sie erklrt, dass ihr Mann fr das Homeoffice einen Dienstrechner bentigt und sie diesen abholen soll. Ihr Mann habe bereits telefonisch dem Kollegen, vor dessen verschlossener Brotr sie steht, Bescheid gegeben. Der informierte Kollege ist nun aber nicht auffindbar.',23,1,'2.7'),(31,'Sie sitzen an Ihrem Schreibtisch und das Telefon klingelt.',23,4,'3.8'),(32,'Sie beginnen Ihren Arbeitstag in der Arneo GmbH und loggen sich bei Ihrem internen Kollaborationssystem ein, wie jeden Morgen. Sie stellen fest, dass Sie mehrere Nachrichten erhalten haben. Bitte schauen Sie sich die Anfragen genau an.',1,4,'3.11'),(34,'Im Zuge Ihrer monatlichen Routineaufgaben  mchten Sie sich per SSH / RDP in den Admin Account mehrerer Server einloggen. Nachdem Sie die Zugangsdaten eingegeben haben  erscheint eine Fehlernachricht mit der Meldung  dass die maximalen Versuche aufgebraucht wurden. Sie untersuchen die Logeintrge des Servers und sehen  dass die Anmeldeversuche auerhalb der Geschftszeiten gettigt wurden. Daraufhin versuchen Sie sich in den Server der Abteilung Vertrieb & Marketing einzuloggen. Dieser zeigt die Nachricht  dass das Passwort falsch ist. Da Sie Ihre Passwrter aber mit einem Passwortmanager verwalten  sind Sie sicher  dass das Passwort korrekt ist.',25,6,'1.3'),(35,'Whrend Routineaufgaben fllt Ihnen in einer Log Datei auf,  dass auerhalb der Geschftszeiten der Server der Buchhaltung viele Datenpakete an eine unbekannte IP-Adresse sendet. Durch Zufall finden Sie beim Inspizieren der laufenden Prozesse die dafr verantwortliche Datei. Die Untersuchung der Datei zeigt,  dass sie dafr ausgelegt ist  Daten auszuleiten. Ihre Recherche in einschlgigen Datenbanken fr Schwachstellen ist erfolglos.',26,6,'1.4'),(36,'Sie befinden sich an einem Rechner ohne Outlook App. Sie mchten Ihre neuen E-Mails berprfen und loggen sich daher ber den Browser in Ihr Outlookkonto ein. Sie ndern die Einstellung, dass Sie nicht automatisch ausgeloggt werden, da Sie planen, den ganzen Tag an diesem Rechner zu arbeiten. In Ihrer Mittagspause lesen Sie den Ihnen zugeschickten Cybersecurity Newsletter und stoen dabei auf einen interessanten Beitrag, den Sie mit Ihrer Kollegen teilen wollen. Sie klicken auf den \"Jetzt Teilen\" Button und geben die E-Mail Adresse Ihres Kollegen ein. Sie haben im Nachhinein ein ungutes Gefhl, da Sie den Newsletter nicht abonniert hatten und schauen sich nochmal den Seitenquelltext an.',58,6,'1.7'),(37,'Sie erhalten eine E-Mail  in der die Rechnung fr die bestellten Server enthalten ist. Sie ffnen die Rechnung und berprfen die Preise. Spter fragt Sie ein Kollege  warum Sie Ihm eine Word-Datei zugeschickt haben. Sie erinnern sich aber nicht daran  solch eine Datei verschickt zu haben.',28,6,'1.8'),(38,'Sie haben sich angewhnt, wchtenlich den Netzwerkverkehrs des Unternehmesnetzwerks der Arneo GmbH mit einem Network Sniffer zu untersuchen. Ihnen fllt auf, dass der PC einer bestimmten Mitarbeiterin ein ungewhnlich hohes Aufkommen von Netzwerkverkehr verursacht. Sie filtern den entsprechenden Host und sehen, dass jede IP Adresse im Netzwerk angesprochen wird. Sie sprechen die Mitarbeiterin darauf an und fragen sie, ob sie eine ungewhnliche Situation in letzter Zeit erlebt hat. Die Mitarbeiterin antwortet darauf, dass sie die ganze Woche nur Mails bearbeitet hat und zeig Ihnen ihr Mailprogramm.',29,6,'1.12'),(39,'Sie betreten eines Morgens das Bro und schalten Ihren Rechner ein. Als Sie sich mit dem Server einer Datenbank verbinden, fllt Ihnen auf, dass die Daten, die ber Nacht heruntergeladen wurden, nur teilweise und zum Teil korrupt auf dem Server abgelegt wurden.',30,6,'1.1'),(40,'Sie beginnen Ihren Arbeitstag als IT-Admin in der Arneo GmbH. Nach wenigen Minuten stehen zwei Kolleg*innen in Ihrem Bro, die keinen Zugriff auf das System haben und zeitnah eine Lsung von Ihnen verlangen. Schauen Sie sich die folgenden mglichen Situation genau an.',31,6,'1.2'),(41,'Sie betreten morgens Ihr Bro und setzen sich an Ihren Laptop. Diesen haben Sie ber Nacht laufen lassen, da Sie ein greres Softwareprodukt herunterladen wollten. Als Sie den Laptop aufklappen und sich in Ihr Adminkonto einloggen mchten, sehen Sie folgende Nachricht:',32,6,'1.5'),(42,'Als Sie eine Webseite aufrufen, erhalten Sie den Hinweis, dass Ihr Browser veraltet ist. Der Hinweis enthlt einen Link zur Downloadseite des Updates. Sie laden das Update herunter und installieren es. Als Sie in der Mittagspause Ihre Kolleg*innen fragen, ob diese schon das Update installiert haben, bekommen Sie die Antwort, dass sie keinen Hinweis erhalten haben.',59,6,'1.6'),(43,'Nach einem langen Tag auf der Ausstellungsmesse der smarten Ventilatoren schauen Sie noch in Ihr Mail-Programm, weil Sie auf eine E-Mail von Sven Mller aus der Abteilung Vertrieb & Marketing bzgl. weiterer Ausstellungsmessen fr die smarten Ventilatoren warten. Dabei fllt Ihnen wieder ein, dass in den Medien von ausgefeilten Malware-Angriffen auf KMU berichtet wurde.',34,7,'4.4'),(44,'Sie sind auf einer mehrtgigen Messe, um dort heute die neuen smarten Ventilatoren zu prsentieren und Kundenbeziehungen aufzubauen. Als Messebesucher erhielten Sie einen USB-Stick, auf dem das Messelogo bedruckt ist. Sie bemerken bei Betreten des Messegelndes, dass Sie den USB-Stick im Hotelzimmer vergessen haben, bentigen nun also dringend einen USB-Stick, um die Prsentationsfolien der Administration zu bergeben.',35,7,'4.8'),(45,'Sie sind etwas frher zu einem dienstlichen Termin angereist und suchen nun ein ffentliches WLAN-Netzwerk um noch dringende E-Mails zu beantworten.',55,7,'4.11'),(46,'Sie sind seit kurzem in einem Social Network  aktiv und begeistert von den vielen Mglichkeiten. Besonders erfreut sind Sie darber, mit bekannten und unbekannten Geschftskontakten Verbindungen zu knpfen und immer auf dem Laufenden zu bleiben. Whrend Ihrer Pause werfen Sie einen Blick in die Plattform und bemerken folgende Nachrichten. Dabei fllt Ihnen wieder ein, dass in den Medien von ausgefeilten Social-Engineering-Angriffen auf KMU berichtet wurde.',37,7,'4.13'),(48,'Ihr Arbeitgeber stellt Ihnen USB Sticks fr den tglichen Gebrauch zur Verfgung. Bei dem Verlust eines Gertes knnen Sie einen baugleichen neuen anfordern. Sie benutzen den USB Stick in Ihrer tglichen Arbeit und als mobile Mglichkeit Sicherheitskopien anzulegen.',39,7,'4.2'),(49,'Sie nutzen einen Instant-Messenger geschftlich auf ihrem Diensthandy. Nachdem Sie dort eine Nachricht beantwortet haben, erscheint ein Pop-up Fenster von einem kostenlosen Antivirus Programm, welches Sie noch nie gesehen haben. Es soll Schadsoftware entdeckt haben. Schauen Sie sich die Mglichkeiten genau an.',40,7,'4.5'),(50,'Sie sind im Zug auf einer Dienstreise fr Ihren Arbeitgeber, die Arneo GmbH. Gestern hatten Sie ein sehr nettes Gesprch mit einem Kollegen, der sich dieses Jahr noch einen Laptop frs Home Office kaufen mchte. Just nachdem Sie gestern darber gesprochen haben bekommen Sie eine der folgenden Nachrichten. Bitte schauen Sie sich die folgenden unterschiedlichen Nachrichten genau an.',41,7,'4.6'),(51,'Sie sind im Zug auf einer Dienstreise fr Ihren Arbeitgeber die Arneo GmbH. Sie bekommen eine der folgenden Nachrichten. Bitte schauen Sie sich die folgenden unterschiedlichen Nachrichten genau an.',42,7,'4.7'),(52,'Sie sind Sachbearbeiter*in im Auendienst und befinden sich auf Dienstreise. Sie sind gerade am Flughafen um nach einem wichtigen Termin nach Hause zu fliegen. Sie erwarten aber noch einen wichtigen Anruf bezglich des heutigen Meetings. Sie bemerken das der Akku Ihres Dienst Handys fast leer ist.',43,7,'4.12'),(53,'Im Rahmen des Projekts Smarte Ventilatoren stehen Sie regelmig im Austausch mit Auendienstmitarbeiter Sebastian Schmidt, da er fr die Betreuung der Stammkunden zustndig ist. Sie prfen Ihr dienstliches Instant-Messenging Konto und stellen fest, dass Sie eine neue Nachricht erhalten haben.',44,1,'2.9'),(54,'Wie jeden Morgen prfen Sie als erstes Ihr E-Mail-Postfach. Sie stellen fest, dass Sie mehrere E-Mails erhalten haben.',45,1,'2.10'),(56,'Morgens in der Rush Hour betreten Sie einen Bereich, der ausschlielich fr autorisiertes Personal zugnglich ist und berwacht wird. Dabei fllt Ihnen etwas Auergewhnliches auf.',56,1,'2.2'),(57,'Es ist der 09.07.2022 und Sie beginnen Ihre Arbeit fr Ihre Firma, die Arneo GmbH, und bekommen eine Push-Mitteilung auf Ihr Smartphone. Bitte schauen Sie sich die folgenden Nachrichten genau an.',38,4,'3.6'),(58,'Im Rahmen des Projekts Smarte Ventilatoren stehen Sie regelmig im Austausch mit Auendienstmitarbeiter Sebastian Schmidt, da er fr die Betreuung der Stammkunden zustndig ist. Sie prfen Ihr dienstliches Instant-Messenging-Konto und stellen fest, dass Sie eine neue Nachricht erhalten haben.',44,4,'3.9'),(59,'Kurz bevor Sie in die Mittagspause aufbrechen wollen, schauen Sie nochmal in das Mail-Programm, da Sie auf ein Angebot von Ihrem Kollegen Lukas Maier warten.',45,4,'3.10'),(60,'Vor 10 Jahren wurde bei der Einrichtung des neuen Bros, eine Vielzahl an USB-Sticks angeschafft, welche seither genutzt werden, um Daten intern weiterzugeben oder um Daten ohne jeglichen Internetzugang speichern zu knnen. Da die Datentrger mittlerweile in die Jahre gekommen sind, lassen sich vermehrt darauf gespeicherte Ordner nicht mehr ffnen, wodurch der Inhalt nun unzugnglich geworden ist.',39,4,'3.13'),(61,'Um den Budget-Plan zu erstellen, ffnen Sie die Buchhaltungssoftware und loggen sich wie blich. Das Mitarbeiterkrzel SE, das abbildet, wer die  Buchungen vorgenommen hat, ist Ihnen bekannt.',60,4,'3.2'),(62,'Sie beginnen an diesem Morgen Ihren Arbeitstag in der Arneo GmbH und wollen sich an Ihrem Computer anmelden.',50,3,'5.2'),(63,'Sie befinden sich auf Dienstreise. Sie sind gerade am Flughafen, um nach einem wichtigen Termin nach Hause zu fliegen. Sie erwarten aber noch einen wichtigen Anruf bezglich des heutigen Meetings. Sie bemerken, dass der Akku Ihres Diensthandys fast leer ist.',43,3,'5.6'),(65,'Sie ffnen am Dienstagmorgen Ihr E-Mail-Postfach und sehen folgende E-Mails:',34,3,'5.26'),(66,'Sie haben von einem Freund den Tipp fr eine App bekommen, die Ihnen helfen soll, Ihre Konzentrations- und Pausenzeit zu optimieren. Sie suchen im Store nach einer solchen App, weil Sie das ausprobieren wollen.',53,3,'5.4'),(67,'Sie bekommen eine Push-Mitteilung auf Ihr Dienst-Smartphone. Bitte schauen Sie sich die folgenden Nachrichten genau an.',38,3,'5.20'),(69,'Sie beginnen Ihren Arbeitstag in der Arneo GmbH und prfen als erstes Ihr E-Mail-Postfach',3,3,'5.21'),(70,'Sie ffnen zu Arbeitsbeginn Ihre Cloud und stellen Folgendes fest:',56,3,'5.12'),(72,'Sie erhalten eine Mail von einer E-Mail-Adresse, die nicht in Ihrem Adressbuch ist. Der Absender stellt sich als Mitglied der Finanzabteilung vor. Sie werden gebeten, sich ber den Link in der E-Mail auf der Website der Bank anzumelden, bei der die Arneo GmbH ein Konto besitzt. Die Bank heit \"Sicherbank\". Stellen Sie sich nun folgende Szenarien vor:',57,3,'5.23'),(73,'Ein Schlerpraktikant kommt in Ihr Bro und zeigt Ihnen seinen Dienst-Laptop: \"Haben Sie mal kurz Zeit fr mich? Ich soll die Bestellungen der letzten Monate zhlen und daraus die Schwankungen ermitteln. Irgendwie bin ich jetzt aber nicht im Bestellsystem gelandet, wo muss ich denn hier klicken? Ich kenne mich noch nicht so gut aus, ich bin erst seit einer Woche da.\"',56,4,'3.14'),(74,'Sie sind etwas frher zu einem dienstlichen Termin angereist und suchen nun ein ffentliches WLAN-Netzwerk um noch ein paar dringende E-Mails zu beantworten.',55,3,'5.5'),(75,'An Ihrem ersten Arbeitstag nach Ihrem Sommerurlaub mchten Sie sich am PC anmelden und werden aufgefordert Ihr Passwort zu ndern.',50,1,'2.3'),(76,'Nachdem Sie sich bereits online und auf einer Messe ber Team-Koordinationssoftware informiert haben, begegnen Sie in den nchsten Arbeitstagen folgenden Situationen.',61,3,'5.1');
/*!40000 ALTER TABLE `threats_threatsituation` ENABLE KEYS */;
UNLOCK TABLES;

--
-- Table structure for table `threats_threatvector`
--

DROP TABLE IF EXISTS `threats_threatvector`;
/*!40101 SET @saved_cs_client     = @@character_set_client */;
/*!50503 SET character_set_client = utf8mb4 */;
CREATE TABLE `threats_threatvector` (
  `id` bigint NOT NULL AUTO_INCREMENT,
  `threat_area_id` bigint NOT NULL,
  `threat_event_id` bigint NOT NULL,
  `threat_vector_description` longtext,
  PRIMARY KEY (`id`),
  KEY `threats_threatvector_threat_area_id_553ffccd_fk_threats_t` (`threat_area_id`),
  KEY `threats_threatvector_threat_event_id_41d67eef_fk_threats_t` (`threat_event_id`),
  CONSTRAINT `threats_threatvector_threat_area_id_553ffccd_fk_threats_t` FOREIGN KEY (`threat_area_id`) REFERENCES `threats_threatarea` (`id`),
  CONSTRAINT `threats_threatvector_threat_event_id_41d67eef_fk_threats_t` FOREIGN KEY (`threat_event_id`) REFERENCES `threats_threatevent` (`id`)
) ENGINE=InnoDB AUTO_INCREMENT=64 DEFAULT CHARSET=utf8mb4 COLLATE=utf8mb4_0900_ai_ci;
/*!40101 SET character_set_client = @saved_cs_client */;

--
-- Dumping data for table `threats_threatvector`
--

LOCK TABLES `threats_threatvector` WRITE;
/*!40000 ALTER TABLE `threats_threatvector` DISABLE KEYS */;
INSERT INTO `threats_threatvector` VALUES (1,1,1,'Der Angreifer benutzt Kollaborationssysteme (z. B. Asana, Teams) mit der Absicht, Personen innerhalb von Organisationen zu berreden oder auf andere Weise dazu zu bringen, kritische/sensible Informationen (z. B. personenbezogene Daten) preiszugeben.'),(2,2,1,'Der Angreifer benutzt Social-Media-Systeme (z.B. Facebook, Twitter) mit der Absicht, Personen innerhalb von Organisationen zu berreden oder auf andere Weise dazu zu bringen, kritische/sensible Informationen (z. B. personenbezogene Daten) preiszugeben.'),(3,3,2,'Der Angreifer flscht E-Mails, um an vertrauliche Informationen wie Benutzernamen oder Kennwrter zu gelangen. Die Benutzer werden in der Regel auf scheinbar legitime Webseiten geleitet, whrend die eingegebenen Informationen in Wirklichkeit gestohlen werden. Der Angreifer setzt u. U. Phishing-Angriffe ein, die auf hochrangige Ziele abzielen (z. B. leitende Angestellte/Fhrungskrfte).'),(6,5,3,'Der Angreifer platziert Wechseldatentrger (z. B. Flash-Laufwerke), auf denen Malware platziert wurde, an Orten inner- oder auerhalb der physischen Umgebung des Unternehmens, an denen die Mitarbeiter die Datentrger wahrscheinlich finden (z. B. in Konferenzen, an den Arbeitspltzen der Mitarbeiter) und auf den Informationssystemen des Unternehmens verwenden.'),(8,2,5,'Der Angreifer erlangt Zugang zum Social-Media-Account des Opfers und nutzt ihn vor bsartige Zwecke.'),(18,14,13,'tbd'),(19,15,14,'tbd'),(20,16,15,'Diese Art von Bedrohung kann verschiedene Formen annehmen. Ein Mitarbeiter knnte versehentlich sensible Daten an falsche Empfnger senden, beispielsweise durch einen Fehler bei der Adressierung einer E-Mail oder durch die Auswahl eines falschen Empfngers in einer Datenbank. Eine andere Mglichkeit ist der mutwillige Diebstahl oder die Weitergabe vertraulicher Informationen durch einen Mitarbeiter, sei es aus finanziellen Motiven, Rache, Nachlssigkeit oder Unwissenheit ber die Bedeutung der Daten.'),(21,21,16,'Der Bedrohungsvektor \"Ausnutzung von Schwachstellen in internen Informationssystemen\" bezieht sich auf Angriffe, die gezielt Schwchen in den internen IT-Systemen einer Organisation ausnutzen, insbesondere in solchen, die kritische Funktionen wie Buchhaltung ausfhren. Angreifer knnten dabei Schwachstellen wie veraltete Software, unzureichend gesicherte Netzwerke oder menschliche Fehler ausnutzen.'),(22,16,34,'Der Bedrohungsvektor \"Weitergabe sensibler Informationen durch Mitarbeiter*innen\" umfasst das Risiko, dass interne Informationen durch das Handeln von Mitarbeitern unbeabsichtigt oder absichtlich auerhalb der Organisation geteilt werden. Dies kann durch direkte Weitergabe von Daten, unzureichend gesicherte Kommunikationskanle oder durch den Verlust von Datentrgern und Endgerten geschehen.'),(23,16,1,'Dieser Bedrohungsvektor beschreibt Social Engineering-Angriffe auf Mitarbeiter*innen, bei denen Angreifer psychologische Manipulation anwenden, um vertrauliche Informationen zu erhalten oder Sicherheitsbarrieren zu umgehen. Dies kann zu unberechtigtem Zugang zu sensiblen Daten oder Systemen und der Gefhrdung der gesamten IT-Sicherheit fhren.'),(25,9,17,'Der Angreifer versucht, sich durch zuflliges oder systematisches Erraten von Passwrtern Zugang zu den Informationssystemen eines Unternehmens zu verschaffen, mglicherweise mit Hilfe von Programmen zum Knacken von Passwrtern.'),(26,9,10,'Hierbei nutzt der Angreifer bislang unbekannte Schwachstellen in Informationssystemen aus, um Zugriff zu erlangen, ohne dass es ein spezifisches Ziel oder eine bestimmte Absicht gibt.'),(27,3,36,'Der Angreifer nutzt komplexere bermittlungsmechanismen als E-Mail (z. B. Internetverkehr, Instant Messaging, FTP), zum bermitteln von (modifizierter) Malware, um sich so Zugang zu internen Informationssystemen des Unternehmens zu verschaffen.'),(28,3,37,'Der Angreifer installiert Malware, die speziell darauf ausgelegt ist, die Kontrolle ber die internen Informationssysteme eines Unternehmens zu bernehmen, vertrauliche Informationen zu identifizieren und diese Informationen zu exfiltrieren.'),(29,18,10,'Hierbei nutzt der Angreifer bislang unbekannte Schwachstellen in Informationssystemen aus, um Zugriff zu erlangen, ohne dass es ein spezifisches Ziel oder eine bestimmte Absicht gibt.'),(30,9,38,'Beschdigung bzw. beralterung einer Reihe von Laufwerken, die alle zur gleichen Zeit vom gleichen Anbieter erworben wurden.'),(31,9,25,'Ein Angreifer versucht, eine ber das Internet zugngliche Ressource fr die beabsichtigten Benutzer unzugnglich zu machen oder zu verhindern, dass die Ressource effizient oder berhaupt funktioniert, vorbergehend oder auf unbestimmte Zeit.'),(32,6,17,'Der Angreifer versucht, sich durch zuflliges oder systematisches Erraten von Passwrtern Zugang zu den Informationssystemen eines Unternehmens zu verschaffen, mglicherweise mit Hilfe von Programmen zum Knacken von Passwrtern.'),(33,19,36,'Der Angreifer nutzt komplexere bermittlungsmechanismen als E-Mail (z. B. Internetverkehr, Instant Messaging, FTP), zum bermitteln von (modifizierter) Malware, um sich so Zugang zu internen Informationssystemen des Unternehmens zu verschaffen. In diesem Fall tut er dies ber den Internet-Browser, zum Beispiel ber eine geflschte Wbesite.'),(34,3,3,'Der Angreifer nutzt gngige bermittlungsmechanismen (z. B. E-Mail), um Malware in Informationssysteme von Unternehmen zu installieren/einzuschleusen.'),(35,5,7,'Der Angreifer verteilt Wechseldatenspeicher mit Malware, die das Opfer an eigenen Gerten nutzt.'),(37,2,2,'Dieser Bedrohungsvektor beschreibt Phishing-Angriffe auf Social-Media-Systeme, bei denen Angreifer geflschte Nachrichten oder Websites nutzen, um Zugangsdaten oder sensible Informationen von Mitarbeiter*innen zu stehlen. Dies kann zu unautorisiertem Zugriff auf Unternehmens- oder persnliche Konten und zur Verbreitung weiterer schdlicher Inhalte fhren.'),(38,4,2,'Phishing ist der Versand geflschter E-Mails, die Menschen dazu verleiten sollen, auf einen Betrug hereinzufallen. Phishing-Mails zielen hufig darauf ab, dass die Nutzer Finanzinformationen, Zugangsdaten oder andere sensible Daten preisgeben. In diesem Fall findet der Angriff ber einen Instant-Messenger statt.'),(39,5,31,'Beschdigung des Speichers aufgrund eines Festplattenfehlers/Mehrere Festplattenfehler aufgrund der Alterung einer Reihe von Gerten, die mglicherweise alle zur gleichen Zeit vom gleichen Anbieter erworben wurden.'),(40,4,3,'Der Angreifer nutzt gngige bermittlungsmechanismen (z. B. E-Mail), um Malware in Informationssysteme von Unternehmen zu installieren/einzuschleusen.'),(41,4,36,'Der Angreifer nutzt komplexere bermittlungsmechanismen als E-Mail (z. B. Internetverkehr, Instant Messaging, FTP), zum bermitteln von (modifizierter) Malware, um sich so Zugang zu internen Informationssystemen des Unternehmens zu verschaffen.'),(42,4,37,'Der Angreifer installiert Malware, die speziell darauf ausgelegt ist, die Kontrolle ber die internen Informationssysteme eines Unternehmens zu bernehmen, vertrauliche Informationen zu identifizieren und diese Informationen zu exfiltrieren und verwendet dazu als Einfallstor einen Instant-Messenger..'),(43,20,26,'Der Angreifer installiert Malware auf Unternehmenstelefonen, whrend sich diese Gerte auerhalb des Unternehmens befinden, um anschlieend das Unternehmen zu infizieren, wenn es wieder an Unternehmensnetzwerke angeschlossen wird.'),(44,4,1,'Beim Social Engineering nutzt der Tter den \"Faktor Mensch\" als vermeintlich schwchstes Glied der Sicherheitskette aus, um seine kriminelle Absicht zu verwirklichen. Als Einfallstor kann hierfr der Instant-Messenger genutzt werden.'),(45,3,1,'Beim Social Engineering nutzt der Tter den \"Faktor Mensch\" als vermeintlich schwchstes Glied der Sicherheitskette aus, um seine kriminelle Absicht zu verwirklichen.'),(47,16,39,'Dieser Bedrohungsvektor beschreibt die mangelhafte Absicherung von Zugriffsrechten auf sensible Systeme und Daten. Dies kann zu unberechtigtem Zugriff, Datenmissbrauch oder der unautorisierten Weitergabe von vertraulichen Informationen fhren.'),(49,21,10,'Hierbei nutzt der Angreifer bislang unbekannte Schwachstellen in Informationssystemen aus, um Zugriff zu erlangen, ohne dass es ein spezifisches Ziel oder eine bestimmte Absicht gibt.'),(50,11,17,'Der Bedrohungsvektor \"Durchfhrung von Brute-Force-Anmeldeversuchen bzw. Passworterratraten\" bezieht sich auf Angriffe, die darauf abzielen, durch systematisches Ausprobieren aller mglichen Passwrter (Brute-Force) oder durch geschicktes Raten basierend auf gngigen Passwrtern oder leicht zugnglichen Informationen des Benutzers (Passworterraten) Zugang zu einem Computer zu erlangen.'),(53,22,29,'Dieser Bedrohungsvektor beschreibt Angriffe auf Smartphones durch die Nutzung bereits identifizierter und ffentlich dokumentierter Sicherheitslcken. Diese Angriffe knnen zu Datenverlust, unerlaubtem Zugriff auf sensible Informationen oder der Kontrolle ber das Gert fhren.'),(55,6,26,'Der Angreifer installiert Malware auf Laptops, whrend sich dieses Gert auerhalb des Unternehmens befindet, um anschlieend das Unternehmen zu infizieren, wenn es wieder angeschlossen ist.'),(56,16,41,'Ein autorisierter Benutzer oder Administrator weist einem Benutzer flschlicherweise auergewhnliche Berechtigungen zu.'),(57,14,32,'Der Angreifer erstellt Duplikate von einer Online-Banking-Seite. Wenn Benutzer die Seite besuchen, kann diese Informationen sammeln oder Malware herunterladen.'),(58,3,42,'Hierunter werden Angriffstechniken verstanden, bei denen Malware ber E-Mail-Nachrichten in ein internes Netzwerk oder System eingeschleust wird. Diese Art von Angriff nutzt das Mailsystem als Transportmittel, um schdliche Software an die Zielorganisation zu liefern.'),(59,19,42,'Hierunter werden Angriffstechniken verstanden, bei denen Schadsoftware (Malware) ber den Internetbrowser in ein System eingeschleust wird. Dies erfolgt durch die Ausnutzung von Schwachstellen oder durch Tuschung der Benutzer, um schdliche Software herunterzuladen und auszufhren.'),(60,21,43,'Dieser Bedrohungsvektor beschreibt die gezielte Ausnutzung unbekannter oder ungepatchter Sicherheitslcken, bevor entsprechende Updates oder Gegenmanahmen verfgbar sind. Diese Angriffe knnen zu unautorisiertem Zugang, Manipulation von Finanzdaten oder vollstndigem Systemausfall fhren.'),(61,11,20,'Dieser Bedrohungsvektor beschreibt die Kompromittierung privater Endgerte, die fr berufliche Zwecke genutzt werden und weniger Sicherheitsmanahmen aufweisen als firmeneigene Systeme. Diese Angriffe knnen zu Datendiebstahl, unberechtigtem Zugang zu Unternehmensressourcen oder der Verbreitung von Schadsoftware fhren.');
/*!40000 ALTER TABLE `threats_threatvector` ENABLE KEYS */;
UNLOCK TABLES;

--
-- Table structure for table `token_blacklist_blacklistedtoken`
--

DROP TABLE IF EXISTS `token_blacklist_blacklistedtoken`;
/*!40101 SET @saved_cs_client     = @@character_set_client */;
/*!50503 SET character_set_client = utf8mb4 */;
CREATE TABLE `token_blacklist_blacklistedtoken` (
  `id` bigint NOT NULL AUTO_INCREMENT,
  `blacklisted_at` datetime(6) NOT NULL,
  `token_id` bigint NOT NULL,
  PRIMARY KEY (`id`),
  UNIQUE KEY `token_id` (`token_id`),
  CONSTRAINT `token_blacklist_blacklistedtoken_token_id_3cc7fe56_fk` FOREIGN KEY (`token_id`) REFERENCES `token_blacklist_outstandingtoken` (`id`)
) ENGINE=InnoDB AUTO_INCREMENT=444 DEFAULT CHARSET=utf8mb4 COLLATE=utf8mb4_0900_ai_ci;
/*!40101 SET character_set_client = @saved_cs_client */;

--
-- Dumping data for table `token_blacklist_blacklistedtoken`
--

LOCK TABLES `token_blacklist_blacklistedtoken` WRITE;
/*!40000 ALTER TABLE `token_blacklist_blacklistedtoken` DISABLE KEYS */;
INSERT INTO `token_blacklist_blacklistedtoken` VALUES (438,'2024-09-30 13:21:01.079509',485),(439,'2024-09-30 13:21:50.517980',486),(440,'2024-09-30 13:32:08.430013',487),(441,'2024-09-30 14:01:53.140502',488),(442,'2024-09-30 14:56:41.916357',489),(443,'2024-09-30 16:40:43.798630',491);
/*!40000 ALTER TABLE `token_blacklist_blacklistedtoken` ENABLE KEYS */;
UNLOCK TABLES;

--
-- Table structure for table `token_blacklist_outstandingtoken`
--

DROP TABLE IF EXISTS `token_blacklist_outstandingtoken`;
/*!40101 SET @saved_cs_client     = @@character_set_client */;
/*!50503 SET character_set_client = utf8mb4 */;
CREATE TABLE `token_blacklist_outstandingtoken` (
  `id` bigint NOT NULL AUTO_INCREMENT,
  `token` longtext NOT NULL,
  `created_at` datetime(6) DEFAULT NULL,
  `expires_at` datetime(6) NOT NULL,
  `user_id` int DEFAULT NULL,
  `jti` varchar(255) NOT NULL,
  PRIMARY KEY (`id`),
  UNIQUE KEY `token_blacklist_outstandingtoken_jti_hex_d9bdf6f7_uniq` (`jti`),
  KEY `token_blacklist_outs_user_id_83bc629a_fk_auth_user` (`user_id`),
  CONSTRAINT `token_blacklist_outs_user_id_83bc629a_fk_auth_user` FOREIGN KEY (`user_id`) REFERENCES `auth_user` (`id`)
) ENGINE=InnoDB AUTO_INCREMENT=494 DEFAULT CHARSET=utf8mb4 COLLATE=utf8mb4_0900_ai_ci;
/*!40101 SET character_set_client = @saved_cs_client */;

--
-- Dumping data for table `token_blacklist_outstandingtoken`
--

LOCK TABLES `token_blacklist_outstandingtoken` WRITE;
/*!40000 ALTER TABLE `token_blacklist_outstandingtoken` DISABLE KEYS */;
INSERT INTO `token_blacklist_outstandingtoken` VALUES (1,'eyJhbGciOiJIUzI1NiIsInR5cCI6IkpXVCJ9.eyJ0b2tlbl90eXBlIjoicmVmcmVzaCIsImV4cCI6MTcxMzczMjgzNywiaWF0IjoxNzEzNzE0ODM3LCJqdGkiOiJmMTU4YmQxNDNjMTQ0YjBkYTIzZGE4MmFhYzFhYmI1YSJ9.vryeWmwFmrBbb3lg6w-TwRI4ATx5peSNka7vAv7j-o8',NULL,'2024-04-21 20:53:57.000000',NULL,'f158bd143c144b0da23da82aac1abb5a'),(2,'eyJhbGciOiJIUzI1NiIsInR5cCI6IkpXVCJ9.eyJ0b2tlbl90eXBlIjoicmVmcmVzaCIsImV4cCI6MTcxMzczMjg0MiwiaWF0IjoxNzEzNzE0ODQyLCJqdGkiOiJjOGFkM2JhYzU5NmM0ZDk5YmIxNTU1NDhmMjhhYmQxMiIsInVzZXJfaWQiOjR9.-XeMz2LpNYuODfNTdXQrpzeBzhBAOLoR9FlXpJ9WhOo','2024-04-21 15:54:02.102384','2024-04-21 20:54:02.000000',NULL,'c8ad3bac596c4d99bb155548f28abd12'),(3,'eyJhbGciOiJIUzI1NiIsInR5cCI6IkpXVCJ9.eyJ0b2tlbl90eXBlIjoicmVmcmVzaCIsImV4cCI6MTcxMzczMzExMywiaWF0IjoxNzEzNzE1MTEzLCJqdGkiOiJlOGFmODhjMDU1MTk0ZjVlOTc0Y2YwNjg1MTBiMGQ2NCIsInVzZXJfaWQiOjR9.KlNYONs5erWvyJUVgcG3LI58zXEQe8LE-fbd1LtlmMs','2024-04-21 15:58:33.797365','2024-04-21 20:58:33.000000',NULL,'e8af88c055194f5e974cf068510b0d64'),(4,'eyJhbGciOiJIUzI1NiIsInR5cCI6IkpXVCJ9.eyJ0b2tlbl90eXBlIjoicmVmcmVzaCIsImV4cCI6MTcxMzczMzE0MCwiaWF0IjoxNzEzNzE1MTQwLCJqdGkiOiIzNGEwNWQ4MWI5MTQ0MjU3OGRkZjc2MzdkZjk3YmZjZSJ9.-7onYMwbw7aguuSnrTvfIf3ZNPiHvvbXRFWPosinZT8',NULL,'2024-04-21 20:59:00.000000',NULL,'34a05d81b91442578ddf7637df97bfce'),(5,'eyJhbGciOiJIUzI1NiIsInR5cCI6IkpXVCJ9.eyJ0b2tlbl90eXBlIjoicmVmcmVzaCIsImV4cCI6MTcxMzczMzU4NSwiaWF0IjoxNzEzNzE1NTg1LCJqdGkiOiIwZWU5NzBiMmQ0NDE0OWVjYWQ5NWM5YjU5NWQ0MWY0NiJ9.Oaa4MioONkPdL-Boads2YetyQHSfIbFzn5fo5PdoXi4',NULL,'2024-04-21 21:06:25.000000',NULL,'0ee970b2d44149ecad95c9b595d41f46'),(6,'eyJhbGciOiJIUzI1NiIsInR5cCI6IkpXVCJ9.eyJ0b2tlbl90eXBlIjoicmVmcmVzaCIsImV4cCI6MTcxMzczNDQ4OCwiaWF0IjoxNzEzNzE2NDg4LCJqdGkiOiI5ZjljMWZkZmIxNzk0MWE5YjZiMDFkNGRlMDIyNGM0NSJ9.R-35gESBU0yQLBJ9dMdM15bpXmMgXhN5YM18-2zcZIw',NULL,'2024-04-21 21:21:28.000000',NULL,'9f9c1fdfb17941a9b6b01d4de0224c45'),(7,'eyJhbGciOiJIUzI1NiIsInR5cCI6IkpXVCJ9.eyJ0b2tlbl90eXBlIjoicmVmcmVzaCIsImV4cCI6MTcxMzc1MTE0NCwiaWF0IjoxNzEzNzMzMTQ0LCJqdGkiOiIxODk0ODY5NTBkZmM0MzhhOTIwMDhiODAwMzViNjhlNiJ9.09vijsCsLWE4mBS1kHAzbhibdQjJvTJe0dgDP4hoHB0',NULL,'2024-04-22 01:59:04.000000',NULL,'189486950dfc438a92008b80035b68e6'),(8,'eyJhbGciOiJIUzI1NiIsInR5cCI6IkpXVCJ9.eyJ0b2tlbl90eXBlIjoicmVmcmVzaCIsImV4cCI6MTcxMzc4ODk0MiwiaWF0IjoxNzEzNzcwOTQyLCJqdGkiOiJiOGRmNmRhY2U5OWE0YjFiYmExZDdlYzk1YTI3MTgwYiJ9.3rxGpspJN1jEJgwj3y4_PKbyqUk6bxQQjwTHl_YXyaE',NULL,'2024-04-22 12:29:02.000000',NULL,'b8df6dace99a4b1bba1d7ec95a27180b'),(9,'eyJhbGciOiJIUzI1NiIsInR5cCI6IkpXVCJ9.eyJ0b2tlbl90eXBlIjoicmVmcmVzaCIsImV4cCI6MTcxMzc4OTU4MiwiaWF0IjoxNzEzNzcxNTgyLCJqdGkiOiJhOTM4NjRmNzE0NjI0N2JiOWJiOGYyODZhMGJhMWVhZCJ9.DbI-Rhjmle9juwCVWFKBRRGi1BiWUn-n_jnFCBruiWs',NULL,'2024-04-22 12:39:42.000000',NULL,'a93864f7146247bb9bb8f286a0ba1ead'),(10,'eyJhbGciOiJIUzI1NiIsInR5cCI6IkpXVCJ9.eyJ0b2tlbl90eXBlIjoicmVmcmVzaCIsImV4cCI6MTcxMzc4OTYyMCwiaWF0IjoxNzEzNzcxNjIwLCJqdGkiOiIzYmVhNWVhZDM4Mzk0ZTZjODZkODMzYmU1ZTZmOGU1NyJ9.7veaO0dAfihEGS3s6vw6ZhyYyrORr93WNLTYOQOA2Pk',NULL,'2024-04-22 12:40:20.000000',NULL,'3bea5ead38394e6c86d833be5e6f8e57'),(11,'eyJhbGciOiJIUzI1NiIsInR5cCI6IkpXVCJ9.eyJ0b2tlbl90eXBlIjoicmVmcmVzaCIsImV4cCI6MTcxMzc4OTc4MiwiaWF0IjoxNzEzNzcxNzgyLCJqdGkiOiI3ZmU5ODE4YjUxODI0ZDAxOGU4MzZjZTJjNjNhZTA3ZCJ9.nCSRrPipTFd30EuHbpbD3Tq_YN4XpLFPkhY-5rBUJRM',NULL,'2024-04-22 12:43:02.000000',NULL,'7fe9818b51824d018e836ce2c63ae07d'),(12,'eyJhbGciOiJIUzI1NiIsInR5cCI6IkpXVCJ9.eyJ0b2tlbl90eXBlIjoicmVmcmVzaCIsImV4cCI6MTcxMzc4OTk3OSwiaWF0IjoxNzEzNzcxOTc5LCJqdGkiOiI1ZDhkNTJlMzdlMjg0NmMxYTc5MjVmYzE1ODgwZmQ1NiJ9.fzH-4k1nuj8dRFaIoJ20YMXEpBIPueaHfBf764IONeg',NULL,'2024-04-22 12:46:19.000000',NULL,'5d8d52e37e2846c1a7925fc15880fd56'),(13,'eyJhbGciOiJIUzI1NiIsInR5cCI6IkpXVCJ9.eyJ0b2tlbl90eXBlIjoicmVmcmVzaCIsImV4cCI6MTcxMzc5MTczNSwiaWF0IjoxNzEzNzczNzM1LCJqdGkiOiJiMjkxNzllMWFjYmQ0NWE2ODY3MDEwZjU2ODYyOWQ5YiJ9.C23NSCrrkgqhh8urSpCdSv01jp6_5Z6ZEuKkpLWGJsE',NULL,'2024-04-22 13:15:35.000000',NULL,'b29179e1acbd45a6867010f568629d9b'),(14,'eyJhbGciOiJIUzI1NiIsInR5cCI6IkpXVCJ9.eyJ0b2tlbl90eXBlIjoicmVmcmVzaCIsImV4cCI6MTcxMzc5MjQ1MiwiaWF0IjoxNzEzNzc0NDUyLCJqdGkiOiIzNTdmMTM1OWJkMDM0ZmIzOTQzMTkxYmI2MzZjNzUxNCJ9.QzMZtJH0_pZuCD-IXiK9wRfOwwMIDtR55gjI_BnpJ6E',NULL,'2024-04-22 13:27:32.000000',NULL,'357f1359bd034fb3943191bb636c7514'),(15,'eyJhbGciOiJIUzI1NiIsInR5cCI6IkpXVCJ9.eyJ0b2tlbl90eXBlIjoicmVmcmVzaCIsImV4cCI6MTcxMzc5MjQ2NCwiaWF0IjoxNzEzNzc0NDY0LCJqdGkiOiI2NWJjNWVkYjI1Mjc0MmYyYjkzZjQ2YzU2NjZhMjAwYyJ9.elWBdParMgBpENzemDlkZYOTcGuykCDd2q_SB-h56X0',NULL,'2024-04-22 13:27:44.000000',NULL,'65bc5edb252742f2b93f46c5666a200c'),(16,'eyJhbGciOiJIUzI1NiIsInR5cCI6IkpXVCJ9.eyJ0b2tlbl90eXBlIjoicmVmcmVzaCIsImV4cCI6MTcxMzc5MjU1OSwiaWF0IjoxNzEzNzc0NTU5LCJqdGkiOiJiMjZmZmYyZGRlYmM0OTM0YWNlMDQ2NDYxMTFhNDNmNyJ9.mq3xRCQLcOEbbIjr22cgOgTEdD5sJ0Dn9jGYkcnrXMY',NULL,'2024-04-22 13:29:19.000000',NULL,'b26fff2ddebc4934ace04646111a43f7'),(17,'eyJhbGciOiJIUzI1NiIsInR5cCI6IkpXVCJ9.eyJ0b2tlbl90eXBlIjoicmVmcmVzaCIsImV4cCI6MTcxMzc5MjY5NywiaWF0IjoxNzEzNzc0Njk3LCJqdGkiOiI4ZTJlZTU4NGI0MGQ0YmQ1OWE2ODliYWExNWY1ZjA5OCJ9.wdSiLoqt1rFoC9d_dm8TKu_kXyUcrD8sazK7BDgaR80',NULL,'2024-04-22 13:31:37.000000',NULL,'8e2ee584b40d4bd59a689baa15f5f098'),(18,'eyJhbGciOiJIUzI1NiIsInR5cCI6IkpXVCJ9.eyJ0b2tlbl90eXBlIjoicmVmcmVzaCIsImV4cCI6MTcxMzc5MjcwOCwiaWF0IjoxNzEzNzc0NzA4LCJqdGkiOiI2MDEwNjAxNjZkNzY0NzhlOGQxNGRhNjE0ZTNiNTJkMSJ9.wMu-6sJgwnufRkJihXbCnccWWl_UrTsijE4JQma4GrQ',NULL,'2024-04-22 13:31:48.000000',NULL,'601060166d76478e8d14da614e3b52d1'),(19,'eyJhbGciOiJIUzI1NiIsInR5cCI6IkpXVCJ9.eyJ0b2tlbl90eXBlIjoicmVmcmVzaCIsImV4cCI6MTcxMzc5MjcxNiwiaWF0IjoxNzEzNzc0NzE2LCJqdGkiOiJkNGI2OTkwMTc1ZWI0ZmRhYTJhMzExN2MxYTA5YTQzOSJ9.zn3SPYiOETQOLXErL2JgoxvUGRTuFSvcLF4bgwmD_0M',NULL,'2024-04-22 13:31:56.000000',NULL,'d4b6990175eb4fdaa2a3117c1a09a439'),(20,'eyJhbGciOiJIUzI1NiIsInR5cCI6IkpXVCJ9.eyJ0b2tlbl90eXBlIjoicmVmcmVzaCIsImV4cCI6MTcxMzc5MzYwNywiaWF0IjoxNzEzNzc1NjA3LCJqdGkiOiI1NjRmZjdjMDZmMDE0ZTE2ODZmMWEwMGY4MjgxMzUwMyJ9.lKDBSZ6pFsUZGKXgj3XE1NFMZcgRK-7P5XeG2DSBZ-o',NULL,'2024-04-22 13:46:47.000000',NULL,'564ff7c06f014e1686f1a00f82813503'),(21,'eyJhbGciOiJIUzI1NiIsInR5cCI6IkpXVCJ9.eyJ0b2tlbl90eXBlIjoicmVmcmVzaCIsImV4cCI6MTcxMzc5NDMwNSwiaWF0IjoxNzEzNzc2MzA1LCJqdGkiOiIzNmQyNjIwNGQ5ZmU0MzI4YjkzNzk3NWI2Yjg4ODM5YyJ9.jsYbVeHJn4xVm05OeuaMcU9GufKZXlqnXjTfAI3ElQw',NULL,'2024-04-22 13:58:25.000000',NULL,'36d26204d9fe4328b937975b6b88839c'),(22,'eyJhbGciOiJIUzI1NiIsInR5cCI6IkpXVCJ9.eyJ0b2tlbl90eXBlIjoicmVmcmVzaCIsImV4cCI6MTcxMzc5NDMwNywiaWF0IjoxNzEzNzc2MzA3LCJqdGkiOiJjMDk3MDNlMmRmOWY0OWE0OWYzNWI3NjQ2MDdmNjViMyJ9.kD0m3OHxU2lUOLxtBYLgGyq1ktIX2N7dNyLrl8WL7y4',NULL,'2024-04-22 13:58:27.000000',NULL,'c09703e2df9f49a49f35b764607f65b3'),(23,'eyJhbGciOiJIUzI1NiIsInR5cCI6IkpXVCJ9.eyJ0b2tlbl90eXBlIjoicmVmcmVzaCIsImV4cCI6MTcxMzc5NDMwNywiaWF0IjoxNzEzNzc2MzA3LCJqdGkiOiJhYTNiMjEwZDU4YmI0YmE1ODI5YzYzZTNkYzg3ZTM3MiJ9.oxedXdqQ0VuwrZHWcH0KpAr_paJlGhErLkt4MACppqs',NULL,'2024-04-22 13:58:27.000000',NULL,'aa3b210d58bb4ba5829c63e3dc87e372'),(24,'eyJhbGciOiJIUzI1NiIsInR5cCI6IkpXVCJ9.eyJ0b2tlbl90eXBlIjoicmVmcmVzaCIsImV4cCI6MTcxMzc5NDQzOSwiaWF0IjoxNzEzNzc2NDM5LCJqdGkiOiJhY2ZiMWUyNmQ3ODc0MThiODQ4ZDVlMWJjOTgyOTlmZCJ9.PKGwlkQE3Q0rMB9tiwWun8x56Doi-G9rs1Vq576Fvt0',NULL,'2024-04-22 14:00:39.000000',NULL,'acfb1e26d787418b848d5e1bc98299fd'),(25,'eyJhbGciOiJIUzI1NiIsInR5cCI6IkpXVCJ9.eyJ0b2tlbl90eXBlIjoicmVmcmVzaCIsImV4cCI6MTcxMzc5NTk3NywiaWF0IjoxNzEzNzc3OTc3LCJqdGkiOiI1OTAxYWE3OGZiNTI0OTc3OTMxMWY2Y2YzODRkM2VmNCJ9.Wk8BdT55HM2H7jDT-k6OWdpduvaRudI6PyyK9JVacp4',NULL,'2024-04-22 14:26:17.000000',NULL,'5901aa78fb5249779311f6cf384d3ef4'),(26,'eyJhbGciOiJIUzI1NiIsInR5cCI6IkpXVCJ9.eyJ0b2tlbl90eXBlIjoicmVmcmVzaCIsImV4cCI6MTcxMzc5NzE5NywiaWF0IjoxNzEzNzc5MTk3LCJqdGkiOiI1MWMxNGU4MTgzYmI0MTBhOTRkNjUxNTQ1ZWU2NzljOCJ9.QEAR3o3BalRHhaR0yZrW3cTLqtvxwiVPu65rn7pkHOw',NULL,'2024-04-22 14:46:37.000000',NULL,'51c14e8183bb410a94d651545ee679c8'),(27,'eyJhbGciOiJIUzI1NiIsInR5cCI6IkpXVCJ9.eyJ0b2tlbl90eXBlIjoicmVmcmVzaCIsImV4cCI6MTcxMzc5Nzg2MiwiaWF0IjoxNzEzNzc5ODYyLCJqdGkiOiIwMjhhNjA5ZDhlNTI0MmQzYTQ0N2JlZWI2MzM0Mzg3NiJ9.cZKIFHrebh89wojFuxIklGowiA-Fk_zrjWjRRQfI8Pk',NULL,'2024-04-22 14:57:42.000000',NULL,'028a609d8e5242d3a447beeb63343876'),(28,'eyJhbGciOiJIUzI1NiIsInR5cCI6IkpXVCJ9.eyJ0b2tlbl90eXBlIjoicmVmcmVzaCIsImV4cCI6MTcxMzc5ODE1MiwiaWF0IjoxNzEzNzgwMTUyLCJqdGkiOiIwMGYzN2E2YjJlZjQ0ZmY0OWNkODY1ZThkZDI0OTdiMCJ9.4LD1HRGhGidCaYiOvKy7hkWF8Zv61tHt5-K0j0ZHirw',NULL,'2024-04-22 15:02:32.000000',NULL,'00f37a6b2ef44ff49cd865e8dd2497b0'),(29,'eyJhbGciOiJIUzI1NiIsInR5cCI6IkpXVCJ9.eyJ0b2tlbl90eXBlIjoicmVmcmVzaCIsImV4cCI6MTcxMzc5ODc5NiwiaWF0IjoxNzEzNzgwNzk2LCJqdGkiOiI1NjhjMDQ1MDhjNzI0N2U3OTE5ZmJkY2IxNjgzMWQ4ZSJ9.BlQ5ljDTMKY7eOj0LOMOKFFPjb9N63Wd9KJpm3u1I4s',NULL,'2024-04-22 15:13:16.000000',NULL,'568c04508c7247e7919fbdcb16831d8e'),(30,'eyJhbGciOiJIUzI1NiIsInR5cCI6IkpXVCJ9.eyJ0b2tlbl90eXBlIjoicmVmcmVzaCIsImV4cCI6MTcxMzc5OTQxNiwiaWF0IjoxNzEzNzgxNDE2LCJqdGkiOiIwM2U0OTM2ZDE1NTQ0YmQyYjY5MzIzNDVhZWQyYjliNSJ9.hX51JXldDtWaFAImHKytcrjcoHy9XabR998KemnjLWs',NULL,'2024-04-22 15:23:36.000000',NULL,'03e4936d15544bd2b6932345aed2b9b5'),(31,'eyJhbGciOiJIUzI1NiIsInR5cCI6IkpXVCJ9.eyJ0b2tlbl90eXBlIjoicmVmcmVzaCIsImV4cCI6MTcxMzc5OTQxNywiaWF0IjoxNzEzNzgxNDE3LCJqdGkiOiIyODBmZmQ0YzI1ZTM0NzE2ODEzMTdmNDhjNjMxOTI2ZSJ9.llMdXdnwPaHJWOLUuCADwcJdhNbLB6TNWgm0CT7VJ6Y',NULL,'2024-04-22 15:23:37.000000',NULL,'280ffd4c25e3471681317f48c631926e'),(32,'eyJhbGciOiJIUzI1NiIsInR5cCI6IkpXVCJ9.eyJ0b2tlbl90eXBlIjoicmVmcmVzaCIsImV4cCI6MTcxMzgwMjY2NiwiaWF0IjoxNzEzNzg0NjY2LCJqdGkiOiJlNzQyYWJlYjMzMjY0YjJmOWViMzE0NmQwNDk1OTIzMCJ9.XRD2YXr6LA1vIMS4zQq3_RJQcMn1Fnpy7cWfi5Z4Nyw',NULL,'2024-04-22 16:17:46.000000',NULL,'e742abeb33264b2f9eb3146d04959230'),(33,'eyJhbGciOiJIUzI1NiIsInR5cCI6IkpXVCJ9.eyJ0b2tlbl90eXBlIjoicmVmcmVzaCIsImV4cCI6MTcxMzgwMzM4MywiaWF0IjoxNzEzNzg1MzgzLCJqdGkiOiI2YmRiZjY4ODU2ZjY0NDMxODIwMTRkMTkyNmI4ZjUyYyJ9.Oe3kXUlKq49nkV9TRN88DQRSeXymgfyLgVNqtMNoUAI',NULL,'2024-04-22 16:29:43.000000',NULL,'6bdbf68856f6443182014d1926b8f52c'),(34,'eyJhbGciOiJIUzI1NiIsInR5cCI6IkpXVCJ9.eyJ0b2tlbl90eXBlIjoicmVmcmVzaCIsImV4cCI6MTcxMzgwMzM4MywiaWF0IjoxNzEzNzg1MzgzLCJqdGkiOiJiM2RjN2FmYzQ1MzE0ZGM1YWQ4NDcxZmRhOGYyY2QzYiJ9.4Pr2va6E0FS3Ovb8QFt0_Cq2TBFGTz0OupoRrAMfX-E',NULL,'2024-04-22 16:29:43.000000',NULL,'b3dc7afc45314dc5ad8471fda8f2cd3b'),(35,'eyJhbGciOiJIUzI1NiIsInR5cCI6IkpXVCJ9.eyJ0b2tlbl90eXBlIjoicmVmcmVzaCIsImV4cCI6MTcxMzgwNDIyMiwiaWF0IjoxNzEzNzg2MjIyLCJqdGkiOiIyY2FjZTkzNzA2ZTU0YTRjYTVkYTJmNGNiYjE3MWQ1YSJ9.-cg4Lu2DiwrUNv8tC7Kiu-tNGM7_QoOUocm4MSHl7OA',NULL,'2024-04-22 16:43:42.000000',NULL,'2cace93706e54a4ca5da2f4cbb171d5a'),(36,'eyJhbGciOiJIUzI1NiIsInR5cCI6IkpXVCJ9.eyJ0b2tlbl90eXBlIjoicmVmcmVzaCIsImV4cCI6MTcxMzgwNDI5NSwiaWF0IjoxNzEzNzg2Mjk1LCJqdGkiOiJmYjkwMjk5ODlkNWQ0YjU0ODAyODEzZjBlYjg3ZTVkNyJ9.Up8ZF0QdzZCysjbdIx-Ahs4yJqk_owRPlIBbbE1fdoY',NULL,'2024-04-22 16:44:55.000000',NULL,'fb9029989d5d4b54802813f0eb87e5d7'),(37,'eyJhbGciOiJIUzI1NiIsInR5cCI6IkpXVCJ9.eyJ0b2tlbl90eXBlIjoicmVmcmVzaCIsImV4cCI6MTcxMzgwNDI5NiwiaWF0IjoxNzEzNzg2Mjk2LCJqdGkiOiIyYWRhMWQ5NzYxMDQ0YzMyYjQ5MjY5M2FlYTE5OGMwYSJ9.AsabDENMeOGgm_8JTTgX77PiMoH2AVTZqsE2UIC4giw',NULL,'2024-04-22 16:44:56.000000',NULL,'2ada1d9761044c32b492693aea198c0a'),(38,'eyJhbGciOiJIUzI1NiIsInR5cCI6IkpXVCJ9.eyJ0b2tlbl90eXBlIjoicmVmcmVzaCIsImV4cCI6MTcxMzgwNDM5NiwiaWF0IjoxNzEzNzg2Mzk2LCJqdGkiOiIwYTljMDZkOGFlMWM0NGIwYjBlYmRiZTEwNDUxMGViNCJ9.36U5HS3othNmoX6xamEAVT_lKVEGklSHg4LCeLLBjXc',NULL,'2024-04-22 16:46:36.000000',NULL,'0a9c06d8ae1c44b0b0ebdbe104510eb4'),(39,'eyJhbGciOiJIUzI1NiIsInR5cCI6IkpXVCJ9.eyJ0b2tlbl90eXBlIjoicmVmcmVzaCIsImV4cCI6MTcxMzgwNDM5OSwiaWF0IjoxNzEzNzg2Mzk5LCJqdGkiOiJjYzlkODUwMDM0ZTg0NzFlOGI2YmYyNzVhMTcwYjNhYyJ9.Af0z4LTNCRGr8rH8xHdfokkdCC3_N9iD12pOFtNyv4M',NULL,'2024-04-22 16:46:39.000000',NULL,'cc9d850034e8471e8b6bf275a170b3ac'),(40,'eyJhbGciOiJIUzI1NiIsInR5cCI6IkpXVCJ9.eyJ0b2tlbl90eXBlIjoicmVmcmVzaCIsImV4cCI6MTcxMzgwNDUwMiwiaWF0IjoxNzEzNzg2NTAyLCJqdGkiOiJmY2Y5YzI3NDVjMmM0MTg1YjdhYjBhZjA2ZWVlZDYxNCJ9.zw5G8WJlMSjg_21oQjiqUdfms-atLgWkdKiSK1pRqz4',NULL,'2024-04-22 16:48:22.000000',NULL,'fcf9c2745c2c4185b7ab0af06eeed614'),(41,'eyJhbGciOiJIUzI1NiIsInR5cCI6IkpXVCJ9.eyJ0b2tlbl90eXBlIjoicmVmcmVzaCIsImV4cCI6MTcxMzgwNDY3NCwiaWF0IjoxNzEzNzg2Njc0LCJqdGkiOiIyMzJmYzRhZWRlYTk0NDMyYTFkMWU3NjMwZjU0MmQwZSJ9.qGEK5KnBc6zn1LKqBCObQudt3rt_BEsBzDXZLBQdqgE',NULL,'2024-04-22 16:51:14.000000',NULL,'232fc4aedea94432a1d1e7630f542d0e'),(42,'eyJhbGciOiJIUzI1NiIsInR5cCI6IkpXVCJ9.eyJ0b2tlbl90eXBlIjoicmVmcmVzaCIsImV4cCI6MTcxMzgwNTM0OCwiaWF0IjoxNzEzNzg3MzQ4LCJqdGkiOiJkMWM3MWQzZjkyNWU0NjQxODZjYzZlNmNlZGZlYjExMCJ9.Csjjq7iPV4msijKq0ZC1LLHcQsdqziwuC--xVd5BFLs',NULL,'2024-04-22 17:02:28.000000',NULL,'d1c71d3f925e464186cc6e6cedfeb110'),(43,'eyJhbGciOiJIUzI1NiIsInR5cCI6IkpXVCJ9.eyJ0b2tlbl90eXBlIjoicmVmcmVzaCIsImV4cCI6MTcxMzgwNzIwOSwiaWF0IjoxNzEzNzg5MjA5LCJqdGkiOiJmZmFmNmJjYTdmMDI0ZjQ0YjUwYzViYjEyNThkMzI3ZSJ9.gVUGRACV3hrfrPo6OuibPST_WejFVpzPJ_ImALqTYTI',NULL,'2024-04-22 17:33:29.000000',NULL,'ffaf6bca7f024f44b50c5bb1258d327e'),(44,'eyJhbGciOiJIUzI1NiIsInR5cCI6IkpXVCJ9.eyJ0b2tlbl90eXBlIjoicmVmcmVzaCIsImV4cCI6MTcxMzgwNzI1MiwiaWF0IjoxNzEzNzg5MjUyLCJqdGkiOiJiOGFmZjAyMWFjMjQ0NDQ2ODhhMzRkYTg4NDM2MGQ0ZiJ9.TjYP3Agd_bu-10PPnw-Iwn-3_MOoofjotBG3CB01Ptc',NULL,'2024-04-22 17:34:12.000000',NULL,'b8aff021ac24444688a34da884360d4f'),(45,'eyJhbGciOiJIUzI1NiIsInR5cCI6IkpXVCJ9.eyJ0b2tlbl90eXBlIjoicmVmcmVzaCIsImV4cCI6MTcxMzgwNzMyNSwiaWF0IjoxNzEzNzg5MzI1LCJqdGkiOiI1ZjQ2M2FkNDUzNTI0ZTdjOTk4NDAzYjQxZDNkYTE1MyJ9.v-judWgT2j4ljviYnsUeu1_nj3mMP8q3CKxW9zbx7Fg',NULL,'2024-04-22 17:35:25.000000',NULL,'5f463ad453524e7c998403b41d3da153'),(46,'eyJhbGciOiJIUzI1NiIsInR5cCI6IkpXVCJ9.eyJ0b2tlbl90eXBlIjoicmVmcmVzaCIsImV4cCI6MTcxMzgwNzM5NiwiaWF0IjoxNzEzNzg5Mzk2LCJqdGkiOiI2N2M0ZGQ4MjEzOGI0MDA0YTlmMmY2ZGNlMzBkNmNjNiJ9.fwbGgcYEW564_tAYdutIW7BXMfldbnW09jsFioHsWbU',NULL,'2024-04-22 17:36:36.000000',NULL,'67c4dd82138b4004a9f2f6dce30d6cc6'),(47,'eyJhbGciOiJIUzI1NiIsInR5cCI6IkpXVCJ9.eyJ0b2tlbl90eXBlIjoicmVmcmVzaCIsImV4cCI6MTcxMzgwNzU5MiwiaWF0IjoxNzEzNzg5NTkyLCJqdGkiOiJlZDkwNDM0ZTQyNjk0NTJlYTM2OTBkMjBiNzhkZmFjYyJ9.AmE0dPjlFdItRWJz4VhvFsLrm9TJDk-CQTM3ilz1uMI',NULL,'2024-04-22 17:39:52.000000',NULL,'ed90434e4269452ea3690d20b78dfacc'),(48,'eyJhbGciOiJIUzI1NiIsInR5cCI6IkpXVCJ9.eyJ0b2tlbl90eXBlIjoicmVmcmVzaCIsImV4cCI6MTcxMzgwNzYxMSwiaWF0IjoxNzEzNzg5NjExLCJqdGkiOiI3N2NiNDM0NTEyMDg0YjVlYmE4ZmFiYjRkZGNjYzAwNSJ9.A1Hwa9hvYe2sleznlX6He7qqKLElSE57ycm3Q-5A1VY',NULL,'2024-04-22 17:40:11.000000',NULL,'77cb434512084b5eba8fabb4ddccc005'),(49,'eyJhbGciOiJIUzI1NiIsInR5cCI6IkpXVCJ9.eyJ0b2tlbl90eXBlIjoicmVmcmVzaCIsImV4cCI6MTcxMzgwNzYzMSwiaWF0IjoxNzEzNzg5NjMxLCJqdGkiOiIxOGFkMTExYWI2NzM0ZmU3YTA4Y2EwYWU0YWUxNGFiMyJ9.EUMkX-1uoP9Q8mVIhzSixmrzSxZwon5JMn-9MR7mm40',NULL,'2024-04-22 17:40:31.000000',NULL,'18ad111ab6734fe7a08ca0ae4ae14ab3'),(50,'eyJhbGciOiJIUzI1NiIsInR5cCI6IkpXVCJ9.eyJ0b2tlbl90eXBlIjoicmVmcmVzaCIsImV4cCI6MTcxMzgwNzYzNywiaWF0IjoxNzEzNzg5NjM3LCJqdGkiOiJlZmNjNDg5ZmQ1Y2Y0NWNmOTk5YmRiMzZiY2E3OWY2MCJ9.4T92F0vbiG9Q2xwe9wEm7fSbLkm4tCOv2IpPbkuU1pM',NULL,'2024-04-22 17:40:37.000000',NULL,'efcc489fd5cf45cf999bdb36bca79f60'),(51,'eyJhbGciOiJIUzI1NiIsInR5cCI6IkpXVCJ9.eyJ0b2tlbl90eXBlIjoicmVmcmVzaCIsImV4cCI6MTcxMzgwNzY1OSwiaWF0IjoxNzEzNzg5NjU5LCJqdGkiOiJmNGQzNGE2MGVlNzM0ZmVhODk4NjlhODhhM2JhNTRjNiJ9.0LUgZ92NeC9ydR91oUTWb9oI7CopCslvTMUjIh5ANl4',NULL,'2024-04-22 17:40:59.000000',NULL,'f4d34a60ee734fea89869a88a3ba54c6'),(52,'eyJhbGciOiJIUzI1NiIsInR5cCI6IkpXVCJ9.eyJ0b2tlbl90eXBlIjoicmVmcmVzaCIsImV4cCI6MTcxMzgwOTcwNSwiaWF0IjoxNzEzNzkxNzA1LCJqdGkiOiJmNDc3NDQ4MDlmMzM0YzYzOTk5YzcwMGMzNzAxMWYwZCJ9.3ct0U675DE-FNejmqDCK4qEqKT5U6mIHMOx9hUtRKE8',NULL,'2024-04-22 18:15:05.000000',NULL,'f47744809f334c63999c700c37011f0d'),(53,'eyJhbGciOiJIUzI1NiIsInR5cCI6IkpXVCJ9.eyJ0b2tlbl90eXBlIjoicmVmcmVzaCIsImV4cCI6MTcxMzgxMTE4OSwiaWF0IjoxNzEzNzkzMTg5LCJqdGkiOiJkZTRlOTBkMWYxMmI0NDQ1YmE2MGNhYTM2YzU3MDc5NyJ9.mA_YVMnDlQgBJ1VBodozaZsS0wTUyL2j4SwppIbgYNs',NULL,'2024-04-22 18:39:49.000000',NULL,'de4e90d1f12b4445ba60caa36c570797'),(54,'eyJhbGciOiJIUzI1NiIsInR5cCI6IkpXVCJ9.eyJ0b2tlbl90eXBlIjoicmVmcmVzaCIsImV4cCI6MTcxMzgxMjE0NCwiaWF0IjoxNzEzNzk0MTQ0LCJqdGkiOiIxYWU4MzM0MjMxOGE0MzE5YjE0ODYxOWNlMWNmZWQ1NyJ9.Uwo9hMbugN5k_tSAXXfHuZSXyFCqKy1SZcYAsLwupgE',NULL,'2024-04-22 18:55:44.000000',NULL,'1ae83342318a4319b148619ce1cfed57'),(55,'eyJhbGciOiJIUzI1NiIsInR5cCI6IkpXVCJ9.eyJ0b2tlbl90eXBlIjoicmVmcmVzaCIsImV4cCI6MTcxMzgxMjgzNSwiaWF0IjoxNzEzNzk0ODM1LCJqdGkiOiI1MWQ4MjhkMDIxODg0MGY5YWE0MjNjMzNlNmU0NzZmNSJ9.X6dDU21dlh4jhmiiZ7wJqueY3vwXdQG0A6Ci7lHkSBs',NULL,'2024-04-22 19:07:15.000000',NULL,'51d828d0218840f9aa423c33e6e476f5'),(56,'eyJhbGciOiJIUzI1NiIsInR5cCI6IkpXVCJ9.eyJ0b2tlbl90eXBlIjoicmVmcmVzaCIsImV4cCI6MTcxMzgxMjg2NCwiaWF0IjoxNzEzNzk0ODY0LCJqdGkiOiJmYzhjOTc2MDNiOTg0ZDljODhhYThiOWRjNWMxMGEyYiJ9.QOBWwx-c4ndXV4HOYLzZ6lf9D0D8Kbo8MRYxfi96gNE',NULL,'2024-04-22 19:07:44.000000',NULL,'fc8c97603b984d9c88aa8b9dc5c10a2b'),(57,'eyJhbGciOiJIUzI1NiIsInR5cCI6IkpXVCJ9.eyJ0b2tlbl90eXBlIjoicmVmcmVzaCIsImV4cCI6MTcxMzgxMjg2NSwiaWF0IjoxNzEzNzk0ODY1LCJqdGkiOiI3ZDZiNmRlYzlhZTE0ZTU1ODRkOWNhM2VmMGE3YTAyMiJ9.AKHttXPzdMkKC5V0h2rsCy6kCPd2OyIaDMjr6C7OnGI',NULL,'2024-04-22 19:07:45.000000',NULL,'7d6b6dec9ae14e5584d9ca3ef0a7a022'),(58,'eyJhbGciOiJIUzI1NiIsInR5cCI6IkpXVCJ9.eyJ0b2tlbl90eXBlIjoicmVmcmVzaCIsImV4cCI6MTcxMzgxMzI2MywiaWF0IjoxNzEzNzk1MjYzLCJqdGkiOiIxNjFjNjg1OGM4NWI0YzhiYTZjZDFmNTM0MGJkMjcxNyJ9.LXVzXl3XnDHps65VmgVpqEEFGDlluGQ5FQK19RDgZt0',NULL,'2024-04-22 19:14:23.000000',NULL,'161c6858c85b4c8ba6cd1f5340bd2717'),(59,'eyJhbGciOiJIUzI1NiIsInR5cCI6IkpXVCJ9.eyJ0b2tlbl90eXBlIjoicmVmcmVzaCIsImV4cCI6MTcxMzgxMzI2OCwiaWF0IjoxNzEzNzk1MjY4LCJqdGkiOiIyMTUwMTdmZjMwZmU0MzUxOTVlNjI0YTI1MmIzZWNkZiJ9.Q_rLH2pN1ncwLfGNokZWYXBdJfKKlaiRYf2IMLp_oHM',NULL,'2024-04-22 19:14:28.000000',NULL,'215017ff30fe435195e624a252b3ecdf'),(60,'eyJhbGciOiJIUzI1NiIsInR5cCI6IkpXVCJ9.eyJ0b2tlbl90eXBlIjoicmVmcmVzaCIsImV4cCI6MTcxMzgxMzMwMiwiaWF0IjoxNzEzNzk1MzAyLCJqdGkiOiI5NTQxOTI3Y2RmNmE0MjA1YmJiZDVjNzNlNmQxYjk2ZSJ9.Dk19tTL_Xt0emFxwm8u1Y95aCzXxsy32cIdgbdMTyrI',NULL,'2024-04-22 19:15:02.000000',NULL,'9541927cdf6a4205bbbd5c73e6d1b96e'),(61,'eyJhbGciOiJIUzI1NiIsInR5cCI6IkpXVCJ9.eyJ0b2tlbl90eXBlIjoicmVmcmVzaCIsImV4cCI6MTcxMzgxMzMwNCwiaWF0IjoxNzEzNzk1MzA0LCJqdGkiOiI1YzEzMDczOWE5OTc0OWEyODA5YzdhZmE2NjUxYWQzYSJ9.XyzGgpaqys-KI9Tu_0FPDbsxXsanU73bxEoWpWpDB-M',NULL,'2024-04-22 19:15:04.000000',NULL,'5c130739a99749a2809c7afa6651ad3a'),(62,'eyJhbGciOiJIUzI1NiIsInR5cCI6IkpXVCJ9.eyJ0b2tlbl90eXBlIjoicmVmcmVzaCIsImV4cCI6MTcxMzgxMzMwOSwiaWF0IjoxNzEzNzk1MzA5LCJqdGkiOiJmMGE5MDg2OGZhMDM0MGY3YTJkNDhlODQyYzM0MjEzMiIsInVzZXJfaWQiOjR9.sxNFBBpK5mK1C3iHenuMZCl3ZjIZckpRn8LxsxeRsgs','2024-04-22 14:15:09.729756','2024-04-22 19:15:09.000000',NULL,'f0a90868fa0340f7a2d48e842c342132'),(63,'eyJhbGciOiJIUzI1NiIsInR5cCI6IkpXVCJ9.eyJ0b2tlbl90eXBlIjoicmVmcmVzaCIsImV4cCI6MTcxMzgxNDM4NywiaWF0IjoxNzEzNzk2Mzg3LCJqdGkiOiIzNDcxNjg3MmExNzY0YWEwYTJkZWZjMjk0ZTIyYTE5MyJ9.9NhGGx1olnh0KTaocZtHo2p1lL2hCAEyE2WChpM6E4U',NULL,'2024-04-22 19:33:07.000000',NULL,'34716872a1764aa0a2defc294e22a193'),(64,'eyJhbGciOiJIUzI1NiIsInR5cCI6IkpXVCJ9.eyJ0b2tlbl90eXBlIjoicmVmcmVzaCIsImV4cCI6MTcxMzgxNDM5NCwiaWF0IjoxNzEzNzk2Mzk0LCJqdGkiOiI5MjIyMzljMzAzMGU0Yjc4OWQxYjY3MmJlYmQ1NzJiOCJ9.4K_RFLkjryY7PK0jiKuv1_pL2XHbNqVKETtbBf91jrk',NULL,'2024-04-22 19:33:14.000000',NULL,'922239c3030e4b789d1b672bebd572b8'),(65,'eyJhbGciOiJIUzI1NiIsInR5cCI6IkpXVCJ9.eyJ0b2tlbl90eXBlIjoicmVmcmVzaCIsImV4cCI6MTcxMzgxNDQ1MiwiaWF0IjoxNzEzNzk2NDUyLCJqdGkiOiJmNTViNzE4MTkwZDk0MzA1YjBmNmIzMzdkMGU2NTcwNCJ9.hNww4BTfdCAyQeluow8TtjQLNxMTSzi7yyW2INMBzwg',NULL,'2024-04-22 19:34:12.000000',NULL,'f55b718190d94305b0f6b337d0e65704'),(66,'eyJhbGciOiJIUzI1NiIsInR5cCI6IkpXVCJ9.eyJ0b2tlbl90eXBlIjoicmVmcmVzaCIsImV4cCI6MTcxMzgxNDQ2MywiaWF0IjoxNzEzNzk2NDYzLCJqdGkiOiI3NDA4ODBkNzU5MTU0MzBmODBlMWM0NDEzZTg2MTg3MiJ9.Ptb1HaPC5vmtdaaEE6JZYPlrOetzIKqHm_nwyFmpjT8',NULL,'2024-04-22 19:34:23.000000',NULL,'740880d75915430f80e1c4413e861872'),(67,'eyJhbGciOiJIUzI1NiIsInR5cCI6IkpXVCJ9.eyJ0b2tlbl90eXBlIjoicmVmcmVzaCIsImV4cCI6MTcxMzgxNDU3MSwiaWF0IjoxNzEzNzk2NTcxLCJqdGkiOiI1ZjQ2MWFjMDVlNzY0Nzg3YTNhNTBkODcwM2FkZmQ2ZSJ9.58Fxi7-BuYYhI0qve5FWabKcA9cvpD3Lpi1-qoFYIXw',NULL,'2024-04-22 19:36:11.000000',NULL,'5f461ac05e764787a3a50d8703adfd6e'),(68,'eyJhbGciOiJIUzI1NiIsInR5cCI6IkpXVCJ9.eyJ0b2tlbl90eXBlIjoicmVmcmVzaCIsImV4cCI6MTcxMzgxNDYzOSwiaWF0IjoxNzEzNzk2NjM5LCJqdGkiOiJmZGRmYzE0YTI1OWY0YzljYmNjNDFmNDE2MWJiYmRkYSJ9.vvb43MOjb32HSgSCkrDkVO7_dNeNBgAqvhSJ6XkKq9k',NULL,'2024-04-22 19:37:19.000000',NULL,'fddfc14a259f4c9cbcc41f4161bbbdda'),(69,'eyJhbGciOiJIUzI1NiIsInR5cCI6IkpXVCJ9.eyJ0b2tlbl90eXBlIjoicmVmcmVzaCIsImV4cCI6MTcxMzgxNDY0MSwiaWF0IjoxNzEzNzk2NjQxLCJqdGkiOiI5MDg1N2JhNjM5MDM0MjEwODA0NTAwM2QwNTllYWNlYSJ9.JtBLSguVe__XDpJnsu3_yb7f6EdQy9552tkAjcyxGr4',NULL,'2024-04-22 19:37:21.000000',NULL,'90857ba6390342108045003d059eacea'),(70,'eyJhbGciOiJIUzI1NiIsInR5cCI6IkpXVCJ9.eyJ0b2tlbl90eXBlIjoicmVmcmVzaCIsImV4cCI6MTcxMzgxNTA0NCwiaWF0IjoxNzEzNzk3MDQ0LCJqdGkiOiIwYzJkZWIwMjU2MDk0YjhkYWVkYWYzMTFiMzE3NDA2OSJ9.q11DuKKL0MUO4YcAxyPS7tMBRPsGh5oYAe2SoN6VMl0',NULL,'2024-04-22 19:44:04.000000',NULL,'0c2deb0256094b8daedaf311b3174069'),(71,'eyJhbGciOiJIUzI1NiIsInR5cCI6IkpXVCJ9.eyJ0b2tlbl90eXBlIjoicmVmcmVzaCIsImV4cCI6MTcxMzgxNTQzNywiaWF0IjoxNzEzNzk3NDM3LCJqdGkiOiJkZGExN2M5OTEyMzE0MzU3YmUzZjk3ZTMyMTM3MWEwMSJ9.mb2xUsMW8as8brAxzpIpn1yLgkfyC-jD03njmTdPkOg',NULL,'2024-04-22 19:50:37.000000',NULL,'dda17c9912314357be3f97e321371a01'),(72,'eyJhbGciOiJIUzI1NiIsInR5cCI6IkpXVCJ9.eyJ0b2tlbl90eXBlIjoicmVmcmVzaCIsImV4cCI6MTcxMzgxNTU0OCwiaWF0IjoxNzEzNzk3NTQ4LCJqdGkiOiIwNjdjNTJmNDZjMjA0NzFlOGE3NTdkNzMxMTQ1NzRkZiIsInVzZXJfaWQiOjR9.85Yoo6jJnBbz6ipFNP5DzDCcrxcpVqMVerEleF5vk6A','2024-04-22 14:52:28.165370','2024-04-22 19:52:28.000000',NULL,'067c52f46c20471e8a757d73114574df'),(73,'eyJhbGciOiJIUzI1NiIsInR5cCI6IkpXVCJ9.eyJ0b2tlbl90eXBlIjoicmVmcmVzaCIsImV4cCI6MTcxMzgxNTU5MywiaWF0IjoxNzEzNzk3NTkzLCJqdGkiOiIwNDhiODZhZjk5M2E0ZDFkYmZjMTUwNWVjNWRjODQ2ZSJ9.TlzJTvONSsLkoRkuJIFsFjYzPHXFxeyvtjXeI_Kzgjg',NULL,'2024-04-22 19:53:13.000000',NULL,'048b86af993a4d1dbfc1505ec5dc846e'),(74,'eyJhbGciOiJIUzI1NiIsInR5cCI6IkpXVCJ9.eyJ0b2tlbl90eXBlIjoicmVmcmVzaCIsImV4cCI6MTcxMzgxNTYwMiwiaWF0IjoxNzEzNzk3NjAyLCJqdGkiOiJkOGJiYzc3ZDkxZmI0N2M4OTFlODhhMDZkNDljOTM5NyJ9.Bx-hia0yPlK6xxa3rdahJu6DHjE_rJueTyDWhjzfo2Y',NULL,'2024-04-22 19:53:22.000000',NULL,'d8bbc77d91fb47c891e88a06d49c9397'),(75,'eyJhbGciOiJIUzI1NiIsInR5cCI6IkpXVCJ9.eyJ0b2tlbl90eXBlIjoicmVmcmVzaCIsImV4cCI6MTcxMzgxNTc0MCwiaWF0IjoxNzEzNzk3NzQwLCJqdGkiOiJmNjVlNmI2MTU1MjA0YTFhYTRmOWQxY2MxMGI2M2M5YyJ9.PgUP08sMeyRDX8UxwUG_AAIG2YOllXxLAEFXmbaSmUA',NULL,'2024-04-22 19:55:40.000000',NULL,'f65e6b6155204a1aa4f9d1cc10b63c9c'),(76,'eyJhbGciOiJIUzI1NiIsInR5cCI6IkpXVCJ9.eyJ0b2tlbl90eXBlIjoicmVmcmVzaCIsImV4cCI6MTcxMzgxNTc0NSwiaWF0IjoxNzEzNzk3NzQ1LCJqdGkiOiIzNDAyODYzZTRmMTI0MDZiYmQ4N2FmYzc3NmQ4M2M5NiJ9.a7XZz0xgS-1U6_xGPs5jO53RdmAm98FKHDEm6Xo2d8Q',NULL,'2024-04-22 19:55:45.000000',NULL,'3402863e4f12406bbd87afc776d83c96'),(77,'eyJhbGciOiJIUzI1NiIsInR5cCI6IkpXVCJ9.eyJ0b2tlbl90eXBlIjoicmVmcmVzaCIsImV4cCI6MTcxMzgxNTc0NiwiaWF0IjoxNzEzNzk3NzQ2LCJqdGkiOiI4OGI2ZjkzNWRiNzg0MGNlYmFlM2FhMDc4NzBkNDc5MSJ9.CTfKmgQ6vfsKEd9N7wIrzqzOEk4axhbeMhToYvv4G1M',NULL,'2024-04-22 19:55:46.000000',NULL,'88b6f935db7840cebae3aa07870d4791'),(78,'eyJhbGciOiJIUzI1NiIsInR5cCI6IkpXVCJ9.eyJ0b2tlbl90eXBlIjoicmVmcmVzaCIsImV4cCI6MTcxMzgxNTc0OSwiaWF0IjoxNzEzNzk3NzQ5LCJqdGkiOiJlY2E5MDExMDkyZmE0MGY3YTAzMDg4YzJhMmEwYmI2MiJ9.Qz6rvPfiDppJrpoBMXzMW5COzMeeojP2aVRAK1icweg',NULL,'2024-04-22 19:55:49.000000',NULL,'eca9011092fa40f7a03088c2a2a0bb62'),(79,'eyJhbGciOiJIUzI1NiIsInR5cCI6IkpXVCJ9.eyJ0b2tlbl90eXBlIjoicmVmcmVzaCIsImV4cCI6MTcxMzgxNTc1MCwiaWF0IjoxNzEzNzk3NzUwLCJqdGkiOiJmOGM0MDQzNTQxOTM0MTlmODI0MzcyMzU5YjU5ZDlmOSJ9.mw6H0bSGoxdSaM82pVH6BtgseOKUNgWrGzd1D7je8AY',NULL,'2024-04-22 19:55:50.000000',NULL,'f8c404354193419f824372359b59d9f9'),(80,'eyJhbGciOiJIUzI1NiIsInR5cCI6IkpXVCJ9.eyJ0b2tlbl90eXBlIjoicmVmcmVzaCIsImV4cCI6MTcxMzgxNTc1MywiaWF0IjoxNzEzNzk3NzUzLCJqdGkiOiI2YjUyZGYwY2EwMGM0MGEyOWJlNDY0NjE5MmVjODAxZSJ9.mdjVH6yydScT_IOhXaMD9jI4TXDkTwFTUQ0fen9Ak5s',NULL,'2024-04-22 19:55:53.000000',NULL,'6b52df0ca00c40a29be4646192ec801e'),(81,'eyJhbGciOiJIUzI1NiIsInR5cCI6IkpXVCJ9.eyJ0b2tlbl90eXBlIjoicmVmcmVzaCIsImV4cCI6MTcxMzgxNjAzNywiaWF0IjoxNzEzNzk4MDM3LCJqdGkiOiJjMzMzZmMxNjg4NDE0MDM2OTc1ZjI3NmQ5NzZiOThjYSJ9.StZaxAuL7q4qf22miDBPI5hwsaJd7u8iyf17DX0Ohdw',NULL,'2024-04-22 20:00:37.000000',NULL,'c333fc1688414036975f276d976b98ca'),(82,'eyJhbGciOiJIUzI1NiIsInR5cCI6IkpXVCJ9.eyJ0b2tlbl90eXBlIjoicmVmcmVzaCIsImV4cCI6MTcxMzgxNjA1MCwiaWF0IjoxNzEzNzk4MDUwLCJqdGkiOiI1YjE0MTg5YjEzMTM0NDhiODQwYjM5YTIyOWE5ZmE4NiJ9.tUL0MmWV17EA4A0wc5OZitI9Vxh74fBOgA0DSpDSwjM',NULL,'2024-04-22 20:00:50.000000',NULL,'5b14189b1313448b840b39a229a9fa86'),(83,'eyJhbGciOiJIUzI1NiIsInR5cCI6IkpXVCJ9.eyJ0b2tlbl90eXBlIjoicmVmcmVzaCIsImV4cCI6MTcxMzgxNjMxNiwiaWF0IjoxNzEzNzk4MzE2LCJqdGkiOiJjNzg4YjVkZGEyYjA0M2U3Yjg3ZDFiZGE1OTk5MDk0NSJ9.ErVqpGhvZRp287HGVX6uMgPEnwnFwXzfzqTcJQgEXWY',NULL,'2024-04-22 20:05:16.000000',NULL,'c788b5dda2b043e7b87d1bda59990945'),(84,'eyJhbGciOiJIUzI1NiIsInR5cCI6IkpXVCJ9.eyJ0b2tlbl90eXBlIjoicmVmcmVzaCIsImV4cCI6MTcxMzgxODc3MSwiaWF0IjoxNzEzODAwNzcxLCJqdGkiOiI3YTExYjk4ZjQ0OTg0NDRiYTg5M2I0ODc2ODg4OGIyMCJ9.qNnqDHDb3BiEpkJ8rCV2-mFx3GZv2SAPZzFAwsArFxM',NULL,'2024-04-22 20:46:11.000000',NULL,'7a11b98f4498444ba893b48768888b20'),(85,'eyJhbGciOiJIUzI1NiIsInR5cCI6IkpXVCJ9.eyJ0b2tlbl90eXBlIjoicmVmcmVzaCIsImV4cCI6MTcxMzgyMTIwNCwiaWF0IjoxNzEzODAzMjA0LCJqdGkiOiIzZTQ0ZDI1MDQzNGE0ZDFiOTFmYmU5NmQyZTdkMzAyYiJ9.KXb-0nBhIVewDUYOi07WzSGKGHZiYhgJ-_NZ3IE3fxo',NULL,'2024-04-22 21:26:44.000000',NULL,'3e44d250434a4d1b91fbe96d2e7d302b'),(86,'eyJhbGciOiJIUzI1NiIsInR5cCI6IkpXVCJ9.eyJ0b2tlbl90eXBlIjoicmVmcmVzaCIsImV4cCI6MTcxMzgyNjcwNiwiaWF0IjoxNzEzODA4NzA2LCJqdGkiOiJhMjRkOWYyOTYxZmE0MjgxYjEwYzE4Yzk3MDk2YjRjOCJ9.kNjbc4gxDOP76RQZqt7NWl_903hJ3QUiYwvyNe4UPRc',NULL,'2024-04-22 22:58:26.000000',NULL,'a24d9f2961fa4281b10c18c97096b4c8'),(87,'eyJhbGciOiJIUzI1NiIsInR5cCI6IkpXVCJ9.eyJ0b2tlbl90eXBlIjoicmVmcmVzaCIsImV4cCI6MTcxMzgyODQ2MCwiaWF0IjoxNzEzODEwNDYwLCJqdGkiOiIzYjI2ODIxYjQ2Njg0NDVjYjc3NGQ5MWI3OTMwYzFiZiJ9.Y7FcMQS6CNZ9wo1He5d0hVEGF2uDBcmoK4G_g6rEjIs',NULL,'2024-04-22 23:27:40.000000',NULL,'3b26821b4668445cb774d91b7930c1bf'),(88,'eyJhbGciOiJIUzI1NiIsInR5cCI6IkpXVCJ9.eyJ0b2tlbl90eXBlIjoicmVmcmVzaCIsImV4cCI6MTcxMzgyODY3MiwiaWF0IjoxNzEzODEwNjcyLCJqdGkiOiIwOWM1MGUyNTlkNTg0ZTQwOGExM2Q1MDhlZWVmMGM3YyJ9.HRv_-UumbnBYAT2ybSLcnP4WgzTYBGas5EYysPnDKUg',NULL,'2024-04-22 23:31:12.000000',NULL,'09c50e259d584e408a13d508eeef0c7c'),(89,'eyJhbGciOiJIUzI1NiIsInR5cCI6IkpXVCJ9.eyJ0b2tlbl90eXBlIjoicmVmcmVzaCIsImV4cCI6MTcxMzgyODY5OSwiaWF0IjoxNzEzODEwNjk5LCJqdGkiOiJlNDk2MWM3MzY2MmQ0NTJmODYxOGYxYmY2MDBhNjU1NyJ9.r0c3JLj-sK8kgXMQo7EpZP7mXFGcPPRxOVzAGnVY4Ps',NULL,'2024-04-22 23:31:39.000000',NULL,'e4961c73662d452f8618f1bf600a6557'),(90,'eyJhbGciOiJIUzI1NiIsInR5cCI6IkpXVCJ9.eyJ0b2tlbl90eXBlIjoicmVmcmVzaCIsImV4cCI6MTcxMzgyOTY2OSwiaWF0IjoxNzEzODExNjY5LCJqdGkiOiI0MjA4MjU3MTkyM2M0Zjc1OWQ0NjIwOWIzNjI1NDM1ZSJ9.tKp1ZSRITIhq6lwuwZN01koltGLwh5MgZ8fvdyjHuok',NULL,'2024-04-22 23:47:49.000000',NULL,'42082571923c4f759d46209b3625435e'),(91,'eyJhbGciOiJIUzI1NiIsInR5cCI6IkpXVCJ9.eyJ0b2tlbl90eXBlIjoicmVmcmVzaCIsImV4cCI6MTcxMzgzMTUyOSwiaWF0IjoxNzEzODEzNTI5LCJqdGkiOiJjZWNjZTlkMTVmYmE0NDM2YjVkMjNiMDBhNDU4MGM2ZSJ9.4oRlA0Rx3GCFQXOCgv3vU-8D55R66v8Cq9s1Oc95gUE',NULL,'2024-04-23 00:18:49.000000',NULL,'cecce9d15fba4436b5d23b00a4580c6e'),(92,'eyJhbGciOiJIUzI1NiIsInR5cCI6IkpXVCJ9.eyJ0b2tlbl90eXBlIjoicmVmcmVzaCIsImV4cCI6MTcxMzgzMTgxMSwiaWF0IjoxNzEzODEzODExLCJqdGkiOiI1MzY5OTBlYjBjZjI0NjJlOTc2NDQ0NDc4NmVhYjZkZSJ9.jTodNVxloKMhVL1cIU4Shav6spkldVL2GUZG7mNBAtM',NULL,'2024-04-23 00:23:31.000000',NULL,'536990eb0cf2462e9764444786eab6de'),(93,'eyJhbGciOiJIUzI1NiIsInR5cCI6IkpXVCJ9.eyJ0b2tlbl90eXBlIjoicmVmcmVzaCIsImV4cCI6MTcxMzgzMTgzNCwiaWF0IjoxNzEzODEzODM0LCJqdGkiOiIzMTc0M2ZiZDc5MGY0YmYwYmNkMjJmNDVkZjMwMzA5YyJ9.ENwoDzDh1bQrIrcwdBF03iN_B0Wso0qWFrAsyqy7UMg',NULL,'2024-04-23 00:23:54.000000',NULL,'31743fbd790f4bf0bcd22f45df30309c'),(94,'eyJhbGciOiJIUzI1NiIsInR5cCI6IkpXVCJ9.eyJ0b2tlbl90eXBlIjoicmVmcmVzaCIsImV4cCI6MTcxMzgzMTg1NywiaWF0IjoxNzEzODEzODU3LCJqdGkiOiJkN2NhMjhhY2Q1YTU0MWU0ODg2NTc4NWQxMjA5ODA2MyJ9.pr-7GRebR8S68epfDmPGF-ocoXG5k2e6uwfAZ-aoIVA',NULL,'2024-04-23 00:24:17.000000',NULL,'d7ca28acd5a541e48865785d12098063'),(95,'eyJhbGciOiJIUzI1NiIsInR5cCI6IkpXVCJ9.eyJ0b2tlbl90eXBlIjoicmVmcmVzaCIsImV4cCI6MTcxMzgzMTg3MiwiaWF0IjoxNzEzODEzODcyLCJqdGkiOiJhOTg4NGNlMDZjZDM0MDQ3OGNlMjFlYWJhZmYwNGQxMyJ9.gOdC-71sf2eF0aHpb5GOuMOHJxDYCEOkOK7YP46EgYk',NULL,'2024-04-23 00:24:32.000000',NULL,'a9884ce06cd340478ce21eabaff04d13'),(96,'eyJhbGciOiJIUzI1NiIsInR5cCI6IkpXVCJ9.eyJ0b2tlbl90eXBlIjoicmVmcmVzaCIsImV4cCI6MTcxMzgzMjI3NSwiaWF0IjoxNzEzODE0Mjc1LCJqdGkiOiJjMWMwMzM5ZTQ3ZGE0MGUyYWNmMDlhZWIyMTIxYjllOCJ9.d0U52uzn-uBQ3Fc1tAy9GKnedQpvfAqDzLuHavixQxU',NULL,'2024-04-23 00:31:15.000000',NULL,'c1c0339e47da40e2acf09aeb2121b9e8'),(97,'eyJhbGciOiJIUzI1NiIsInR5cCI6IkpXVCJ9.eyJ0b2tlbl90eXBlIjoicmVmcmVzaCIsImV4cCI6MTcxMzgzMjI3OSwiaWF0IjoxNzEzODE0Mjc5LCJqdGkiOiJkMmYyNGQ2YzM3MmI0OGNiOWRhNTNlNjFkMTc4ZTAwYyJ9._vt5fsP-L5s5gtCZOfEZyasOVwFh7UIVK8nsalplsnQ',NULL,'2024-04-23 00:31:19.000000',NULL,'d2f24d6c372b48cb9da53e61d178e00c'),(98,'eyJhbGciOiJIUzI1NiIsInR5cCI6IkpXVCJ9.eyJ0b2tlbl90eXBlIjoicmVmcmVzaCIsImV4cCI6MTcxMzgzMjI4MCwiaWF0IjoxNzEzODE0MjgwLCJqdGkiOiI0MzJhMDRhNjQyNmU0OWVlYTAxNTgzZWFjY2UxOTk0NyJ9.yPahNn3bPtCX4Xf_TmOELJBrGjT8QjR7CputYtiW114',NULL,'2024-04-23 00:31:20.000000',NULL,'432a04a6426e49eea01583eacce19947'),(99,'eyJhbGciOiJIUzI1NiIsInR5cCI6IkpXVCJ9.eyJ0b2tlbl90eXBlIjoicmVmcmVzaCIsImV4cCI6MTcxMzgzMzI1OSwiaWF0IjoxNzEzODE1MjU5LCJqdGkiOiJjNjEwNzczYzIwNzE0NzEwOWIyMjJkMWJjYjhkNjcxNiJ9.YY3VVSZhEwcZGEzlPP6xiVckh5lYzq_KYH2WarLhEYU',NULL,'2024-04-23 00:47:39.000000',NULL,'c610773c207147109b222d1bcb8d6716'),(100,'eyJhbGciOiJIUzI1NiIsInR5cCI6IkpXVCJ9.eyJ0b2tlbl90eXBlIjoicmVmcmVzaCIsImV4cCI6MTcxMzgzNjg3MywiaWF0IjoxNzEzODE4ODczLCJqdGkiOiIyZWM0ZDBmMWQyMDM0MmVmYTI3NDk0YWJiYjI5MjA4MyJ9.Igu9E2PAVHP89z7W-WQ0IJZHwNe-MbS10rWgK1nl-MU',NULL,'2024-04-23 01:47:53.000000',NULL,'2ec4d0f1d20342efa27494abbb292083'),(101,'eyJhbGciOiJIUzI1NiIsInR5cCI6IkpXVCJ9.eyJ0b2tlbl90eXBlIjoicmVmcmVzaCIsImV4cCI6MTcxMzgzNjk2OSwiaWF0IjoxNzEzODE4OTY5LCJqdGkiOiJlMWU5ZGYzYjUxOGQ0Y2U4YWYzNmE3ZjEwNTZmZmFlMCJ9.JpFFpnrKQM7z6gwdN93BV7m_DFBV2zCZFRdFmk2kNxQ',NULL,'2024-04-23 01:49:29.000000',NULL,'e1e9df3b518d4ce8af36a7f1056ffae0'),(102,'eyJhbGciOiJIUzI1NiIsInR5cCI6IkpXVCJ9.eyJ0b2tlbl90eXBlIjoicmVmcmVzaCIsImV4cCI6MTcxMzgzNzE0MywiaWF0IjoxNzEzODE5MTQzLCJqdGkiOiJiZjQzYjhlMTc1YWQ0YzdkOTExODc1ODg1N2EyMmZhZiJ9.YFbQy1QoCpyQZ89UQU2QKHWLrGWwO601zfYarwil3ac',NULL,'2024-04-23 01:52:23.000000',NULL,'bf43b8e175ad4c7d9118758857a22faf'),(103,'eyJhbGciOiJIUzI1NiIsInR5cCI6IkpXVCJ9.eyJ0b2tlbl90eXBlIjoicmVmcmVzaCIsImV4cCI6MTcxMzgzNzE2OCwiaWF0IjoxNzEzODE5MTY4LCJqdGkiOiI4YzlkZTRjMmEwNTY0Y2M0YWRlMDAwMDRjYTA5YWViNSJ9.igbRlpKJ40t3sZjFP6AhUvIaLWcXv0IfRhc9klObD1w',NULL,'2024-04-23 01:52:48.000000',NULL,'8c9de4c2a0564cc4ade00004ca09aeb5'),(104,'eyJhbGciOiJIUzI1NiIsInR5cCI6IkpXVCJ9.eyJ0b2tlbl90eXBlIjoicmVmcmVzaCIsImV4cCI6MTcxMzgzNzIyMSwiaWF0IjoxNzEzODE5MjIxLCJqdGkiOiI0ZDQzMDFkZjAyYjk0MDQ4YWMxOWFkZGYyYmI4MDQyNiJ9.tCALNPfrF2wgo6ZEGFRJRJFiO531iUDNOZ_Xm43JEOo',NULL,'2024-04-23 01:53:41.000000',NULL,'4d4301df02b94048ac19addf2bb80426'),(105,'eyJhbGciOiJIUzI1NiIsInR5cCI6IkpXVCJ9.eyJ0b2tlbl90eXBlIjoicmVmcmVzaCIsImV4cCI6MTcxMzgzNzIyNywiaWF0IjoxNzEzODE5MjI3LCJqdGkiOiIyNzE2ODg0MmNkNzQ0NTIwOGFkOGU0OWI0NzM3OWRkOCJ9.icQVrjfVFvQ6AfG2_PbpzeTEUQPUE41vjhcD7iRUFWw',NULL,'2024-04-23 01:53:47.000000',NULL,'27168842cd7445208ad8e49b47379dd8'),(106,'eyJhbGciOiJIUzI1NiIsInR5cCI6IkpXVCJ9.eyJ0b2tlbl90eXBlIjoicmVmcmVzaCIsImV4cCI6MTcxMzgzNzIzMiwiaWF0IjoxNzEzODE5MjMyLCJqdGkiOiIyYzAxN2I2ZTk1NDU0MWRlYmRjNWMwZWE5NTBjNjg5OSJ9.16t-Fiig1_xjgfDbxuv-RoNK0fxO7CjZfdJwpQ8UPlc',NULL,'2024-04-23 01:53:52.000000',NULL,'2c017b6e954541debdc5c0ea950c6899'),(107,'eyJhbGciOiJIUzI1NiIsInR5cCI6IkpXVCJ9.eyJ0b2tlbl90eXBlIjoicmVmcmVzaCIsImV4cCI6MTcxMzgzNzMzMiwiaWF0IjoxNzEzODE5MzMyLCJqdGkiOiI2Zjc1NGYyMWNmMTA0Njk1OTkzZWJkYmVlOGRhNTc0OCJ9.kmdLtjHrgtnbqZ1a0ut0O9Na78nBc-hkizyUWYSZQCc',NULL,'2024-04-23 01:55:32.000000',NULL,'6f754f21cf104695993ebdbee8da5748'),(108,'eyJhbGciOiJIUzI1NiIsInR5cCI6IkpXVCJ9.eyJ0b2tlbl90eXBlIjoicmVmcmVzaCIsImV4cCI6MTcxMzgzNzMzNSwiaWF0IjoxNzEzODE5MzM1LCJqdGkiOiIxYzdhMzEwZDNlMTc0OTk1YWFiMTAwYTczOGI0NTRiMyJ9.b1B1YydXO6dn953lL_j9P9p7Pby24daKYHEAWTiJ6w4',NULL,'2024-04-23 01:55:35.000000',NULL,'1c7a310d3e174995aab100a738b454b3'),(109,'eyJhbGciOiJIUzI1NiIsInR5cCI6IkpXVCJ9.eyJ0b2tlbl90eXBlIjoicmVmcmVzaCIsImV4cCI6MTcxMzgzNzM2MCwiaWF0IjoxNzEzODE5MzYwLCJqdGkiOiIzOWIxNWI3ZWU2OWQ0M2RiYTk0NmJhMmVhYTFmZWFmMiJ9.SwPfNQEq6E5w3cuUt2tNQigOrGmE-NRLvDPomhnj4y4',NULL,'2024-04-23 01:56:00.000000',NULL,'39b15b7ee69d43dba946ba2eaa1feaf2'),(110,'eyJhbGciOiJIUzI1NiIsInR5cCI6IkpXVCJ9.eyJ0b2tlbl90eXBlIjoicmVmcmVzaCIsImV4cCI6MTcxMzgzNzM2MywiaWF0IjoxNzEzODE5MzYzLCJqdGkiOiIyM2U1ZjM1MjEyODc0MzViOWJkM2ZlZDFlMGIwMzEzMSJ9.CqpTkfaQFL26VmD8g4omKNNysXW51mdLXuvWBtjtcTk',NULL,'2024-04-23 01:56:03.000000',NULL,'23e5f3521287435b9bd3fed1e0b03131'),(111,'eyJhbGciOiJIUzI1NiIsInR5cCI6IkpXVCJ9.eyJ0b2tlbl90eXBlIjoicmVmcmVzaCIsImV4cCI6MTcxMzgzNzM2MywiaWF0IjoxNzEzODE5MzYzLCJqdGkiOiI0NzJiOWYwYmFlOWE0YmUxODYyNzZlNGJjYzQ3Y2E2OSJ9.ZSBnHYOWuGUVPWnYmzEdKmwkfkXDEqeJWcztdJSmy8Q',NULL,'2024-04-23 01:56:03.000000',NULL,'472b9f0bae9a4be186276e4bcc47ca69'),(112,'eyJhbGciOiJIUzI1NiIsInR5cCI6IkpXVCJ9.eyJ0b2tlbl90eXBlIjoicmVmcmVzaCIsImV4cCI6MTcxMzgzNzQyOCwiaWF0IjoxNzEzODE5NDI4LCJqdGkiOiJiNTA5YmE4NDFiMzY0MTg3YTU1ZmE5N2Y3ZmUzMzQ2NyJ9.Qwf4B1nXOmsF3j7kMuCZYk2iM6B4eV2UO8zY_Hw21yw',NULL,'2024-04-23 01:57:08.000000',NULL,'b509ba841b364187a55fa97f7fe33467'),(113,'eyJhbGciOiJIUzI1NiIsInR5cCI6IkpXVCJ9.eyJ0b2tlbl90eXBlIjoicmVmcmVzaCIsImV4cCI6MTcxMzgzNzQzMCwiaWF0IjoxNzEzODE5NDMwLCJqdGkiOiIwMjViNDMwZmI0Zjc0NzlkYTE2ZTdhYWE4ZTMxYmM1YiJ9.ObFaTBEBIobncDOe5r5dVMvF0btqwDFU5exgKQLQ3O4',NULL,'2024-04-23 01:57:10.000000',NULL,'025b430fb4f7479da16e7aaa8e31bc5b'),(114,'eyJhbGciOiJIUzI1NiIsInR5cCI6IkpXVCJ9.eyJ0b2tlbl90eXBlIjoicmVmcmVzaCIsImV4cCI6MTcxMzgzNzQ2NSwiaWF0IjoxNzEzODE5NDY1LCJqdGkiOiJhOWY0YjQ2NjUxNGE0MmMzYmMwZDdiYWI3YTUzMzY2OSJ9.cAv1OlYV-l208otWXuArCQLxbenlV-c984Zd4E_royU',NULL,'2024-04-23 01:57:45.000000',NULL,'a9f4b466514a42c3bc0d7bab7a533669'),(115,'eyJhbGciOiJIUzI1NiIsInR5cCI6IkpXVCJ9.eyJ0b2tlbl90eXBlIjoicmVmcmVzaCIsImV4cCI6MTcxMzgzNzU0OSwiaWF0IjoxNzEzODE5NTQ5LCJqdGkiOiI4Zjk2ZGYyNGVkOTE0M2I0OTQ4MDdhODI5MDBiNjMyOSJ9.Qdbf8HuxNNyGCGFHsdg0Z5BD1pO4yWX8RtvUYCJJzwE',NULL,'2024-04-23 01:59:09.000000',NULL,'8f96df24ed9143b494807a82900b6329'),(116,'eyJhbGciOiJIUzI1NiIsInR5cCI6IkpXVCJ9.eyJ0b2tlbl90eXBlIjoicmVmcmVzaCIsImV4cCI6MTcxMzgzNzU1MiwiaWF0IjoxNzEzODE5NTUyLCJqdGkiOiJmYTEzYjFmMjNmMGI0NTFlOWE4MWI4YzZlZGY5NTQyMiJ9.T6j8KZ3HSR2Cbm8MvjfqCMpyQP6vHLjb-ycl2fzDrU8',NULL,'2024-04-23 01:59:12.000000',NULL,'fa13b1f23f0b451e9a81b8c6edf95422'),(117,'eyJhbGciOiJIUzI1NiIsInR5cCI6IkpXVCJ9.eyJ0b2tlbl90eXBlIjoicmVmcmVzaCIsImV4cCI6MTcxMzgzNzcxMiwiaWF0IjoxNzEzODE5NzEyLCJqdGkiOiI5ZDY0YjNlYzAxNmU0ODdkOTBkZGYyMzRjOWJlOGEzOSJ9.WbvlnNvo96RLVVlvSX2BA4Fj07ZJK4LpfjIjR3hT7CU',NULL,'2024-04-23 02:01:52.000000',NULL,'9d64b3ec016e487d90ddf234c9be8a39'),(118,'eyJhbGciOiJIUzI1NiIsInR5cCI6IkpXVCJ9.eyJ0b2tlbl90eXBlIjoicmVmcmVzaCIsImV4cCI6MTcxMzg3MjU4MCwiaWF0IjoxNzEzODU0NTgwLCJqdGkiOiIzYzJhODg4Mjk5MDM0NjYwOWIwYjIyMWFiMDkwYmFlMCJ9.iT-Gd_OByCR2JYMS5b8ou1tEyTVOBZ60JgiZPQjxCK0',NULL,'2024-04-23 11:43:00.000000',NULL,'3c2a8882990346609b0b221ab090bae0'),(119,'eyJhbGciOiJIUzI1NiIsInR5cCI6IkpXVCJ9.eyJ0b2tlbl90eXBlIjoicmVmcmVzaCIsImV4cCI6MTcxMzg3MjYxMywiaWF0IjoxNzEzODU0NjEzLCJqdGkiOiJiY2UwMmJlYjg3MWE0MDM1OGJjOTlhNzliMzc5ZmJkNCJ9.U_HHS7toDqDQjBhjIsioPge4B4qJys6JJp7CYUutlm8',NULL,'2024-04-23 11:43:33.000000',NULL,'bce02beb871a40358bc99a79b379fbd4'),(120,'eyJhbGciOiJIUzI1NiIsInR5cCI6IkpXVCJ9.eyJ0b2tlbl90eXBlIjoicmVmcmVzaCIsImV4cCI6MTcxMzg3MjYxNCwiaWF0IjoxNzEzODU0NjE0LCJqdGkiOiJhMzIzMTgxNDQ0ODc0NWY1YWM5N2E4MTlmZmFiYmY5ZSJ9.O5VkQzoWdcW3NTecy5w9-Ylvo3bSdJqH5noaoOMjWi8',NULL,'2024-04-23 11:43:34.000000',NULL,'a3231814448745f5ac97a819ffabbf9e'),(121,'eyJhbGciOiJIUzI1NiIsInR5cCI6IkpXVCJ9.eyJ0b2tlbl90eXBlIjoicmVmcmVzaCIsImV4cCI6MTcxMzg3MjY0NSwiaWF0IjoxNzEzODU0NjQ1LCJqdGkiOiJmMDlhMzI5NDg1Y2Y0ZWZhOWFkOGIwZDgxM2RlYzEwNCJ9.2SBflMBTHOf_MgDuBU1g_EHhdXOccqZF_VnExy8oCRg',NULL,'2024-04-23 11:44:05.000000',NULL,'f09a329485cf4efa9ad8b0d813dec104'),(122,'eyJhbGciOiJIUzI1NiIsInR5cCI6IkpXVCJ9.eyJ0b2tlbl90eXBlIjoicmVmcmVzaCIsImV4cCI6MTcxMzg3Mjk0MywiaWF0IjoxNzEzODU0OTQzLCJqdGkiOiIzY2IwZDcxMDdhOGU0OTgxYWYzNDgwOGE0YjQxN2NjNCJ9.cPXnhg96hrdr0j7dqm9kWhc6lxqWr80MNqL1vHtsApI',NULL,'2024-04-23 11:49:03.000000',NULL,'3cb0d7107a8e4981af34808a4b417cc4'),(123,'eyJhbGciOiJIUzI1NiIsInR5cCI6IkpXVCJ9.eyJ0b2tlbl90eXBlIjoicmVmcmVzaCIsImV4cCI6MTcxMzg3MzAwOCwiaWF0IjoxNzEzODU1MDA4LCJqdGkiOiI3YTc1NWVmMThlY2I0MzRkOThhNzcxZjkwMDY5Y2VkOSJ9.JBR0KZmL1XWuYdf4a1yPhrsw_zGr8Qrs0CB_V7fEAQg',NULL,'2024-04-23 11:50:08.000000',NULL,'7a755ef18ecb434d98a771f90069ced9'),(124,'eyJhbGciOiJIUzI1NiIsInR5cCI6IkpXVCJ9.eyJ0b2tlbl90eXBlIjoicmVmcmVzaCIsImV4cCI6MTcxMzg3MzM5MywiaWF0IjoxNzEzODU1MzkzLCJqdGkiOiI0MmU3ZmY3ZmY4OTY0NjhkOWYwZjM3M2FhNmE3OWQxNyJ9.xoPs41KX9QS8P6WxmHYazir_x7PF0fWhMkMuHBe_OwU',NULL,'2024-04-23 11:56:33.000000',NULL,'42e7ff7ff896468d9f0f373aa6a79d17'),(125,'eyJhbGciOiJIUzI1NiIsInR5cCI6IkpXVCJ9.eyJ0b2tlbl90eXBlIjoicmVmcmVzaCIsImV4cCI6MTcxMzg3NDQ1OCwiaWF0IjoxNzEzODU2NDU4LCJqdGkiOiIwODAxNzMxZGI3MmM0YzVkOGNiMjRlZWFkODExZGY0NiJ9.JAzI15ISkDI8C6zhjMI4uP4jzE41fR1_EUkEw7xlkns',NULL,'2024-04-23 12:14:18.000000',NULL,'0801731db72c4c5d8cb24eead811df46'),(126,'eyJhbGciOiJIUzI1NiIsInR5cCI6IkpXVCJ9.eyJ0b2tlbl90eXBlIjoicmVmcmVzaCIsImV4cCI6MTcxMzg3NDQ2MiwiaWF0IjoxNzEzODU2NDYyLCJqdGkiOiJkYTMzZjZlOTdlNTQ0MjEwYWZjOWY2NWY2YTFjMjc3MyJ9.VN5BBp7BxIwGHyCUuZKVeL1AABAQdfDyhEmkwCEDP14',NULL,'2024-04-23 12:14:22.000000',NULL,'da33f6e97e544210afc9f65f6a1c2773'),(127,'eyJhbGciOiJIUzI1NiIsInR5cCI6IkpXVCJ9.eyJ0b2tlbl90eXBlIjoicmVmcmVzaCIsImV4cCI6MTcxMzg3NDQ2MywiaWF0IjoxNzEzODU2NDYzLCJqdGkiOiI1Y2I4N2U1ZTQ4N2M0MjJlYjAxM2U4Y2Q2MWFhNzMxNSJ9.GCKxzExlHaaptJ-ntjdaqosN38hwztGe6yxJHnGVHvo',NULL,'2024-04-23 12:14:23.000000',NULL,'5cb87e5e487c422eb013e8cd61aa7315'),(128,'eyJhbGciOiJIUzI1NiIsInR5cCI6IkpXVCJ9.eyJ0b2tlbl90eXBlIjoicmVmcmVzaCIsImV4cCI6MTcxMzg3NDQ4NiwiaWF0IjoxNzEzODU2NDg2LCJqdGkiOiI3Njg1ZWU1MGEzYmU0MWQ3YmRlMTYyM2QyMzc1NjU1MCJ9.Mg64KVPr3Ec6EoG44Yll-37s3NvJ6Mb4P3O_IxCNcig',NULL,'2024-04-23 12:14:46.000000',NULL,'7685ee50a3be41d7bde1623d23756550'),(129,'eyJhbGciOiJIUzI1NiIsInR5cCI6IkpXVCJ9.eyJ0b2tlbl90eXBlIjoicmVmcmVzaCIsImV4cCI6MTcxMzg3NTI0OCwiaWF0IjoxNzEzODU3MjQ4LCJqdGkiOiJhNjU3NTc1YTFmZDY0NGYxOTBhZDVkOThmYmE2ZjU4OSJ9.cLyImB2wYDDd70BdyNKXBQ0thmL-Wspb-AhQSiViCRM',NULL,'2024-04-23 12:27:28.000000',NULL,'a657575a1fd644f190ad5d98fba6f589'),(130,'eyJhbGciOiJIUzI1NiIsInR5cCI6IkpXVCJ9.eyJ0b2tlbl90eXBlIjoicmVmcmVzaCIsImV4cCI6MTcxMzg3Nzk1MywiaWF0IjoxNzEzODU5OTUzLCJqdGkiOiI0NzYxNjk0MzIzZDg0MDYxODMzYjQ3MWUzMTg1MmIxMSJ9.ikLIrOSO86HV5wqRtQAgKp67a_KyRHqE_WTsPsnmIGk',NULL,'2024-04-23 13:12:33.000000',NULL,'4761694323d84061833b471e31852b11'),(131,'eyJhbGciOiJIUzI1NiIsInR5cCI6IkpXVCJ9.eyJ0b2tlbl90eXBlIjoicmVmcmVzaCIsImV4cCI6MTcxMzg3ODM0OSwiaWF0IjoxNzEzODYwMzQ5LCJqdGkiOiI1ODg0MDg0NDg5MmI0YTlmYmQ3OWZjNjQ4Y2M5NmQ0ZCJ9.6HZGqpZVe2fv1De6hYvlQ1RKhXlyiCWR0HGBmO8ANAo',NULL,'2024-04-23 13:19:09.000000',NULL,'58840844892b4a9fbd79fc648cc96d4d'),(132,'eyJhbGciOiJIUzI1NiIsInR5cCI6IkpXVCJ9.eyJ0b2tlbl90eXBlIjoicmVmcmVzaCIsImV4cCI6MTcxMzg3ODQ2MiwiaWF0IjoxNzEzODYwNDYyLCJqdGkiOiIzZGQ0ZjYyZjA1YWY0YWI1YWE0MWQyYTMwMTQ3ZGM0MSJ9.NRfaLz8kW1ReveLz5E9S1hgWgvh2XkbOg31jL1JxKE8',NULL,'2024-04-23 13:21:02.000000',NULL,'3dd4f62f05af4ab5aa41d2a30147dc41'),(133,'eyJhbGciOiJIUzI1NiIsInR5cCI6IkpXVCJ9.eyJ0b2tlbl90eXBlIjoicmVmcmVzaCIsImV4cCI6MTcxMzg3ODQ2MywiaWF0IjoxNzEzODYwNDYzLCJqdGkiOiJmZDZkMjcxNjgzNzA0ODk3OWVhYTUyZmQzOTI4YTRhZiJ9.Q-2-6h5pZxam1-qU0xWGI1U-TwvuxscpcjIOl8kE0lQ',NULL,'2024-04-23 13:21:03.000000',NULL,'fd6d2716837048979eaa52fd3928a4af'),(134,'eyJhbGciOiJIUzI1NiIsInR5cCI6IkpXVCJ9.eyJ0b2tlbl90eXBlIjoicmVmcmVzaCIsImV4cCI6MTcxMzg3OTAzNywiaWF0IjoxNzEzODYxMDM3LCJqdGkiOiI0YjdmNTY5YzBhNDE0MDJjODVmODc5M2NiYThkNmJhNyJ9.3FTidu9Yt1zefWfXMj-kM7F49CVQF6Q5TpTxek3PrPE',NULL,'2024-04-23 13:30:37.000000',NULL,'4b7f569c0a41402c85f8793cba8d6ba7'),(135,'eyJhbGciOiJIUzI1NiIsInR5cCI6IkpXVCJ9.eyJ0b2tlbl90eXBlIjoicmVmcmVzaCIsImV4cCI6MTcxMzg3OTEzMiwiaWF0IjoxNzEzODYxMTMyLCJqdGkiOiJhMmVmMDAwOWNlNjE0YzhhOTVlYTk3N2Q2OWQxZmEzZSJ9.zp-yMwHxK_vsNVVYSZQjkXkNtY6qGVlhbUFpv4B54jo',NULL,'2024-04-23 13:32:12.000000',NULL,'a2ef0009ce614c8a95ea977d69d1fa3e'),(136,'eyJhbGciOiJIUzI1NiIsInR5cCI6IkpXVCJ9.eyJ0b2tlbl90eXBlIjoicmVmcmVzaCIsImV4cCI6MTcxMzg3OTMyNCwiaWF0IjoxNzEzODYxMzI0LCJqdGkiOiIyYzU0ZjQ2NzYxOTE0NzgyODdhYWJhMzc5NjI4ZGY4ZCJ9.tLnOiCaCfb6mlc-l52gsnKsDU3DdNKDuFmMsfJWuQcA',NULL,'2024-04-23 13:35:24.000000',NULL,'2c54f4676191478287aaba379628df8d'),(137,'eyJhbGciOiJIUzI1NiIsInR5cCI6IkpXVCJ9.eyJ0b2tlbl90eXBlIjoicmVmcmVzaCIsImV4cCI6MTcxMzg3OTM3NiwiaWF0IjoxNzEzODYxMzc2LCJqdGkiOiI5ODRkNTRlOWE3YWQ0M2M2YWNkYzYzZjM2NGJjYzJlNCJ9.ISwJrYU_SHEUjuQ5E2QLw7iuydZcz9pdGVS8BS2ZFt8',NULL,'2024-04-23 13:36:16.000000',NULL,'984d54e9a7ad43c6acdc63f364bcc2e4'),(138,'eyJhbGciOiJIUzI1NiIsInR5cCI6IkpXVCJ9.eyJ0b2tlbl90eXBlIjoicmVmcmVzaCIsImV4cCI6MTcxMzg3OTQyNywiaWF0IjoxNzEzODYxNDI3LCJqdGkiOiJjYTBhYjBiYTc2MmI0N2Q2OWI0ODAwODY4YmI2ZTJkYSJ9.yioU4gCXOAJIqZhsiDDu9gsuTEiR0agYcC4Is6hX2x0',NULL,'2024-04-23 13:37:07.000000',NULL,'ca0ab0ba762b47d69b4800868bb6e2da'),(139,'eyJhbGciOiJIUzI1NiIsInR5cCI6IkpXVCJ9.eyJ0b2tlbl90eXBlIjoicmVmcmVzaCIsImV4cCI6MTcxMzg3OTQ1MCwiaWF0IjoxNzEzODYxNDUwLCJqdGkiOiIwNGFmZDhhOTQ0ZWM0MTMzOTM0MzUxMDc2ZDQ4NmI1MyJ9.lI-qgbLzp_BivUQQBMDKq3Y6sI7Y3RYdptQK8lpNEEQ',NULL,'2024-04-23 13:37:30.000000',NULL,'04afd8a944ec4133934351076d486b53'),(140,'eyJhbGciOiJIUzI1NiIsInR5cCI6IkpXVCJ9.eyJ0b2tlbl90eXBlIjoicmVmcmVzaCIsImV4cCI6MTcxMzg3OTQ3MiwiaWF0IjoxNzEzODYxNDcyLCJqdGkiOiI3MmNkN2FiNzUxMjk0YTZkOTljMGI5MjBiYTI2YzYzNyJ9.Kod_BqivtHRoSyh5WjGzclBT1owFVoXlfG3E6X0h0Q8',NULL,'2024-04-23 13:37:52.000000',NULL,'72cd7ab751294a6d99c0b920ba26c637'),(141,'eyJhbGciOiJIUzI1NiIsInR5cCI6IkpXVCJ9.eyJ0b2tlbl90eXBlIjoicmVmcmVzaCIsImV4cCI6MTcxMzg3OTUwMiwiaWF0IjoxNzEzODYxNTAyLCJqdGkiOiJlYmU1MjNhMGQxNjk0ODMzOGUzNThhODQwYTM4YjdmZCJ9.gYTiqoJSElchggjEzy0N624_k31jTuNGTUnwglZ2n0g',NULL,'2024-04-23 13:38:22.000000',NULL,'ebe523a0d16948338e358a840a38b7fd'),(142,'eyJhbGciOiJIUzI1NiIsInR5cCI6IkpXVCJ9.eyJ0b2tlbl90eXBlIjoicmVmcmVzaCIsImV4cCI6MTcxMzg3OTU0MiwiaWF0IjoxNzEzODYxNTQyLCJqdGkiOiJhOTdkYmViZTk0ZTM0YTAyYTljYWRhZDk3OTVlOGVlMCJ9.92g7B_TpOXmgEY2Al75XnRrLMacPn1It1CMLVneX-ak',NULL,'2024-04-23 13:39:02.000000',NULL,'a97dbebe94e34a02a9cadad9795e8ee0'),(143,'eyJhbGciOiJIUzI1NiIsInR5cCI6IkpXVCJ9.eyJ0b2tlbl90eXBlIjoicmVmcmVzaCIsImV4cCI6MTcxMzg3OTU2NSwiaWF0IjoxNzEzODYxNTY1LCJqdGkiOiIxYjdlOWZlNDVkMzk0ODM5OGViNzRjMDAxMTU5NGYzYSJ9.SSi2paQ21ax5nB112p6iHw9bLOHbOspOR5oDR3Cphj4',NULL,'2024-04-23 13:39:25.000000',NULL,'1b7e9fe45d3948398eb74c0011594f3a'),(144,'eyJhbGciOiJIUzI1NiIsInR5cCI6IkpXVCJ9.eyJ0b2tlbl90eXBlIjoicmVmcmVzaCIsImV4cCI6MTcxMzg3OTU2OSwiaWF0IjoxNzEzODYxNTY5LCJqdGkiOiJkMDQ2YWQ2MDFkNGI0MGVmYWExOGUyYjgzN2ZhODk3MiJ9.JPHqg2vgge38-GmE8z-KeG-2jlCWte3WU8arjHSVtaw',NULL,'2024-04-23 13:39:29.000000',NULL,'d046ad601d4b40efaa18e2b837fa8972'),(145,'eyJhbGciOiJIUzI1NiIsInR5cCI6IkpXVCJ9.eyJ0b2tlbl90eXBlIjoicmVmcmVzaCIsImV4cCI6MTcxMzg3OTU3MCwiaWF0IjoxNzEzODYxNTcwLCJqdGkiOiJjNmY0YzhkNWZkZWE0NTMyOTEwOGIwODYyOGZiNWRhNiJ9.TItzTyChG0vVEFkYMT6CrNjntPmlA4purk_GdQDUINU',NULL,'2024-04-23 13:39:30.000000',NULL,'c6f4c8d5fdea45329108b08628fb5da6'),(146,'eyJhbGciOiJIUzI1NiIsInR5cCI6IkpXVCJ9.eyJ0b2tlbl90eXBlIjoicmVmcmVzaCIsImV4cCI6MTcxMzg3OTU3MSwiaWF0IjoxNzEzODYxNTcxLCJqdGkiOiI5ZGEyNjJiNTE0MDg0Yjk1OTYwOTNlZWE5MDlkODAyMiJ9.jitXq0Y4nHfIszHLlwN1aZZFuexPpRqWXAGHjicl0YQ',NULL,'2024-04-23 13:39:31.000000',NULL,'9da262b514084b9596093eea909d8022'),(147,'eyJhbGciOiJIUzI1NiIsInR5cCI6IkpXVCJ9.eyJ0b2tlbl90eXBlIjoicmVmcmVzaCIsImV4cCI6MTcxMzg3OTY4NSwiaWF0IjoxNzEzODYxNjg1LCJqdGkiOiJhZDc4NmIwN2JiZTk0YzRkYjdjNTU3NWYyMWZlMjQ3YSJ9.an7cEMAYR3ei8atdG1gZsmr9MeLqePgp3XZOEuuowhA',NULL,'2024-04-23 13:41:25.000000',NULL,'ad786b07bbe94c4db7c5575f21fe247a'),(148,'eyJhbGciOiJIUzI1NiIsInR5cCI6IkpXVCJ9.eyJ0b2tlbl90eXBlIjoicmVmcmVzaCIsImV4cCI6MTcxMzg3OTcxMiwiaWF0IjoxNzEzODYxNzEyLCJqdGkiOiJmMjQxMGQ1NWE4Y2I0MjQ3ODNjM2I1ODAxNGY3MWE3NSJ9.InKE7tlSyf1lsPsfWCXBXOx3JafdYOri4P6_kED7S90',NULL,'2024-04-23 13:41:52.000000',NULL,'f2410d55a8cb424783c3b58014f71a75'),(149,'eyJhbGciOiJIUzI1NiIsInR5cCI6IkpXVCJ9.eyJ0b2tlbl90eXBlIjoicmVmcmVzaCIsImV4cCI6MTcxMzg3OTc1MiwiaWF0IjoxNzEzODYxNzUyLCJqdGkiOiJhNGNmNzIyMGU5MGY0NDM0YmI4YzAxNGNmNTEwZWJmMiJ9.xOCSdXAUu9Xa4C5g2d9eNdHmge5L9P360pao9hqN3NE',NULL,'2024-04-23 13:42:32.000000',NULL,'a4cf7220e90f4434bb8c014cf510ebf2'),(150,'eyJhbGciOiJIUzI1NiIsInR5cCI6IkpXVCJ9.eyJ0b2tlbl90eXBlIjoicmVmcmVzaCIsImV4cCI6MTcxMzg3OTkwMiwiaWF0IjoxNzEzODYxOTAyLCJqdGkiOiI3N2ZiMzc0YTIwMTI0ZDgwYWUyNTg3NWE1NWExNDliMyJ9.rjeoPRIi1qTkN8uTrBt6hUoFH0z2f8E5GfUNZB8R2LY',NULL,'2024-04-23 13:45:02.000000',NULL,'77fb374a20124d80ae25875a55a149b3'),(151,'eyJhbGciOiJIUzI1NiIsInR5cCI6IkpXVCJ9.eyJ0b2tlbl90eXBlIjoicmVmcmVzaCIsImV4cCI6MTcxMzg3OTkxNiwiaWF0IjoxNzEzODYxOTE2LCJqdGkiOiI5NjJiZWIyZGJjZmY0NmE1ODIxYzg2NzVlYzM5NjdkNSJ9.lorB4IbG7J89xPy6HgQbqJ3q48vKB_NAtdNyYHSRqBM',NULL,'2024-04-23 13:45:16.000000',NULL,'962beb2dbcff46a5821c8675ec3967d5'),(152,'eyJhbGciOiJIUzI1NiIsInR5cCI6IkpXVCJ9.eyJ0b2tlbl90eXBlIjoicmVmcmVzaCIsImV4cCI6MTcxMzg3OTkxOSwiaWF0IjoxNzEzODYxOTE5LCJqdGkiOiJjMTMzMTE1Yjk5M2E0MDEzODQ5YjYzN2M0OWJmMTFhYSJ9.no27Qv3hQohbBcSm8zxiEKmlKY5-Ls3qAd9vi2aEFUU',NULL,'2024-04-23 13:45:19.000000',NULL,'c133115b993a4013849b637c49bf11aa'),(153,'eyJhbGciOiJIUzI1NiIsInR5cCI6IkpXVCJ9.eyJ0b2tlbl90eXBlIjoicmVmcmVzaCIsImV4cCI6MTcxMzg3OTkzNiwiaWF0IjoxNzEzODYxOTM2LCJqdGkiOiIwYzkyY2U5ODU4OGE0ZGM4OWQwNDg5YTViNDUwMmFkNCJ9.2p1WlJmOD5tJzVWFTD-3sk5oN9hXZ7nwLqjjz3YsPn0',NULL,'2024-04-23 13:45:36.000000',NULL,'0c92ce98588a4dc89d0489a5b4502ad4'),(154,'eyJhbGciOiJIUzI1NiIsInR5cCI6IkpXVCJ9.eyJ0b2tlbl90eXBlIjoicmVmcmVzaCIsImV4cCI6MTcxMzg3OTk2OCwiaWF0IjoxNzEzODYxOTY4LCJqdGkiOiI4MTA1OWY0MzQ5MmE0NGQ2YjI1ODk5Y2MyN2Q2N2YyZiJ9.Gp5b7am-o6qZRNzwgagYRtONRDlvjSIAnFqCA0zpaEU',NULL,'2024-04-23 13:46:08.000000',NULL,'81059f43492a44d6b25899cc27d67f2f'),(155,'eyJhbGciOiJIUzI1NiIsInR5cCI6IkpXVCJ9.eyJ0b2tlbl90eXBlIjoicmVmcmVzaCIsImV4cCI6MTcxMzg3OTk2OSwiaWF0IjoxNzEzODYxOTY5LCJqdGkiOiI5M2IwZWIxZTgyNjY0MzgzODExYTU5ODRhYjZjMzY0NyJ9.pjemFch-rn04uMf2A9P3r1JMtxKl8-kaFdVaSd4KvhY',NULL,'2024-04-23 13:46:09.000000',NULL,'93b0eb1e82664383811a5984ab6c3647'),(156,'eyJhbGciOiJIUzI1NiIsInR5cCI6IkpXVCJ9.eyJ0b2tlbl90eXBlIjoicmVmcmVzaCIsImV4cCI6MTcxMzg4MDIzNywiaWF0IjoxNzEzODYyMjM3LCJqdGkiOiI1NzU2Yzc1YjdlZGY0MGExOGEyOWQxNTYxYjY5NzhjNCJ9.xF3rnVtGhy8QcRDg4x-Bzx_doD5T3wFqS8FTr4HHeiY',NULL,'2024-04-23 13:50:37.000000',NULL,'5756c75b7edf40a18a29d1561b6978c4'),(157,'eyJhbGciOiJIUzI1NiIsInR5cCI6IkpXVCJ9.eyJ0b2tlbl90eXBlIjoicmVmcmVzaCIsImV4cCI6MTcxMzg4MDI0MSwiaWF0IjoxNzEzODYyMjQxLCJqdGkiOiIxM2RiYzRkN2UzMDk0NDUxOWUyNzI0NjUzNTViZWY0YiJ9.T1mMz6-N4iFtN59sLopDpZailZz9A8GIWIsv9EBOL78',NULL,'2024-04-23 13:50:41.000000',NULL,'13dbc4d7e30944519e272465355bef4b'),(158,'eyJhbGciOiJIUzI1NiIsInR5cCI6IkpXVCJ9.eyJ0b2tlbl90eXBlIjoicmVmcmVzaCIsImV4cCI6MTcxMzg4MTA5MSwiaWF0IjoxNzEzODYzMDkxLCJqdGkiOiJmODYwYWQ5NGFiMzk0ZjA0YTMwYzlkMTQ5OTRiZTEyYSJ9._knK--MvYkPrZV4HtEDLduMhXw4DemprJ4I-9c19Wwo',NULL,'2024-04-23 14:04:51.000000',NULL,'f860ad94ab394f04a30c9d14994be12a'),(159,'eyJhbGciOiJIUzI1NiIsInR5cCI6IkpXVCJ9.eyJ0b2tlbl90eXBlIjoicmVmcmVzaCIsImV4cCI6MTcxMzg4MTA5MywiaWF0IjoxNzEzODYzMDkzLCJqdGkiOiI5ZjY0ZWRlM2ViZTY0NWVkYmUyZTI1NGZlOGFkODYwYSJ9.DZnsPwdtapWcCyt2gcpfK2JVM5Kykj0UAAyNNgrAU24',NULL,'2024-04-23 14:04:53.000000',NULL,'9f64ede3ebe645edbe2e254fe8ad860a'),(160,'eyJhbGciOiJIUzI1NiIsInR5cCI6IkpXVCJ9.eyJ0b2tlbl90eXBlIjoicmVmcmVzaCIsImV4cCI6MTcxMzg4MjQyOSwiaWF0IjoxNzEzODY0NDI5LCJqdGkiOiIxZWFiMzdlN2FiZTA0MDA3YTg4ZjQzYWZhZjgyZDFlOCJ9.bpnVl9ldr79DuUsV5PVF3D8-eB2m7t4t73YLQtC474s',NULL,'2024-04-23 14:27:09.000000',NULL,'1eab37e7abe04007a88f43afaf82d1e8'),(161,'eyJhbGciOiJIUzI1NiIsInR5cCI6IkpXVCJ9.eyJ0b2tlbl90eXBlIjoicmVmcmVzaCIsImV4cCI6MTcxMzg4Mjc1NSwiaWF0IjoxNzEzODY0NzU1LCJqdGkiOiI1NmUzMzFiYTFkMjA0OGFmOTk1YTI0NTMzN2QwYTgwNyJ9.aQTBqXjEgi9fH_qwVbweotLmPLsfRmS6rKt8_cZQpds',NULL,'2024-04-23 14:32:35.000000',NULL,'56e331ba1d2048af995a245337d0a807'),(162,'eyJhbGciOiJIUzI1NiIsInR5cCI6IkpXVCJ9.eyJ0b2tlbl90eXBlIjoicmVmcmVzaCIsImV4cCI6MTcxMzg4Mjc1NiwiaWF0IjoxNzEzODY0NzU2LCJqdGkiOiJlOTE0MWI1ZTEwMWU0NTllYThiYTA4YWYwOGZkZDhkOSJ9.6R_qGIQfkHqwccJ-iJG8CK1NhOU4o97xh6Cvccae9Dc',NULL,'2024-04-23 14:32:36.000000',NULL,'e9141b5e101e459ea8ba08af08fdd8d9'),(163,'eyJhbGciOiJIUzI1NiIsInR5cCI6IkpXVCJ9.eyJ0b2tlbl90eXBlIjoicmVmcmVzaCIsImV4cCI6MTcxMzg4Mjc2NiwiaWF0IjoxNzEzODY0NzY2LCJqdGkiOiI3OWZkZjM1YjBmYTM0MjU2OTY0MGI1YmQzZTkzYWY1MiJ9.SyNCjIZyhVkMA5VdLdt1gpiu8A5qteUaVCEINhKh68M',NULL,'2024-04-23 14:32:46.000000',NULL,'79fdf35b0fa342569640b5bd3e93af52'),(164,'eyJhbGciOiJIUzI1NiIsInR5cCI6IkpXVCJ9.eyJ0b2tlbl90eXBlIjoicmVmcmVzaCIsImV4cCI6MTcxMzg4Mjc3NSwiaWF0IjoxNzEzODY0Nzc1LCJqdGkiOiIxZmUwM2JmNmFhYTE0MTExOTFkOWIzOTg2ZWVhMjA0ZCJ9.Ke6YtzuyX2JX_dMOWEIhL8CM6GxJlsdOB7k5Qm_50lY',NULL,'2024-04-23 14:32:55.000000',NULL,'1fe03bf6aaa1411191d9b3986eea204d'),(165,'eyJhbGciOiJIUzI1NiIsInR5cCI6IkpXVCJ9.eyJ0b2tlbl90eXBlIjoicmVmcmVzaCIsImV4cCI6MTcxMzg4Mjc3NywiaWF0IjoxNzEzODY0Nzc3LCJqdGkiOiI0MmZhMmM2NWJjMTA0YzVjYTUwZjAzNjBjNmM3Y2I4MyJ9.pP92YDSawN8L1_eEPlEiZA2-TNFsZW0qI25Fj9x_4LA',NULL,'2024-04-23 14:32:57.000000',NULL,'42fa2c65bc104c5ca50f0360c6c7cb83'),(166,'eyJhbGciOiJIUzI1NiIsInR5cCI6IkpXVCJ9.eyJ0b2tlbl90eXBlIjoicmVmcmVzaCIsImV4cCI6MTcxMzg4MzQ0NiwiaWF0IjoxNzEzODY1NDQ2LCJqdGkiOiIxMTZhODRhNzMyNTk0OWQ2Yjc1M2M0M2JkYmM5ZGU3NiJ9.V-Ws8-iDdnOzNOlxyz4MAsnUSsss-Tl0HPRlWUZAtdo',NULL,'2024-04-23 14:44:06.000000',NULL,'116a84a7325949d6b753c43bdbc9de76'),(167,'eyJhbGciOiJIUzI1NiIsInR5cCI6IkpXVCJ9.eyJ0b2tlbl90eXBlIjoicmVmcmVzaCIsImV4cCI6MTcxMzg4MzQ0OCwiaWF0IjoxNzEzODY1NDQ4LCJqdGkiOiI3ZWYwYmY0NTc0NDg0MTM4ODM5YjUzNDJkMGMyY2Q0YiJ9.6x59Kud8HcmTsLcwKLkTCrSO_-v0kjvD0DB7RO9lOkY',NULL,'2024-04-23 14:44:08.000000',NULL,'7ef0bf4574484138839b5342d0c2cd4b'),(168,'eyJhbGciOiJIUzI1NiIsInR5cCI6IkpXVCJ9.eyJ0b2tlbl90eXBlIjoicmVmcmVzaCIsImV4cCI6MTcxMzg4MzQ0OSwiaWF0IjoxNzEzODY1NDQ5LCJqdGkiOiJkNjY5ZGY2ZDdkMGI0NTljYTE3M2Q5NmI5NzAwNGEyYiJ9.TCBoIha_G8cTilxKj7rm4M_1s1qFlF0jFR_XN1VfFQ8',NULL,'2024-04-23 14:44:09.000000',NULL,'d669df6d7d0b459ca173d96b97004a2b'),(169,'eyJhbGciOiJIUzI1NiIsInR5cCI6IkpXVCJ9.eyJ0b2tlbl90eXBlIjoicmVmcmVzaCIsImV4cCI6MTcxMzg4MzUyNCwiaWF0IjoxNzEzODY1NTI0LCJqdGkiOiIxYjI2NzNlYmQyNDE0YjM2OTU4ZjExNzU5MjZjYWYxMSJ9.CtBd2Gqe89FUvxIlweXLeDqkpmuxU-_00zdzGUQq31s',NULL,'2024-04-23 14:45:24.000000',NULL,'1b2673ebd2414b36958f1175926caf11'),(170,'eyJhbGciOiJIUzI1NiIsInR5cCI6IkpXVCJ9.eyJ0b2tlbl90eXBlIjoicmVmcmVzaCIsImV4cCI6MTcxMzg4MzUyNiwiaWF0IjoxNzEzODY1NTI2LCJqdGkiOiIzMzA1ODNmODlhZGE0N2U4YTMwNDY0MDhkMGUwYmE2MCJ9.BhfDGfQwPmjloZRY9WtaDp6qiHzWEWWlkZhHuCnGyX8',NULL,'2024-04-23 14:45:26.000000',NULL,'330583f89ada47e8a3046408d0e0ba60'),(171,'eyJhbGciOiJIUzI1NiIsInR5cCI6IkpXVCJ9.eyJ0b2tlbl90eXBlIjoicmVmcmVzaCIsImV4cCI6MTcxMzg4MzUyNywiaWF0IjoxNzEzODY1NTI3LCJqdGkiOiIxYTI1NTU4NDE3YTE0NDgxYjkxYWVlN2NhNWY3NzI3NSJ9.Yhtro4RgnykXTlq8TGfOIgJCwTqM9Iy8qYh2xgJD_v4',NULL,'2024-04-23 14:45:27.000000',NULL,'1a25558417a14481b91aee7ca5f77275'),(172,'eyJhbGciOiJIUzI1NiIsInR5cCI6IkpXVCJ9.eyJ0b2tlbl90eXBlIjoicmVmcmVzaCIsImV4cCI6MTcxMzg4MzY1MCwiaWF0IjoxNzEzODY1NjUwLCJqdGkiOiI5ZDc4ZjM4OGYyOWM0MTVjOWIyYTVhNjNjYTk2YzlkMCJ9.UQBrVh1k2CZ_kIVBy_S7XnmCTE5wcIREmtCQCr_CoYY',NULL,'2024-04-23 14:47:30.000000',NULL,'9d78f388f29c415c9b2a5a63ca96c9d0'),(173,'eyJhbGciOiJIUzI1NiIsInR5cCI6IkpXVCJ9.eyJ0b2tlbl90eXBlIjoicmVmcmVzaCIsImV4cCI6MTcxMzg4MzY1NiwiaWF0IjoxNzEzODY1NjU2LCJqdGkiOiJlM2Q1NDgwNGM0Yzc0M2YzOTQ0MWMyNzIxOGZjODE3NyJ9.wDSziMo7cmOF90q00mVWR1_6BTrEZBFCykYTS9nvAuE',NULL,'2024-04-23 14:47:36.000000',NULL,'e3d54804c4c743f39441c27218fc8177'),(174,'eyJhbGciOiJIUzI1NiIsInR5cCI6IkpXVCJ9.eyJ0b2tlbl90eXBlIjoicmVmcmVzaCIsImV4cCI6MTcxMzg4NDA2MCwiaWF0IjoxNzEzODY2MDYwLCJqdGkiOiJkMGEyMDE5OTM5M2Q0Nzg1YWU1ZGRlYjE4Njc3YzllNyJ9.nBz9H7LDnGrwDJ1fW5brQBayoN9MjeIJ264QUr_DZW4',NULL,'2024-04-23 14:54:20.000000',NULL,'d0a20199393d4785ae5ddeb18677c9e7'),(175,'eyJhbGciOiJIUzI1NiIsInR5cCI6IkpXVCJ9.eyJ0b2tlbl90eXBlIjoicmVmcmVzaCIsImV4cCI6MTcxMzg4NDA3NCwiaWF0IjoxNzEzODY2MDc0LCJqdGkiOiIxMzZlMmI2NjVhM2I0ZWFkOTBmNGJhNTRlNjBlMTIxNyJ9.V0KMMJOGfaPQsbrypVo2bb6HJQZv_hqCYZCkASTStKk',NULL,'2024-04-23 14:54:34.000000',NULL,'136e2b665a3b4ead90f4ba54e60e1217'),(176,'eyJhbGciOiJIUzI1NiIsInR5cCI6IkpXVCJ9.eyJ0b2tlbl90eXBlIjoicmVmcmVzaCIsImV4cCI6MTcxMzg4NDA3OCwiaWF0IjoxNzEzODY2MDc4LCJqdGkiOiJiNTAyZDRkNDAzMDA0YWUzYjRiMjg2MmQyOTZmMGQ4NyJ9.qGtYD1QwoaGcrNVpnreOF1vXU4p-9QllBOCdqIVAuhU',NULL,'2024-04-23 14:54:38.000000',NULL,'b502d4d403004ae3b4b2862d296f0d87'),(177,'eyJhbGciOiJIUzI1NiIsInR5cCI6IkpXVCJ9.eyJ0b2tlbl90eXBlIjoicmVmcmVzaCIsImV4cCI6MTcxMzg4NDc5NiwiaWF0IjoxNzEzODY2Nzk2LCJqdGkiOiJjNGMwZjVkMzFhYjM0YjM0YTM0YzliMDg0MDg0MmFhYiJ9.O-QikIrnREnkJr9Dtql-guXw1V9k038Tb0N_EGapEyg',NULL,'2024-04-23 15:06:36.000000',NULL,'c4c0f5d31ab34b34a34c9b0840842aab'),(178,'eyJhbGciOiJIUzI1NiIsInR5cCI6IkpXVCJ9.eyJ0b2tlbl90eXBlIjoicmVmcmVzaCIsImV4cCI6MTcxMzg4NDg1OSwiaWF0IjoxNzEzODY2ODU5LCJqdGkiOiIwNmM1Y2UzZTVjNjY0NTRmYmEyMDc2Y2ExNmY0YmY3MSJ9.WhbasjZpAqFToVgzXkOG4AFaT1gQ3SFcmaJupGhTE7A',NULL,'2024-04-23 15:07:39.000000',NULL,'06c5ce3e5c66454fba2076ca16f4bf71'),(179,'eyJhbGciOiJIUzI1NiIsInR5cCI6IkpXVCJ9.eyJ0b2tlbl90eXBlIjoicmVmcmVzaCIsImV4cCI6MTcxMzg4NDkyMywiaWF0IjoxNzEzODY2OTIzLCJqdGkiOiIzNjA4NmU5YTA2YzU0M2ViYWVkMDM0OWFlNWYyYmZhNCJ9.Weq9R3yua3cKW1IH26eonrTGkKVRa61oLcHI74g-pRg',NULL,'2024-04-23 15:08:43.000000',NULL,'36086e9a06c543ebaed0349ae5f2bfa4'),(180,'eyJhbGciOiJIUzI1NiIsInR5cCI6IkpXVCJ9.eyJ0b2tlbl90eXBlIjoicmVmcmVzaCIsImV4cCI6MTcxMzg4NTQ5MywiaWF0IjoxNzEzODY3NDkzLCJqdGkiOiJkNDc0NzY3MWZiZTg0ZTNkYmM1MmNkZjU5ZjA4OTk5YiJ9.bEHjB6AbKfp_HWviNq_efUy8HHXMBbXC2lJOA39VSbc',NULL,'2024-04-23 15:18:13.000000',NULL,'d4747671fbe84e3dbc52cdf59f08999b'),(181,'eyJhbGciOiJIUzI1NiIsInR5cCI6IkpXVCJ9.eyJ0b2tlbl90eXBlIjoicmVmcmVzaCIsImV4cCI6MTcxMzg4NTc3NCwiaWF0IjoxNzEzODY3Nzc0LCJqdGkiOiI2YTcyNDI0ZjA2MDA0NTQ2OTQzNmM2NWNiNTRkYmI1YyJ9.dwFY3v7UI45izKVyZx5I7eIo7IIQnRKx8rJkaj3cnnM',NULL,'2024-04-23 15:22:54.000000',NULL,'6a72424f060045469436c65cb54dbb5c'),(182,'eyJhbGciOiJIUzI1NiIsInR5cCI6IkpXVCJ9.eyJ0b2tlbl90eXBlIjoicmVmcmVzaCIsImV4cCI6MTcxMzg4Nzc0NiwiaWF0IjoxNzEzODY5NzQ2LCJqdGkiOiIxYjEwNWQ1ZDY0YTQ0M2ViYTA2N2JhNWM2MmM5ZWE3MCJ9.OTkMI0qG-m7Dlmg39E_Tql-jeDuwjEnXk7NOkf78uM8',NULL,'2024-04-23 15:55:46.000000',NULL,'1b105d5d64a443eba067ba5c62c9ea70'),(183,'eyJhbGciOiJIUzI1NiIsInR5cCI6IkpXVCJ9.eyJ0b2tlbl90eXBlIjoicmVmcmVzaCIsImV4cCI6MTcxMzg5MzEwNiwiaWF0IjoxNzEzODc1MTA2LCJqdGkiOiJkYzU3NjIwY2MzN2Y0ZjBiOTYxZGJiZDcwYzExZTI5MCJ9.5IMLMQeX__jQ2lgRG1iR-V2L1s-c0fFH-OF1iIp-Ypw',NULL,'2024-04-23 17:25:06.000000',NULL,'dc57620cc37f4f0b961dbbd70c11e290'),(184,'eyJhbGciOiJIUzI1NiIsInR5cCI6IkpXVCJ9.eyJ0b2tlbl90eXBlIjoicmVmcmVzaCIsImV4cCI6MTcxMzg5MzEyMywiaWF0IjoxNzEzODc1MTIzLCJqdGkiOiI2ZWU0Yjg4MDM2NmI0MGE3YTJjYjVhMjA2YTc4OTNiNyJ9.dIt4W03Jo9zRDUDkB_t1wrNe0cJzOYQ2m--Z6b8V6kI',NULL,'2024-04-23 17:25:23.000000',NULL,'6ee4b880366b40a7a2cb5a206a7893b7'),(185,'eyJhbGciOiJIUzI1NiIsInR5cCI6IkpXVCJ9.eyJ0b2tlbl90eXBlIjoicmVmcmVzaCIsImV4cCI6MTcxMzg5MzM5OSwiaWF0IjoxNzEzODc1Mzk5LCJqdGkiOiIyOTIyZWIyZWM1NTQ0ZTExOGZiYjNjYzkyM2I4ODhjNSJ9.PFw9Lfr_ET4OQoQqA_eHkrkTYbAl6V7Cs2HckeMVN_4',NULL,'2024-04-23 17:29:59.000000',NULL,'2922eb2ec5544e118fbb3cc923b888c5'),(186,'eyJhbGciOiJIUzI1NiIsInR5cCI6IkpXVCJ9.eyJ0b2tlbl90eXBlIjoicmVmcmVzaCIsImV4cCI6MTcxMzg5MzUwMiwiaWF0IjoxNzEzODc1NTAyLCJqdGkiOiI5NzVmNjA0ZDZlYzE0YjM3OTQxZjQ3YjBlNTdjNmM5MCJ9.p1a6a6hFM77KZ6GsWgKEcP9Lxnl4-Wciunr_gIx0HrE',NULL,'2024-04-23 17:31:42.000000',NULL,'975f604d6ec14b37941f47b0e57c6c90'),(187,'eyJhbGciOiJIUzI1NiIsInR5cCI6IkpXVCJ9.eyJ0b2tlbl90eXBlIjoicmVmcmVzaCIsImV4cCI6MTcxMzg5MzUwMywiaWF0IjoxNzEzODc1NTAzLCJqdGkiOiIzNTQxYTkyZTM3NmY0Y2ZkOTdhMmFjZGEwZDdjMWI0MSJ9.WCZRGzsQ6Ls8PHWwyNBTBpVF9eNBSKlE-4ikMFXUG0g',NULL,'2024-04-23 17:31:43.000000',NULL,'3541a92e376f4cfd97a2acda0d7c1b41'),(188,'eyJhbGciOiJIUzI1NiIsInR5cCI6IkpXVCJ9.eyJ0b2tlbl90eXBlIjoicmVmcmVzaCIsImV4cCI6MTcxMzg5MzUwNCwiaWF0IjoxNzEzODc1NTA0LCJqdGkiOiJhOTViNTAwMmVjNzA0ZjkyYWI1Zjk0MzU4YmEzZDg4NSJ9.dXb8v438lXzYZnGDCiCpKoiBkVu9HwWF8P3rNevfMzA',NULL,'2024-04-23 17:31:44.000000',NULL,'a95b5002ec704f92ab5f94358ba3d885'),(189,'eyJhbGciOiJIUzI1NiIsInR5cCI6IkpXVCJ9.eyJ0b2tlbl90eXBlIjoicmVmcmVzaCIsImV4cCI6MTcxMzg5OTAzOSwiaWF0IjoxNzEzODgxMDM5LCJqdGkiOiIxY2NkNmJiZTc2M2Q0OGJmOThhNDMzNWRlZTM1YzQwOSJ9.CBb1nkZsCpoYgcwVxQhq3Nl8TSNpe8iZeeL2w4Tg0ic',NULL,'2024-04-23 19:03:59.000000',NULL,'1ccd6bbe763d48bf98a4335dee35c409'),(190,'eyJhbGciOiJIUzI1NiIsInR5cCI6IkpXVCJ9.eyJ0b2tlbl90eXBlIjoicmVmcmVzaCIsImV4cCI6MTcxMzkwMDc5NCwiaWF0IjoxNzEzODgyNzk0LCJqdGkiOiJhYTNiYjNmMzhlNjU0ODFlOTgyMmNmOGYyNmU2NzEwNyJ9.U3L5V1zjysxDhtlbN_s5_tIHLMprednKRAccKSU6Wpc',NULL,'2024-04-23 19:33:14.000000',NULL,'aa3bb3f38e65481e9822cf8f26e67107'),(191,'eyJhbGciOiJIUzI1NiIsInR5cCI6IkpXVCJ9.eyJ0b2tlbl90eXBlIjoicmVmcmVzaCIsImV4cCI6MTcxMzkwMDg3NywiaWF0IjoxNzEzODgyODc3LCJqdGkiOiI0YzU3MDNiNmUzMDM0Mzc2YjgwMGFlN2E4MTIxMDZjMSJ9.EqQmg9zjuHQ7ubk0eIopatgy1-ZNgDMRpQ4HDZcUba8',NULL,'2024-04-23 19:34:37.000000',NULL,'4c5703b6e3034376b800ae7a812106c1'),(192,'eyJhbGciOiJIUzI1NiIsInR5cCI6IkpXVCJ9.eyJ0b2tlbl90eXBlIjoicmVmcmVzaCIsImV4cCI6MTcxMzkwMDg4OCwiaWF0IjoxNzEzODgyODg4LCJqdGkiOiIxODk5NWYxMjFlYmM0ZWZmODA1ZDNkMmRiZDM1MTRlNCJ9.GDzqYYkrIuQpQiKqGO_lpgmcuT6Sn5SbPaZ8mDd4jtY',NULL,'2024-04-23 19:34:48.000000',NULL,'18995f121ebc4eff805d3d2dbd3514e4'),(193,'eyJhbGciOiJIUzI1NiIsInR5cCI6IkpXVCJ9.eyJ0b2tlbl90eXBlIjoicmVmcmVzaCIsImV4cCI6MTcxMzkwNTQyOCwiaWF0IjoxNzEzODg3NDI4LCJqdGkiOiJjYzI4YjhkMjUxMzQ0OGUwYjU3ODc4ZTc3MGZjYTVkZCJ9.0mGy6q14cm24Jh7VrGD2TC3ioZZmeNAOpi8hLYWpeNU',NULL,'2024-04-23 20:50:28.000000',NULL,'cc28b8d2513448e0b57878e770fca5dd'),(194,'eyJhbGciOiJIUzI1NiIsInR5cCI6IkpXVCJ9.eyJ0b2tlbl90eXBlIjoicmVmcmVzaCIsImV4cCI6MTcxMzkwODY1MSwiaWF0IjoxNzEzODkwNjUxLCJqdGkiOiJjOTA0ZWRhNjg0ZGM0YmZlODAyMGVlMmY2Y2YyZTdiZiJ9.NlBQrr6qfzW5ccPkdhSHy0FqcGqv2L198OMxb8PGPsI',NULL,'2024-04-23 21:44:11.000000',NULL,'c904eda684dc4bfe8020ee2f6cf2e7bf'),(195,'eyJhbGciOiJIUzI1NiIsInR5cCI6IkpXVCJ9.eyJ0b2tlbl90eXBlIjoicmVmcmVzaCIsImV4cCI6MTcxMzkxMTQ0OCwiaWF0IjoxNzEzODkzNDQ4LCJqdGkiOiI5YjFiNjFlNzQzMzg0ZDE0ODg3MTczM2Q1MjIxZDkxNSJ9.YEnvYTE_9oxnPhsOezcJAWyg-FUS1QQorO7E_BU-lyw',NULL,'2024-04-23 22:30:48.000000',NULL,'9b1b61e743384d148871733d5221d915'),(196,'eyJhbGciOiJIUzI1NiIsInR5cCI6IkpXVCJ9.eyJ0b2tlbl90eXBlIjoicmVmcmVzaCIsImV4cCI6MTcxMzkxMTU2NSwiaWF0IjoxNzEzODkzNTY1LCJqdGkiOiIxZTVmYjY2NDg0NGU0MzMwYTg2MDI1Y2ZkZjU3NjNlZCJ9.NCb32naHd4HgmToVQcrKc3CmstfteMhg1KtCey2umhs',NULL,'2024-04-23 22:32:45.000000',NULL,'1e5fb664844e4330a86025cfdf5763ed'),(197,'eyJhbGciOiJIUzI1NiIsInR5cCI6IkpXVCJ9.eyJ0b2tlbl90eXBlIjoicmVmcmVzaCIsImV4cCI6MTcxMzkyMjk0OSwiaWF0IjoxNzEzOTA0OTQ5LCJqdGkiOiI2MDlmMzY2NjZkNDQ0NDVkODE0MjI2MTVmNDY0MzJlMyJ9.mM1YfTFFp8TKdZp0YjTThrQRGq3usbWqEmV_V22gyGc',NULL,'2024-04-24 01:42:29.000000',NULL,'609f36666d44445d81422615f46432e3'),(198,'eyJhbGciOiJIUzI1NiIsInR5cCI6IkpXVCJ9.eyJ0b2tlbl90eXBlIjoicmVmcmVzaCIsImV4cCI6MTcxMzkyMjk1NywiaWF0IjoxNzEzOTA0OTU3LCJqdGkiOiJlNjZlMWIwY2MyODk0MjM4ODEyOWQxNTg0OGRiYjBiMCJ9.lveUrW50Y1yxVlZHIz5bSRjmyNHBSxIduhtuw2IY6YE',NULL,'2024-04-24 01:42:37.000000',NULL,'e66e1b0cc28942388129d15848dbb0b0'),(199,'eyJhbGciOiJIUzI1NiIsInR5cCI6IkpXVCJ9.eyJ0b2tlbl90eXBlIjoicmVmcmVzaCIsImV4cCI6MTcxMzkyMjk2NCwiaWF0IjoxNzEzOTA0OTY0LCJqdGkiOiI5Zjk1YmNjNWM4NjY0M2MwODkyODk5MThkM2I4NTJkMiJ9.x7w6R3-mA2YwhwsDhwyDdXLQM8-7B8JV4fBhpN3LlrU',NULL,'2024-04-24 01:42:44.000000',NULL,'9f95bcc5c86643c089289918d3b852d2'),(200,'eyJhbGciOiJIUzI1NiIsInR5cCI6IkpXVCJ9.eyJ0b2tlbl90eXBlIjoicmVmcmVzaCIsImV4cCI6MTcxMzkyOTA2MiwiaWF0IjoxNzEzOTExMDYyLCJqdGkiOiI4ZjM5YTE1YjcyYzQ0ZTUzODMzNGI4YWJjNmU1N2EzMSJ9.0Dkb9tsXZRW7qjj07XBn6U2docPYw_XIxV7iQv6Tys4',NULL,'2024-04-24 03:24:22.000000',NULL,'8f39a15b72c44e538334b8abc6e57a31'),(201,'eyJhbGciOiJIUzI1NiIsInR5cCI6IkpXVCJ9.eyJ0b2tlbl90eXBlIjoicmVmcmVzaCIsImV4cCI6MTcxMzk1OTgxNSwiaWF0IjoxNzEzOTQxODE1LCJqdGkiOiIxMjZiMDc4ZmI1Yjg0OWI3OTAxY2NmMjQ3MjdhYjA4MCJ9.uw5blHR1rhh8fKanD-ME3XQMmjnwDuaT41Phg5_qR-A',NULL,'2024-04-24 11:56:55.000000',NULL,'126b078fb5b849b7901ccf24727ab080'),(202,'eyJhbGciOiJIUzI1NiIsInR5cCI6IkpXVCJ9.eyJ0b2tlbl90eXBlIjoicmVmcmVzaCIsImV4cCI6MTcxMzk1OTk0MiwiaWF0IjoxNzEzOTQxOTQyLCJqdGkiOiI2OGM3MmI3MmE3N2Q0MGY5ODgwMTA5OGZlYWU0MjNjMCJ9.mUrv3C98Bz4auvwOsNjlUAqMZT2JhhFzyQqufZmlsb8',NULL,'2024-04-24 11:59:02.000000',NULL,'68c72b72a77d40f98801098feae423c0'),(203,'eyJhbGciOiJIUzI1NiIsInR5cCI6IkpXVCJ9.eyJ0b2tlbl90eXBlIjoicmVmcmVzaCIsImV4cCI6MTcxMzk1OTk0NSwiaWF0IjoxNzEzOTQxOTQ1LCJqdGkiOiI2ZWY4Y2RkNWUzN2M0MjY2OThmZjNlZGQ0ZGY1OGM5YiJ9.W3yyKXt3_cy1enI8cYiOzLNo7omjWvCy31Pq4N8Xhwc',NULL,'2024-04-24 11:59:05.000000',NULL,'6ef8cdd5e37c426698ff3edd4df58c9b'),(204,'eyJhbGciOiJIUzI1NiIsInR5cCI6IkpXVCJ9.eyJ0b2tlbl90eXBlIjoicmVmcmVzaCIsImV4cCI6MTcxMzk2NjI4NCwiaWF0IjoxNzEzOTQ4Mjg0LCJqdGkiOiJmN2Y4NDJmYmEzZTQ0NGQ5YWU4ZTlmNGE1MDgwYWExOCJ9.8UeoFgijCzDk6uOwtdQ9l-Dv18r2WjLGj5wZCsQ1P8Q',NULL,'2024-04-24 13:44:44.000000',NULL,'f7f842fba3e444d9ae8e9f4a5080aa18'),(205,'eyJhbGciOiJIUzI1NiIsInR5cCI6IkpXVCJ9.eyJ0b2tlbl90eXBlIjoicmVmcmVzaCIsImV4cCI6MTcxMzk2NzQwMSwiaWF0IjoxNzEzOTQ5NDAxLCJqdGkiOiJiNmU2Yjc1ZDgyZWM0NWI1OTM4OWJhYzJjYmY4ZTEwZCJ9.xGjwsEFa-LGX_nUH35gOcS5PlkE10t7vfuI3hi-2biM',NULL,'2024-04-24 14:03:21.000000',NULL,'b6e6b75d82ec45b59389bac2cbf8e10d'),(206,'eyJhbGciOiJIUzI1NiIsInR5cCI6IkpXVCJ9.eyJ0b2tlbl90eXBlIjoicmVmcmVzaCIsImV4cCI6MTcxMzk2ODAwMywiaWF0IjoxNzEzOTUwMDAzLCJqdGkiOiJkMTIyNTAxY2Y1Yzg0YTExOTkzYzAwMDhkNDI5NDIxMCJ9.2BF3OFhF2uhsPrPBBL3Xjx4yJ_1q113SuQayGl3F-GY',NULL,'2024-04-24 14:13:23.000000',NULL,'d122501cf5c84a11993c0008d4294210'),(207,'eyJhbGciOiJIUzI1NiIsInR5cCI6IkpXVCJ9.eyJ0b2tlbl90eXBlIjoicmVmcmVzaCIsImV4cCI6MTcxMzk3NjY4MCwiaWF0IjoxNzEzOTU4NjgwLCJqdGkiOiI1ZTk1NTc4NjVlNjQ0OGQ5OTk3NjcwNDc2ZTM5YzlmZCJ9.UnvWRSl_FGuO5Il13I5ibqy-wZ1V9sN1IvDVgcIpeLI',NULL,'2024-04-24 16:38:00.000000',NULL,'5e9557865e6448d9997670476e39c9fd'),(208,'eyJhbGciOiJIUzI1NiIsInR5cCI6IkpXVCJ9.eyJ0b2tlbl90eXBlIjoicmVmcmVzaCIsImV4cCI6MTcxMzk4NDg5MCwiaWF0IjoxNzEzOTY2ODkwLCJqdGkiOiI0OTRlNTEzZWE4MDI0OWZjYTQ5N2JjMGY4M2NjNzNjYiJ9.sNkwrd5ZFENr_0NTJpdwKyHEj6gtOws1MuYTCmG-Rmg',NULL,'2024-04-24 18:54:50.000000',NULL,'494e513ea80249fca497bc0f83cc73cb'),(209,'eyJhbGciOiJIUzI1NiIsInR5cCI6IkpXVCJ9.eyJ0b2tlbl90eXBlIjoicmVmcmVzaCIsImV4cCI6MTcxMzk4NTk0NSwiaWF0IjoxNzEzOTY3OTQ1LCJqdGkiOiIzMWQyYWJmZDY2NzA0M2Q4ODhjYzViNDYxM2FjNzhhOSJ9.ZGKFphEvhKhiswPqbaeX_-XxYNRrEBeVONa3ulwIWRI',NULL,'2024-04-24 19:12:25.000000',NULL,'31d2abfd667043d888cc5b4613ac78a9'),(210,'eyJhbGciOiJIUzI1NiIsInR5cCI6IkpXVCJ9.eyJ0b2tlbl90eXBlIjoicmVmcmVzaCIsImV4cCI6MTcxMzk4ODcyMywiaWF0IjoxNzEzOTcwNzIzLCJqdGkiOiI1NjQ0Nzc4NDM4Njc0MjU5YWI1ZGZiNmI1YzQ1NjNkYiJ9.Rf5daoi8yfqpJph2THa823ZR8CvszcNvPTG-D5driXE',NULL,'2024-04-24 19:58:43.000000',NULL,'5644778438674259ab5dfb6b5c4563db'),(211,'eyJhbGciOiJIUzI1NiIsInR5cCI6IkpXVCJ9.eyJ0b2tlbl90eXBlIjoicmVmcmVzaCIsImV4cCI6MTcxMzk5MDg3NiwiaWF0IjoxNzEzOTcyODc2LCJqdGkiOiI1MzZmNDYyZGIzOWY0OGViYTIyYTlkNmUxYjVjN2VkOCJ9.vDKHg3edHEOkItjvN3fMtxbGdB47DZktcGCDJ4uMyuc',NULL,'2024-04-24 20:34:36.000000',NULL,'536f462db39f48eba22a9d6e1b5c7ed8'),(212,'eyJhbGciOiJIUzI1NiIsInR5cCI6IkpXVCJ9.eyJ0b2tlbl90eXBlIjoicmVmcmVzaCIsImV4cCI6MTcxMzk5MjAwOSwiaWF0IjoxNzEzOTc0MDA5LCJqdGkiOiI4N2M1YWE3NzkyYzg0MGIzYjRlNzk4YjZmODE4MTI3YiJ9.MEg-dQ-HXEjvbT7KlJLkEo0IjWTkGeEdsMbDCng2JRM',NULL,'2024-04-24 20:53:29.000000',NULL,'87c5aa7792c840b3b4e798b6f818127b'),(213,'eyJhbGciOiJIUzI1NiIsInR5cCI6IkpXVCJ9.eyJ0b2tlbl90eXBlIjoicmVmcmVzaCIsImV4cCI6MTcxNDA0NzU4NiwiaWF0IjoxNzE0MDI5NTg2LCJqdGkiOiIzZDU2ZjYyMzI4MDM0NTQ1Yjk3ZDYzMjE4MGU1NGQzMCJ9._dwCkVfMdOfjRoFqHgD9LY_XyJAMrU7nrCvYgZ8t3Yw',NULL,'2024-04-25 12:19:46.000000',NULL,'3d56f62328034545b97d632180e54d30'),(214,'eyJhbGciOiJIUzI1NiIsInR5cCI6IkpXVCJ9.eyJ0b2tlbl90eXBlIjoicmVmcmVzaCIsImV4cCI6MTcxNDA0ODMyOCwiaWF0IjoxNzE0MDMwMzI4LCJqdGkiOiIyNDg0MDI3NGE4OWY0YjM2ODdlN2U1YWUyMWExZjExMyJ9.6Ck69xo0HGnvBqqyTCREK8zAxYvhlFNRTDeJQgTuto0',NULL,'2024-04-25 12:32:08.000000',NULL,'24840274a89f4b3687e7e5ae21a1f113'),(215,'eyJhbGciOiJIUzI1NiIsInR5cCI6IkpXVCJ9.eyJ0b2tlbl90eXBlIjoicmVmcmVzaCIsImV4cCI6MTcxNDA0ODU3NiwiaWF0IjoxNzE0MDMwNTc2LCJqdGkiOiIxZjdlNWZmNDk2ZjM0YTAxYjgxMDNkMGMzMTdjOWUzNiJ9.4SGqGP6-WyUtFO-cqY_c59gRPIaBdpg0Glj4LjwnDrs',NULL,'2024-04-25 12:36:16.000000',NULL,'1f7e5ff496f34a01b8103d0c317c9e36'),(216,'eyJhbGciOiJIUzI1NiIsInR5cCI6IkpXVCJ9.eyJ0b2tlbl90eXBlIjoicmVmcmVzaCIsImV4cCI6MTcxNDA1MDY4MywiaWF0IjoxNzE0MDMyNjgzLCJqdGkiOiI3YjExNjU1Yjk4MmU0YWJiOWM1MGM4YTA0ZDc2YzQ4YyJ9.nilw2j-P9bnjWcxCC-3WgACv62W4na5pqmWVfehSc0M',NULL,'2024-04-25 13:11:23.000000',NULL,'7b11655b982e4abb9c50c8a04d76c48c'),(217,'eyJhbGciOiJIUzI1NiIsInR5cCI6IkpXVCJ9.eyJ0b2tlbl90eXBlIjoicmVmcmVzaCIsImV4cCI6MTcxNDA1MTE4MSwiaWF0IjoxNzE0MDMzMTgxLCJqdGkiOiJlZmJhMGU4ZjJiZDA0NmQxYWI5NGNhODg1YTQ3MWI4NyJ9.d9laHIWok44132kkdxs8tT5ULJbVB0RlpYhliOeCGGQ',NULL,'2024-04-25 13:19:41.000000',NULL,'efba0e8f2bd046d1ab94ca885a471b87'),(218,'eyJhbGciOiJIUzI1NiIsInR5cCI6IkpXVCJ9.eyJ0b2tlbl90eXBlIjoicmVmcmVzaCIsImV4cCI6MTcxNDA1MjAyNiwiaWF0IjoxNzE0MDM0MDI2LCJqdGkiOiIxNzkyZDcwZDg1ODA0MzBkOWNmMmYxY2VhMWY0M2UwNiJ9.nm3sHLw5mbCUxIvBPZ0PHeYbrIfmsrpbEA_M4TOA0f0',NULL,'2024-04-25 13:33:46.000000',NULL,'1792d70d8580430d9cf2f1cea1f43e06'),(219,'eyJhbGciOiJIUzI1NiIsInR5cCI6IkpXVCJ9.eyJ0b2tlbl90eXBlIjoicmVmcmVzaCIsImV4cCI6MTcxNDA1MjE2OSwiaWF0IjoxNzE0MDM0MTY5LCJqdGkiOiIzOTA5M2ZjZDhkMWM0NTNmYjFmODQwOWI2ODk4MjhjZSJ9.dxayLFriKJNx5BcUsplktBX3cnnVKv6Am5-gyWPUNrA',NULL,'2024-04-25 13:36:09.000000',NULL,'39093fcd8d1c453fb1f8409b689828ce'),(220,'eyJhbGciOiJIUzI1NiIsInR5cCI6IkpXVCJ9.eyJ0b2tlbl90eXBlIjoicmVmcmVzaCIsImV4cCI6MTcxNDA1MjMxOSwiaWF0IjoxNzE0MDM0MzE5LCJqdGkiOiI1ZWM5ZTQ4Y2JjM2E0NjFjOTdmYjZhMGVmZjQyMzFlYSJ9.Xn7c7rhwy4kVXnvUb6rE494H1mbD6B3xOIyMySrH0sw',NULL,'2024-04-25 13:38:39.000000',NULL,'5ec9e48cbc3a461c97fb6a0eff4231ea'),(221,'eyJhbGciOiJIUzI1NiIsInR5cCI6IkpXVCJ9.eyJ0b2tlbl90eXBlIjoicmVmcmVzaCIsImV4cCI6MTcxNDA1MjgzMCwiaWF0IjoxNzE0MDM0ODMwLCJqdGkiOiI3MWU5MGQ4NTNhMGU0MGI4YjViZmY0ZjA3YzM5ZDc2YiJ9.73GeIJlRGuy7e3O_h2tXlZD9Dmi4b9jEERzE-YYIu3c',NULL,'2024-04-25 13:47:10.000000',NULL,'71e90d853a0e40b8b5bff4f07c39d76b'),(222,'eyJhbGciOiJIUzI1NiIsInR5cCI6IkpXVCJ9.eyJ0b2tlbl90eXBlIjoicmVmcmVzaCIsImV4cCI6MTcxNDA2NTM0NywiaWF0IjoxNzE0MDQ3MzQ3LCJqdGkiOiJiOGNkZDMyYTNlNTI0Y2M0ODRiZTk1ZGIwYjZjYTM4OCJ9.4jyfusAOYlSFOqg8lRcKDNOjygzZquEQmNGqtHmu5WA',NULL,'2024-04-25 17:15:47.000000',NULL,'b8cdd32a3e524cc484be95db0b6ca388'),(223,'eyJhbGciOiJIUzI1NiIsInR5cCI6IkpXVCJ9.eyJ0b2tlbl90eXBlIjoicmVmcmVzaCIsImV4cCI6MTcxNDA2NTM1MiwiaWF0IjoxNzE0MDQ3MzUyLCJqdGkiOiI5YzUxNmVlYTRiZjQ0ZTYxYWYyNzhhZTAwMmMwZTdjNSIsInVzZXJfaWQiOjEzfQ.mYsw-k9prbrTwjq3HwJFRsxzvYX41cEm4VRhKNf1cpA','2024-04-25 12:15:52.771138','2024-04-25 17:15:52.000000',NULL,'9c516eea4bf44e61af278ae002c0e7c5'),(224,'eyJhbGciOiJIUzI1NiIsInR5cCI6IkpXVCJ9.eyJ0b2tlbl90eXBlIjoicmVmcmVzaCIsImV4cCI6MTcxNDA2NTk3NiwiaWF0IjoxNzE0MDQ3OTc2LCJqdGkiOiI1Y2FiY2NhMDFlZjk0MTRhOGYyNTE5NTdjM2ZkNjA2ZCJ9.ppmhXbZj4svwkTIiZlvAyiTXyucTJcbPVv6kemuQuMU',NULL,'2024-04-25 17:26:16.000000',NULL,'5cabcca01ef9414a8f251957c3fd606d'),(225,'eyJhbGciOiJIUzI1NiIsInR5cCI6IkpXVCJ9.eyJ0b2tlbl90eXBlIjoicmVmcmVzaCIsImV4cCI6MTcxNDA2NjEzNywiaWF0IjoxNzE0MDQ4MTM3LCJqdGkiOiI5NTI3YzlkOTEzYzM0MDY4OThiYTlmNmFiZWIxYTIwYiJ9.hbxTd-Hn5Qhcp9iamRkSD94QGhgtOWQu5FqbGy4G9rw',NULL,'2024-04-25 17:28:57.000000',NULL,'9527c9d913c3406898ba9f6abeb1a20b'),(226,'eyJhbGciOiJIUzI1NiIsInR5cCI6IkpXVCJ9.eyJ0b2tlbl90eXBlIjoicmVmcmVzaCIsImV4cCI6MTcxNDA2NjQ1MywiaWF0IjoxNzE0MDQ4NDUzLCJqdGkiOiI5NjY4MWI4OTIyYTM0ZTVhOTE2OTkyNDQ4Mzk4OGZmMSJ9.f1LxaC7U-LyhLj_VgejXZhjzrA9D4E9sAP8Wsvzv9Qg',NULL,'2024-04-25 17:34:13.000000',NULL,'96681b8922a34e5a9169924483988ff1'),(227,'eyJhbGciOiJIUzI1NiIsInR5cCI6IkpXVCJ9.eyJ0b2tlbl90eXBlIjoicmVmcmVzaCIsImV4cCI6MTcxNDA3MTc3OCwiaWF0IjoxNzE0MDUzNzc4LCJqdGkiOiJhMDNiODBjM2RmZjQ0OTFmOTZjMDVjYWU0NDA4ODZiZSJ9.QqCpcgbN02rnxSrShiwkQ73QH551v_Rl_QsuDtctlu0',NULL,'2024-04-25 19:02:58.000000',NULL,'a03b80c3dff4491f96c05cae440886be'),(228,'eyJhbGciOiJIUzI1NiIsInR5cCI6IkpXVCJ9.eyJ0b2tlbl90eXBlIjoicmVmcmVzaCIsImV4cCI6MTcxNDA3NTE1OCwiaWF0IjoxNzE0MDU3MTU4LCJqdGkiOiJiYWZkZmMyOTY5MDY0NDQ4YTdiZGE4NmUyNTVlODAwYyIsInVzZXJfaWQiOjR9.NA1rUen8wbRVCbBpNJF6j1n1D8YbSJLtK9uL28e5I-8','2024-04-25 14:59:18.438571','2024-04-25 19:59:18.000000',NULL,'bafdfc2969064448a7bda86e255e800c'),(229,'eyJhbGciOiJIUzI1NiIsInR5cCI6IkpXVCJ9.eyJ0b2tlbl90eXBlIjoicmVmcmVzaCIsImV4cCI6MTcxNDA3Nzg5OSwiaWF0IjoxNzE0MDU5ODk5LCJqdGkiOiI3NTZlMWM4MTQyMGY0OGNlYjQyNjRmMTRhOWZkMjUyNSJ9.tNt-UHGQHFIUp1X2c37El0dR-MFOy7r8bSlmPfrGy6k',NULL,'2024-04-25 20:44:59.000000',NULL,'756e1c81420f48ceb4264f14a9fd2525'),(230,'eyJhbGciOiJIUzI1NiIsInR5cCI6IkpXVCJ9.eyJ0b2tlbl90eXBlIjoicmVmcmVzaCIsImV4cCI6MTcxNDA5MzUwNiwiaWF0IjoxNzE0MDc1NTA2LCJqdGkiOiI5YTYyY2M0NjE5ZWY0ODk3YmM0M2JlZjc1ZWE5NDUyYiJ9.T7uRLFIThI9P0t7B0F8bQuHiS3uxx4Ft5TJItEAFuyY',NULL,'2024-04-26 01:05:06.000000',NULL,'9a62cc4619ef4897bc43bef75ea9452b'),(231,'eyJhbGciOiJIUzI1NiIsInR5cCI6IkpXVCJ9.eyJ0b2tlbl90eXBlIjoicmVmcmVzaCIsImV4cCI6MTcxNDA5MzUwNywiaWF0IjoxNzE0MDc1NTA3LCJqdGkiOiIwNjY3ZTM5ZjcwYjU0NWU3OTFhOWRiMjIzZWUyMWQ5NiJ9.HF9qdd5GxZuQzGpFc6xcA3a6FQEKpx86pq_VSgg9St8',NULL,'2024-04-26 01:05:07.000000',NULL,'0667e39f70b545e791a9db223ee21d96'),(232,'eyJhbGciOiJIUzI1NiIsInR5cCI6IkpXVCJ9.eyJ0b2tlbl90eXBlIjoicmVmcmVzaCIsImV4cCI6MTcxNDA5NzY5NSwiaWF0IjoxNzE0MDc5Njk1LCJqdGkiOiI3NWY1ODZmOTFjMTk0MDEwYmI3OWMxZTUxZjJjZTk3MyJ9.c_EWshQjvL8Fh2sgbwTIhNKmINJUZWvXbMTR2UDe-uc',NULL,'2024-04-26 02:14:55.000000',NULL,'75f586f91c194010bb79c1e51f2ce973'),(233,'eyJhbGciOiJIUzI1NiIsInR5cCI6IkpXVCJ9.eyJ0b2tlbl90eXBlIjoicmVmcmVzaCIsImV4cCI6MTcxNDEyMzc3MCwiaWF0IjoxNzE0MTA1NzcwLCJqdGkiOiI5MTNkNGYwZGFiMTA0MWM2OThkYTQyMDUyN2I0MGZlNSJ9.4kHZQZLnuy-DatTbTFifH7rY1WQdpw8qDgAheDbTtZ8',NULL,'2024-04-26 09:29:30.000000',NULL,'913d4f0dab1041c698da420527b40fe5'),(234,'eyJhbGciOiJIUzI1NiIsInR5cCI6IkpXVCJ9.eyJ0b2tlbl90eXBlIjoicmVmcmVzaCIsImV4cCI6MTcxNDEyNTE3MCwiaWF0IjoxNzE0MTA3MTcwLCJqdGkiOiI3OWJkYjYzZWNlZmQ0NjcwODYxZDZkM2ZkZGExMWRlOCJ9.wHGacEEKWa3JGRx0q5va7-99qHm2N1pQe3_P6gZNLk4',NULL,'2024-04-26 09:52:50.000000',NULL,'79bdb63ecefd4670861d6d3fdda11de8'),(235,'eyJhbGciOiJIUzI1NiIsInR5cCI6IkpXVCJ9.eyJ0b2tlbl90eXBlIjoicmVmcmVzaCIsImV4cCI6MTcxNDEyNjc0OSwiaWF0IjoxNzE0MTA4NzQ5LCJqdGkiOiI3ZDZhZWFiOTg2ZTg0YmIwOTZkNDlkNGZmOWUwN2U1MiJ9.C5AYigUrWijUH9XtlLVOSLh-BmBCH8TN5WlDlWibmrA',NULL,'2024-04-26 10:19:09.000000',NULL,'7d6aeab986e84bb096d49d4ff9e07e52'),(236,'eyJhbGciOiJIUzI1NiIsInR5cCI6IkpXVCJ9.eyJ0b2tlbl90eXBlIjoicmVmcmVzaCIsImV4cCI6MTcxNDEzNjk1NywiaWF0IjoxNzE0MTE4OTU3LCJqdGkiOiJiZWI3MmVmOTMyNmQ0MjQzYjIzMDBhNzU5OTA4NzJlZiJ9.fw2Qy_IDJ37q-JVbDEVpxMNjdVZ3l5APdipMMzcH-2M',NULL,'2024-04-26 13:09:17.000000',NULL,'beb72ef9326d4243b2300a75990872ef'),(237,'eyJhbGciOiJIUzI1NiIsInR5cCI6IkpXVCJ9.eyJ0b2tlbl90eXBlIjoicmVmcmVzaCIsImV4cCI6MTcxNDEzODg0OSwiaWF0IjoxNzE0MTIwODQ5LCJqdGkiOiI5ZWE4M2FiZDIzNWE0OTRiYmNkZGFmYjY4Mjg3OGNmYyJ9.S_1JT-emnQ895Wyh0e7Aa_RmjkC5RXMbIxkdAbO5nVU',NULL,'2024-04-26 13:40:49.000000',NULL,'9ea83abd235a494bbcddafb682878cfc'),(238,'eyJhbGciOiJIUzI1NiIsInR5cCI6IkpXVCJ9.eyJ0b2tlbl90eXBlIjoicmVmcmVzaCIsImV4cCI6MTcxNDEzODkxNywiaWF0IjoxNzE0MTIwOTE3LCJqdGkiOiJiYjRhZWQ2MWRkNjg0OTQ5OTkyMWQyNmFhNDkwMzk1MyJ9.m4oeukcZuP1l8X-W0KBCLqwFYjFe-DKIUfOtnB9Km7c',NULL,'2024-04-26 13:41:57.000000',NULL,'bb4aed61dd6849499921d26aa4903953'),(239,'eyJhbGciOiJIUzI1NiIsInR5cCI6IkpXVCJ9.eyJ0b2tlbl90eXBlIjoicmVmcmVzaCIsImV4cCI6MTcxNDEzODk4NCwiaWF0IjoxNzE0MTIwOTg0LCJqdGkiOiI5ZTBmMzU4ZGEwNTY0MGQzYTI4M2I5ODE1NDI3ODFjMCJ9.jc13ACOUrYxUX9Vms3Qp5oXIuNudnoXzgARjbKxo9hw',NULL,'2024-04-26 13:43:04.000000',NULL,'9e0f358da05640d3a283b981542781c0'),(240,'eyJhbGciOiJIUzI1NiIsInR5cCI6IkpXVCJ9.eyJ0b2tlbl90eXBlIjoicmVmcmVzaCIsImV4cCI6MTcxNDEzOTAzNywiaWF0IjoxNzE0MTIxMDM3LCJqdGkiOiJkNjdjYWRiMTkzODg0Y2Q5ODQyNzFmYmE1NTlmZTU4MyJ9.e2rHZ4O-9OXVAXohTBDjOAIuU0UbHH5BzOOONLF3sBs',NULL,'2024-04-26 13:43:57.000000',NULL,'d67cadb193884cd984271fba559fe583'),(241,'eyJhbGciOiJIUzI1NiIsInR5cCI6IkpXVCJ9.eyJ0b2tlbl90eXBlIjoicmVmcmVzaCIsImV4cCI6MTcxNDEzOTA2MCwiaWF0IjoxNzE0MTIxMDYwLCJqdGkiOiI3ZjI1NjFhZDEzN2Q0OTE3YmY5NzhkZWMwYTFmMmEzMyJ9.JpC0OnRdxgpjSnimTspJlJWDtewvPzxqdicjZr0Nnas',NULL,'2024-04-26 13:44:20.000000',NULL,'7f2561ad137d4917bf978dec0a1f2a33'),(242,'eyJhbGciOiJIUzI1NiIsInR5cCI6IkpXVCJ9.eyJ0b2tlbl90eXBlIjoicmVmcmVzaCIsImV4cCI6MTcxNDEzOTc3MiwiaWF0IjoxNzE0MTIxNzcyLCJqdGkiOiI5NDE4ZWIxODZiMWU0ZDBiYmVmYWNmNDQ2YjNjMjRjNSJ9.L0U0ZsK7yki14wKdoDFHD6DZwnkiKL2naaKRLfU5oDM',NULL,'2024-04-26 13:56:12.000000',NULL,'9418eb186b1e4d0bbefacf446b3c24c5'),(243,'eyJhbGciOiJIUzI1NiIsInR5cCI6IkpXVCJ9.eyJ0b2tlbl90eXBlIjoicmVmcmVzaCIsImV4cCI6MTcxNDE0MDU3OCwiaWF0IjoxNzE0MTIyNTc4LCJqdGkiOiJlZmI1NTQzMjI2ZWY0ZjQyOGM4NTIzNThkY2Y4N2E2ZCJ9.Y5sqPIl7uCzAvQO1k6tBdAYwy8XNEv_G2-Aa1t-Z8ok',NULL,'2024-04-26 14:09:38.000000',NULL,'efb5543226ef4f428c852358dcf87a6d'),(244,'eyJhbGciOiJIUzI1NiIsInR5cCI6IkpXVCJ9.eyJ0b2tlbl90eXBlIjoicmVmcmVzaCIsImV4cCI6MTcxNDE1MjY2MCwiaWF0IjoxNzE0MTM0NjYwLCJqdGkiOiI2ODRhZTIyOWFmY2U0ZDVlOWJlNGE1Nzc4OTBjZGM1NSJ9.eRKPUdWqTB21uEU_Fv0q_UKZUsrK8ex3WF0_jkZci_U',NULL,'2024-04-26 17:31:00.000000',NULL,'684ae229afce4d5e9be4a577890cdc55'),(245,'eyJhbGciOiJIUzI1NiIsInR5cCI6IkpXVCJ9.eyJ0b2tlbl90eXBlIjoicmVmcmVzaCIsImV4cCI6MTcxNDE1MzUzMiwiaWF0IjoxNzE0MTM1NTMyLCJqdGkiOiIxZWE3YzZiNzE3MDI0Yzc0ODEwZTBmOGExNmM4MDNmYSJ9.reTUS8Bcm7INl2-CRuHTT22PpM3skOmCGXKBFYPYGgE',NULL,'2024-04-26 17:45:32.000000',NULL,'1ea7c6b717024c74810e0f8a16c803fa'),(246,'eyJhbGciOiJIUzI1NiIsInR5cCI6IkpXVCJ9.eyJ0b2tlbl90eXBlIjoicmVmcmVzaCIsImV4cCI6MTcxNDE1OTQ5MCwiaWF0IjoxNzE0MTQxNDkwLCJqdGkiOiI3ZWYwNTQ2OWFjYjc0OWQwYmY3OTYxZTA0YTI1MzQ2ZCJ9.Dvr-D4QJ2icvUclpa_jRxJFoOK2HiWysC-Tf05hQfus',NULL,'2024-04-26 19:24:50.000000',NULL,'7ef05469acb749d0bf7961e04a25346d'),(247,'eyJhbGciOiJIUzI1NiIsInR5cCI6IkpXVCJ9.eyJ0b2tlbl90eXBlIjoicmVmcmVzaCIsImV4cCI6MTcxNDE1OTkxNSwiaWF0IjoxNzE0MTQxOTE1LCJqdGkiOiJkYTMxYTU4MmMyNjM0MTU5YTVmMTljNDI1ZDhmMjI1NCJ9.kocoIuFFbZtLgmoHuP2WEManMQ_-RypdMmc9Qs0GdyI',NULL,'2024-04-26 19:31:55.000000',NULL,'da31a582c2634159a5f19c425d8f2254'),(248,'eyJhbGciOiJIUzI1NiIsInR5cCI6IkpXVCJ9.eyJ0b2tlbl90eXBlIjoicmVmcmVzaCIsImV4cCI6MTcxNDE2MDk4NiwiaWF0IjoxNzE0MTQyOTg2LCJqdGkiOiI1ZmNkZmZhMDU0ZmM0ZDhjYWIxNTcxZTJhMTU1NWQ4MiJ9.rHbcA6E27SWqmjaM80hUXIzhnZVpooxOqjGPSTqnE6Y',NULL,'2024-04-26 19:49:46.000000',NULL,'5fcdffa054fc4d8cab1571e2a1555d82'),(249,'eyJhbGciOiJIUzI1NiIsInR5cCI6IkpXVCJ9.eyJ0b2tlbl90eXBlIjoicmVmcmVzaCIsImV4cCI6MTcxNDE2MTAwNSwiaWF0IjoxNzE0MTQzMDA1LCJqdGkiOiI3NGMxNmExMjJlMGU0NzJjYTIzNmVlYjk4NTdkYmE2YiJ9.2ZH2s1NwL6NvY8L8_qtYYhJKw9zqoA6IXKlb9yqeehY',NULL,'2024-04-26 19:50:05.000000',NULL,'74c16a122e0e472ca236eeb9857dba6b'),(250,'eyJhbGciOiJIUzI1NiIsInR5cCI6IkpXVCJ9.eyJ0b2tlbl90eXBlIjoicmVmcmVzaCIsImV4cCI6MTcxNDE2MTE4MSwiaWF0IjoxNzE0MTQzMTgxLCJqdGkiOiI0ZTJkYTk5NzZjZDI0NThmOWFhNjM4OGM3MGIyMTJmYyJ9.NRS3qcIA0Q5QJFR7GQRzyqklyEDaPGsTYZlfuKl7BOw',NULL,'2024-04-26 19:53:01.000000',NULL,'4e2da9976cd2458f9aa6388c70b212fc'),(251,'eyJhbGciOiJIUzI1NiIsInR5cCI6IkpXVCJ9.eyJ0b2tlbl90eXBlIjoicmVmcmVzaCIsImV4cCI6MTcxNDE2MTIyMSwiaWF0IjoxNzE0MTQzMjIxLCJqdGkiOiIzNzlkZTUwZmJhNWE0ODdlOTJhODVmZjg3ZTNkMzJjYSJ9.EjhPIIr3fkkSe88GiJ3nvMNXqlbEMIe34hN0k63PQHY',NULL,'2024-04-26 19:53:41.000000',NULL,'379de50fba5a487e92a85ff87e3d32ca'),(252,'eyJhbGciOiJIUzI1NiIsInR5cCI6IkpXVCJ9.eyJ0b2tlbl90eXBlIjoicmVmcmVzaCIsImV4cCI6MTcxNDE2MTI2MywiaWF0IjoxNzE0MTQzMjYzLCJqdGkiOiIyNWM3NWNkOWJmNDY0MGVjOTkxYTYzNzVkNTVjZGNhNyJ9.aN3zXFEENyhY5W7q8hm20rE_-AStBGwl4jGf3Z-5Gqo',NULL,'2024-04-26 19:54:23.000000',NULL,'25c75cd9bf4640ec991a6375d55cdca7'),(253,'eyJhbGciOiJIUzI1NiIsInR5cCI6IkpXVCJ9.eyJ0b2tlbl90eXBlIjoicmVmcmVzaCIsImV4cCI6MTcxNDE2MTM1MSwiaWF0IjoxNzE0MTQzMzUxLCJqdGkiOiI0MmQ1NjM5YjdkODk0MjVkODc5NTg5ZTdmMWU0Y2U4NCJ9.6GUVi_2fLOrhBJdGY0fAkS2DtkS80DoXyQsg3pIcQh0',NULL,'2024-04-26 19:55:51.000000',NULL,'42d5639b7d89425d879589e7f1e4ce84'),(254,'eyJhbGciOiJIUzI1NiIsInR5cCI6IkpXVCJ9.eyJ0b2tlbl90eXBlIjoicmVmcmVzaCIsImV4cCI6MTcxNDE2MTQ0MCwiaWF0IjoxNzE0MTQzNDQwLCJqdGkiOiI3MWZjZjI4NzU5MDU0ZjBlYTBmMWE3YzM1ODg1MjRhZiJ9.kBfPTf6ZJ8xqRZpD2G0ZEC5k8o8jhjN0DLCIfl-xpDA',NULL,'2024-04-26 19:57:20.000000',NULL,'71fcf28759054f0ea0f1a7c3588524af'),(255,'eyJhbGciOiJIUzI1NiIsInR5cCI6IkpXVCJ9.eyJ0b2tlbl90eXBlIjoicmVmcmVzaCIsImV4cCI6MTcxNDIyNDU0OCwiaWF0IjoxNzE0MjA2NTQ4LCJqdGkiOiIxNDk4MmQ1YWFlZDU0ZGQ0ODBjNWVmNmNiMDk1NWFiYyJ9.WMP_uPch_8onZrke9q-ArtwQ4lstcPmA2IMoxBoGZDM',NULL,'2024-04-27 13:29:08.000000',NULL,'14982d5aaed54dd480c5ef6cb0955abc'),(256,'eyJhbGciOiJIUzI1NiIsInR5cCI6IkpXVCJ9.eyJ0b2tlbl90eXBlIjoicmVmcmVzaCIsImV4cCI6MTcxNDMxNDEzOCwiaWF0IjoxNzE0Mjk2MTM4LCJqdGkiOiJlZjAwZWEyOWJjMDg0ZGE1YWNjNGYyY2Y0MTVkY2I2MCJ9.gL6VI2KnNh_2rWp4w9VMxackwSVNlHIqtR-NlXTdoWs',NULL,'2024-04-28 14:22:18.000000',NULL,'ef00ea29bc084da5acc4f2cf415dcb60'),(257,'eyJhbGciOiJIUzI1NiIsInR5cCI6IkpXVCJ9.eyJ0b2tlbl90eXBlIjoicmVmcmVzaCIsImV4cCI6MTcxNDMzMjMwNywiaWF0IjoxNzE0MzE0MzA3LCJqdGkiOiI4MTQ2ZWQyNTRjNzY0NDlhOGE1YWRmMDZlZjc2NTQ3ZCJ9.1sU0XWtpbE9Ha4FkJkOscDOpPLh01kG_haaGAjVb6o4',NULL,'2024-04-28 19:25:07.000000',NULL,'8146ed254c76449a8a5adf06ef76547d'),(258,'eyJhbGciOiJIUzI1NiIsInR5cCI6IkpXVCJ9.eyJ0b2tlbl90eXBlIjoicmVmcmVzaCIsImV4cCI6MTcxNDM1MzAwMCwiaWF0IjoxNzE0MzM1MDAwLCJqdGkiOiI2NzE0YjM1NjBjZDU0ZjgyOTU3N2ZkYTYxMWM1MThkNSIsInVzZXJfaWQiOjR9.xT0x_p00iXN72zt-MnRRRPMCgw-Qyfd_y51e9A6fqYo','2024-04-28 20:10:00.090773','2024-04-29 01:10:00.000000',NULL,'6714b3560cd54f829577fda611c518d5'),(259,'eyJhbGciOiJIUzI1NiIsInR5cCI6IkpXVCJ9.eyJ0b2tlbl90eXBlIjoicmVmcmVzaCIsImV4cCI6MTcxNDM1NzI1NCwiaWF0IjoxNzE0MzM5MjU0LCJqdGkiOiJiNzAyMTFjYWNlZDY0ODFiYmZhNDYyZWFmN2M2NzlmNiJ9.RncN0a3VvTI03Yna8c4mCWVmjndXusInZssHUfoUV7o',NULL,'2024-04-29 02:20:54.000000',NULL,'b70211caced6481bbfa462eaf7c679f6'),(260,'eyJhbGciOiJIUzI1NiIsInR5cCI6IkpXVCJ9.eyJ0b2tlbl90eXBlIjoicmVmcmVzaCIsImV4cCI6MTcxNDM1NzI3MSwiaWF0IjoxNzE0MzM5MjcxLCJqdGkiOiI4Y2FlYTQ5ZGYzOTM0M2EyOTgxMjU3NDMyMDE3MGZhYSJ9.NZ9rasEYVSVhDiUTVUXxuMyblFgoDJZePYlOjWCvcok',NULL,'2024-04-29 02:21:11.000000',NULL,'8caea49df39343a29812574320170faa'),(261,'eyJhbGciOiJIUzI1NiIsInR5cCI6IkpXVCJ9.eyJ0b2tlbl90eXBlIjoicmVmcmVzaCIsImV4cCI6MTcxNDM1NzY0OSwiaWF0IjoxNzE0MzM5NjQ5LCJqdGkiOiIyZjE2MTdlYzUxNzY0NmVhYWVmMmJkOGE5OWVkNDJlOCJ9.iTzDOgaDoadX8vkIv4zgOvt1Mf0rM0qXyWLEwCFkBUM',NULL,'2024-04-29 02:27:29.000000',NULL,'2f1617ec517646eaaef2bd8a99ed42e8'),(262,'eyJhbGciOiJIUzI1NiIsInR5cCI6IkpXVCJ9.eyJ0b2tlbl90eXBlIjoicmVmcmVzaCIsImV4cCI6MTcxNDM1ODk3MCwiaWF0IjoxNzE0MzQwOTcwLCJqdGkiOiJiZTg0NzRmZmJjMzA0MDA5ODFhOTI2MDY3OTg1ZDU4MyJ9.KUn10iAwG9yFdREsvzfWJj5blh6BwlVEoFG_FVBG2MI',NULL,'2024-04-29 02:49:30.000000',NULL,'be8474ffbc30400981a926067985d583'),(263,'eyJhbGciOiJIUzI1NiIsInR5cCI6IkpXVCJ9.eyJ0b2tlbl90eXBlIjoicmVmcmVzaCIsImV4cCI6MTcxNDM1ODk3MiwiaWF0IjoxNzE0MzQwOTcyLCJqdGkiOiJjOGMxYmY5ZGZiOTg0MzhmYjNkNDk4ZDJkNDNiOWM3MyJ9.Kce6G9PeZFa7LgvLqC933AW7hY6DSK7K4SLK0f7BLr4',NULL,'2024-04-29 02:49:32.000000',NULL,'c8c1bf9dfb98438fb3d498d2d43b9c73'),(264,'eyJhbGciOiJIUzI1NiIsInR5cCI6IkpXVCJ9.eyJ0b2tlbl90eXBlIjoicmVmcmVzaCIsImV4cCI6MTcxNDM4NTI4MiwiaWF0IjoxNzE0MzY3MjgyLCJqdGkiOiI4ZDI3YmY4ZTU4MmE0NzgxYmJhY2E5NzI4ZjFjZTI4ZCJ9.Mk4ENHjsloDhN2bE8b1OXJSUY6wE3HkVll2m5VyB2pY',NULL,'2024-04-29 10:08:02.000000',NULL,'8d27bf8e582a4781bbaca9728f1ce28d'),(265,'eyJhbGciOiJIUzI1NiIsInR5cCI6IkpXVCJ9.eyJ0b2tlbl90eXBlIjoicmVmcmVzaCIsImV4cCI6MTcxNDM5NDQwNywiaWF0IjoxNzE0Mzc2NDA3LCJqdGkiOiJkMTFhNjQzNTIxNDE0Mjg3YTA3Njg0M2IzZWNlNmZhMSIsInVzZXJfaWQiOjR9.cLomsZ2ilT_OfPucc9f1b-s52UDNyx9A6cO5p-Bmi0I','2024-04-29 07:40:07.610781','2024-04-29 12:40:07.000000',NULL,'d11a643521414287a076843b3ece6fa1'),(266,'eyJhbGciOiJIUzI1NiIsInR5cCI6IkpXVCJ9.eyJ0b2tlbl90eXBlIjoicmVmcmVzaCIsImV4cCI6MTcxNDM5NTY3MywiaWF0IjoxNzE0Mzc3NjczLCJqdGkiOiI5YWQ3NTdhYzA5Njc0N2IxYjIzZmUyYmVjYzcwMTNkNSJ9.6iHZz1PQi3Dfe_wxoP8oeTwEZzVAn-UZQVUxkhA83tI',NULL,'2024-04-29 13:01:13.000000',NULL,'9ad757ac096747b1b23fe2becc7013d5'),(267,'eyJhbGciOiJIUzI1NiIsInR5cCI6IkpXVCJ9.eyJ0b2tlbl90eXBlIjoicmVmcmVzaCIsImV4cCI6MTcxNDQwMDAxNSwiaWF0IjoxNzE0MzgyMDE1LCJqdGkiOiJjMzg3NGYyMTkzMDA0ZTdiYWJhYTMzM2EyYmJlY2Y1OSJ9.GpeSRCap9I7EYSGurBLjrA2pfSYPitni6vlGluzzJqo',NULL,'2024-04-29 14:13:35.000000',NULL,'c3874f2193004e7babaa333a2bbecf59'),(268,'eyJhbGciOiJIUzI1NiIsInR5cCI6IkpXVCJ9.eyJ0b2tlbl90eXBlIjoicmVmcmVzaCIsImV4cCI6MTcxNDQwMjA1NSwiaWF0IjoxNzE0Mzg0MDU1LCJqdGkiOiJlYmU4ZjczYTQ2YzE0MTkzOGY0ODZlOTQ4MDYxYjg2NyJ9.Xl9rCuh_mni3lEJmb3n9ESqvWo9xmgMVFFgwrzK01Jo',NULL,'2024-04-29 14:47:35.000000',NULL,'ebe8f73a46c141938f486e948061b867'),(269,'eyJhbGciOiJIUzI1NiIsInR5cCI6IkpXVCJ9.eyJ0b2tlbl90eXBlIjoicmVmcmVzaCIsImV4cCI6MTcxNDQwOTE3NiwiaWF0IjoxNzE0MzkxMTc2LCJqdGkiOiJmNGY4NmU1ZTEzNjQ0YzhkYTU1ZTMzNTZmYmQ5ZWRiYSJ9.qy1VTkDs804ohvdiwAVgcyJiZG40C1PbjRhYjGqAItM',NULL,'2024-04-29 16:46:16.000000',NULL,'f4f86e5e13644c8da55e3356fbd9edba'),(270,'eyJhbGciOiJIUzI1NiIsInR5cCI6IkpXVCJ9.eyJ0b2tlbl90eXBlIjoicmVmcmVzaCIsImV4cCI6MTcxNDQxMzIxMSwiaWF0IjoxNzE0Mzk1MjExLCJqdGkiOiI5ODAzYmJhODc5YzU0YWMzYjRhOTcxNTRiNjJmMmY5YyJ9.-l1nrjsy6XxPOfK0gZ4tWaunhvSv0kmeJmLVhsfGpBo',NULL,'2024-04-29 17:53:31.000000',NULL,'9803bba879c54ac3b4a97154b62f2f9c'),(271,'eyJhbGciOiJIUzI1NiIsInR5cCI6IkpXVCJ9.eyJ0b2tlbl90eXBlIjoicmVmcmVzaCIsImV4cCI6MTcxNDQzMzQ5OCwiaWF0IjoxNzE0NDE1NDk4LCJqdGkiOiIzNzEzYzY0MGU2M2M0NWMyYTY2NDNkNzg4ZmFiYjVmZiJ9.ESITfgw7OM9J4QnpM_GbVs1BLNSGbh8V59UYhXOM028',NULL,'2024-04-29 23:31:38.000000',NULL,'3713c640e63c45c2a6643d788fabb5ff'),(272,'eyJhbGciOiJIUzI1NiIsInR5cCI6IkpXVCJ9.eyJ0b2tlbl90eXBlIjoicmVmcmVzaCIsImV4cCI6MTcxNDQzNTUxNCwiaWF0IjoxNzE0NDE3NTE0LCJqdGkiOiJiODNkMGQzZThmMDI0Njk1YTY4MzJjMDc4MmJjYjE4MSJ9.3ExNiflsvrU0XOlYMNRFQgbarNBYE7rTYThDw84gZc8',NULL,'2024-04-30 00:05:14.000000',NULL,'b83d0d3e8f024695a6832c0782bcb181'),(273,'eyJhbGciOiJIUzI1NiIsInR5cCI6IkpXVCJ9.eyJ0b2tlbl90eXBlIjoicmVmcmVzaCIsImV4cCI6MTcxNDQ2MzEwMSwiaWF0IjoxNzE0NDQ1MTAxLCJqdGkiOiJjMWIxM2FhODVhNTY0Y2VkYjliNTZmMjY2ZTg2N2ZmMiJ9.4NPa-t96H-ci038Z1yN1pXpnDZTV2-iEQoXuZgGqnSM',NULL,'2024-04-30 07:45:01.000000',NULL,'c1b13aa85a564cedb9b56f266e867ff2'),(274,'eyJhbGciOiJIUzI1NiIsInR5cCI6IkpXVCJ9.eyJ0b2tlbl90eXBlIjoicmVmcmVzaCIsImV4cCI6MTcxNDQ2MzU4MiwiaWF0IjoxNzE0NDQ1NTgyLCJqdGkiOiJmNTg2YzBkNTMxN2U0MmIyYjlmY2E3YmU1NzcyNTM5YyJ9.ldh5lwjXmFGBjo_fZ0zykVa6vRgmzNv9fJK54kqs0rM',NULL,'2024-04-30 07:53:02.000000',NULL,'f586c0d5317e42b2b9fca7be5772539c'),(275,'eyJhbGciOiJIUzI1NiIsInR5cCI6IkpXVCJ9.eyJ0b2tlbl90eXBlIjoicmVmcmVzaCIsImV4cCI6MTcxNDQ4MzI5OSwiaWF0IjoxNzE0NDY1Mjk5LCJqdGkiOiI3ZjYzZDgwMWMxZmU0MGQxOWNlMWY2ZjdhODBmODM2NCJ9.hoVw_62FRyuHq5DgBgUdcb92c1JtfySTCGkoUqNTgAM',NULL,'2024-04-30 13:21:39.000000',NULL,'7f63d801c1fe40d19ce1f6f7a80f8364'),(276,'eyJhbGciOiJIUzI1NiIsInR5cCI6IkpXVCJ9.eyJ0b2tlbl90eXBlIjoicmVmcmVzaCIsImV4cCI6MTcxNDQ4NjI1NSwiaWF0IjoxNzE0NDY4MjU1LCJqdGkiOiJkZWYwNDRiMGUwMTA0ZmYxYjVkNGRiODU2OWE3MGRhMSJ9.nxZTxnzFkCCpu_soxd1nP5wqsNxACiazeXSv9GDzoYw',NULL,'2024-04-30 14:10:55.000000',NULL,'def044b0e0104ff1b5d4db8569a70da1'),(277,'eyJhbGciOiJIUzI1NiIsInR5cCI6IkpXVCJ9.eyJ0b2tlbl90eXBlIjoicmVmcmVzaCIsImV4cCI6MTcxNDQ5NjcwMywiaWF0IjoxNzE0NDc4NzAzLCJqdGkiOiJjNTE2YjIyYWExMTQ0Y2UyOGIxODQ1YTNiZTQ5ZGIwZiJ9.rX7-hkSHsuMcIvOlq5TJWt3tRyuJHdIJnNZSYfOJKj8',NULL,'2024-04-30 17:05:03.000000',NULL,'c516b22aa1144ce28b1845a3be49db0f'),(278,'eyJhbGciOiJIUzI1NiIsInR5cCI6IkpXVCJ9.eyJ0b2tlbl90eXBlIjoicmVmcmVzaCIsImV4cCI6MTcxNDQ5NzAwNSwiaWF0IjoxNzE0NDc5MDA1LCJqdGkiOiIxZGZkMGUxZTZkZTI0MWYzODE2OWI0N2ZiM2NmNjc1ZiIsInVzZXJfaWQiOjR9.JJgdptvfJFLhir4qzdG5bQ3bX7-U_gamlDLHxtercl0','2024-04-30 12:10:05.172741','2024-04-30 17:10:05.000000',NULL,'1dfd0e1e6de241f38169b47fb3cf675f'),(279,'eyJhbGciOiJIUzI1NiIsInR5cCI6IkpXVCJ9.eyJ0b2tlbl90eXBlIjoicmVmcmVzaCIsImV4cCI6MTcxNDQ5NzE3OCwiaWF0IjoxNzE0NDc5MTc4LCJqdGkiOiI5YTU5MjliODNkMjg0YjVhOTk1NmRjZThkNDc0NmE5ZSIsInVzZXJfaWQiOjR9.vYr_jLLl69Yh6KjqGPmBSE6nlU6LFBRWVjoO6050RO8','2024-04-30 12:12:58.873042','2024-04-30 17:12:58.000000',NULL,'9a5929b83d284b5a9956dce8d4746a9e'),(280,'eyJhbGciOiJIUzI1NiIsInR5cCI6IkpXVCJ9.eyJ0b2tlbl90eXBlIjoicmVmcmVzaCIsImV4cCI6MTcxNDQ5NzQyNSwiaWF0IjoxNzE0NDc5NDI1LCJqdGkiOiJhYWUzMzM3NDIwMDM0ODAzYWRkODViMzk0OWIxZTNiMCJ9.cElxY_ng_RV9QimDQ06cKDfz-XnjwdmbgtIPvV_xw2g',NULL,'2024-04-30 17:17:05.000000',NULL,'aae3337420034803add85b3949b1e3b0'),(281,'eyJhbGciOiJIUzI1NiIsInR5cCI6IkpXVCJ9.eyJ0b2tlbl90eXBlIjoicmVmcmVzaCIsImV4cCI6MTcxNDQ5NzQ4MywiaWF0IjoxNzE0NDc5NDgzLCJqdGkiOiIxZGM3OTMwZDFiZDM0YmZhOTE4MTFhYWMwNWYwOTU2ZSJ9.qwE19wkD1v6gcm8ZGgNGj_VCS7K4LkOhsjmL1n4ntAk',NULL,'2024-04-30 17:18:03.000000',NULL,'1dc7930d1bd34bfa91811aac05f0956e'),(282,'eyJhbGciOiJIUzI1NiIsInR5cCI6IkpXVCJ9.eyJ0b2tlbl90eXBlIjoicmVmcmVzaCIsImV4cCI6MTcxNDQ5NzU2MiwiaWF0IjoxNzE0NDc5NTYyLCJqdGkiOiI1YTg1M2RiYmVlNmE0NTUwYWI4ZTJjZjA5YmEzNTQzMSJ9.d-BJqUdDoWzk0ZE6mNWusSXzQyJAfg5bKzuHkAhGFY8',NULL,'2024-04-30 17:19:22.000000',NULL,'5a853dbbee6a4550ab8e2cf09ba35431'),(283,'eyJhbGciOiJIUzI1NiIsInR5cCI6IkpXVCJ9.eyJ0b2tlbl90eXBlIjoicmVmcmVzaCIsImV4cCI6MTcxNDQ5NzU4MywiaWF0IjoxNzE0NDc5NTgzLCJqdGkiOiJkYTc3YjE1NzcwODM0NWE3OTU4OTdmODMxZDY5NDkyZCIsInVzZXJfaWQiOjR9.KhI4GHD13GMuar5xrmuUjKcSTCRAR1czVfCMUHt-Vi4','2024-04-30 12:19:43.652332','2024-04-30 17:19:43.000000',NULL,'da77b157708345a795897f831d69492d'),(284,'eyJhbGciOiJIUzI1NiIsInR5cCI6IkpXVCJ9.eyJ0b2tlbl90eXBlIjoicmVmcmVzaCIsImV4cCI6MTcxNDQ5NzY3NCwiaWF0IjoxNzE0NDc5Njc0LCJqdGkiOiIyZmExYjVkYmEzZTY0OGYwOWQwZDY3OTcxODFkYjVhMSIsInVzZXJfaWQiOjR9.FPMA2dvlcxgskt4VjvmJeRMRwO7tYwsaG_shk1ww-no','2024-04-30 12:21:14.527450','2024-04-30 17:21:14.000000',NULL,'2fa1b5dba3e648f09d0d6797181db5a1'),(285,'eyJhbGciOiJIUzI1NiIsInR5cCI6IkpXVCJ9.eyJ0b2tlbl90eXBlIjoicmVmcmVzaCIsImV4cCI6MTcxNDUwMTUwNywiaWF0IjoxNzE0NDgzNTA3LCJqdGkiOiI2ODJmZTkyMWMzYmI0ODE1OGI3NTVjNDYyODVhYzVjOCJ9.ampNMQrNlVG1n8zY8ZeIackwd12QHdPbcwX6ZxpPoxE',NULL,'2024-04-30 18:25:07.000000',NULL,'682fe921c3bb48158b755c46285ac5c8'),(286,'eyJhbGciOiJIUzI1NiIsInR5cCI6IkpXVCJ9.eyJ0b2tlbl90eXBlIjoicmVmcmVzaCIsImV4cCI6MTcxNDUwNjMzMCwiaWF0IjoxNzE0NDg4MzMwLCJqdGkiOiI4NDA0Y2NhYzE0MTE0ZGZjOGM0OTkzZjc5OTQ0MmUxYyJ9.0NPraZDm18yrMNUpYVpeuN9vKyhTtFPmkNSb71pHUbU',NULL,'2024-04-30 19:45:30.000000',NULL,'8404ccac14114dfc8c4993f799442e1c'),(287,'eyJhbGciOiJIUzI1NiIsInR5cCI6IkpXVCJ9.eyJ0b2tlbl90eXBlIjoicmVmcmVzaCIsImV4cCI6MTcxNDUwNjM1NCwiaWF0IjoxNzE0NDg4MzU0LCJqdGkiOiJhOTQzNDU4ZmRmZWM0NjJhOTIxNWFjMTUyNmVjZTQyNSJ9.6iinA7R0IwfBnsvllTIeNh2NvXnmgUfxLJzgyakCxP4',NULL,'2024-04-30 19:45:54.000000',NULL,'a943458fdfec462a9215ac1526ece425'),(288,'eyJhbGciOiJIUzI1NiIsInR5cCI6IkpXVCJ9.eyJ0b2tlbl90eXBlIjoicmVmcmVzaCIsImV4cCI6MTcxNDUyOTM0OCwiaWF0IjoxNzE0NTExMzQ4LCJqdGkiOiIxMzM1Y2ZlOTdjMDU0NWU2OWQyMDRlZGZhMmRiYzkzNCJ9.yv1bmPb2XG3r3VVz7Q-MyFyhmmWhe6_6QPJ9u0Rt8yk',NULL,'2024-05-01 02:09:08.000000',NULL,'1335cfe97c0545e69d204edfa2dbc934'),(289,'eyJhbGciOiJIUzI1NiIsInR5cCI6IkpXVCJ9.eyJ0b2tlbl90eXBlIjoicmVmcmVzaCIsImV4cCI6MTcxNDUzMjQ1NCwiaWF0IjoxNzE0NTE0NDU0LCJqdGkiOiJkMDEwZjNmZWJmMDU0ZTdjOWU2NTVlZmQwMGYyOTVlOSJ9.QCS611klZickAQ_QnmLtDdpzxUqDAbCHHEcF3JfuOqg',NULL,'2024-05-01 03:00:54.000000',NULL,'d010f3febf054e7c9e655efd00f295e9'),(290,'eyJhbGciOiJIUzI1NiIsInR5cCI6IkpXVCJ9.eyJ0b2tlbl90eXBlIjoicmVmcmVzaCIsImV4cCI6MTcxNDUzMjk1NSwiaWF0IjoxNzE0NTE0OTU1LCJqdGkiOiI1MzRmZWVhNDcyYTM0NDYwOGY3MDVmMTRmZTAxYTRmNCJ9.krtmyh9oQQ2ItFEzIRfSLhN3YurSXSY9MJb448apNys',NULL,'2024-05-01 03:09:15.000000',NULL,'534feea472a344608f705f14fe01a4f4'),(291,'eyJhbGciOiJIUzI1NiIsInR5cCI6IkpXVCJ9.eyJ0b2tlbl90eXBlIjoicmVmcmVzaCIsImV4cCI6MTcxNDU1MTYxOSwiaWF0IjoxNzE0NTMzNjE5LCJqdGkiOiJhMDk1Zjg4ODliM2M0MjJmYWQ1YzI2YzY5OWE1NDliOCJ9.FiRMuE7m4U4nveXhidPIjeklW-N_XbE4soMFUIerStw',NULL,'2024-05-01 08:20:19.000000',NULL,'a095f8889b3c422fad5c26c699a549b8'),(292,'eyJhbGciOiJIUzI1NiIsInR5cCI6IkpXVCJ9.eyJ0b2tlbl90eXBlIjoicmVmcmVzaCIsImV4cCI6MTcxNDU2NDYxNCwiaWF0IjoxNzE0NTQ2NjE0LCJqdGkiOiJkYzczNGIwMGJjZTI0ZDI4YmY1ZmFjNWI0NTQzNGY1ZSJ9.FTUmfS_h6pdBqr5rbFB_Aw02R_WZUNaJCMq1ygg__Es',NULL,'2024-05-01 11:56:54.000000',NULL,'dc734b00bce24d28bf5fac5b45434f5e'),(293,'eyJhbGciOiJIUzI1NiIsInR5cCI6IkpXVCJ9.eyJ0b2tlbl90eXBlIjoicmVmcmVzaCIsImV4cCI6MTcxNDU3MzU4NSwiaWF0IjoxNzE0NTU1NTg1LCJqdGkiOiI3MGRlZmNjY2FhMDI0ZDMwODg1YWE2NDRlMDQyOTJiMSJ9.NtNZdg6JrgmhdcI_Ijg94dOPiMkGCLunXnCe7M63yno',NULL,'2024-05-01 14:26:25.000000',NULL,'70defcccaa024d30885aa644e04292b1'),(294,'eyJhbGciOiJIUzI1NiIsInR5cCI6IkpXVCJ9.eyJ0b2tlbl90eXBlIjoicmVmcmVzaCIsImV4cCI6MTcxNDU5MTcyNiwiaWF0IjoxNzE0NTczNzI2LCJqdGkiOiI4ZmM4MTBhNjBlYjc0M2FlOGQ4MTljMjJjNTdjYjQ3MiJ9.bGf2dAbqOl6IWFPZ-lF7gGGzyQvJPpqWA4OudQmrLpY',NULL,'2024-05-01 19:28:46.000000',NULL,'8fc810a60eb743ae8d819c22c57cb472'),(295,'eyJhbGciOiJIUzI1NiIsInR5cCI6IkpXVCJ9.eyJ0b2tlbl90eXBlIjoicmVmcmVzaCIsImV4cCI6MTcxNDU5MjY3MSwiaWF0IjoxNzE0NTc0NjcxLCJqdGkiOiI3ZjM1NTMzNDAwYTE0N2FjYjhkNWU3ZDg3NDIyZWRmZiJ9.NH_oiKIhL6Kwh20jAS_P96HCrvbGv6dHA7Gba6Bg72Y',NULL,'2024-05-01 19:44:31.000000',NULL,'7f35533400a147acb8d5e7d87422edff'),(296,'eyJhbGciOiJIUzI1NiIsInR5cCI6IkpXVCJ9.eyJ0b2tlbl90eXBlIjoicmVmcmVzaCIsImV4cCI6MTcxNDYxMjUyMywiaWF0IjoxNzE0NTk0NTIzLCJqdGkiOiJjNGU5MTlkMTI2ODI0NmFlYWM2MzI2NjY3MDEyOTE2NSJ9.nVnqQElCv0AHD1Cyr_pBjofqFruOzIa1sWoA_kQtro8',NULL,'2024-05-02 01:15:23.000000',NULL,'c4e919d1268246aeac63266670129165'),(297,'eyJhbGciOiJIUzI1NiIsInR5cCI6IkpXVCJ9.eyJ0b2tlbl90eXBlIjoicmVmcmVzaCIsImV4cCI6MTcxNDYzNzg0MCwiaWF0IjoxNzE0NjE5ODQwLCJqdGkiOiI3MzRhNjZlMzNkODE0YWEzOTBlMzg3ZmJlZDI0ZTg3MCJ9.THPw836g4VD1j5X7P0o3fD5OIFKbloP1Wldw14P_q00',NULL,'2024-05-02 08:17:20.000000',NULL,'734a66e33d814aa390e387fbed24e870'),(298,'eyJhbGciOiJIUzI1NiIsInR5cCI6IkpXVCJ9.eyJ0b2tlbl90eXBlIjoicmVmcmVzaCIsImV4cCI6MTcxNDYzOTk3MSwiaWF0IjoxNzE0NjIxOTcxLCJqdGkiOiIyNjhkNzQ2MzRlYjA0ZDlhOTcyZjc4MjQzMWNhMDU4MyJ9.DVDHLVVWdnAmT9Nl_qOy3tBu_xoAyOG8B9RAQoLLW38',NULL,'2024-05-02 08:52:51.000000',NULL,'268d74634eb04d9a972f782431ca0583'),(299,'eyJhbGciOiJIUzI1NiIsInR5cCI6IkpXVCJ9.eyJ0b2tlbl90eXBlIjoicmVmcmVzaCIsImV4cCI6MTcxNDY0OTEyOCwiaWF0IjoxNzE0NjMxMTI4LCJqdGkiOiI0NjA0ZjViOTQ1YjM0ZGE5YjIyZTUwNjZkYzZmNjRiYyJ9.D5dywVjdw1-4vyXuG03FEe13hu_8sV-ylOaX7cZpNBY',NULL,'2024-05-02 11:25:28.000000',NULL,'4604f5b945b34da9b22e5066dc6f64bc'),(300,'eyJhbGciOiJIUzI1NiIsInR5cCI6IkpXVCJ9.eyJ0b2tlbl90eXBlIjoicmVmcmVzaCIsImV4cCI6MTcxNDY1MjQ5OSwiaWF0IjoxNzE0NjM0NDk5LCJqdGkiOiI0OTBjMzE1YTc0YmQ0NDljYjMwMjRkNWQ0MDZhNWNmMyJ9.09sJKhUgK8h21MuXNjZznNJ_I9sJsV_RDDKsH-HtFto',NULL,'2024-05-02 12:21:39.000000',NULL,'490c315a74bd449cb3024d5d406a5cf3'),(301,'eyJhbGciOiJIUzI1NiIsInR5cCI6IkpXVCJ9.eyJ0b2tlbl90eXBlIjoicmVmcmVzaCIsImV4cCI6MTcxNDY1MjU4OCwiaWF0IjoxNzE0NjM0NTg4LCJqdGkiOiJhYTcxMzJmNWQxMmM0ODJlYjJlOTAyZWZkNTY3NWI1NyJ9.NCiUSiDTdcjxCkLA3f5FEThgndNc2Yv_214PpwFLWsI',NULL,'2024-05-02 12:23:08.000000',NULL,'aa7132f5d12c482eb2e902efd5675b57'),(302,'eyJhbGciOiJIUzI1NiIsInR5cCI6IkpXVCJ9.eyJ0b2tlbl90eXBlIjoicmVmcmVzaCIsImV4cCI6MTcxNDY1MjYxNSwiaWF0IjoxNzE0NjM0NjE1LCJqdGkiOiJlYjg4ODZjM2FhMjc0ODJiYWM2MDNhN2RiZTM1ZDNkMiJ9.-ut6OgIxXVK4bMDuSs6PlYLwI6jvJUJ6_D0cDJeH0LY',NULL,'2024-05-02 12:23:35.000000',NULL,'eb8886c3aa27482bac603a7dbe35d3d2'),(303,'eyJhbGciOiJIUzI1NiIsInR5cCI6IkpXVCJ9.eyJ0b2tlbl90eXBlIjoicmVmcmVzaCIsImV4cCI6MTcxNDY1MjYxOSwiaWF0IjoxNzE0NjM0NjE5LCJqdGkiOiI3MjBhYjZmOTNmMjk0YTMzYTUxOWQ5MTU3NmZmNWRmMSJ9._Tj-x7nDXCvbzorFiswgNiJWBBVxp8T9eNvQXGyrGBE',NULL,'2024-05-02 12:23:39.000000',NULL,'720ab6f93f294a33a519d91576ff5df1'),(304,'eyJhbGciOiJIUzI1NiIsInR5cCI6IkpXVCJ9.eyJ0b2tlbl90eXBlIjoicmVmcmVzaCIsImV4cCI6MTcxNDY1MjcxMSwiaWF0IjoxNzE0NjM0NzExLCJqdGkiOiI2OWExOTM1YWRhZTI0YzU3YjA3ODYxZDgyMTc3NTlhMiJ9.FNYnVAxZH50suW0IkolBzicle3FjxNCqaCddQDUuPHw',NULL,'2024-05-02 12:25:11.000000',NULL,'69a1935adae24c57b07861d8217759a2'),(305,'eyJhbGciOiJIUzI1NiIsInR5cCI6IkpXVCJ9.eyJ0b2tlbl90eXBlIjoicmVmcmVzaCIsImV4cCI6MTcxNDY1Mjc5MiwiaWF0IjoxNzE0NjM0NzkyLCJqdGkiOiI1ZWRmNzY0ZTMyZjA0M2YxOGYzNmViZGI2YmI3NGU1ZCJ9.mdER_VBAgPHhTrqwWb2Kxh0IF8fT9---XivYQImVXoc',NULL,'2024-05-02 12:26:32.000000',NULL,'5edf764e32f043f18f36ebdb6bb74e5d'),(306,'eyJhbGciOiJIUzI1NiIsInR5cCI6IkpXVCJ9.eyJ0b2tlbl90eXBlIjoicmVmcmVzaCIsImV4cCI6MTcxNDY1NDk0NywiaWF0IjoxNzE0NjM2OTQ3LCJqdGkiOiJmOTQ1OGQ2YWFkZGI0NTY3OGFkZWRiN2M5NWMzOWE1YiJ9.SuqLXCRPX6HyrgRT9pzN04dml-8C5HgzvFcHQj-9McU',NULL,'2024-05-02 13:02:27.000000',NULL,'f9458d6aaddb45678adedb7c95c39a5b'),(307,'eyJhbGciOiJIUzI1NiIsInR5cCI6IkpXVCJ9.eyJ0b2tlbl90eXBlIjoicmVmcmVzaCIsImV4cCI6MTcxNDY1OTA4NCwiaWF0IjoxNzE0NjQxMDg0LCJqdGkiOiI0MWI2NTZlYTEwNmM0NWNjOGZiN2RmMzgyMGJkZjFjMyIsInVzZXJfaWQiOjR9.5psrGBgYPgpytZh8gm3lULYCe5jM0Rr2O6DIlsaU3Jo','2024-05-02 09:11:24.024564','2024-05-02 14:11:24.000000',NULL,'41b656ea106c45cc8fb7df3820bdf1c3'),(308,'eyJhbGciOiJIUzI1NiIsInR5cCI6IkpXVCJ9.eyJ0b2tlbl90eXBlIjoicmVmcmVzaCIsImV4cCI6MTcxNDY1OTUwMSwiaWF0IjoxNzE0NjQxNTAxLCJqdGkiOiJlNGQ5MzAyNGViOTY0ZTNhOTdiMTNiODQxNTRlNWE5ZiJ9.6qPp2GIYOkoyBrDGRDZ8yLene0bhJb6qDrWuTqqfGaA',NULL,'2024-05-02 14:18:21.000000',NULL,'e4d93024eb964e3a97b13b84154e5a9f'),(309,'eyJhbGciOiJIUzI1NiIsInR5cCI6IkpXVCJ9.eyJ0b2tlbl90eXBlIjoicmVmcmVzaCIsImV4cCI6MTcxNDY2MDA3NCwiaWF0IjoxNzE0NjQyMDc0LCJqdGkiOiI4MjE4NTRjNzUwNzY0MzA3ODBiYTI3Y2E3MDg0ZTAzZSJ9.504wi5FE_gNqd8QLtN7wRwxyMueFSd289X-oEQ7vDbw',NULL,'2024-05-02 14:27:54.000000',NULL,'821854c75076430780ba27ca7084e03e'),(310,'eyJhbGciOiJIUzI1NiIsInR5cCI6IkpXVCJ9.eyJ0b2tlbl90eXBlIjoicmVmcmVzaCIsImV4cCI6MTcxNDY2MDc2NSwiaWF0IjoxNzE0NjQyNzY1LCJqdGkiOiIwNDRjYjFjNmUyZTc0Y2U4ODYzNDc4NDc3MzJlMTlhMiJ9.kJDnNZF49lM0AbxpIb-B8BdzmR1SQ8mE_3qdAEEqqrM',NULL,'2024-05-02 14:39:25.000000',NULL,'044cb1c6e2e74ce886347847732e19a2'),(311,'eyJhbGciOiJIUzI1NiIsInR5cCI6IkpXVCJ9.eyJ0b2tlbl90eXBlIjoicmVmcmVzaCIsImV4cCI6MTcxNDY2MDc3NiwiaWF0IjoxNzE0NjQyNzc2LCJqdGkiOiJkYzIxZDNkYmIzMzA0M2I5YjBkN2IyZTdlODcxOWY2YSJ9.MVzuzfzmbUMANoFj6Ke8Th7_93gxa7r0EbCX_1AbKys',NULL,'2024-05-02 14:39:36.000000',NULL,'dc21d3dbb33043b9b0d7b2e7e8719f6a'),(312,'eyJhbGciOiJIUzI1NiIsInR5cCI6IkpXVCJ9.eyJ0b2tlbl90eXBlIjoicmVmcmVzaCIsImV4cCI6MTcxNDY2MDc5NiwiaWF0IjoxNzE0NjQyNzk2LCJqdGkiOiIyNTVjYjQyMDhmMzY0MDI1YjZiMjNjZmMwYmQ0ZmMwZiJ9.T69oH0agFomlQJzrb5e_U-L9iWy6VV9q_Tk4szvmtSA',NULL,'2024-05-02 14:39:56.000000',NULL,'255cb4208f364025b6b23cfc0bd4fc0f'),(313,'eyJhbGciOiJIUzI1NiIsInR5cCI6IkpXVCJ9.eyJ0b2tlbl90eXBlIjoicmVmcmVzaCIsImV4cCI6MTcxNDY2NjA1OCwiaWF0IjoxNzE0NjQ4MDU4LCJqdGkiOiI3NTA2ZmIzM2NkNjc0MmZlYTQ2Mzg0NmI3MzhjZGU1OSJ9.x8wPLKEGF6jHmg2lF6JSn-L9puZkZNdRHqBkkKgxvlM',NULL,'2024-05-02 16:07:38.000000',NULL,'7506fb33cd6742fea463846b738cde59'),(314,'eyJhbGciOiJIUzI1NiIsInR5cCI6IkpXVCJ9.eyJ0b2tlbl90eXBlIjoicmVmcmVzaCIsImV4cCI6MTcxNDY3MjY1NiwiaWF0IjoxNzE0NjU0NjU2LCJqdGkiOiI0ZjU0OTJlMjY4Nzc0Y2VlOTE5ZGFjOGIzMDBhZDk0MCJ9.tZHcC0dgbA9y1ILEcPe38LA53vJ2B9S0RPlT9nNVK7o',NULL,'2024-05-02 17:57:36.000000',NULL,'4f5492e268774cee919dac8b300ad940'),(315,'eyJhbGciOiJIUzI1NiIsInR5cCI6IkpXVCJ9.eyJ0b2tlbl90eXBlIjoicmVmcmVzaCIsImV4cCI6MTcxNDY3NTA2MSwiaWF0IjoxNzE0NjU3MDYxLCJqdGkiOiI4NTRhYzQ4YTE2OTQ0YzgxYmE3YTUzNzMxOWRkZDZiMSJ9.LDHdhEqmlDkZHXqYybl_9i2rIW4JotV8ceNRKuIHbdM',NULL,'2024-05-02 18:37:41.000000',NULL,'854ac48a16944c81ba7a537319ddd6b1'),(316,'eyJhbGciOiJIUzI1NiIsInR5cCI6IkpXVCJ9.eyJ0b2tlbl90eXBlIjoicmVmcmVzaCIsImV4cCI6MTcxNDY3NjUyMiwiaWF0IjoxNzE0NjU4NTIyLCJqdGkiOiI4ZWIyNTFiMWMwNmM0ZjlmOTQ0NzI1NzYyNmQ0YWQ3MyJ9.Svsl21-pLz4o0B1mO0XmQ8kojbzws_bt4gcnlSQpXz8',NULL,'2024-05-02 19:02:02.000000',NULL,'8eb251b1c06c4f9f9447257626d4ad73'),(317,'eyJhbGciOiJIUzI1NiIsInR5cCI6IkpXVCJ9.eyJ0b2tlbl90eXBlIjoicmVmcmVzaCIsImV4cCI6MTcxNDY4NTYyMCwiaWF0IjoxNzE0NjY3NjIwLCJqdGkiOiJlYzYzYjI1OGJjYjI0NjZkYmQwOGM2YjUxMjk3NWJjZiJ9.Fuh2pT0YIMKwOqKnA011V5V9V7N7XHS1K8gwgXO3IFc',NULL,'2024-05-02 21:33:40.000000',NULL,'ec63b258bcb2466dbd08c6b512975bcf'),(318,'eyJhbGciOiJIUzI1NiIsInR5cCI6IkpXVCJ9.eyJ0b2tlbl90eXBlIjoicmVmcmVzaCIsImV4cCI6MTcxNDY4NTYyNCwiaWF0IjoxNzE0NjY3NjI0LCJqdGkiOiJlZmJlZDU3NzE5MGU0YzUyYWJhYTdiMWY2Njk1NjkzZCJ9.EFJ9yaHCOU5VEu5JQ1XiyXxh_IrKVDRx8HykP_6clXI',NULL,'2024-05-02 21:33:44.000000',NULL,'efbed577190e4c52abaa7b1f6695693d'),(319,'eyJhbGciOiJIUzI1NiIsInR5cCI6IkpXVCJ9.eyJ0b2tlbl90eXBlIjoicmVmcmVzaCIsImV4cCI6MTcxNDY4NTg4MiwiaWF0IjoxNzE0NjY3ODgyLCJqdGkiOiI4MTUxNDIyMTIyMjk0NTAzODE3ZmI3OTA0NmE2YjVjNiIsInVzZXJfaWQiOjR9.emusc177fo9c7_G7KWrMveJuNmxa3gT1mAH6qIpp3nU','2024-05-02 16:38:02.418259','2024-05-02 21:38:02.000000',NULL,'8151422122294503817fb79046a6b5c6'),(320,'eyJhbGciOiJIUzI1NiIsInR5cCI6IkpXVCJ9.eyJ0b2tlbl90eXBlIjoicmVmcmVzaCIsImV4cCI6MTcxNDY5NDM5NSwiaWF0IjoxNzE0Njc2Mzk1LCJqdGkiOiI1MTk4YjY0OTkzOTM0ZGEyODBhZGNkMzg3NWI0ZDhhNiJ9.HWCAMYN8eNJqfCAq82mB2zPS7PaEJ6uwQR2Xf5PxLPs',NULL,'2024-05-02 23:59:55.000000',NULL,'5198b64993934da280adcd3875b4d8a6'),(321,'eyJhbGciOiJIUzI1NiIsInR5cCI6IkpXVCJ9.eyJ0b2tlbl90eXBlIjoicmVmcmVzaCIsImV4cCI6MTcxNDY5NDQyMCwiaWF0IjoxNzE0Njc2NDIwLCJqdGkiOiI0NTQyZGFlZDU5OTk0OWVjOGViNGJhMDU1YTc5ZTg2NiIsInVzZXJfaWQiOjE1fQ.aesEiscnUwlSzjYy0MWEJbGQqvyCA1WKV-0wRoh7_Bk','2024-05-02 19:00:20.235288','2024-05-03 00:00:20.000000',NULL,'4542daed599949ec8eb4ba055a79e866'),(322,'eyJhbGciOiJIUzI1NiIsInR5cCI6IkpXVCJ9.eyJ0b2tlbl90eXBlIjoicmVmcmVzaCIsImV4cCI6MTcxNDcxNzYxOCwiaWF0IjoxNzE0Njk5NjE4LCJqdGkiOiIwMmNkNWVkOGY5Yzc0YjczODQxNzA4YjFhODBiN2Q2MyJ9.V1Eo-Ry5A5X29XmYy2_FjzBgf7jsfFq887Rh1P7vgFg',NULL,'2024-05-03 06:26:58.000000',NULL,'02cd5ed8f9c74b73841708b1a80b7d63'),(323,'eyJhbGciOiJIUzI1NiIsInR5cCI6IkpXVCJ9.eyJ0b2tlbl90eXBlIjoicmVmcmVzaCIsImV4cCI6MTcxNDc0NjA5MywiaWF0IjoxNzE0NzI4MDkzLCJqdGkiOiI2ZmFjMmQ0YmQyMTE0YjA1ODAyMTg0NWU5ZWE3NGQ1YSJ9.l_-Ldb0T8O8gvaU1uvcIkYihzWMCvQp1qsp3U9oMtaY',NULL,'2024-05-03 14:21:33.000000',NULL,'6fac2d4bd2114b058021845e9ea74d5a'),(324,'eyJhbGciOiJIUzI1NiIsInR5cCI6IkpXVCJ9.eyJ0b2tlbl90eXBlIjoicmVmcmVzaCIsImV4cCI6MTcxNDc0NjEwNywiaWF0IjoxNzE0NzI4MTA3LCJqdGkiOiJiODllYmVmM2U3OTg0MTY0YWU3ZGRiOTgzOWQxNmQ5NyJ9.hQSJG6Kl72pXx0k-Fu1mUCNRih5AiR9vVQbPR33pMk4',NULL,'2024-05-03 14:21:47.000000',NULL,'b89ebef3e7984164ae7ddb9839d16d97'),(325,'eyJhbGciOiJIUzI1NiIsInR5cCI6IkpXVCJ9.eyJ0b2tlbl90eXBlIjoicmVmcmVzaCIsImV4cCI6MTcxNDc2MTM4MiwiaWF0IjoxNzE0NzQzMzgyLCJqdGkiOiI3NjViNTEwMTAzNzA0ZjE1YWY1OTZiMWJjOGRiMjY5YyJ9.ErjjZWCf2TX9Bq2BrrfW_do9qCdP3Ez3lw5nhoTu_ZA',NULL,'2024-05-03 18:36:22.000000',NULL,'765b510103704f15af596b1bc8db269c'),(326,'eyJhbGciOiJIUzI1NiIsInR5cCI6IkpXVCJ9.eyJ0b2tlbl90eXBlIjoicmVmcmVzaCIsImV4cCI6MTcxNDc2ODA4MSwiaWF0IjoxNzE0NzUwMDgxLCJqdGkiOiI3ZjEyMWU2NjlhYjI0MTg5OTE1MmVmYzM5MjNhMDU2YyJ9.BwImpxRNBusFwDIG99tjmBdHW-OInWMqx-gNk9j2MYQ',NULL,'2024-05-03 20:28:01.000000',NULL,'7f121e669ab241899152efc3923a056c'),(327,'eyJhbGciOiJIUzI1NiIsInR5cCI6IkpXVCJ9.eyJ0b2tlbl90eXBlIjoicmVmcmVzaCIsImV4cCI6MTcxNDc3Mjc5NiwiaWF0IjoxNzE0NzU0Nzk2LCJqdGkiOiJjYTM0OGE4MWE1NzU0Y2MwOWE0MDcwMjBjYzgxZWQ2YSJ9.gLtuvvkoWHOIscQ81AlVUXTJLYcEAZNVceiIRz2bZe8',NULL,'2024-05-03 21:46:36.000000',NULL,'ca348a81a5754cc09a407020cc81ed6a'),(328,'eyJhbGciOiJIUzI1NiIsInR5cCI6IkpXVCJ9.eyJ0b2tlbl90eXBlIjoicmVmcmVzaCIsImV4cCI6MTcxNDc4Mzc0NywiaWF0IjoxNzE0NzY1NzQ3LCJqdGkiOiI5ZTU3MzkwNTMwYTU0N2JmODVlOGU3NDBlMzBjMjJlOSJ9.0bGqmCW8NAggSsTKq419TVarQM8cE1Lz0_lucpOucA4',NULL,'2024-05-04 00:49:07.000000',NULL,'9e57390530a547bf85e8e740e30c22e9'),(329,'eyJhbGciOiJIUzI1NiIsInR5cCI6IkpXVCJ9.eyJ0b2tlbl90eXBlIjoicmVmcmVzaCIsImV4cCI6MTcxNDgzMDAwMSwiaWF0IjoxNzE0ODEyMDAxLCJqdGkiOiI4MTc3MTZjMGM5YmQ0YTNmOTJmNzIxMjgyYTY5NDkzMyJ9.d0ANauXvTPqsae7697YD33rAFPZ3NgJxU1Z3UUGNzm0',NULL,'2024-05-04 13:40:01.000000',NULL,'817716c0c9bd4a3f92f721282a694933'),(330,'eyJhbGciOiJIUzI1NiIsInR5cCI6IkpXVCJ9.eyJ0b2tlbl90eXBlIjoicmVmcmVzaCIsImV4cCI6MTcxNDgzMDAxNSwiaWF0IjoxNzE0ODEyMDE1LCJqdGkiOiI1YTQyMTJkMzE1YTE0M2NiYjYwYThmMmRhMjdmMWIwMCJ9.IHVObhF8k0zCacuL6qnWdCZn6xVcdxaG71aCnkqou2Q',NULL,'2024-05-04 13:40:15.000000',NULL,'5a4212d315a143cbb60a8f2da27f1b00'),(331,'eyJhbGciOiJIUzI1NiIsInR5cCI6IkpXVCJ9.eyJ0b2tlbl90eXBlIjoicmVmcmVzaCIsImV4cCI6MTcxNDg2OTI0MCwiaWF0IjoxNzE0ODUxMjQwLCJqdGkiOiI2ZDNhM2I1YWEyNTc0ZjFlYWMyZDBiYTAzYmVkYjU3ZSJ9.UocVVT1PeTx05HR8zswQkP_92BdOLETwKeapmIck2to',NULL,'2024-05-05 00:34:00.000000',NULL,'6d3a3b5aa2574f1eac2d0ba03bedb57e'),(332,'eyJhbGciOiJIUzI1NiIsInR5cCI6IkpXVCJ9.eyJ0b2tlbl90eXBlIjoicmVmcmVzaCIsImV4cCI6MTcxNDg2OTI1OSwiaWF0IjoxNzE0ODUxMjU5LCJqdGkiOiIzNjA5NjM3ZWI1NTM0YTZjYjhmNGVlMTNkNjU4Nzc3MiIsInVzZXJfaWQiOjR9.W6Ct2PzcneDRZkAC9mUNiGh4gYKHzqcwZqOP8E_16DM','2024-05-04 19:34:19.717210','2024-05-05 00:34:19.000000',NULL,'3609637eb5534a6cb8f4ee13d6587772'),(333,'eyJhbGciOiJIUzI1NiIsInR5cCI6IkpXVCJ9.eyJ0b2tlbl90eXBlIjoicmVmcmVzaCIsImV4cCI6MTcxNDg2OTI5OCwiaWF0IjoxNzE0ODUxMjk4LCJqdGkiOiJmODc0ZjI0YzkzMDQ0ZTMzYjZkM2E0OWI5YjI0YjQ2NCJ9.ZpUyBUBS_nvIgOIubmUcttIyELnq5ljxZAe-Ar-JFlI',NULL,'2024-05-05 00:34:58.000000',NULL,'f874f24c93044e33b6d3a49b9b24b464'),(334,'eyJhbGciOiJIUzI1NiIsInR5cCI6IkpXVCJ9.eyJ0b2tlbl90eXBlIjoicmVmcmVzaCIsImV4cCI6MTcxNDg4NjgxMCwiaWF0IjoxNzE0ODY4ODEwLCJqdGkiOiI0NWQxNjQyNGIxNTE0YzA0ODlmZmUyNDJlM2Y4NmM5ZiJ9.J9-D_FyAIy-LQSTvdKal1WqA6d05lPpEZqLh_Dvegz4',NULL,'2024-05-05 05:26:50.000000',NULL,'45d16424b1514c0489ffe242e3f86c9f'),(335,'eyJhbGciOiJIUzI1NiIsInR5cCI6IkpXVCJ9.eyJ0b2tlbl90eXBlIjoicmVmcmVzaCIsImV4cCI6MTcxNDk0MzkyOSwiaWF0IjoxNzE0OTI1OTI5LCJqdGkiOiJlOGU4MjAwNmI3M2M0YzEwYmRjNjNiZDYzODkxOGE5OSJ9.ew7jXSFrGubWnXKKYun_ux9dmMu1HoQe9uQ5L1aiAHI',NULL,'2024-05-05 21:18:49.000000',NULL,'e8e82006b73c4c10bdc63bd638918a99'),(336,'eyJhbGciOiJIUzI1NiIsInR5cCI6IkpXVCJ9.eyJ0b2tlbl90eXBlIjoicmVmcmVzaCIsImV4cCI6MTcxNDk0Mzk0NywiaWF0IjoxNzE0OTI1OTQ3LCJqdGkiOiJhNDljNzk4MzQ5Njc0OWU0OTJhMjJiOTUzNzQwZjIxMiIsInVzZXJfaWQiOjE0fQ.SDhbaj-SI27YHqnsRxDtENLQnXoWMzXxx61eeshNj5w','2024-05-05 16:19:07.500838','2024-05-05 21:19:07.000000',NULL,'a49c7983496749e492a22b953740f212'),(337,'eyJhbGciOiJIUzI1NiIsInR5cCI6IkpXVCJ9.eyJ0b2tlbl90eXBlIjoicmVmcmVzaCIsImV4cCI6MTcxNDk0NDcxMCwiaWF0IjoxNzE0OTI2NzEwLCJqdGkiOiIxZWVlYWIxZGY1YzQ0YTE4OGM5NDVmNTkyZjQ4NWNhNyJ9.eHrSIXDsGFBksSMxoy1OTrTkk18abwl7tLcQtFRCrpk',NULL,'2024-05-05 21:31:50.000000',NULL,'1eeeab1df5c44a188c945f592f485ca7'),(338,'eyJhbGciOiJIUzI1NiIsInR5cCI6IkpXVCJ9.eyJ0b2tlbl90eXBlIjoicmVmcmVzaCIsImV4cCI6MTcxNDk0NDcxNCwiaWF0IjoxNzE0OTI2NzE0LCJqdGkiOiI0YTEzNTE4MjA5ZmU0MmM0OTVjZDJmYzc0ZjYxMDRlMyJ9.pejajjRj_ppfpLbFwD0UjP4mz4_TIUWXQdgZYMVQrf0',NULL,'2024-05-05 21:31:54.000000',NULL,'4a13518209fe42c495cd2fc74f6104e3'),(339,'eyJhbGciOiJIUzI1NiIsInR5cCI6IkpXVCJ9.eyJ0b2tlbl90eXBlIjoicmVmcmVzaCIsImV4cCI6MTcxNDk2MTk5NywiaWF0IjoxNzE0OTQzOTk3LCJqdGkiOiIxYzkxN2M2ZDEyNzY0ZTUyYjcwZDFlMGI2ZDk4MmJjNSJ9.9Pl_IFj3S7FStGX3ZkdXgfSXlDJbqpqTm2kH9SaGfbE',NULL,'2024-05-06 02:19:57.000000',NULL,'1c917c6d12764e52b70d1e0b6d982bc5'),(340,'eyJhbGciOiJIUzI1NiIsInR5cCI6IkpXVCJ9.eyJ0b2tlbl90eXBlIjoicmVmcmVzaCIsImV4cCI6MTcxNDk2MjA3OCwiaWF0IjoxNzE0OTQ0MDc4LCJqdGkiOiI2ZTBlMGM2MWMzNDI0N2E4YTY2ODExZDg1ZDdhNWQ1ZSIsInVzZXJfaWQiOjE0fQ.h9hWlonedWip4WEp0ythiJ5ysLD85LLXGZUQ5Qbl2Ro','2024-05-05 21:21:18.690477','2024-05-06 02:21:18.000000',NULL,'6e0e0c61c34247a8a66811d85d7a5d5e'),(341,'eyJhbGciOiJIUzI1NiIsInR5cCI6IkpXVCJ9.eyJ0b2tlbl90eXBlIjoicmVmcmVzaCIsImV4cCI6MTcxNDk2NDkxOSwiaWF0IjoxNzE0OTQ2OTE5LCJqdGkiOiJiOTI2YTYyMTZhMjA0NjliODFkZDI4Y2EzMDQ5YzA4YyIsInVzZXJfaWQiOjE0fQ.GrXuyN--AsIYIK7J5D2YetH0vXaVwObnNFqHLzCWraM','2024-05-05 22:08:39.292361','2024-05-06 03:08:39.000000',NULL,'b926a6216a20469b81dd28ca3049c08c'),(342,'eyJhbGciOiJIUzI1NiIsInR5cCI6IkpXVCJ9.eyJ0b2tlbl90eXBlIjoicmVmcmVzaCIsImV4cCI6MTcxNDk2OTMyNCwiaWF0IjoxNzE0OTUxMzI0LCJqdGkiOiIxNzQ2MGZlNGFjNmM0MDU0OTY4NjVmOWMxYzdiZDk3NiJ9.SOTtFr-e23-rLFePKAudLqNZIKekT7ZjNERmx_yuuhI',NULL,'2024-05-06 04:22:04.000000',NULL,'17460fe4ac6c405496865f9c1c7bd976'),(343,'eyJhbGciOiJIUzI1NiIsInR5cCI6IkpXVCJ9.eyJ0b2tlbl90eXBlIjoicmVmcmVzaCIsImV4cCI6MTcxNDk3MDkxMCwiaWF0IjoxNzE0OTUyOTEwLCJqdGkiOiIzYTYyMjVlYTE3NWI0NzE0YWYyNWE3MTZjN2IwYzc1YSJ9.vGHaPeVENS6G3gC96tSAxD3AOwu7Xw5ZBtvZE56NA4Q',NULL,'2024-05-06 04:48:30.000000',NULL,'3a6225ea175b4714af25a716c7b0c75a'),(344,'eyJhbGciOiJIUzI1NiIsInR5cCI6IkpXVCJ9.eyJ0b2tlbl90eXBlIjoicmVmcmVzaCIsImV4cCI6MTcxNDk3MTUxMCwiaWF0IjoxNzE0OTUzNTEwLCJqdGkiOiI1ZTFkMjQ2MTgyNzM0OGE2YTEwM2EzZjA2NWM3MDA2NiJ9.4A78uGDvt_8VfoGWrzaNHpCaduwlRQxYY_zm-lVMyNg',NULL,'2024-05-06 04:58:30.000000',NULL,'5e1d2461827348a6a103a3f065c70066'),(345,'eyJhbGciOiJIUzI1NiIsInR5cCI6IkpXVCJ9.eyJ0b2tlbl90eXBlIjoicmVmcmVzaCIsImV4cCI6MTcxNTAwMTgxNywiaWF0IjoxNzE0OTgzODE3LCJqdGkiOiIxMDVhOTA2MjViYmI0Y2I5YjhjZmEwYjQxZTZmOWIxZiJ9.JasCgThPerbrI75kyNsQ_EqbHwzNeXrAPwIwus0rdQg',NULL,'2024-05-06 13:23:37.000000',NULL,'105a90625bbb4cb9b8cfa0b41e6f9b1f'),(346,'eyJhbGciOiJIUzI1NiIsInR5cCI6IkpXVCJ9.eyJ0b2tlbl90eXBlIjoicmVmcmVzaCIsImV4cCI6MTcxNTAwMzI0NCwiaWF0IjoxNzE0OTg1MjQ0LCJqdGkiOiJmMDQ1MmFmMTJhNGY0ZmVjOWRhZGM4MjYyZjBmZTM5ZCJ9.zRs7IZNZOwQ1cvzdq7Fk7taEDvS6KPRsbcUEEUi5ZRI',NULL,'2024-05-06 13:47:24.000000',NULL,'f0452af12a4f4fec9dadc8262f0fe39d'),(347,'eyJhbGciOiJIUzI1NiIsInR5cCI6IkpXVCJ9.eyJ0b2tlbl90eXBlIjoicmVmcmVzaCIsImV4cCI6MTcxNTAwNjQ5NSwiaWF0IjoxNzE0OTg4NDk1LCJqdGkiOiJkNzdhZWU3YTQzMGM0YmMzYWNhODEyZjgwNDYxOTc0ZSJ9.mCGbj_5dCfCLHvdCGlIG209bqfsCZPpYdSwMYUjrzeU',NULL,'2024-05-06 14:41:35.000000',NULL,'d77aee7a430c4bc3aca812f80461974e'),(348,'eyJhbGciOiJIUzI1NiIsInR5cCI6IkpXVCJ9.eyJ0b2tlbl90eXBlIjoicmVmcmVzaCIsImV4cCI6MTcxNTAwNjUxMSwiaWF0IjoxNzE0OTg4NTExLCJqdGkiOiJlZGRmZDY5ZjgzYzY0MzYxYjNhZGY3NDRiY2M5YjQyNCIsInVzZXJfaWQiOjE1fQ.RzkqBOgvr61sF8wkSPFcj9R_nA8z6aZYEbOs3Tcp-Mc','2024-05-06 09:41:51.949211','2024-05-06 14:41:51.000000',NULL,'eddfd69f83c64361b3adf744bcc9b424'),(349,'eyJhbGciOiJIUzI1NiIsInR5cCI6IkpXVCJ9.eyJ0b2tlbl90eXBlIjoicmVmcmVzaCIsImV4cCI6MTcxNTAwODE5MCwiaWF0IjoxNzE0OTkwMTkwLCJqdGkiOiI0MDRjOTcwMTQwYTc0ZTM0YjM1NDIyNjkyYWIwMTA1YiIsInVzZXJfaWQiOjE1fQ.quiOqNp-P-wPTIFIjbgxjrMxG7bhniVyBV58fDPpMRA','2024-05-06 10:09:50.800114','2024-05-06 15:09:50.000000',NULL,'404c970140a74e34b35422692ab0105b'),(350,'eyJhbGciOiJIUzI1NiIsInR5cCI6IkpXVCJ9.eyJ0b2tlbl90eXBlIjoicmVmcmVzaCIsImV4cCI6MTcxNTAxMTkzNCwiaWF0IjoxNzE0OTkzOTM0LCJqdGkiOiI2MDcxMTQ5YTkwMDM0N2Y4YTc0OTA2NzY2YjA2ZTUyYSJ9.yaf7l6yg0CVMnY0CVJLt9j8S70ZT21ieWbeBzrKVBDk',NULL,'2024-05-06 16:12:14.000000',NULL,'6071149a900347f8a74906766b06e52a'),(351,'eyJhbGciOiJIUzI1NiIsInR5cCI6IkpXVCJ9.eyJ0b2tlbl90eXBlIjoicmVmcmVzaCIsImV4cCI6MTcxNTAxMjA3NSwiaWF0IjoxNzE0OTk0MDc1LCJqdGkiOiIyNWEzODhlNWY0MjY0MWE5OTA3NmZhYmJjOThkNzQxYSJ9.Oy6zsqHNdnAfi8SHtQbFarNQMQavAARakeq4R9oCSS0',NULL,'2024-05-06 16:14:35.000000',NULL,'25a388e5f42641a99076fabbc98d741a'),(352,'eyJhbGciOiJIUzI1NiIsInR5cCI6IkpXVCJ9.eyJ0b2tlbl90eXBlIjoicmVmcmVzaCIsImV4cCI6MTcxNTAxMzQ4OSwiaWF0IjoxNzE0OTk1NDg5LCJqdGkiOiI2MGJmZTI3MzhhYzk0MDZhYWIwMGE3MWJjZWJiNjY5MyJ9.QWkptwldE1udGpdibi3BxU51r_D-lBiblcFSeKIgLEw',NULL,'2024-05-06 16:38:09.000000',NULL,'60bfe2738ac9406aab00a71bcebb6693'),(353,'eyJhbGciOiJIUzI1NiIsInR5cCI6IkpXVCJ9.eyJ0b2tlbl90eXBlIjoicmVmcmVzaCIsImV4cCI6MTcxNTAxNzgyNywiaWF0IjoxNzE0OTk5ODI3LCJqdGkiOiI0NjllNTYwZTc2M2U0MzgxYTAyYjAyYmJmM2U0NDg5OSJ9.HkTL7du57HCs2GEP9H2vJrWnZukHdhjjAEduWsJTuWg',NULL,'2024-05-06 17:50:27.000000',NULL,'469e560e763e4381a02b02bbf3e44899'),(354,'eyJhbGciOiJIUzI1NiIsInR5cCI6IkpXVCJ9.eyJ0b2tlbl90eXBlIjoicmVmcmVzaCIsImV4cCI6MTcxNTAxNzgzMywiaWF0IjoxNzE0OTk5ODMzLCJqdGkiOiI0ZGRjZTVmMTYwOGY0NmM0YTZjN2FkM2MxOGVjODBhMCIsInVzZXJfaWQiOjR9.82usqgzNsq3UWitxaNrEeBfaN3Qq2JS_sLEWbaxiMaQ','2024-05-06 12:50:33.173016','2024-05-06 17:50:33.000000',NULL,'4ddce5f1608f46c4a6c7ad3c18ec80a0'),(355,'eyJhbGciOiJIUzI1NiIsInR5cCI6IkpXVCJ9.eyJ0b2tlbl90eXBlIjoicmVmcmVzaCIsImV4cCI6MTcxNTAzNzE2MCwiaWF0IjoxNzE1MDE5MTYwLCJqdGkiOiIxNjc5ODkyNTcwNWI0MTBhYTM0OWQ5OTRkMGZmMWIxYyJ9.gv65yfk07ohy02IE-kZa6xeehhlCT2fBfW-jW9F0nnI',NULL,'2024-05-06 23:12:40.000000',NULL,'16798925705b410aa349d994d0ff1b1c'),(356,'eyJhbGciOiJIUzI1NiIsInR5cCI6IkpXVCJ9.eyJ0b2tlbl90eXBlIjoicmVmcmVzaCIsImV4cCI6MTcxNTA0OTU2MywiaWF0IjoxNzE1MDMxNTYzLCJqdGkiOiI5OGJiMTU0MmZkOTE0N2I3OWQ4N2FlZWJmYTczYzhiOCJ9.nVGPuhf8BpLmazx-3F27nlhRj81HiHCHZi0d2idRB1g',NULL,'2024-05-07 02:39:23.000000',NULL,'98bb1542fd9147b79d87aeebfa73c8b8'),(357,'eyJhbGciOiJIUzI1NiIsInR5cCI6IkpXVCJ9.eyJ0b2tlbl90eXBlIjoicmVmcmVzaCIsImV4cCI6MTcxNTA1MzQ1NiwiaWF0IjoxNzE1MDM1NDU2LCJqdGkiOiI5ZWY4OWIwMmUwYTM0OWJjYTI1OTgyNWJhYTg1MzE2ZCJ9._IVa_pHW_Kfjb-eOJ5ZAkxy38P35i949GguyOT7RWcA',NULL,'2024-05-07 03:44:16.000000',NULL,'9ef89b02e0a349bca259825baa85316d'),(358,'eyJhbGciOiJIUzI1NiIsInR5cCI6IkpXVCJ9.eyJ0b2tlbl90eXBlIjoicmVmcmVzaCIsImV4cCI6MTcxNTA1ODkyNCwiaWF0IjoxNzE1MDQwOTI0LCJqdGkiOiI0NTFiYTdlY2ViZTI0ZjVkOWM3ZDIwMjJkNzc1NzgzOCJ9.RpeoWccvndhFnAUdDJdUqIGgD_dvYHq2HdyvN5x7YlM',NULL,'2024-05-07 05:15:24.000000',NULL,'451ba7ecebe24f5d9c7d2022d7757838'),(359,'eyJhbGciOiJIUzI1NiIsInR5cCI6IkpXVCJ9.eyJ0b2tlbl90eXBlIjoicmVmcmVzaCIsImV4cCI6MTcxNTA4MTgwMiwiaWF0IjoxNzE1MDYzODAyLCJqdGkiOiIxZTA2MTUzNzE0Y2I0MzA2YTQ5MmRmM2NiMDAzNmZjMiJ9.NDV5K154WgKnSd-UZ7Zvez0zzxc6lezP46-Jt1Sw6vY',NULL,'2024-05-07 11:36:42.000000',NULL,'1e06153714cb4306a492df3cb0036fc2'),(360,'eyJhbGciOiJIUzI1NiIsInR5cCI6IkpXVCJ9.eyJ0b2tlbl90eXBlIjoicmVmcmVzaCIsImV4cCI6MTcxNTA5MDE4MCwiaWF0IjoxNzE1MDcyMTgwLCJqdGkiOiJiODU2OTc3YWJlY2Q0NWUwYTc1Y2FkZGE3YzdlYzk1NCIsInVzZXJfaWQiOjR9.h8Ov-woFura3sDS7Q45f-t5Lglj10irejbrWcVXBO2I','2024-05-07 08:56:20.945681','2024-05-07 13:56:20.000000',NULL,'b856977abecd45e0a75cadda7c7ec954'),(361,'eyJhbGciOiJIUzI1NiIsInR5cCI6IkpXVCJ9.eyJ0b2tlbl90eXBlIjoicmVmcmVzaCIsImV4cCI6MTcxNTA5OTkyMCwiaWF0IjoxNzE1MDgxOTIwLCJqdGkiOiJiNDUwZDEyNzYxZTc0MzI4YWUzOWU1ZGNiNmYyMDQ0MCJ9.LQKYFjSOk67LRYHAJWVoz_p1fTPTx2JJuUW5JphTK8o',NULL,'2024-05-07 16:38:40.000000',NULL,'b450d12761e74328ae39e5dcb6f20440'),(362,'eyJhbGciOiJIUzI1NiIsInR5cCI6IkpXVCJ9.eyJ0b2tlbl90eXBlIjoicmVmcmVzaCIsImV4cCI6MTcxNTEwMzE0MiwiaWF0IjoxNzE1MDg1MTQyLCJqdGkiOiIxMjU3Y2U1M2I3ZDY0NzViOGJhNzA3N2M3YzJmZTFhZSIsInVzZXJfaWQiOjR9.ykztKK0-mMZ_CqTo3qtUsAs6pFAhLdcNM9giQQB9FZs','2024-05-07 12:32:22.886126','2024-05-07 17:32:22.000000',NULL,'1257ce53b7d6475b8ba7077c7c2fe1ae'),(363,'eyJhbGciOiJIUzI1NiIsInR5cCI6IkpXVCJ9.eyJ0b2tlbl90eXBlIjoicmVmcmVzaCIsImV4cCI6MTcxNTEwMzMwOSwiaWF0IjoxNzE1MDg1MzA5LCJqdGkiOiI3OGVhNGY4ZjA5NjI0YTUxOTdhMGQ1YjNlMDk1MjBkMiIsInVzZXJfaWQiOjR9.AqLzHRHM_95DJPQ3EIjyFGsPnGGsO1IFJIFLoSuqtpI','2024-05-07 12:35:09.196837','2024-05-07 17:35:09.000000',NULL,'78ea4f8f09624a5197a0d5b3e09520d2'),(364,'eyJhbGciOiJIUzI1NiIsInR5cCI6IkpXVCJ9.eyJ0b2tlbl90eXBlIjoicmVmcmVzaCIsImV4cCI6MTcxNTEwMzUwMywiaWF0IjoxNzE1MDg1NTAzLCJqdGkiOiJiOWU4NTNhODQ5MGU0OTVhOTdkYWMzN2U5OWJlNmY3MSIsInVzZXJfaWQiOjR9.EPx9cjnbAHtSpLbGPFqJx_Fi896gjWuzOY930nYXAsY','2024-05-07 12:38:23.413096','2024-05-07 17:38:23.000000',NULL,'b9e853a8490e495a97dac37e99be6f71'),(365,'eyJhbGciOiJIUzI1NiIsInR5cCI6IkpXVCJ9.eyJ0b2tlbl90eXBlIjoicmVmcmVzaCIsImV4cCI6MTcxNTEwMzcxNiwiaWF0IjoxNzE1MDg1NzE2LCJqdGkiOiI3OTAwOGJhZGNjYzE0MzQ0YWY3Njg1ODNlYjVjMzk1ZCIsInVzZXJfaWQiOjR9.6vCrWrNA-U1R2v6OlsZrePCqvipFSt66gybUFy9Aqns','2024-05-07 12:41:56.512199','2024-05-07 17:41:56.000000',NULL,'79008badccc14344af768583eb5c395d'),(366,'eyJhbGciOiJIUzI1NiIsInR5cCI6IkpXVCJ9.eyJ0b2tlbl90eXBlIjoicmVmcmVzaCIsImV4cCI6MTcxNTEwNDAwMSwiaWF0IjoxNzE1MDg2MDAxLCJqdGkiOiIyODU5ODgwMTg1NDU0ZjI5YmZhMjY5ZTRlY2E5ZjBkYiIsInVzZXJfaWQiOjR9.TBHsLIVNQ_8QgmMQXBpo86TEdzW_OXdELgSFLn3LMT4','2024-05-07 12:46:41.145590','2024-05-07 17:46:41.000000',NULL,'2859880185454f29bfa269e4eca9f0db'),(367,'eyJhbGciOiJIUzI1NiIsInR5cCI6IkpXVCJ9.eyJ0b2tlbl90eXBlIjoicmVmcmVzaCIsImV4cCI6MTcxNTEwNDQzNSwiaWF0IjoxNzE1MDg2NDM1LCJqdGkiOiIyMjczMzBlZGFhMGM0NmZlOWZmN2E2MmQwMzU4M2RlNSIsInVzZXJfaWQiOjR9.fhAjI297kyzgJ4EecDeMvK8ZZaj_3mh3MJZSUufiwBk','2024-05-07 12:53:55.563721','2024-05-07 17:53:55.000000',NULL,'227330edaa0c46fe9ff7a62d03583de5'),(368,'eyJhbGciOiJIUzI1NiIsInR5cCI6IkpXVCJ9.eyJ0b2tlbl90eXBlIjoicmVmcmVzaCIsImV4cCI6MTcxNTEwNDU4NCwiaWF0IjoxNzE1MDg2NTg0LCJqdGkiOiJmZTBmY2Q0ZWU1NDQ0YzU3OTM4NzUxN2Y5MWNlYWI5NiIsInVzZXJfaWQiOjR9.xcGQDW3i9qzN_UBucQiNOV8-FP2TyMJK6_gtVrA010g','2024-05-07 12:56:24.397597','2024-05-07 17:56:24.000000',NULL,'fe0fcd4ee5444c579387517f91ceab96'),(369,'eyJhbGciOiJIUzI1NiIsInR5cCI6IkpXVCJ9.eyJ0b2tlbl90eXBlIjoicmVmcmVzaCIsImV4cCI6MTcxNTEwNDczMywiaWF0IjoxNzE1MDg2NzMzLCJqdGkiOiJhZWViNjcxZjBiYzM0ZTY1ODI3ZmVlZGM1OTMzMzY5YiIsInVzZXJfaWQiOjR9.VVtXypx9cvRdN7EutlrIsWyHMj6fW5yNbi1PKo9AVfE','2024-05-07 12:58:53.940113','2024-05-07 17:58:53.000000',NULL,'aeeb671f0bc34e65827feedc5933369b'),(370,'eyJhbGciOiJIUzI1NiIsInR5cCI6IkpXVCJ9.eyJ0b2tlbl90eXBlIjoicmVmcmVzaCIsImV4cCI6MTcxNTEwNjUzNSwiaWF0IjoxNzE1MDg4NTM1LCJqdGkiOiIxMzVhMjg0ZDgwNmI0MjRlYjI1OTRkYTI0MmVmMWQ3YiIsInVzZXJfaWQiOjR9.IvGqDTp7AwWhXp52aH6IZmpniU3_DHC2tur69Xkbf5U','2024-05-07 13:28:55.352916','2024-05-07 18:28:55.000000',NULL,'135a284d806b424eb2594da242ef1d7b'),(371,'eyJhbGciOiJIUzI1NiIsInR5cCI6IkpXVCJ9.eyJ0b2tlbl90eXBlIjoicmVmcmVzaCIsImV4cCI6MTcxNTEwNjc2MiwiaWF0IjoxNzE1MDg4NzYyLCJqdGkiOiIyNzY0ZTM4NWFhM2U0MjFmOTkzNmI1MTllMjcxZGFjMyIsInVzZXJfaWQiOjR9.sic2V4d92B_G1qwhF7o5yaECWjCRbi8wAHdEebcGlS4','2024-05-07 13:32:42.746004','2024-05-07 18:32:42.000000',NULL,'2764e385aa3e421f9936b519e271dac3'),(372,'eyJhbGciOiJIUzI1NiIsInR5cCI6IkpXVCJ9.eyJ0b2tlbl90eXBlIjoicmVmcmVzaCIsImV4cCI6MTcxNTEwNjc4MSwiaWF0IjoxNzE1MDg4NzgxLCJqdGkiOiJmYWNhMGZkYzE2YzY0NDA3OGNiOTJmZmZjZDg5ZGY3MSIsInVzZXJfaWQiOjR9.EoZ2bJk7UJnimaY5e3eG1EUCMFQNjhfs8_4d2GQI6dY','2024-05-07 13:33:01.483206','2024-05-07 18:33:01.000000',NULL,'faca0fdc16c644078cb92fffcd89df71'),(373,'eyJhbGciOiJIUzI1NiIsInR5cCI6IkpXVCJ9.eyJ0b2tlbl90eXBlIjoicmVmcmVzaCIsImV4cCI6MTcxNTEwNzA0NywiaWF0IjoxNzE1MDg5MDQ3LCJqdGkiOiI3ZDlhODBlNjg5NTU0MjE2ODA3M2RlOGVlY2JiZWU2YyIsInVzZXJfaWQiOjR9.rJmcgNlKGfTtEEkEegxBYoEyupLZIHnAJMx5wthzz44','2024-05-07 13:37:27.097590','2024-05-07 18:37:27.000000',NULL,'7d9a80e6895542168073de8eecbbee6c'),(374,'eyJhbGciOiJIUzI1NiIsInR5cCI6IkpXVCJ9.eyJ0b2tlbl90eXBlIjoicmVmcmVzaCIsImV4cCI6MTcxNTEwNzY3MCwiaWF0IjoxNzE1MDg5NjcwLCJqdGkiOiI5MWMxMmVhZGY3NTI0ODcxYjRhYTE1ZDIxNjA4NWEwMiIsInVzZXJfaWQiOjR9.x78j3OqTFgkWFvasTVmm8ssKKkmeA2_klTdNvf7UrCg','2024-05-07 13:47:50.431743','2024-05-07 18:47:50.000000',NULL,'91c12eadf7524871b4aa15d216085a02'),(375,'eyJhbGciOiJIUzI1NiIsInR5cCI6IkpXVCJ9.eyJ0b2tlbl90eXBlIjoicmVmcmVzaCIsImV4cCI6MTcxNTEwOTI1OCwiaWF0IjoxNzE1MDkxMjU4LCJqdGkiOiI3MDQ1MmI3NDQ4Mjg0OWZiYjc0NGU1YmVmZjE3NTBiOCIsInVzZXJfaWQiOjR9.e6IiCCkPqO57qhIjV5PBtQG_6iY3iUyz1k4yeKRHzB0','2024-05-07 14:14:18.077715','2024-05-07 19:14:18.000000',NULL,'70452b74482849fbb744e5beff1750b8'),(376,'eyJhbGciOiJIUzI1NiIsInR5cCI6IkpXVCJ9.eyJ0b2tlbl90eXBlIjoicmVmcmVzaCIsImV4cCI6MTcxNTEwOTU5NywiaWF0IjoxNzE1MDkxNTk3LCJqdGkiOiIzNDllZWIwOWZlNGY0NDAwOTczNTgzOGE3YWMyOTg1NCIsInVzZXJfaWQiOjR9.6E5wI9Nssam5TRdpgznMVn6OjO5EOLAznhm4y3qzWgQ','2024-05-07 14:19:57.504760','2024-05-07 19:19:57.000000',NULL,'349eeb09fe4f44009735838a7ac29854'),(377,'eyJhbGciOiJIUzI1NiIsInR5cCI6IkpXVCJ9.eyJ0b2tlbl90eXBlIjoicmVmcmVzaCIsImV4cCI6MTcxNTEwOTY4NiwiaWF0IjoxNzE1MDkxNjg2LCJqdGkiOiI4OWU2YzRhNzMyMWI0N2I1OGFkYTg0YWU2NjZmZjBmZSIsInVzZXJfaWQiOjR9.WWTvNsTQLaDBKdgntLlN4FG6etCzBl0UFjH2V_UwSYI','2024-05-07 14:21:26.613750','2024-05-07 19:21:26.000000',NULL,'89e6c4a7321b47b58ada84ae666ff0fe'),(378,'eyJhbGciOiJIUzI1NiIsInR5cCI6IkpXVCJ9.eyJ0b2tlbl90eXBlIjoicmVmcmVzaCIsImV4cCI6MTcxNTExNDE5NSwiaWF0IjoxNzE1MDk2MTk1LCJqdGkiOiJiMTkwNjUwMDk3NzY0ZWRkYjEzNzc0MGI4MmZmN2UyMCIsInVzZXJfaWQiOjE1fQ.eBK84MuC61EmnV5x6dPJR28wGqOrAzoggOAgoVeY5YQ','2024-05-07 15:36:35.637316','2024-05-07 20:36:35.000000',NULL,'b190650097764eddb137740b82ff7e20'),(379,'eyJhbGciOiJIUzI1NiIsInR5cCI6IkpXVCJ9.eyJ0b2tlbl90eXBlIjoicmVmcmVzaCIsImV4cCI6MTcxNTEyMjk0OCwiaWF0IjoxNzE1MTA0OTQ4LCJqdGkiOiJhZjY4NmI1MTZjODQ0NWQyYTY4NzI0YzkwN2I3YzgzZiIsInVzZXJfaWQiOjE0fQ.RriUXJlEJR3vRRwv-w6WRgP8RRsA-sU5gM5B7ydqPf0','2024-05-07 18:02:28.911689','2024-05-07 23:02:28.000000',NULL,'af686b516c8445d2a68724c907b7c83f'),(380,'eyJhbGciOiJIUzI1NiIsInR5cCI6IkpXVCJ9.eyJ0b2tlbl90eXBlIjoicmVmcmVzaCIsImV4cCI6MTcxNTIwNjQyNiwiaWF0IjoxNzE1MTg4NDI2LCJqdGkiOiIyNmMwMjMyYjg4YWI0N2I1YTIwYWQ3ZjZiZTM4NWU4OSIsInVzZXJfaWQiOjE0fQ.XapX1B43wSEoqb7nb2NI7_xIozQnGhsEyw1pxdx7t2Y','2024-05-08 17:13:46.099318','2024-05-08 22:13:46.000000',NULL,'26c0232b88ab47b5a20ad7f6be385e89'),(381,'eyJhbGciOiJIUzI1NiIsInR5cCI6IkpXVCJ9.eyJ0b2tlbl90eXBlIjoicmVmcmVzaCIsImV4cCI6MTcxNTIwNjg4NSwiaWF0IjoxNzE1MTg4ODg1LCJqdGkiOiI3ZTU5MjMxZWMwMjQ0ZDAzOWY0MGEwNmMyZWE2YzAwYiIsInVzZXJfaWQiOjE0fQ.aEIUaOoG0_d-luU51RGTqVmYdoNcwDfT8DJag4b2YHc','2024-05-08 17:21:25.866998','2024-05-08 22:21:25.000000',NULL,'7e59231ec0244d039f40a06c2ea6c00b'),(382,'eyJhbGciOiJIUzI1NiIsInR5cCI6IkpXVCJ9.eyJ0b2tlbl90eXBlIjoicmVmcmVzaCIsImV4cCI6MTcxNTI3MDU4MSwiaWF0IjoxNzE1MjUyNTgxLCJqdGkiOiI2NGYzMDQyNTEyNTY0YWQ3ODkzZjI1MmY0YmY5MTQyYSIsInVzZXJfaWQiOjE0fQ.SdVYXgfIsk2uvfxaWM8rforjXFxnsfOmdEixK7JjaR0','2024-05-09 11:03:01.129992','2024-05-09 16:03:01.000000',NULL,'64f3042512564ad7893f252f4bf9142a'),(383,'eyJhbGciOiJIUzI1NiIsInR5cCI6IkpXVCJ9.eyJ0b2tlbl90eXBlIjoicmVmcmVzaCIsImV4cCI6MTcxNTc4ODk0MiwiaWF0IjoxNzE1NzcwOTQyLCJqdGkiOiIwODUzZjQ3MDY4MDU0OGQ2YjBmNzUwNzZiNzU0ZmFhMiIsInVzZXJfaWQiOjR9.XbC0N-8UV-RveTROTYSHBjgklUbemUwA0Jp27FqwACM','2024-05-15 11:02:22.359882','2024-05-15 16:02:22.000000',NULL,'0853f470680548d6b0f75076b754faa2'),(384,'eyJhbGciOiJIUzI1NiIsInR5cCI6IkpXVCJ9.eyJ0b2tlbl90eXBlIjoicmVmcmVzaCIsImV4cCI6MTcxNTc4ODk2MiwiaWF0IjoxNzE1NzcwOTYyLCJqdGkiOiI1MmRkMTdiOWM1NWI0Y2RmYTg2NGUyZmZjNzgwMDU5NCIsInVzZXJfaWQiOjR9.4pmJNFcNvMy74DZu1WkfDddobzGamOsyGckkdiiJoc0','2024-05-15 11:02:42.311636','2024-05-15 16:02:42.000000',NULL,'52dd17b9c55b4cdfa864e2ffc7800594'),(385,'eyJhbGciOiJIUzI1NiIsInR5cCI6IkpXVCJ9.eyJ0b2tlbl90eXBlIjoicmVmcmVzaCIsImV4cCI6MTcxNTc4OTA1MSwiaWF0IjoxNzE1NzcxMDUxLCJqdGkiOiIyY2MyZWQxMDcwMDE0Nzg4YWNmOTdjMmUyMWM4ZjBiZSIsInVzZXJfaWQiOjR9.Jkg7fv3iUeiOOIB0P1HQ8-u9zCqrP6zSRAWoznVIxcM','2024-05-15 11:04:11.395894','2024-05-15 16:04:11.000000',NULL,'2cc2ed1070014788acf97c2e21c8f0be'),(386,'eyJhbGciOiJIUzI1NiIsInR5cCI6IkpXVCJ9.eyJ0b2tlbl90eXBlIjoicmVmcmVzaCIsImV4cCI6MTcxNjI1MTQ4MywiaWF0IjoxNzE2MjMzNDgzLCJqdGkiOiJkZDk0MjZiZjQwN2U0ZTQ5YmZmNWQ2ODNmYTkyYmYxNyIsInVzZXJfaWQiOjE0fQ.9CwCohbsA0LLVYoKXkJ5HYOVyalUF1m2lFNe3DqUDfw','2024-05-20 19:31:23.131517','2024-05-21 00:31:23.000000',NULL,'dd9426bf407e4e49bff5d683fa92bf17'),(387,'eyJhbGciOiJIUzI1NiIsInR5cCI6IkpXVCJ9.eyJ0b2tlbl90eXBlIjoicmVmcmVzaCIsImV4cCI6MTcxNjMyNjg4MSwiaWF0IjoxNzE2MzA4ODgxLCJqdGkiOiIzNjZkMWUxNjY4NjI0ZmMwYTA2MTUyMzZmNzk3MTFlZiIsInVzZXJfaWQiOjE1fQ.PqqW2QjadrensqUlQeh7MZyqFFH5kLIO1OwocDWjGEU','2024-05-21 16:28:01.270906','2024-05-21 21:28:01.000000',NULL,'366d1e1668624fc0a0615236f79711ef'),(388,'eyJhbGciOiJIUzI1NiIsInR5cCI6IkpXVCJ9.eyJ0b2tlbl90eXBlIjoicmVmcmVzaCIsImV4cCI6MTcxNjM0MTQ0MiwiaWF0IjoxNzE2MzIzNDQyLCJqdGkiOiI4ZGUxNTJkMzViNTE0ZTM3YmZlZTRiZGVhZWRhZDkwZSIsInVzZXJfaWQiOjE1fQ.lPpga7JVpuaZzB2qnJaIpz69eOMaQDf0QDlMldkn8tU','2024-05-21 20:30:42.253544','2024-05-22 01:30:42.000000',NULL,'8de152d35b514e37bfee4bdeaedad90e'),(389,'eyJhbGciOiJIUzI1NiIsInR5cCI6IkpXVCJ9.eyJ0b2tlbl90eXBlIjoicmVmcmVzaCIsImV4cCI6MTcxNjQwMDI3NCwiaWF0IjoxNzE2MzgyMjc0LCJqdGkiOiI0Njg0YmIwMmYwODc0NTk0ODRkZDRhNDY3NmMzMjg0YSIsInVzZXJfaWQiOjE1fQ.WNl8bJ5GODIxBSvaBF9DzQ19q67CHbrmTDz55ip_mmM','2024-05-22 12:51:14.865890','2024-05-22 17:51:14.000000',NULL,'4684bb02f087459484dd4a4676c3284a'),(390,'eyJhbGciOiJIUzI1NiIsInR5cCI6IkpXVCJ9.eyJ0b2tlbl90eXBlIjoicmVmcmVzaCIsImV4cCI6MTcxNjgxODk1NywiaWF0IjoxNzE2ODAwOTU3LCJqdGkiOiI2MGUwZDE0MzdhZTI0ZmVhYmRlMTQ0ZDY3YjM0MjQ0MyIsInVzZXJfaWQiOjR9.mhpcvImr-EiH8tPYKxAE9EPZdMBO4y3QhPTQ3dSqBPc','2024-05-27 09:09:17.427884','2024-05-27 14:09:17.000000',NULL,'60e0d1437ae24feabde144d67b342443'),(391,'eyJhbGciOiJIUzI1NiIsInR5cCI6IkpXVCJ9.eyJ0b2tlbl90eXBlIjoicmVmcmVzaCIsImV4cCI6MTcxNjkwNTYzNSwiaWF0IjoxNzE2ODg3NjM1LCJqdGkiOiJkYzE3YWRhYzM1NzE0M2MxOGM4MTFhYWZkMmNlMDI0NSIsInVzZXJfaWQiOjR9.TRoa1eGlsDl5OkIA3AEpaiFbr5YGPUmXTvG7IBgqkd0','2024-05-28 09:13:55.168378','2024-05-28 14:13:55.000000',NULL,'dc17adac357143c18c811aafd2ce0245'),(392,'eyJhbGciOiJIUzI1NiIsInR5cCI6IkpXVCJ9.eyJ0b2tlbl90eXBlIjoicmVmcmVzaCIsImV4cCI6MTcxNjkxNDE1MSwiaWF0IjoxNzE2ODk2MTUxLCJqdGkiOiJiNmZiMDA4MTU5MzM0ZDRkOGJlNTQ4ZGZlNzY2ZWFlNSIsInVzZXJfaWQiOjR9.Jkld5CesMgxmRmIKlU7lRVi85qiIgTfetx-5KiIpFzg','2024-05-28 11:35:51.765990','2024-05-28 16:35:51.000000',NULL,'b6fb008159334d4d8be548dfe766eae5'),(393,'eyJhbGciOiJIUzI1NiIsInR5cCI6IkpXVCJ9.eyJ0b2tlbl90eXBlIjoicmVmcmVzaCIsImV4cCI6MTcxNzM3MDAxMiwiaWF0IjoxNzE3MzUyMDEyLCJqdGkiOiIxNjMwNDJmNTdmMzc0ZmQzOWNhYzYxMzg5NDdjOTk2MiIsInVzZXJfaWQiOjE1fQ.3MmLtp1AoSnZcC8tenW2Qx_uCh645gIYrVt3zvjGoZU','2024-06-02 18:13:32.659025','2024-06-02 23:13:32.000000',NULL,'163042f57f374fd39cac6138947c9962'),(394,'eyJhbGciOiJIUzI1NiIsInR5cCI6IkpXVCJ9.eyJ0b2tlbl90eXBlIjoicmVmcmVzaCIsImV4cCI6MTcxNzM3MDE4OCwiaWF0IjoxNzE3MzUyMTg4LCJqdGkiOiJlYjY1NTFhMWQxM2E0YzIwOWRmYzU2ZjUzZTI5NGZiYyIsInVzZXJfaWQiOjE1fQ.pMCpJfTZf8bUHDya1E55WRR622HabkYXDITAH_vlb_Y','2024-06-02 18:16:28.544604','2024-06-02 23:16:28.000000',NULL,'eb6551a1d13a4c209dfc56f53e294fbc'),(395,'eyJhbGciOiJIUzI1NiIsInR5cCI6IkpXVCJ9.eyJ0b2tlbl90eXBlIjoicmVmcmVzaCIsImV4cCI6MTcxNzM3MTMyMCwiaWF0IjoxNzE3MzUzMzIwLCJqdGkiOiIzZWJmMmI5ZGNlMTc0NWFmYTQ4N2JkOGNmZDEyZmNjYiIsInVzZXJfaWQiOjE1fQ.wmGFvBqlQYL4r_MPmWbhKIVtrQ0KgRL42KptyOdh5MM','2024-06-02 18:35:20.680145','2024-06-02 23:35:20.000000',NULL,'3ebf2b9dce1745afa487bd8cfd12fccb'),(396,'eyJhbGciOiJIUzI1NiIsInR5cCI6IkpXVCJ9.eyJ0b2tlbl90eXBlIjoicmVmcmVzaCIsImV4cCI6MTcxNzM4NDc2NywiaWF0IjoxNzE3MzY2NzY3LCJqdGkiOiIxNDYwNWEwNmM5OTY0NjliOTExZWE1YzA5NTA0MTNlMiIsInVzZXJfaWQiOjE1fQ._ZrDGb9_xyQDqHb9lYBQ2Q7IvbcTZjNSg2h0PNY7EyU','2024-06-02 22:19:27.002339','2024-06-03 03:19:27.000000',NULL,'14605a06c996469b911ea5c0950413e2'),(397,'eyJhbGciOiJIUzI1NiIsInR5cCI6IkpXVCJ9.eyJ0b2tlbl90eXBlIjoicmVmcmVzaCIsImV4cCI6MTcxNzM4NTE1MCwiaWF0IjoxNzE3MzY3MTUwLCJqdGkiOiJjMTk5ZTc0N2U0Mjc0MzQzYjM5YTdmYmE3NmNjMTkzNSIsInVzZXJfaWQiOjE1fQ.R09oTQb2RviTkMYRfjJyVByBH8hhLW_WOs4xq4VPrqg','2024-06-02 22:25:50.201454','2024-06-03 03:25:50.000000',NULL,'c199e747e4274343b39a7fba76cc1935'),(398,'eyJhbGciOiJIUzI1NiIsInR5cCI6IkpXVCJ9.eyJ0b2tlbl90eXBlIjoicmVmcmVzaCIsImV4cCI6MTcxNzQxNzA3MywiaWF0IjoxNzE3Mzk5MDczLCJqdGkiOiJiODQ2OGVmYTZhOWU0MGNjYWEzNTVmN2NmZGMwNWY1ZiIsInVzZXJfaWQiOjE1fQ.HM-Y4lSkLeAp_WToBJGMf_L6oFCXc5i1t_mucDOy0T4','2024-06-03 07:17:53.714766','2024-06-03 12:17:53.000000',NULL,'b8468efa6a9e40ccaa355f7cfdc05f5f'),(399,'eyJhbGciOiJIUzI1NiIsInR5cCI6IkpXVCJ9.eyJ0b2tlbl90eXBlIjoicmVmcmVzaCIsImV4cCI6MTcxNzQzNDk0OCwiaWF0IjoxNzE3NDE2OTQ4LCJqdGkiOiI4YmI0YmY5NWExZjc0ZmZiOWUxZTY3ZTJjNTYyZmNhNiIsInVzZXJfaWQiOjE1fQ.lLSIXwPL--qpETB-s_REjXxrlf_VPP3ECvq4B_nhbQA','2024-06-03 12:15:48.175855','2024-06-03 17:15:48.000000',NULL,'8bb4bf95a1f74ffb9e1e67e2c562fca6'),(400,'eyJhbGciOiJIUzI1NiIsInR5cCI6IkpXVCJ9.eyJ0b2tlbl90eXBlIjoicmVmcmVzaCIsImV4cCI6MTcxNzQ0MzYxMCwiaWF0IjoxNzE3NDI1NjEwLCJqdGkiOiIzMmMxZWRkNWFlZTY0ZDc1YTUwZTNkMzYyMTA5NWYyMiIsInVzZXJfaWQiOjE1fQ.sObOAZ_7eZ80K_-ySsgft84lBjOa3NNrKrNqpulqB-g','2024-06-03 14:40:10.467055','2024-06-03 19:40:10.000000',NULL,'32c1edd5aee64d75a50e3d3621095f22'),(401,'eyJhbGciOiJIUzI1NiIsInR5cCI6IkpXVCJ9.eyJ0b2tlbl90eXBlIjoicmVmcmVzaCIsImV4cCI6MTcxNzQ1MjUxNywiaWF0IjoxNzE3NDM0NTE3LCJqdGkiOiJhYTI4MjUxYjg4MDg0MDQ5Yjg1NTQ2YTUxYzc3NjUzZCIsInVzZXJfaWQiOjE1fQ.bnGyB68ZiDbfgVafJiHbJi8N-SwiZb4gM6nWsm3ZEHA','2024-06-03 17:08:37.010300','2024-06-03 22:08:37.000000',NULL,'aa28251b88084049b85546a51c77653d'),(402,'eyJhbGciOiJIUzI1NiIsInR5cCI6IkpXVCJ9.eyJ0b2tlbl90eXBlIjoicmVmcmVzaCIsImV4cCI6MTcxNzUwNzM5MiwiaWF0IjoxNzE3NDg5MzkyLCJqdGkiOiI4OTA4MzYzNDkxNTU0YjQzODNkYWQxM2ZhNzZiOTQwZiIsInVzZXJfaWQiOjE1fQ.QErnfwlV0ZXwhmygyxAFlcIXQYlxOWtapmlUr1PXTZY','2024-06-04 08:23:12.058298','2024-06-04 13:23:12.000000',NULL,'8908363491554b4383dad13fa76b940f'),(403,'eyJhbGciOiJIUzI1NiIsInR5cCI6IkpXVCJ9.eyJ0b2tlbl90eXBlIjoicmVmcmVzaCIsImV4cCI6MTcxNzUxMjE1NSwiaWF0IjoxNzE3NDk0MTU1LCJqdGkiOiJmYjAwM2FiMzQ2Mjc0Mzg1YTFmYWIyZDQ5NGIwYzdjOCIsInVzZXJfaWQiOjE1fQ.IPXFpjR3Ei0r0GGm-vSRjiRDwEIBV1dkA1HMDuBR6o4','2024-06-04 09:42:35.945660','2024-06-04 14:42:35.000000',NULL,'fb003ab346274385a1fab2d494b0c7c8'),(404,'eyJhbGciOiJIUzI1NiIsInR5cCI6IkpXVCJ9.eyJ0b2tlbl90eXBlIjoicmVmcmVzaCIsImV4cCI6MTcxODExNDk3MCwiaWF0IjoxNzE4MDk2OTcwLCJqdGkiOiJkZDRhZTk1NjJiZTU0MWRhODU1YTg1OTMxYzkzOTQ2ZiIsInVzZXJfaWQiOjR9.8DbLccdrkfVvw5Ol5e6tIjZ2RGzVmiC6lwyDlNHpoBM','2024-06-11 09:09:30.905319','2024-06-11 14:09:30.000000',NULL,'dd4ae9562be541da855a85931c93946f'),(405,'eyJhbGciOiJIUzI1NiIsInR5cCI6IkpXVCJ9.eyJ0b2tlbl90eXBlIjoicmVmcmVzaCIsImV4cCI6MTcxODEyMTU4OCwiaWF0IjoxNzE4MTAzNTg4LCJqdGkiOiJmOTZkOGY0NmMyZWY0ODRlYjZlNTBkZGFiMDhkYmU2OSIsInVzZXJfaWQiOjR9.NWDpR4i6VpGifbOeERknFUJhy-VRJRER2L0bAg5rDTw','2024-06-11 10:59:48.975975','2024-06-11 15:59:48.000000',NULL,'f96d8f46c2ef484eb6e50ddab08dbe69'),(406,'eyJhbGciOiJIUzI1NiIsInR5cCI6IkpXVCJ9.eyJ0b2tlbl90eXBlIjoicmVmcmVzaCIsImV4cCI6MTcxODEyODQxOSwiaWF0IjoxNzE4MTEwNDE5LCJqdGkiOiI3MmRkNGIxOTI3ZmQ0NDRmOWQ2M2E3OWQ2OTQxYWIwZiIsInVzZXJfaWQiOjR9.VXOJp4Of7aRAOGU2VRejtU45Mxz7vY1ZNJo8kdh4wlY','2024-06-11 12:53:39.843946','2024-06-11 17:53:39.000000',NULL,'72dd4b1927fd444f9d63a79d6941ab0f'),(407,'eyJhbGciOiJIUzI1NiIsInR5cCI6IkpXVCJ9.eyJ0b2tlbl90eXBlIjoicmVmcmVzaCIsImV4cCI6MTcxODEzMDg1NiwiaWF0IjoxNzE4MTEyODU2LCJqdGkiOiJjODVkYTI2YjJkYzQ0YmFjYjFmN2U4Y2M2OGQ5MjBiNCIsInVzZXJfaWQiOjR9.DLyN-GOnL8GtaH1vY9dsG7BFuR7Fb_EN9ttq-q_a3eU','2024-06-11 13:34:16.910707','2024-06-11 18:34:16.000000',NULL,'c85da26b2dc44bacb1f7e8cc68d920b4'),(408,'eyJhbGciOiJIUzI1NiIsInR5cCI6IkpXVCJ9.eyJ0b2tlbl90eXBlIjoicmVmcmVzaCIsImV4cCI6MTcxODY0Mzc4MCwiaWF0IjoxNzE4NjI1NzgwLCJqdGkiOiIxMzQ4NjBlNTAzZGQ0ZWNkYTlkNjlmMDYzOTRhZTc2MyIsInVzZXJfaWQiOjR9.QZylsdJxneqzOzkSBg_16W6Y_a4VqHH-7t-Y45J01Co','2024-06-17 12:03:00.850363','2024-06-17 17:03:00.000000',NULL,'134860e503dd4ecda9d69f06394ae763'),(409,'eyJhbGciOiJIUzI1NiIsInR5cCI6IkpXVCJ9.eyJ0b2tlbl90eXBlIjoicmVmcmVzaCIsImV4cCI6MTcyMDk4Mjc5NSwiaWF0IjoxNzIwOTY0Nzk1LCJqdGkiOiI5ZTUyMmQ5NTIzZTk0ODViOWJhMDgxN2FkOTdlMTMzZCIsInVzZXJfaWQiOjR9.RWZip7PV-1-shiNcSVAbDnvbHKr12Smsl0YaHnO6_r4','2024-07-14 13:46:35.917588','2024-07-14 18:46:35.000000',NULL,'9e522d9523e9485b9ba0817ad97e133d'),(410,'eyJhbGciOiJIUzI1NiIsInR5cCI6IkpXVCJ9.eyJ0b2tlbl90eXBlIjoicmVmcmVzaCIsImV4cCI6MTcyMjI3ODkzMCwiaWF0IjoxNzIyMjYwOTMwLCJqdGkiOiIyN2Y5NmJkZjM4NDM0YjYyOGJkMWRhM2JkNWZlYWMzOSIsInVzZXJfaWQiOjR9.FXxeBNgFfAHj_bybr5BY2HfZWjmmZcIfcMWg7L-MDwE','2024-07-29 13:48:50.913705','2024-07-29 18:48:50.000000',NULL,'27f96bdf38434b628bd1da3bd5feac39'),(411,'eyJhbGciOiJIUzI1NiIsInR5cCI6IkpXVCJ9.eyJ0b2tlbl90eXBlIjoicmVmcmVzaCIsImV4cCI6MTcyMjcwNjA3NiwiaWF0IjoxNzIyNjg4MDc2LCJqdGkiOiIzZDdlOTcyODdiMDQ0NjU3OGY3ZmM3NDBkNmM5YmI1OCIsInVzZXJfaWQiOjR9.qzvmlngjMD92DYjacuHGPebwf1wdy0JC7tAQL6wirKA','2024-08-03 12:27:56.718144','2024-08-03 17:27:56.000000',NULL,'3d7e97287b0446578f7fc740d6c9bb58'),(412,'eyJhbGciOiJIUzI1NiIsInR5cCI6IkpXVCJ9.eyJ0b2tlbl90eXBlIjoicmVmcmVzaCIsImV4cCI6MTcyMjg2MTc0MiwiaWF0IjoxNzIyODQzNzQyLCJqdGkiOiIwNDBiMTEyZDM0NzY0YjdhYjhkNjM3ODJiZWVmYTExMyIsInVzZXJfaWQiOjR9.AscqMBt36qpO4bOp7UvV4j_R_IrbX3_4oiXVGMZFFOg','2024-08-05 07:42:22.843570','2024-08-05 12:42:22.000000',NULL,'040b112d34764b7ab8d63782beefa113'),(413,'eyJhbGciOiJIUzI1NiIsInR5cCI6IkpXVCJ9.eyJ0b2tlbl90eXBlIjoicmVmcmVzaCIsImV4cCI6MTcyMjk2MTMyNSwiaWF0IjoxNzIyOTQzMzI1LCJqdGkiOiI4NmU4OTEzODA0MzI0OTg2YWM5MTQxZjI1MDNiNzI5MyIsInVzZXJfaWQiOjR9.OmlvAnz1pGjsdz8QTomM6WJ6zgO1uAUNxKzMncY2Rkg','2024-08-06 11:22:05.123949','2024-08-06 16:22:05.000000',NULL,'86e8913804324986ac9141f2503b7293'),(414,'eyJhbGciOiJIUzI1NiIsInR5cCI6IkpXVCJ9.eyJ0b2tlbl90eXBlIjoicmVmcmVzaCIsImV4cCI6MTcyMjk2MjU4OSwiaWF0IjoxNzIyOTQ0NTg5LCJqdGkiOiI2ZjZhMDFhNWYzZTk0NzZlOWNiZDBiOTM2YTcxYWNlZSIsInVzZXJfaWQiOjR9.m4XX2P0Z_T4W99EqiBO4__8XmGwFSsutyUGbAPHZhWQ','2024-08-06 11:43:09.564439','2024-08-06 16:43:09.000000',NULL,'6f6a01a5f3e9476e9cbd0b936a71acee'),(415,'eyJhbGciOiJIUzI1NiIsInR5cCI6IkpXVCJ9.eyJ0b2tlbl90eXBlIjoicmVmcmVzaCIsImV4cCI6MTcyMzAzNzIxOSwiaWF0IjoxNzIzMDE5MjE5LCJqdGkiOiI4MDYxNzJmNmYwMzQ0NjJhYWJlMWUzM2RiMDNhYzRhYyIsInVzZXJfaWQiOjR9.2TiA9Vuwp_mcCbDm0YFpjSy_E0dh4OJ85AlFrtlfjfo','2024-08-07 08:26:59.821361','2024-08-07 13:26:59.000000',NULL,'806172f6f034462aabe1e33db03ac4ac'),(416,'eyJhbGciOiJIUzI1NiIsInR5cCI6IkpXVCJ9.eyJ0b2tlbl90eXBlIjoicmVmcmVzaCIsImV4cCI6MTcyMzA2NjI1NCwiaWF0IjoxNzIzMDQ4MjU0LCJqdGkiOiI1NDYwNGRkZjM4YTk0NDZkOGE0N2M2YzZkY2Y3Y2I4NSIsInVzZXJfaWQiOjR9.IRGqBeuHFqRv8PcbheR7M4KoHFwsjBXCV4SF4bDlItc','2024-08-07 16:30:54.734408','2024-08-07 21:30:54.000000',NULL,'54604ddf38a9446d8a47c6c6dcf7cb85'),(417,'eyJhbGciOiJIUzI1NiIsInR5cCI6IkpXVCJ9.eyJ0b2tlbl90eXBlIjoicmVmcmVzaCIsImV4cCI6MTcyMzEyMDYyNSwiaWF0IjoxNzIzMTAyNjI1LCJqdGkiOiJhNDg3NzA3OGQwZWE0NGEwYWIyN2FiNDYyYWZmY2Y0OCIsInVzZXJfaWQiOjR9.nle4opc921FyaFXfhhtvGpccrAgLc6KsI4uQonfdkxc','2024-08-08 07:37:05.899788','2024-08-08 12:37:05.000000',NULL,'a4877078d0ea44a0ab27ab462affcf48'),(418,'eyJhbGciOiJIUzI1NiIsInR5cCI6IkpXVCJ9.eyJ0b2tlbl90eXBlIjoicmVmcmVzaCIsImV4cCI6MTcyMzEzNjAyMiwiaWF0IjoxNzIzMTE4MDIyLCJqdGkiOiJhMzQxODRhNmU2ZTI0N2NlOTYxMTI1MmFkY2Q1NDhiYiIsInVzZXJfaWQiOjR9.-wfXHubjmizcEYPSg3nmQti5mgSXzM29izUjYU0qV_c','2024-08-08 11:53:42.057272','2024-08-08 16:53:42.000000',NULL,'a34184a6e6e247ce9611252adcd548bb'),(419,'eyJhbGciOiJIUzI1NiIsInR5cCI6IkpXVCJ9.eyJ0b2tlbl90eXBlIjoicmVmcmVzaCIsImV4cCI6MTcyMzE1NzQ2MCwiaWF0IjoxNzIzMTM5NDYwLCJqdGkiOiI4YTY3ZDNhMjhkZDA0Zjk2YjFlMTI2OTI1MzU2NTM4OSIsInVzZXJfaWQiOjR9.WJisg627TNRvB0k1cUEEaop9vegmNYSaVmqpthn2IWs','2024-08-08 17:51:00.567985','2024-08-08 22:51:00.000000',NULL,'8a67d3a28dd04f96b1e1269253565389'),(420,'eyJhbGciOiJIUzI1NiIsInR5cCI6IkpXVCJ9.eyJ0b2tlbl90eXBlIjoicmVmcmVzaCIsImV4cCI6MTcyMzU3MDQ0OSwiaWF0IjoxNzIzNTUyNDQ5LCJqdGkiOiJjZmVmYTNiM2RkZjA0ZTI0OWZiM2Q0ZDQ1MzE3YzVlMyIsInVzZXJfaWQiOjR9.I4qyZVofGXvpVDVaZQl0ifJFeiwMFhS4fBnp06jrsMg','2024-08-13 12:34:09.295391','2024-08-13 17:34:09.000000',NULL,'cfefa3b3ddf04e249fb3d4d45317c5e3'),(421,'eyJhbGciOiJIUzI1NiIsInR5cCI6IkpXVCJ9.eyJ0b2tlbl90eXBlIjoicmVmcmVzaCIsImV4cCI6MTcyMzU3MDY2MywiaWF0IjoxNzIzNTUyNjYzLCJqdGkiOiJlODE3OTUwMGY1ZTE0ZTdmOGVjODg2NTBlM2Q2YTQxNiIsInVzZXJfaWQiOjExfQ.HUbi86PAOYF0jFB0CX3hsLQlBkWSRafsQfTQyWlkhGs','2024-08-13 12:37:43.838183','2024-08-13 17:37:43.000000',NULL,'e8179500f5e14e7f8ec88650e3d6a416'),(422,'eyJhbGciOiJIUzI1NiIsInR5cCI6IkpXVCJ9.eyJ0b2tlbl90eXBlIjoicmVmcmVzaCIsImV4cCI6MTcyMzU3MzI2MywiaWF0IjoxNzIzNTU1MjYzLCJqdGkiOiJhOWU4MjhkZWFiOGU0NzgyYWEyZDE5Y2I1YmU0YTcxYyIsInVzZXJfaWQiOjR9.1G3Vo_Xb6rBBjPg03wjwx37bNSpxXdDs4Gthup1mvos','2024-08-13 13:21:03.796500','2024-08-13 18:21:03.000000',NULL,'a9e828deab8e4782aa2d19cb5be4a71c'),(423,'eyJhbGciOiJIUzI1NiIsInR5cCI6IkpXVCJ9.eyJ0b2tlbl90eXBlIjoicmVmcmVzaCIsImV4cCI6MTcyMzU3NTk0NiwiaWF0IjoxNzIzNTU3OTQ2LCJqdGkiOiIwMTVhMDRiNjk1MmQ0MTlmYjQ3ZGRjZGQ4OGZkNWE2MSIsInVzZXJfaWQiOjExfQ.Bu8c-I6cDfBR6WA5fOvw2p1Tq8N7t9yiKP6qzn0xhpg','2024-08-13 14:05:46.955774','2024-08-13 19:05:46.000000',NULL,'015a04b6952d419fb47ddcdd88fd5a61'),(424,'eyJhbGciOiJIUzI1NiIsInR5cCI6IkpXVCJ9.eyJ0b2tlbl90eXBlIjoicmVmcmVzaCIsImV4cCI6MTcyMzU3NjIxOCwiaWF0IjoxNzIzNTU4MjE4LCJqdGkiOiJmOWI2ZWY5ZGQzYTI0OGNkOTJlZjIxYzg0ZGQ5N2U2NiIsInVzZXJfaWQiOjR9.kla37iiit2hALlXAlNXK43cbefRQ2zUux3iHXlkjrsA','2024-08-13 14:10:18.067486','2024-08-13 19:10:18.000000',NULL,'f9b6ef9dd3a248cd92ef21c84dd97e66'),(425,'eyJhbGciOiJIUzI1NiIsInR5cCI6IkpXVCJ9.eyJ0b2tlbl90eXBlIjoicmVmcmVzaCIsImV4cCI6MTcyMzY0MzM0NywiaWF0IjoxNzIzNjI1MzQ3LCJqdGkiOiJmZmUwZjY1ZWNjNjk0NGFjYjYwZTRkYWJlY2JkNTg3MyIsInVzZXJfaWQiOjR9.aXsIkSh-kAeM1gu0omYInkPrMmSLK4DI38S4lwr0YLM','2024-08-14 08:49:07.124084','2024-08-14 13:49:07.000000',NULL,'ffe0f65ecc6944acb60e4dabecbd5873'),(426,'eyJhbGciOiJIUzI1NiIsInR5cCI6IkpXVCJ9.eyJ0b2tlbl90eXBlIjoicmVmcmVzaCIsImV4cCI6MTcyMzY1MTgwOCwiaWF0IjoxNzIzNjMzODA4LCJqdGkiOiI0MjA3NDE0NzE1MTY0MWQzOGEyNTY0MWU4OWIxNjVmNiIsInVzZXJfaWQiOjR9.5hMFCLQGtWhjtXDQDLNb8PM1MT0ClYRo6w6tZ-bFROI','2024-08-14 11:10:08.786311','2024-08-14 16:10:08.000000',NULL,'42074147151641d38a25641e89b165f6'),(427,'eyJhbGciOiJIUzI1NiIsInR5cCI6IkpXVCJ9.eyJ0b2tlbl90eXBlIjoicmVmcmVzaCIsImV4cCI6MTcyNDE2NDI5MCwiaWF0IjoxNzI0MTQ2MjkwLCJqdGkiOiJmZGE0MzlkMjJmOTk0YjIyYjBiOTc4NDRmOTMyMzUzMCIsInVzZXJfaWQiOjR9.ODQPM4R9PV4cIOnqywcd1vK0W5ubyMQR3qmo68jgKvE','2024-08-20 09:31:30.375208','2024-08-20 14:31:30.000000',NULL,'fda439d22f994b22b0b97844f9323530'),(428,'eyJhbGciOiJIUzI1NiIsInR5cCI6IkpXVCJ9.eyJ0b2tlbl90eXBlIjoicmVmcmVzaCIsImV4cCI6MTcyNDE2NTg1NiwiaWF0IjoxNzI0MTQ3ODU2LCJqdGkiOiJjNmFjZDFiOTY2MTI0NDc3ODFjN2FjNDA2ZDc1NGRlYiIsInVzZXJfaWQiOjR9.MWiT4-fo2cm8IB-92BgzKjKgHPsOw_9faw95rsqakVk','2024-08-20 09:57:36.017405','2024-08-20 14:57:36.000000',NULL,'c6acd1b96612447781c7ac406d754deb'),(429,'eyJhbGciOiJIUzI1NiIsInR5cCI6IkpXVCJ9.eyJ0b2tlbl90eXBlIjoicmVmcmVzaCIsImV4cCI6MTcyNDMzNTIzOCwiaWF0IjoxNzI0MzE3MjM4LCJqdGkiOiIzNWQzOWM5MzJjOTk0M2Q3YmFmYmI3M2I4OTQyOWQ4NyIsInVzZXJfaWQiOjR9.iaCIwBBL-CYBecCi60e2-1Sz-xJ7DsYxklD8y3lcnMc','2024-08-22 09:00:38.265985','2024-08-22 14:00:38.000000',NULL,'35d39c932c9943d7bafbb73b89429d87'),(430,'eyJhbGciOiJIUzI1NiIsInR5cCI6IkpXVCJ9.eyJ0b2tlbl90eXBlIjoicmVmcmVzaCIsImV4cCI6MTcyNDQxNDcxMywiaWF0IjoxNzI0Mzk2NzEzLCJqdGkiOiJhNTA3NTg0MTVlNzM0NWRhOTc3ODRkNmJhMTU1NWQxNCIsInVzZXJfaWQiOjExfQ.Ljmc2u7-s5DPIwRfK7kKnAy9Fu7zfOla4kZLc4ru2Jg','2024-08-23 07:05:13.602902','2024-08-23 12:05:13.000000',NULL,'a50758415e7345da97784d6ba1555d14'),(431,'eyJhbGciOiJIUzI1NiIsInR5cCI6IkpXVCJ9.eyJ0b2tlbl90eXBlIjoicmVmcmVzaCIsImV4cCI6MTcyNDY3ODc2OSwiaWF0IjoxNzI0NjYwNzY5LCJqdGkiOiIyNDcyZmFkNjM0NTc0MzhiYWVmMzVjNzYzNzQyM2I1YSIsInVzZXJfaWQiOjE0fQ.U8dosCZJqaewY1LSA_vbB2lFb13onwUQKopxDiVjboA','2024-08-26 08:26:09.407599','2024-08-26 13:26:09.000000',NULL,'2472fad63457438baef35c7637423b5a'),(432,'eyJhbGciOiJIUzI1NiIsInR5cCI6IkpXVCJ9.eyJ0b2tlbl90eXBlIjoicmVmcmVzaCIsImV4cCI6MTcyNDY5OTE4NSwiaWF0IjoxNzI0NjgxMTg1LCJqdGkiOiI4M2Y0YWNiYjA4MDY0NDA0YTM3NDdiNDc4MGI1ZWY5MCIsInVzZXJfaWQiOjR9.aJu7yussDGlQKFgjlW9bJZ9r6RFQKbbWHQQ2eiitRWA','2024-08-26 14:06:25.983904','2024-08-26 19:06:25.000000',NULL,'83f4acbb08064404a3747b4780b5ef90'),(433,'eyJhbGciOiJIUzI1NiIsInR5cCI6IkpXVCJ9.eyJ0b2tlbl90eXBlIjoicmVmcmVzaCIsImV4cCI6MTcyNDg1Nzg5NSwiaWF0IjoxNzI0ODM5ODk1LCJqdGkiOiI5M2JjNmRiNWJlMjU0NzU1OTYzMzBlM2ZiMzQwM2Y1ZSIsInVzZXJfaWQiOjR9.j9R1f5WXKJh3Wj6Eq4nt0Kekv8T6OIKqkfbIuWbds9c','2024-08-28 10:11:35.582998','2024-08-28 15:11:35.000000',NULL,'93bc6db5be25475596330e3fb3403f5e'),(434,'eyJhbGciOiJIUzI1NiIsInR5cCI6IkpXVCJ9.eyJ0b2tlbl90eXBlIjoicmVmcmVzaCIsImV4cCI6MTcyNTM4NTcyNSwiaWF0IjoxNzI1MzY3NzI1LCJqdGkiOiI1MjIwNjg1ZTYwMDQ0YmEwOTI3ZWE1MmQxMWFlYjk2OCIsInVzZXJfaWQiOjR9.0kPhjI1GOtUKmaD09OMC_oOLSOHigpFfg_o_rdXmL_o','2024-09-03 12:48:45.049762','2024-09-03 17:48:45.000000',NULL,'5220685e60044ba0927ea52d11aeb968'),(435,'eyJhbGciOiJIUzI1NiIsInR5cCI6IkpXVCJ9.eyJ0b2tlbl90eXBlIjoicmVmcmVzaCIsImV4cCI6MTcyNTM4NjM2NSwiaWF0IjoxNzI1MzY4MzY1LCJqdGkiOiIwZTM3OWMyMGYzNmM0YjQxOWVlYWM2MjFjNDQxN2MwMCIsInVzZXJfaWQiOjExfQ.HVLxX46kUn0Ye9S8NtULq-aBlCmTHHUl6kH36v3Hedo','2024-09-03 12:59:25.023873','2024-09-03 17:59:25.000000',NULL,'0e379c20f36c4b419eeac621c4417c00'),(436,'eyJhbGciOiJIUzI1NiIsInR5cCI6IkpXVCJ9.eyJ0b2tlbl90eXBlIjoicmVmcmVzaCIsImV4cCI6MTcyNTM4NzM1NCwiaWF0IjoxNzI1MzY5MzU0LCJqdGkiOiJlZWM1MThjNGUxZDE0ZmU3OTk2OTliYmEwOTk3MGQyYyIsInVzZXJfaWQiOjR9.qyAfbxZ7OOfdo0Ke6vvqdsDRLHg5rfyGL2PfXUAMZMM','2024-09-03 13:15:54.622826','2024-09-03 18:15:54.000000',NULL,'eec518c4e1d14fe799699bba09970d2c'),(437,'eyJhbGciOiJIUzI1NiIsInR5cCI6IkpXVCJ9.eyJ0b2tlbl90eXBlIjoicmVmcmVzaCIsImV4cCI6MTcyNTM4NzUzMSwiaWF0IjoxNzI1MzY5NTMxLCJqdGkiOiIxOTkxNmU5MWVmNzA0YTc1YTU4YzkzOGUwYzM3NjczZCIsInVzZXJfaWQiOjF9.IQOxjg717t53sYErJu6xbcFukQsUPT6QxBsq5DahsHI','2024-09-03 13:18:51.655533','2024-09-03 18:18:51.000000',1,'19916e91ef704a75a58c938e0c37673d'),(438,'eyJhbGciOiJIUzI1NiIsInR5cCI6IkpXVCJ9.eyJ0b2tlbl90eXBlIjoicmVmcmVzaCIsImV4cCI6MTcyNTM4ODQ0OSwiaWF0IjoxNzI1MzcwNDQ5LCJqdGkiOiI5M2IzMmE4ZDljMDA0ZWE1OGQzZDM4YmU0YWMxM2ZmZSIsInVzZXJfaWQiOjF9.B5qNXy5fdKeX8sGiOKW6AVh4xfpJgl0CvB8ezUtXukQ','2024-09-03 13:34:09.262528','2024-09-03 18:34:09.000000',1,'93b32a8d9c004ea58d3d38be4ac13ffe'),(439,'eyJhbGciOiJIUzI1NiIsInR5cCI6IkpXVCJ9.eyJ0b2tlbl90eXBlIjoicmVmcmVzaCIsImV4cCI6MTcyNTQ1MTc3MiwiaWF0IjoxNzI1NDMzNzcyLCJqdGkiOiJhNDNjM2ZiNzY3ZjU0NjUzOWFhZjYwNTFlNDkxMGRhNSIsInVzZXJfaWQiOjR9.MpynLGqwGpRpACPr5nIw4gZ62CWq5-v22gEMZ6q1Gh4','2024-09-04 07:09:32.765652','2024-09-04 12:09:32.000000',NULL,'a43c3fb767f546539aaf6051e4910da5'),(440,'eyJhbGciOiJIUzI1NiIsInR5cCI6IkpXVCJ9.eyJ0b2tlbl90eXBlIjoicmVmcmVzaCIsImV4cCI6MTcyNTQ1MTc3MiwiaWF0IjoxNzI1NDMzNzcyLCJqdGkiOiJiOWM5YmNlYWRmNzI0OTIzOWI3NzVmYTBlNDMyMGE4OSIsInVzZXJfaWQiOjR9.a5LsM8zpMpI1MEh9CIBGRVkFvoZ44dcbItd2q_8NRvU','2024-09-04 07:09:32.933357','2024-09-04 12:09:32.000000',NULL,'b9c9bceadf7249239b775fa0e4320a89'),(441,'eyJhbGciOiJIUzI1NiIsInR5cCI6IkpXVCJ9.eyJ0b2tlbl90eXBlIjoicmVmcmVzaCIsImV4cCI6MTcyNTQ1MTg5MSwiaWF0IjoxNzI1NDMzODkxLCJqdGkiOiI3MzI1M2Q3OTcxYTI0YmVmYjg1MzA2OTM0MzRhMWY4MCIsInVzZXJfaWQiOjR9.sIrLNRTXsPirni_LhyhRSvd3xKFkZ2nfuPNUQxzuXkE','2024-09-04 07:11:31.034327','2024-09-04 12:11:31.000000',NULL,'73253d7971a24befb8530693434a1f80'),(442,'eyJhbGciOiJIUzI1NiIsInR5cCI6IkpXVCJ9.eyJ0b2tlbl90eXBlIjoicmVmcmVzaCIsImV4cCI6MTcyNTQ1MjEwMSwiaWF0IjoxNzI1NDM0MTAxLCJqdGkiOiJkYWM2N2E2MTc4NjY0MjcyYjk1ODlhZTMyN2Q5NzJjMiIsInVzZXJfaWQiOjExfQ.2UFcTqxd3JPVto7OIZkYFPN5vR_t8tIOf0LLlQ7Y9WU','2024-09-04 07:15:01.631444','2024-09-04 12:15:01.000000',NULL,'dac67a6178664272b9589ae327d972c2'),(443,'eyJhbGciOiJIUzI1NiIsInR5cCI6IkpXVCJ9.eyJ0b2tlbl90eXBlIjoicmVmcmVzaCIsImV4cCI6MTcyNTQ1MjExNSwiaWF0IjoxNzI1NDM0MTE1LCJqdGkiOiI3Y2RiMDI3YjVkMWI0YTkxOWM5MWY2NjZhNTBhNDg2YSIsInVzZXJfaWQiOjF9.nej046Yy6_QbdtUt0TanhEmhGmAebIhQZXgrPWENSJU','2024-09-04 07:15:15.279110','2024-09-04 12:15:15.000000',1,'7cdb027b5d1b4a919c91f666a50a486a'),(444,'eyJhbGciOiJIUzI1NiIsInR5cCI6IkpXVCJ9.eyJ0b2tlbl90eXBlIjoicmVmcmVzaCIsImV4cCI6MTcyNTQ1MjE1MSwiaWF0IjoxNzI1NDM0MTUxLCJqdGkiOiJiZDJjOGQ5NWE4N2M0OTIwOTRmNGIwNjkxNTZhODc3NCIsInVzZXJfaWQiOjR9.-QG1yfQGXdlxV5lRU45dHHRIUMF4Ln3M2cu2qKAApCg','2024-09-04 07:15:51.937171','2024-09-04 12:15:51.000000',NULL,'bd2c8d95a87c492094f4b069156a8774'),(445,'eyJhbGciOiJIUzI1NiIsInR5cCI6IkpXVCJ9.eyJ0b2tlbl90eXBlIjoicmVmcmVzaCIsImV4cCI6MTcyNTQ2NDgxNywiaWF0IjoxNzI1NDQ2ODE3LCJqdGkiOiI4NzhiMmI5ZTZiNDY0Mjk3OGVmZWFmNzE1MWViZTA3NyIsInVzZXJfaWQiOjExfQ.xMnPFMWRR0g-DlaT1d6L-QqO3b29cgoFbWrT0sVNXOY','2024-09-04 10:46:57.532811','2024-09-04 15:46:57.000000',NULL,'878b2b9e6b4642978efeaf7151ebe077'),(446,'eyJhbGciOiJIUzI1NiIsInR5cCI6IkpXVCJ9.eyJ0b2tlbl90eXBlIjoicmVmcmVzaCIsImV4cCI6MTcyNTQ2NDg2NywiaWF0IjoxNzI1NDQ2ODY3LCJqdGkiOiIxZTdiNDBhMWQ5ZWU0Yzc4YWMxNzUxYmViOWY2NDkwNiIsInVzZXJfaWQiOjR9.x4KrNlXYD0HTAX-6kc7zqEzANNX_avcJ6o0DgoMWEso','2024-09-04 10:47:47.550144','2024-09-04 15:47:47.000000',NULL,'1e7b40a1d9ee4c78ac1751beb9f64906'),(447,'eyJhbGciOiJIUzI1NiIsInR5cCI6IkpXVCJ9.eyJ0b2tlbl90eXBlIjoicmVmcmVzaCIsImV4cCI6MTcyNTQ2ODc3MywiaWF0IjoxNzI1NDUwNzczLCJqdGkiOiJiNTM4MDAxNGUyOWU0OGZhOTM2MGJhZDkzNWYyNDM5ZSIsInVzZXJfaWQiOjF9.MLBAD0D9aA-0SCtTh62wKiXL16TkEfC83O_KMohIPw8','2024-09-04 11:52:53.333784','2024-09-04 16:52:53.000000',1,'b5380014e29e48fa9360bad935f2439e'),(448,'eyJhbGciOiJIUzI1NiIsInR5cCI6IkpXVCJ9.eyJ0b2tlbl90eXBlIjoicmVmcmVzaCIsImV4cCI6MTcyNTQ2OTExMSwiaWF0IjoxNzI1NDUxMTExLCJqdGkiOiJmMDBjYWE5OTRkOTM0ZjUxYjI1MWM0ZmQwNTY5NjVlOSIsInVzZXJfaWQiOjExfQ.KWWdXzLwiN7ftucfmP2Vv5ChcQ8atu8e41hWputyS70','2024-09-04 11:58:31.046989','2024-09-04 16:58:31.000000',NULL,'f00caa994d934f51b251c4fd056965e9'),(449,'eyJhbGciOiJIUzI1NiIsInR5cCI6IkpXVCJ9.eyJ0b2tlbl90eXBlIjoicmVmcmVzaCIsImV4cCI6MTcyNTQ3NjAwNywiaWF0IjoxNzI1NDU4MDA3LCJqdGkiOiI5ODgyM2QwNWU0NjA0ZjI4YTJiMjQ4YjAyMmU3MDY0NyIsInVzZXJfaWQiOjF9.exD_Dh5bejBSFRR-TGewKJ3fj6ikT2_HNJAw97ukRMs','2024-09-04 13:53:27.428136','2024-09-04 18:53:27.000000',1,'98823d05e4604f28a2b248b022e70647'),(450,'eyJhbGciOiJIUzI1NiIsInR5cCI6IkpXVCJ9.eyJ0b2tlbl90eXBlIjoicmVmcmVzaCIsImV4cCI6MTcyNTQ3NjM5MSwiaWF0IjoxNzI1NDU4MzkxLCJqdGkiOiIyZjVhZDMzYzYwOTQ0MjlhYTQ3MjUzZDEzMGJiNWFjYiIsInVzZXJfaWQiOjF9.nC1Eu5eJOqGlRx_OHforZIGVzQepvAJMt6SWLa9Phms','2024-09-04 13:59:51.658376','2024-09-04 18:59:51.000000',1,'2f5ad33c6094429aa47253d130bb5acb'),(451,'eyJhbGciOiJIUzI1NiIsInR5cCI6IkpXVCJ9.eyJ0b2tlbl90eXBlIjoicmVmcmVzaCIsImV4cCI6MTcyNTUzNTk1OSwiaWF0IjoxNzI1NTE3OTU5LCJqdGkiOiI0ODJmZmYxMDYwNzU0ODAwODU2YTU1NDkzNWY5M2VlMSIsInVzZXJfaWQiOjF9._ODAeIjjFLKSTkkdeB6SrSY_JrQH_riaOeIs69OuSX0','2024-09-05 06:32:39.959249','2024-09-05 11:32:39.000000',1,'482fff1060754800856a554935f93ee1'),(452,'eyJhbGciOiJIUzI1NiIsInR5cCI6IkpXVCJ9.eyJ0b2tlbl90eXBlIjoicmVmcmVzaCIsImV4cCI6MTcyNTU1ODk5NywiaWF0IjoxNzI1NTQwOTk3LCJqdGkiOiIyN2NjMTk5MDcwZmY0ZTY4YTc2YmUyNDIxOWY1NzUxOCIsInVzZXJfaWQiOjR9.YDBEse2pu9TNQvzWjpYWMCR8O1VEQmXtVBfEdqSHVOc','2024-09-05 12:56:37.494228','2024-09-05 17:56:37.000000',NULL,'27cc199070ff4e68a76be24219f57518'),(453,'eyJhbGciOiJIUzI1NiIsInR5cCI6IkpXVCJ9.eyJ0b2tlbl90eXBlIjoicmVmcmVzaCIsImV4cCI6MTcyNTU1OTA2MywiaWF0IjoxNzI1NTQxMDYzLCJqdGkiOiJjMjU4ODkxZjc3NmE0YzQyYmY0N2I3YjcyMDc3OTYzMyIsInVzZXJfaWQiOjExfQ.nYMS4LfOd85CHec1u_v-ETXkdkHrCNDlX4gtVnCGBSQ','2024-09-05 12:57:43.403997','2024-09-05 17:57:43.000000',NULL,'c258891f776a4c42bf47b7b720779633'),(454,'eyJhbGciOiJIUzI1NiIsInR5cCI6IkpXVCJ9.eyJ0b2tlbl90eXBlIjoicmVmcmVzaCIsImV4cCI6MTcyNTU1OTEwMiwiaWF0IjoxNzI1NTQxMTAyLCJqdGkiOiI0OGRiYTg5NDM3MGI0N2ZkYWJkNjVmYzYzN2NlMDIyNyIsInVzZXJfaWQiOjR9._4gv_BzlINNtLGMOHDW3sdIaz8lvVCnTNuHvQy-f5Sc','2024-09-05 12:58:22.211710','2024-09-05 17:58:22.000000',NULL,'48dba894370b47fdabd65fc637ce0227'),(455,'eyJhbGciOiJIUzI1NiIsInR5cCI6IkpXVCJ9.eyJ0b2tlbl90eXBlIjoicmVmcmVzaCIsImV4cCI6MTcyNTYyNDM0NywiaWF0IjoxNzI1NjA2MzQ3LCJqdGkiOiI3MjhiMzViMTUzMmE0ZDcyYWZiMzQzODhhNGFjOWJkMiIsInVzZXJfaWQiOjR9.vwchLPBzXuzjIfH-eu539am8nWfa6RxgGN8liX6ivYA','2024-09-06 07:05:47.010670','2024-09-06 12:05:47.000000',NULL,'728b35b1532a4d72afb34388a4ac9bd2'),(456,'eyJhbGciOiJIUzI1NiIsInR5cCI6IkpXVCJ9.eyJ0b2tlbl90eXBlIjoicmVmcmVzaCIsImV4cCI6MTcyNTYzNzAwNiwiaWF0IjoxNzI1NjE5MDA2LCJqdGkiOiIxMWQ1ODQzNTRiMTQ0OGUxYWI0Mjk3OTQ4MzJmZjRhMSIsInVzZXJfaWQiOjF9.-9oQJXt4UQUt5OW87m_JMhySvfJA_x6xzFbFK6COijI','2024-09-06 10:36:46.720899','2024-09-06 15:36:46.000000',1,'11d584354b1448e1ab429794832ff4a1'),(457,'eyJhbGciOiJIUzI1NiIsInR5cCI6IkpXVCJ9.eyJ0b2tlbl90eXBlIjoicmVmcmVzaCIsImV4cCI6MTcyNTYzNzAzOCwiaWF0IjoxNzI1NjE5MDM4LCJqdGkiOiI2Y2RmMWFlN2JjYjE0NDNiODJkMmNiMTA0MmY3ODEzOSIsInVzZXJfaWQiOjR9.WYw5y6M6eriSPZJfvYFql9Ag4XlJorB6T0UMepjlQx0','2024-09-06 10:37:18.598435','2024-09-06 15:37:18.000000',NULL,'6cdf1ae7bcb1443b82d2cb1042f78139'),(458,'eyJhbGciOiJIUzI1NiIsInR5cCI6IkpXVCJ9.eyJ0b2tlbl90eXBlIjoicmVmcmVzaCIsImV4cCI6MTcyNTYzODQzOSwiaWF0IjoxNzI1NjIwNDM5LCJqdGkiOiIxZWMxYjZhMzhkYTI0NTE5OGZhZjc4YzgwOGY2YjM2OCIsInVzZXJfaWQiOjR9.0jIZlHmZ4hqbv0N2jTGwdTf8VeKdciyFFubQ2wgnNy4','2024-09-06 11:00:39.974668','2024-09-06 16:00:39.000000',NULL,'1ec1b6a38da245198faf78c808f6b368'),(459,'eyJhbGciOiJIUzI1NiIsInR5cCI6IkpXVCJ9.eyJ0b2tlbl90eXBlIjoicmVmcmVzaCIsImV4cCI6MTcyNTg4MzYyNiwiaWF0IjoxNzI1ODY1NjI2LCJqdGkiOiI2NzJhYTY2OTg5ODk0YWE3YTRmMDdlOGZhNzUzMTQxNiIsInVzZXJfaWQiOjR9.93psqeOxSrtoQ0rleP_MDlcjwCUdoqQhfLZWBia3hJc','2024-09-09 07:07:06.139525','2024-09-09 12:07:06.000000',NULL,'672aa66989894aa7a4f07e8fa7531416'),(460,'eyJhbGciOiJIUzI1NiIsInR5cCI6IkpXVCJ9.eyJ0b2tlbl90eXBlIjoicmVmcmVzaCIsImV4cCI6MTcyNTg5MzQ5NiwiaWF0IjoxNzI1ODc1NDk2LCJqdGkiOiIzZjQ5YWU4NjJhYWE0NWE4ODQ2NDgyNDYwN2UyNzIwNiIsInVzZXJfaWQiOjF9._3NhZ1LaM9jkynvWptE1WaNiuXooXFSQVhlDCKdXyN4','2024-09-09 09:51:36.422626','2024-09-09 14:51:36.000000',1,'3f49ae862aaa45a88464824607e27206'),(461,'eyJhbGciOiJIUzI1NiIsInR5cCI6IkpXVCJ9.eyJ0b2tlbl90eXBlIjoicmVmcmVzaCIsImV4cCI6MTcyNTkwMDAzNSwiaWF0IjoxNzI1ODgyMDM1LCJqdGkiOiJjYThlOTg2MGZmNjE0M2NlOTIzOWExMTBiZmRkMmY3ZSIsInVzZXJfaWQiOjR9.ZV_ojD4tIwDl7h3qJAKqWGgEn4Gvh-MhT0-Kzcha3GQ','2024-09-09 11:40:35.659221','2024-09-09 16:40:35.000000',NULL,'ca8e9860ff6143ce9239a110bfdd2f7e'),(462,'eyJhbGciOiJIUzI1NiIsInR5cCI6IkpXVCJ9.eyJ0b2tlbl90eXBlIjoicmVmcmVzaCIsImV4cCI6MTcyNTkwMDA0MywiaWF0IjoxNzI1ODgyMDQzLCJqdGkiOiIyOGNjNGNkZThlY2Y0NjU4ODhlZTY4ZDQwYmM0YTZhOSIsInVzZXJfaWQiOjExfQ.YWPxjg2wJYsbvXM4xHWBDAJS8TgStxNxmQsDtRyyPE8','2024-09-09 11:40:43.200725','2024-09-09 16:40:43.000000',NULL,'28cc4cde8ecf465888ee68d40bc4a6a9'),(463,'eyJhbGciOiJIUzI1NiIsInR5cCI6IkpXVCJ9.eyJ0b2tlbl90eXBlIjoicmVmcmVzaCIsImV4cCI6MTcyNTkwMDk2NSwiaWF0IjoxNzI1ODgyOTY1LCJqdGkiOiI1MjM3MGFmMGJmYWE0ZjI3YTg5ODc5YzI4NjJjZmZlOSIsInVzZXJfaWQiOjR9.H7OW0x1yYLOHQeBjlRgqVvudXoEU7dbhWOhsQd22gzE','2024-09-09 11:56:05.213617','2024-09-09 16:56:05.000000',NULL,'52370af0bfaa4f27a89879c2862cffe9'),(464,'eyJhbGciOiJIUzI1NiIsInR5cCI6IkpXVCJ9.eyJ0b2tlbl90eXBlIjoicmVmcmVzaCIsImV4cCI6MTcyNTkwMDk4MSwiaWF0IjoxNzI1ODgyOTgxLCJqdGkiOiIwMTI2NjAyMTZkZTY0MzExYjcyMTQ4Njg5ODQwMWY5YiIsInVzZXJfaWQiOjExfQ.nWIxwLUQZ5IHK3FzhBTVK6plplbK3rc5KNDimbQ1PVU','2024-09-09 11:56:21.992148','2024-09-09 16:56:21.000000',NULL,'012660216de64311b721486898401f9b'),(465,'eyJhbGciOiJIUzI1NiIsInR5cCI6IkpXVCJ9.eyJ0b2tlbl90eXBlIjoicmVmcmVzaCIsImV4cCI6MTcyNTkwMDk5NiwiaWF0IjoxNzI1ODgyOTk2LCJqdGkiOiI2NDI4OWZlZTRhNTM0NWE4OWYxZmRmYWQ5OTYyMTM1NyIsInVzZXJfaWQiOjF9.AtFxTsYlMWOlOel2hSMJLqE6xDv_5VcKZj6DUTx0HaU','2024-09-09 11:56:36.026726','2024-09-09 16:56:36.000000',1,'64289fee4a5345a89f1fdfad99621357'),(466,'eyJhbGciOiJIUzI1NiIsInR5cCI6IkpXVCJ9.eyJ0b2tlbl90eXBlIjoicmVmcmVzaCIsImV4cCI6MTcyNTkwMTAwMywiaWF0IjoxNzI1ODgzMDAzLCJqdGkiOiJjZDYwZmQ4MDE2MzQ0ZTAyYWY3ZTljYzQ2NGIwMzZkNSIsInVzZXJfaWQiOjExfQ.ftgUDj0dq-tLczE7XVam-XaQfrXjOtR7VTRaEJVSmhM','2024-09-09 11:56:43.064797','2024-09-09 16:56:43.000000',NULL,'cd60fd8016344e02af7e9cc464b036d5'),(467,'eyJhbGciOiJIUzI1NiIsInR5cCI6IkpXVCJ9.eyJ0b2tlbl90eXBlIjoicmVmcmVzaCIsImV4cCI6MTcyNTkwMjA3NSwiaWF0IjoxNzI1ODg0MDc1LCJqdGkiOiI4YjYwZmI0M2U5NWU0YjI1YTIzNTQ5MDM2OWU0MWQ3NSIsInVzZXJfaWQiOjR9.uAjriRvrLBF49R961WAjT10xVP6qjgH47y_6n7xa5Ak','2024-09-09 12:14:35.714169','2024-09-09 17:14:35.000000',NULL,'8b60fb43e95e4b25a235490369e41d75'),(468,'eyJhbGciOiJIUzI1NiIsInR5cCI6IkpXVCJ9.eyJ0b2tlbl90eXBlIjoicmVmcmVzaCIsImV4cCI6MTcyNTkwMzY1MCwiaWF0IjoxNzI1ODg1NjUwLCJqdGkiOiIwYTYyMTQ5ZDMyNmE0NjI4OTExZWY2Nzk2MDljOTlmZSIsInVzZXJfaWQiOjR9.LAQybe8JGijYBq7SeBCvvYJwqv8amd2rtBtMgdvRy2o','2024-09-09 12:40:50.763325','2024-09-09 17:40:50.000000',NULL,'0a62149d326a4628911ef679609c99fe'),(469,'eyJhbGciOiJIUzI1NiIsInR5cCI6IkpXVCJ9.eyJ0b2tlbl90eXBlIjoicmVmcmVzaCIsImV4cCI6MTcyNTkwNTI5OCwiaWF0IjoxNzI1ODg3Mjk4LCJqdGkiOiJmOWQ4M2JlOTZkYzM0MDcwYTJjM2M3NmQ1M2Y3MTI4ZiIsInVzZXJfaWQiOjExfQ.ftKGHYbR1XABuORBbazUUI9_4ulkY7pUsoRguISsVHM','2024-09-09 13:08:18.849564','2024-09-09 18:08:18.000000',NULL,'f9d83be96dc34070a2c3c76d53f7128f'),(470,'eyJhbGciOiJIUzI1NiIsInR5cCI6IkpXVCJ9.eyJ0b2tlbl90eXBlIjoicmVmcmVzaCIsImV4cCI6MTcyNTkwODM5NCwiaWF0IjoxNzI1ODkwMzk0LCJqdGkiOiIxNDY4MjM1MjEzMDI0ZjQyOTljNmI0NmIyN2Y4ZDM2MCIsInVzZXJfaWQiOjExfQ.XSJgHPcFIx3xXnF3mUu38TdNpAelIoWNyw985xDrIDE','2024-09-09 13:59:54.769351','2024-09-09 18:59:54.000000',NULL,'1468235213024f4299c6b46b27f8d360'),(471,'eyJhbGciOiJIUzI1NiIsInR5cCI6IkpXVCJ9.eyJ0b2tlbl90eXBlIjoicmVmcmVzaCIsImV4cCI6MTcyNTkwODc0OSwiaWF0IjoxNzI1ODkwNzQ5LCJqdGkiOiI0YzgwYmNhN2ExYzM0NDkxYThmYjU1N2RhM2I1MDk4YSIsInVzZXJfaWQiOjR9.io82woC6Fdo1m53Bn50xrglT1u46Bi0Uk0BQxiOrN8E','2024-09-09 14:05:49.949263','2024-09-09 19:05:49.000000',NULL,'4c80bca7a1c34491a8fb557da3b5098a'),(472,'eyJhbGciOiJIUzI1NiIsInR5cCI6IkpXVCJ9.eyJ0b2tlbl90eXBlIjoicmVmcmVzaCIsImV4cCI6MTcyNTk3MDk3NCwiaWF0IjoxNzI1OTUyOTc0LCJqdGkiOiI5NTRiZTk3ZWEzYmI0YjdiYjg3ZjgzMWYxZjk5ZGU4YiIsInVzZXJfaWQiOjR9.6JB3kxW5s_iiLaqV8PSpcGLvzhZ8f7_0LeyvGieyw8Y','2024-09-10 07:22:54.143572','2024-09-10 12:22:54.000000',NULL,'954be97ea3bb4b7bb87f831f1f99de8b'),(473,'eyJhbGciOiJIUzI1NiIsInR5cCI6IkpXVCJ9.eyJ0b2tlbl90eXBlIjoicmVmcmVzaCIsImV4cCI6MTcyNTk5MzAyNSwiaWF0IjoxNzI1OTc1MDI1LCJqdGkiOiIyZTkyMmExNTJmODA0MGU4YWNlYjI3ZTI1ZjA3NmE0MSIsInVzZXJfaWQiOjF9.RTGdlUzmwMuZtds2qH2egUxK77fCpTfK5fRqSL9U_gs','2024-09-10 13:30:25.312163','2024-09-10 18:30:25.000000',1,'2e922a152f8040e8aceb27e25f076a41'),(474,'eyJhbGciOiJIUzI1NiIsInR5cCI6IkpXVCJ9.eyJ0b2tlbl90eXBlIjoicmVmcmVzaCIsImV4cCI6MTcyNjE2NTA4MiwiaWF0IjoxNzI2MTQ3MDgyLCJqdGkiOiJlMDNmMGIwNzUyYjM0M2JjYWJkYTgwM2YxODg4NGI5MSIsInVzZXJfaWQiOjExfQ.Gc-gFW7d4f6O2kXrQF5IvCTcwLNNskFzAmSC8lsDBCQ','2024-09-12 13:18:02.441291','2024-09-12 18:18:02.000000',NULL,'e03f0b0752b343bcabda803f18884b91'),(475,'eyJhbGciOiJIUzI1NiIsInR5cCI6IkpXVCJ9.eyJ0b2tlbl90eXBlIjoicmVmcmVzaCIsImV4cCI6MTcyNjE4NDI5MSwiaWF0IjoxNzI2MTY2MjkxLCJqdGkiOiI0OWNiNTk1ZjEyZGI0OGU0OTEwYTIzYTU2ZjBlOTk1NSIsInVzZXJfaWQiOjR9.Gl50pQ7fiXaH7dmy4ii-dRQIqODuwCP-8t1GSg21bPs','2024-09-12 18:38:11.323739','2024-09-12 23:38:11.000000',NULL,'49cb595f12db48e4910a23a56f0e9955'),(476,'eyJhbGciOiJIUzI1NiIsInR5cCI6IkpXVCJ9.eyJ0b2tlbl90eXBlIjoicmVmcmVzaCIsImV4cCI6MTcyNjU5NDQ1MCwiaWF0IjoxNzI2NTc2NDUwLCJqdGkiOiI3YjI3YWRjM2EwZmU0Yzk3OTUwZDMzM2Y3ZDcwZDJmNCIsInVzZXJfaWQiOjExfQ.tgvj3yXaw_F8PEQq-l4DuGDlqo9IZsHHvWz2U5lxP9Y','2024-09-17 12:34:10.654125','2024-09-17 17:34:10.000000',NULL,'7b27adc3a0fe4c97950d333f7d70d2f4'),(477,'eyJhbGciOiJIUzI1NiIsInR5cCI6IkpXVCJ9.eyJ0b2tlbl90eXBlIjoicmVmcmVzaCIsImV4cCI6MTcyNjY3NDU3NywiaWF0IjoxNzI2NjU2NTc3LCJqdGkiOiJkOTMyNjM1YjNkNzA0ZDQ3OWRmOTI2YTQyODI3ZThhZCIsInVzZXJfaWQiOjExfQ.Err9YLDppU0B58YOVWfvuvxZsM6U5Ks0cX3Eux9rhfA','2024-09-18 10:49:37.790487','2024-09-18 15:49:37.000000',NULL,'d932635b3d704d479df926a42827e8ad'),(478,'eyJhbGciOiJIUzI1NiIsInR5cCI6IkpXVCJ9.eyJ0b2tlbl90eXBlIjoicmVmcmVzaCIsImV4cCI6MTcyNjY3NjYyMCwiaWF0IjoxNzI2NjU4NjIwLCJqdGkiOiI4MDQ2NTcyOTkzMTE0YWEyYmY5YjczZDU5NmM4YzUxZSIsInVzZXJfaWQiOjR9.LgN7RZgQPLquCoJPCHxT0hz_RARcTEuSm0M0lTCE2Ao','2024-09-18 11:23:40.752390','2024-09-18 16:23:40.000000',NULL,'8046572993114aa2bf9b73d596c8c51e'),(479,'eyJhbGciOiJIUzI1NiIsInR5cCI6IkpXVCJ9.eyJ0b2tlbl90eXBlIjoicmVmcmVzaCIsImV4cCI6MTcyNzA5MTAzNiwiaWF0IjoxNzI3MDczMDM2LCJqdGkiOiIzNWVjZmUzZjliZTY0ODNmYjUxN2NhZjg0ZGJjYjM1YiIsInVzZXJfaWQiOjR9.hmnL7-g9yJxVa94sISrMVc4dH3RHUan6b0FM-Ahchoc','2024-09-23 06:30:36.104796','2024-09-23 11:30:36.000000',NULL,'35ecfe3f9be6483fb517caf84dbcb35b'),(480,'eyJhbGciOiJIUzI1NiIsInR5cCI6IkpXVCJ9.eyJ0b2tlbl90eXBlIjoicmVmcmVzaCIsImV4cCI6MTcyNzA5MTA0NywiaWF0IjoxNzI3MDczMDQ3LCJqdGkiOiI5MmQ2YjhkZTg3YTk0ZGRkYjQ3ZmMwZTQwNTAyYzEwNyIsInVzZXJfaWQiOjExfQ.mxc4PmZ4vRL6oEjE87jQf66cZUYXoro_6SR4G3vNHFg','2024-09-23 06:30:47.590592','2024-09-23 11:30:47.000000',NULL,'92d6b8de87a94dddb47fc0e40502c107'),(481,'eyJhbGciOiJIUzI1NiIsInR5cCI6IkpXVCJ9.eyJ0b2tlbl90eXBlIjoicmVmcmVzaCIsImV4cCI6MTcyNzYzNzQwNCwiaWF0IjoxNzI3NjE5NDA0LCJqdGkiOiIwNGY1OWJjNjE0YjQ0MzIwYWRiYjhmODZiZGVjMWI3NCIsInVzZXJfaWQiOjE2fQ.OGSgMCVBet2FmfC_vbHOTFFt5NTD9AEmhXeMY4GKETo','2024-09-29 14:16:44.974784','2024-09-29 19:16:44.000000',NULL,'04f59bc614b44320adbb8f86bdec1b74'),(482,'eyJhbGciOiJIUzI1NiIsInR5cCI6IkpXVCJ9.eyJ0b2tlbl90eXBlIjoicmVmcmVzaCIsImV4cCI6MTcyNzYzNzYwNCwiaWF0IjoxNzI3NjE5NjA0LCJqdGkiOiIyNmRiNGQ0NjUzNTA0NmViODNmMmQzNTk1NjMxZmQ2NCIsInVzZXJfaWQiOjE2fQ.unGvy-CZG17BHTtPknJnqeUge31pwJ71nX_kxs5Y7lo','2024-09-29 14:20:04.593088','2024-09-29 19:20:04.000000',NULL,'26db4d46535046eb83f2d3595631fd64'),(483,'eyJhbGciOiJIUzI1NiIsInR5cCI6IkpXVCJ9.eyJ0b2tlbl90eXBlIjoicmVmcmVzaCIsImV4cCI6MTcyNzYzNzc0MCwiaWF0IjoxNzI3NjE5NzQwLCJqdGkiOiIyNjNjZGE1OTExYWU0NDdhYjQxNzY2ZmIwZDBkNzJlMiIsInVzZXJfaWQiOjE2fQ.zCgCuTDxczwIyxggXpn0SxD2PVI6zT7Fofl3KxR75f0','2024-09-29 14:22:20.980701','2024-09-29 19:22:20.000000',NULL,'263cda5911ae447ab41766fb0d0d72e2'),(484,'eyJhbGciOiJIUzI1NiIsInR5cCI6IkpXVCJ9.eyJ0b2tlbl90eXBlIjoicmVmcmVzaCIsImV4cCI6MTcyNzYzODMzNSwiaWF0IjoxNzI3NjIwMzM1LCJqdGkiOiI4ZjliNWM3ZmZhNTM0OGJmYWU5ZDRhOWFiODVlMGEyYSIsInVzZXJfaWQiOjE2fQ.vqovcNqF9qHWi0I0w50HXrIUZv7bmLjmV03My4TxkU8','2024-09-29 14:32:15.774170','2024-09-29 19:32:15.000000',NULL,'8f9b5c7ffa5348bfae9d4a9ab85e0a2a'),(485,'eyJhbGciOiJIUzI1NiIsInR5cCI6IkpXVCJ9.eyJ0b2tlbl90eXBlIjoicmVmcmVzaCIsImV4cCI6MTcyNzcxOTE0NiwiaWF0IjoxNzI3NzAxMTQ2LCJqdGkiOiI3YzI1ZGU5NWUxYTc0NTQ1OTY0OWQ2NWEzNDY2ZGQ3NCIsInVzZXJfaWQiOjE2fQ.nYoFE0VOnT3Q2A88TMXYoys1UnO0N3Fxjg6u63C9u_o','2024-09-30 12:59:06.998022','2024-09-30 17:59:06.000000',NULL,'7c25de95e1a745459649d65a3466dd74'),(486,'eyJhbGciOiJIUzI1NiIsInR5cCI6IkpXVCJ9.eyJ0b2tlbl90eXBlIjoicmVmcmVzaCIsImV4cCI6MTcyNzcyMDQ3NSwiaWF0IjoxNzI3NzAyNDc1LCJqdGkiOiIzYzFjNmI2ZDFlODA0ZGU5OTVhMTg3ZTQ1Y2M2NWM4NCIsInVzZXJfaWQiOjE2fQ.pf-9VgjRddXNHbvRE4_SE9nyvFmETXcUe1DqwYWIjQk','2024-09-30 13:21:15.218157','2024-09-30 18:21:15.000000',NULL,'3c1c6b6d1e804de995a187e45cc65c84'),(487,'eyJhbGciOiJIUzI1NiIsInR5cCI6IkpXVCJ9.eyJ0b2tlbl90eXBlIjoicmVmcmVzaCIsImV4cCI6MTcyNzcyMDUxOCwiaWF0IjoxNzI3NzAyNTE4LCJqdGkiOiI4NDY3MzgyZjNjZGM0ZWYzOTk1NmE5ODcyYzE5YjdhMyIsInVzZXJfaWQiOjE2fQ.MBUoxNYwyAaUxwGwS0ZmHB0SlapAwnrCpgpl4GY8f5g','2024-09-30 13:21:58.486820','2024-09-30 18:21:58.000000',NULL,'8467382f3cdc4ef39956a9872c19b7a3'),(488,'eyJhbGciOiJIUzI1NiIsInR5cCI6IkpXVCJ9.eyJ0b2tlbl90eXBlIjoicmVmcmVzaCIsImV4cCI6MTcyNzcyMTE4MCwiaWF0IjoxNzI3NzAzMTgwLCJqdGkiOiJhNjAxZTkwOTA3ZTY0OTZiOTUzMGE2MGUwYWFjNTNiZiIsInVzZXJfaWQiOjE2fQ.c44OnzY9nO2MWAN1jzD4hTa0fAniEbaVKbm4mgxdXQ4','2024-09-30 13:33:00.119812','2024-09-30 18:33:00.000000',NULL,'a601e90907e6496b9530a60e0aac53bf'),(489,'eyJhbGciOiJIUzI1NiIsInR5cCI6IkpXVCJ9.eyJ0b2tlbl90eXBlIjoicmVmcmVzaCIsImV4cCI6MTcyNzcyMjkyMCwiaWF0IjoxNzI3NzA0OTIwLCJqdGkiOiJjZTJlYTIyMzE0ODk0YjVmOTQwZTllMWNmYTk4MmQyOCIsInVzZXJfaWQiOjE3fQ.WuXKfRFKaz1kBKMwut9xmKYm5qgX8DB1AzMS3mZ1FzA','2024-09-30 14:02:00.696355','2024-09-30 19:02:00.000000',NULL,'ce2ea22314894b5f940e9e1cfa982d28'),(490,'eyJhbGciOiJIUzI1NiIsInR5cCI6IkpXVCJ9.eyJ0b2tlbl90eXBlIjoicmVmcmVzaCIsImV4cCI6MTcyNzcyNjIwOSwiaWF0IjoxNzI3NzA4MjA5LCJqdGkiOiJiZjBkNDY5NTNlNzA0ZjA2YjdlYzBkODNhMWQzYjM2MyIsInVzZXJfaWQiOjE4fQ.GDUirLewqkYr-Rc1e16t04jJeFSe3VBbuQ-yCxNMs2M','2024-09-30 14:56:49.745702','2024-09-30 19:56:49.000000',NULL,'bf0d46953e704f06b7ec0d83a1d3b363'),(491,'eyJhbGciOiJIUzI1NiIsInR5cCI6IkpXVCJ9.eyJ0b2tlbl90eXBlIjoicmVmcmVzaCIsImV4cCI6MTcyNzczMjAyMiwiaWF0IjoxNzI3NzE0MDIyLCJqdGkiOiIxOTEzNjY1MDdiNDA0ZGM2YmQyNGE1ZTY3MTk0MjZkMCIsInVzZXJfaWQiOjE3fQ.QUh9h0F-E0_tlNWHNpLeaFIUY5JUTneUhIJiF-bnrqM','2024-09-30 16:33:42.409900','2024-09-30 21:33:42.000000',NULL,'191366507b404dc6bd24a5e6719426d0'),(492,'eyJhbGciOiJIUzI1NiIsInR5cCI6IkpXVCJ9.eyJ0b2tlbl90eXBlIjoicmVmcmVzaCIsImV4cCI6MTcyNzczMjQ2MSwiaWF0IjoxNzI3NzE0NDYxLCJqdGkiOiIyYzg3ZWMxNWRkYmE0MWRiOTZhZGJhYjdjZTM2YmZlOSIsInVzZXJfaWQiOjE2fQ.6rNUvt2ZnPJR4LdnDiHi_1tEAprt9Y28qzYz8578qQo','2024-09-30 16:41:01.313662','2024-09-30 21:41:01.000000',NULL,'2c87ec15ddba41db96adbab7ce36bfe9'),(493,'eyJhbGciOiJIUzI1NiIsInR5cCI6IkpXVCJ9.eyJ0b2tlbl90eXBlIjoicmVmcmVzaCIsImV4cCI6MTcyNzc0MDgzOSwiaWF0IjoxNzI3NzIyODM5LCJqdGkiOiJmOTA2YTk5NzdmNzA0ZTdiYTE3ODM0MTI5ZjJiOGUyZCIsInVzZXJfaWQiOjE4fQ.ANRJfBGXPzfYd7vCRlL-2JaqlvjssDCoKnES-H_6OMA','2024-09-30 19:00:39.235381','2024-10-01 00:00:39.000000',NULL,'f906a9977f704e7ba17834129f2b8e2d');
/*!40000 ALTER TABLE `token_blacklist_outstandingtoken` ENABLE KEYS */;
UNLOCK TABLES;

--
-- Table structure for table `trainings_deliverymethod`
--

DROP TABLE IF EXISTS `trainings_deliverymethod`;
/*!40101 SET @saved_cs_client     = @@character_set_client */;
/*!50503 SET character_set_client = utf8mb4 */;
CREATE TABLE `trainings_deliverymethod` (
  `id` bigint NOT NULL AUTO_INCREMENT,
  `delivery_method` varchar(140) NOT NULL,
  PRIMARY KEY (`id`)
) ENGINE=InnoDB AUTO_INCREMENT=7 DEFAULT CHARSET=utf8mb4 COLLATE=utf8mb4_0900_ai_ci;
/*!40101 SET character_set_client = @saved_cs_client */;

--
-- Dumping data for table `trainings_deliverymethod`
--

LOCK TABLES `trainings_deliverymethod` WRITE;
/*!40000 ALTER TABLE `trainings_deliverymethod` DISABLE KEYS */;
INSERT INTO `trainings_deliverymethod` VALUES (1,'Online-Kurs'),(2,'Webinar/Video'),(3,'MOOC'),(4,'Cyber-Spiel'),(5,'Quiz'),(6,'Dokument');
/*!40000 ALTER TABLE `trainings_deliverymethod` ENABLE KEYS */;
UNLOCK TABLES;

--
-- Table structure for table `trainings_language`
--

DROP TABLE IF EXISTS `trainings_language`;
/*!40101 SET @saved_cs_client     = @@character_set_client */;
/*!50503 SET character_set_client = utf8mb4 */;
CREATE TABLE `trainings_language` (
  `id` bigint NOT NULL AUTO_INCREMENT,
  `language` varchar(140) NOT NULL,
  PRIMARY KEY (`id`)
) ENGINE=InnoDB AUTO_INCREMENT=3 DEFAULT CHARSET=utf8mb4 COLLATE=utf8mb4_0900_ai_ci;
/*!40101 SET character_set_client = @saved_cs_client */;

--
-- Dumping data for table `trainings_language`
--

LOCK TABLES `trainings_language` WRITE;
/*!40000 ALTER TABLE `trainings_language` DISABLE KEYS */;
INSERT INTO `trainings_language` VALUES (1,'Deutsch'),(2,'Englisch');
/*!40000 ALTER TABLE `trainings_language` ENABLE KEYS */;
UNLOCK TABLES;

--
-- Table structure for table `trainings_targetaudience`
--

DROP TABLE IF EXISTS `trainings_targetaudience`;
/*!40101 SET @saved_cs_client     = @@character_set_client */;
/*!50503 SET character_set_client = utf8mb4 */;
CREATE TABLE `trainings_targetaudience` (
  `id` bigint NOT NULL AUTO_INCREMENT,
  `audience_name` varchar(140) NOT NULL,
  PRIMARY KEY (`id`)
) ENGINE=InnoDB AUTO_INCREMENT=6 DEFAULT CHARSET=utf8mb4 COLLATE=utf8mb4_0900_ai_ci;
/*!40101 SET character_set_client = @saved_cs_client */;

--
-- Dumping data for table `trainings_targetaudience`
--

LOCK TABLES `trainings_targetaudience` WRITE;
/*!40000 ALTER TABLE `trainings_targetaudience` DISABLE KEYS */;
INSERT INTO `trainings_targetaudience` VALUES (1,'Generisch'),(2,'Spezfisch'),(3,'KMUs'),(4,'Kliniken'),(5,'Konsument');
/*!40000 ALTER TABLE `trainings_targetaudience` ENABLE KEYS */;
UNLOCK TABLES;

--
-- Table structure for table `trainings_training`
--

DROP TABLE IF EXISTS `trainings_training`;
/*!40101 SET @saved_cs_client     = @@character_set_client */;
/*!50503 SET character_set_client = utf8mb4 */;
CREATE TABLE `trainings_training` (
  `id` bigint NOT NULL AUTO_INCREMENT,
  `training_name` varchar(140) NOT NULL,
  `training_url` varchar(400) DEFAULT NULL,
  `certification` int NOT NULL,
  `costs` int NOT NULL,
  `training_provider` varchar(140) DEFAULT NULL,
  `training_group_id` bigint DEFAULT NULL,
  PRIMARY KEY (`id`),
  KEY `trainings_training_training_group_id_1f19a3fd_fk_trainings` (`training_group_id`),
  CONSTRAINT `trainings_training_training_group_id_1f19a3fd_fk_trainings` FOREIGN KEY (`training_group_id`) REFERENCES `trainings_traininggroup` (`id`)
) ENGINE=InnoDB AUTO_INCREMENT=599 DEFAULT CHARSET=utf8mb4 COLLATE=utf8mb4_0900_ai_ci;
/*!40101 SET character_set_client = @saved_cs_client */;

--
-- Dumping data for table `trainings_training`
--

LOCK TABLES `trainings_training` WRITE;
/*!40000 ALTER TABLE `trainings_training` DISABLE KEYS */;
INSERT INTO `trainings_training` VALUES (562,'IT-Grundlagen im Broalltag','https://docs.gut-cert.de/moodle/course/view.php?id=20#section-1',1,1,'GUTcert Akademie',1),(563,'BEHRDEN-IT-SICHERHEITSTRAINING','https://www.bits-training.de/training/',1,1,'BITS',2),(564,'Spezialisierung Cybersecurity Kurs 1: Cybersecurity and Mobility','https://www.coursera.org/learn/cybersecurity-mobility?specialization=cybersecurity-developing-program-for-business',2,1,'Coursera',3),(565,'Spezialisierung Cybersecurity Kurs 2: Cybersecurity and the Internet of Things','https://www.coursera.org/learn/iot-cyber-security?specialization=cybersecurity-developing-program-for-business',2,1,'Coursera',3),(566,'Spezialisierung Cybersecurity Kurs 3: Cybersecurity and the X-Factor','https://www.coursera.org/learn/cybersecurity-and-x-factor?specialization=cybersecurity-developing-program-for-business',2,1,'Coursera',4),(567,'Security Awareness Training','https://cyber-samurai.net/gratis-testen/security-awareness-training/',2,1,'Cyber Samurai',5),(568,'Social Engineering','https://fabula-games.de/social-engineering-game/?gclid=EAIaIQobChMIpKXqqq-W9gIVRoXVCh1Vlgy1EAMYASAAEgI64_D_BwE',1,1,'Fabula Games',1),(569,'Home-Office','https://fabula-games.de/home-office-hero/',1,1,'Fabula Games',1),(570,'Security Awareness Training','https://www.gdata.de/business/security-services/security-awareness-training',1,1,'G Data',1),(571,'Secuso Research - Results - S&P Awarness','https://secuso.aifb.kit.edu/betruegerische_nachrichten_erkennen.php',1,1,'KIT',6),(572,'Sicher per E-Mail kommunizieren - Mitleser unerwnscht','https://open.hpi.de/courses/email2019',2,1,'openHPI',7),(573,'Sicherheit im Internet','https://open.hpi.de/courses/intsec2016',2,1,'openHPI',1),(574,'Security Awareness Trainingsplattform','https://awareness.usd.de/',1,1,'usd AG',4),(575,'Wie knnen IT-Sicherheitsvorflle vermieden werden? - Praxistipps','https://www.youtube.com/watch?v=VXzIdrXhWOA',1,1,'Mitarbeiterschule GmbH',7),(576,'Webinar Grundlagen der IT-Sicherheit (Teil 1)','https://www.youtube.com/watch?v=ZguOJLUvJSc',1,1,'webinarfabrik',5),(577,'Datenschutz & IT-Security am Arbeitsplatz (Teil 7 - 10)','https://www.youtube.com/watch?v=xnNuIA8oUmQ',1,1,'Datenschutz ist Pflicht',8),(578,'Datenschutzschulung fr Mitarbeiter Basic','https://www.teachdata.de/basic',2,1,'TEACHDATA',9),(579,'DsiN-Digitalfhrerschein (DiF)','https://difue.de/',1,1,'Deutschland sicher im Netz (DsiN)',3),(580,'E-Mail-Spiel \'Vorsicht, Phishing\'','https://email-spiel.onmybreev.de/',2,1,'Bundesamt fr Sicherheit in der Informationstechnik',6),(581,'Einfhrung in die Cybersicherheit','https://skillsforall.com/course/introduction-to-cybersecurity?utm_source=netacad.com&utm_medium=referral&utm_campaign=intro-cybersecurity&courseLang=de-DE',2,1,'Cisco Networking Academy',6),(582,'KMU. Einfach Sicher. Weiterbildungsplattform','https://kmu-einfach-sicher.de/',2,1,'KMU. Einfach Sicher',8),(583,'Spiele','https://www.bakgame.de/spiele/',2,1,'BAKGame',5),(584,'Digitale Serious Games','https://alarm.wildau.biz/',2,1,'Awareness Labor KMU (ALARM)',7),(585,'Sicherheitskonzepte','https://alarm.wildau.biz/',2,1,'Awareness Labor KMU (ALARM)',5),(586,'IT-Sicherheit','https://digitalzentrum-hannover.de/e-learning/it-sicherheit/',2,1,'Mittelstand-Digital Zentrum Hannover',1),(587,'Schulung fr Informationssicherheits-Bewusstsein im Unternehmen','https://www.youtube.com/watch?v=M6aaYralX2g&t=169s',2,1,'Informationssicherheit und ISO 27001',7),(588,'Zertifizierte IT-Security Schulung','https://www.youtube.com/playlist?list=PLikpoZicR5LPvLCsoOUYvRIMZbt6UCy1k',2,1,'IT-Security ist Pflicht ',3),(589,'IT-Sicherheit: Informationssicherheit und Security Awareness','https://www.youtube.com/playlist?list=PLvF2vCzcU8TL2gY86L9xx8LsUAH0IPImD',2,1,'SIUS Consulting',1),(590,'Basisschutz-Tipps','https://www.youtube.com/watch?v=2AbOiCkbKiM&list=PLUEPo9QCkRA5hwA_2dAKTrt-6JayM1ivW&index=1',2,1,'Bundesamt fr Sicherheit in der Informationstechnik',1),(591,'Sicherheitskompass','https://www.polizei-beratung.de/themen-und-tipps/gefahren-im-internet/sicherheitskompass/',2,1,'Polizeiliche Kriminalprvention',5),(592,'Checkliste fr Mitarbeiter - IT-Sicherheit im Home-Office','https://www.allianz-fuer-cybersicherheit.de/SharedDocs/Downloads/DE/BSI/Cyber-Sicherheit/Themen/checkliste-home-office_mitarbeiter.pdf?__blob=publicationFile&v=1',2,1,'Bundesamt fr Sicherheit in der Informationstechnik',5),(593,'Leichter Einstieg - Hilfestellungen und Videos zur Sensibilisierung fr die Cyber-Sicherheit','https://www.bsi.bund.de/DE/Themen/Unternehmen-und-Organisationen/Informationen-und-Empfehlungen/KMU/leichter_Einstieg/leichter_Einstieg_node.html',2,1,'Bundesamt fr Sicherheit in der Informationstechnik',4),(594,'Schulung fr Informationssicherheits-Bewusstsein im Unternehmen','https://www.youtube.com/watch?v=H4f_Olfh4P0',2,1,'Informationssicherheit und ISO 27001',3),(595,'In wenigen Schritten zum sicheren Passwort','https://www.youtube.com/watch?v=WogQ6Ns3Sao',2,1,'Bundesamt fr Sicherheit in der Informationstechnik',3),(596,'Ransomware','https://www.youtube.com/watch?v=D_8liXAWC-A',2,1,'Bundesamt fr Sicherheit in der Informationstechnik',10),(597,'Cybersecurityy-Training','https://www.eset.com/de/business/cybersecurity-training/',2,1,'eset',1),(598,'Awareness-Kampagne Cybersecurity','https://www.bayern-innovativ.de/de/netzwerke-und-thinknet/uebersicht-digitalisierung/cybersecurity/seite/cybersecurity-angebot-fuer-ihr-unternehmen',2,1,'Bayern Innovativ',1);
/*!40000 ALTER TABLE `trainings_training` ENABLE KEYS */;
UNLOCK TABLES;

--
-- Table structure for table `trainings_training_competence_dimensions`
--

DROP TABLE IF EXISTS `trainings_training_competence_dimensions`;
/*!40101 SET @saved_cs_client     = @@character_set_client */;
/*!50503 SET character_set_client = utf8mb4 */;
CREATE TABLE `trainings_training_competence_dimensions` (
  `id` bigint NOT NULL AUTO_INCREMENT,
  `training_id` bigint NOT NULL,
  `competencedimension_id` bigint NOT NULL,
  PRIMARY KEY (`id`),
  UNIQUE KEY `trainings_training_compe_training_id_competencedi_55c219d8_uniq` (`training_id`,`competencedimension_id`),
  KEY `trainings_training_c_competencedimension__58a4457e_fk_competenc` (`competencedimension_id`),
  CONSTRAINT `trainings_training_c_competencedimension__58a4457e_fk_competenc` FOREIGN KEY (`competencedimension_id`) REFERENCES `competence_tests_competencedimension` (`id`),
  CONSTRAINT `trainings_training_c_training_id_000dc5aa_fk_trainings` FOREIGN KEY (`training_id`) REFERENCES `trainings_training` (`id`)
) ENGINE=InnoDB AUTO_INCREMENT=749 DEFAULT CHARSET=utf8mb4 COLLATE=utf8mb4_0900_ai_ci;
/*!40101 SET character_set_client = @saved_cs_client */;

--
-- Dumping data for table `trainings_training_competence_dimensions`
--

LOCK TABLES `trainings_training_competence_dimensions` WRITE;
/*!40000 ALTER TABLE `trainings_training_competence_dimensions` DISABLE KEYS */;
INSERT INTO `trainings_training_competence_dimensions` VALUES (658,562,1),(659,562,2),(660,562,4),(661,563,1),(662,563,3),(663,563,4),(664,563,7),(665,564,1),(666,564,2),(667,565,1),(668,565,2),(669,566,1),(670,567,1),(671,568,1),(672,568,2),(673,568,4),(674,569,1),(675,569,2),(676,569,4),(677,570,1),(678,570,2),(679,570,4),(680,571,1),(681,571,2),(682,571,3),(683,571,4),(684,572,4),(685,573,1),(686,573,2),(687,573,4),(688,574,1),(689,575,1),(690,575,2),(691,575,3),(692,575,4),(693,575,6),(694,576,1),(695,576,4),(696,577,1),(697,577,2),(698,577,4),(699,577,6),(700,578,1),(701,578,2),(702,578,3),(703,578,4),(704,578,5),(705,579,1),(706,580,1),(707,580,2),(708,580,3),(709,580,4),(710,581,1),(711,581,2),(712,581,3),(713,581,4),(714,582,1),(715,582,2),(716,582,4),(717,582,6),(718,583,1),(719,584,4),(720,585,1),(721,585,4),(722,586,1),(723,586,2),(724,586,4),(725,587,4),(726,588,1),(727,589,1),(728,589,2),(729,589,4),(730,590,1),(731,590,2),(732,590,4),(733,591,1),(734,591,4),(735,592,1),(736,592,4),(737,593,1),(738,594,1),(739,595,1),(740,596,1),(741,596,3),(742,596,4),(743,597,1),(744,597,2),(745,597,4),(746,598,1),(747,598,2),(748,598,4);
/*!40000 ALTER TABLE `trainings_training_competence_dimensions` ENABLE KEYS */;
UNLOCK TABLES;

--
-- Table structure for table `trainings_training_delivery_method`
--

DROP TABLE IF EXISTS `trainings_training_delivery_method`;
/*!40101 SET @saved_cs_client     = @@character_set_client */;
/*!50503 SET character_set_client = utf8mb4 */;
CREATE TABLE `trainings_training_delivery_method` (
  `id` bigint NOT NULL AUTO_INCREMENT,
  `training_id` bigint NOT NULL,
  `deliverymethod_id` bigint NOT NULL,
  PRIMARY KEY (`id`),
  UNIQUE KEY `trainings_training_deliv_training_id_deliverymeth_3042b5d3_uniq` (`training_id`,`deliverymethod_id`),
  KEY `trainings_training_d_deliverymethod_id_2540a0c7_fk_trainings` (`deliverymethod_id`),
  CONSTRAINT `trainings_training_d_deliverymethod_id_2540a0c7_fk_trainings` FOREIGN KEY (`deliverymethod_id`) REFERENCES `trainings_deliverymethod` (`id`),
  CONSTRAINT `trainings_training_d_training_id_c035db8f_fk_trainings` FOREIGN KEY (`training_id`) REFERENCES `trainings_training` (`id`)
) ENGINE=InnoDB AUTO_INCREMENT=565 DEFAULT CHARSET=utf8mb4 COLLATE=utf8mb4_0900_ai_ci;
/*!40101 SET character_set_client = @saved_cs_client */;

--
-- Dumping data for table `trainings_training_delivery_method`
--

LOCK TABLES `trainings_training_delivery_method` WRITE;
/*!40000 ALTER TABLE `trainings_training_delivery_method` DISABLE KEYS */;
INSERT INTO `trainings_training_delivery_method` VALUES (510,562,3),(511,563,3),(512,563,5),(513,564,3),(514,564,5),(515,565,3),(516,565,5),(517,566,3),(518,566,5),(519,567,3),(520,567,5),(521,568,4),(522,569,4),(523,570,3),(524,570,4),(525,570,5),(526,571,2),(527,571,3),(528,571,4),(529,571,5),(530,571,6),(531,572,3),(532,572,5),(533,573,3),(534,573,5),(535,574,3),(536,575,2),(537,576,2),(538,577,2),(539,578,5),(540,578,6),(541,579,1),(542,579,5),(543,580,4),(544,581,1),(545,582,3),(546,582,5),(547,583,5),(548,584,4),(549,585,6),(550,586,3),(551,586,5),(552,587,2),(553,588,2),(554,589,2),(555,590,2),(556,591,2),(557,592,2),(558,593,2),(559,594,2),(560,595,2),(561,596,2),(562,597,2),(563,597,4),(564,598,2);
/*!40000 ALTER TABLE `trainings_training_delivery_method` ENABLE KEYS */;
UNLOCK TABLES;

--
-- Table structure for table `trainings_training_language`
--

DROP TABLE IF EXISTS `trainings_training_language`;
/*!40101 SET @saved_cs_client     = @@character_set_client */;
/*!50503 SET character_set_client = utf8mb4 */;
CREATE TABLE `trainings_training_language` (
  `id` bigint NOT NULL AUTO_INCREMENT,
  `training_id` bigint NOT NULL,
  `language_id` bigint NOT NULL,
  PRIMARY KEY (`id`),
  UNIQUE KEY `trainings_training_langu_training_id_language_id_1b2e6fb4_uniq` (`training_id`,`language_id`),
  KEY `trainings_training_l_language_id_79cd195a_fk_trainings` (`language_id`),
  CONSTRAINT `trainings_training_l_language_id_79cd195a_fk_trainings` FOREIGN KEY (`language_id`) REFERENCES `trainings_language` (`id`),
  CONSTRAINT `trainings_training_l_training_id_ec173e1a_fk_trainings` FOREIGN KEY (`training_id`) REFERENCES `trainings_training` (`id`)
) ENGINE=InnoDB AUTO_INCREMENT=562 DEFAULT CHARSET=utf8mb4 COLLATE=utf8mb4_0900_ai_ci;
/*!40101 SET character_set_client = @saved_cs_client */;

--
-- Dumping data for table `trainings_training_language`
--

LOCK TABLES `trainings_training_language` WRITE;
/*!40000 ALTER TABLE `trainings_training_language` DISABLE KEYS */;
INSERT INTO `trainings_training_language` VALUES (515,562,1),(516,563,1),(517,564,1),(518,564,2),(519,565,1),(520,565,2),(521,566,1),(522,566,2),(523,567,1),(524,568,1),(525,568,2),(526,569,1),(527,569,2),(528,570,1),(529,570,2),(530,571,1),(531,571,2),(532,572,1),(533,573,1),(534,573,2),(535,574,1),(536,574,2),(537,575,1),(538,576,1),(539,577,1),(540,578,1),(541,579,1),(542,580,1),(543,581,1),(544,581,2),(545,582,1),(546,583,1),(547,584,1),(548,585,1),(549,586,1),(550,587,1),(551,588,1),(552,589,1),(553,590,1),(554,591,1),(555,592,1),(556,593,1),(557,594,1),(558,595,1),(559,596,1),(560,597,1),(561,598,1);
/*!40000 ALTER TABLE `trainings_training_language` ENABLE KEYS */;
UNLOCK TABLES;

--
-- Table structure for table `trainings_training_threat_event`
--

DROP TABLE IF EXISTS `trainings_training_threat_event`;
/*!40101 SET @saved_cs_client     = @@character_set_client */;
/*!50503 SET character_set_client = utf8mb4 */;
CREATE TABLE `trainings_training_threat_event` (
  `id` bigint NOT NULL AUTO_INCREMENT,
  `training_id` bigint NOT NULL,
  `threatevent_id` bigint NOT NULL,
  PRIMARY KEY (`id`),
  UNIQUE KEY `trainings_training_threa_training_id_threatevent__c44b5258_uniq` (`training_id`,`threatevent_id`),
  KEY `trainings_training_t_threatevent_id_7f770d53_fk_threats_t` (`threatevent_id`),
  CONSTRAINT `trainings_training_t_threatevent_id_7f770d53_fk_threats_t` FOREIGN KEY (`threatevent_id`) REFERENCES `threats_threatevent` (`id`),
  CONSTRAINT `trainings_training_t_training_id_8e3c16c7_fk_trainings` FOREIGN KEY (`training_id`) REFERENCES `trainings_training` (`id`)
) ENGINE=InnoDB AUTO_INCREMENT=1794 DEFAULT CHARSET=utf8mb4 COLLATE=utf8mb4_0900_ai_ci;
/*!40101 SET character_set_client = @saved_cs_client */;

--
-- Dumping data for table `trainings_training_threat_event`
--

LOCK TABLES `trainings_training_threat_event` WRITE;
/*!40000 ALTER TABLE `trainings_training_threat_event` DISABLE KEYS */;
INSERT INTO `trainings_training_threat_event` VALUES (1570,562,2),(1571,562,12),(1572,562,13),(1573,562,17),(1574,562,21),(1575,563,1),(1576,563,2),(1577,563,3),(1578,563,7),(1579,563,11),(1580,563,13),(1581,563,15),(1582,563,17),(1583,563,18),(1584,563,20),(1585,563,23),(1586,563,26),(1588,563,29),(1589,564,2),(1590,564,20),(1591,564,29),(1592,565,12),(1593,565,29),(1595,566,2),(1596,566,15),(1594,566,25),(1597,567,1),(1598,567,2),(1599,567,3),(1600,567,11),(1601,567,15),(1602,567,28),(1603,567,29),(1604,568,1),(1605,568,2),(1606,568,7),(1607,568,15),(1608,568,17),(1609,568,28),(1610,569,1),(1611,569,3),(1612,569,15),(1613,569,17),(1614,569,29),(1615,570,1),(1616,570,2),(1617,570,3),(1618,570,4),(1619,570,17),(1620,570,20),(1621,570,29),(1622,571,2),(1623,571,3),(1625,572,2),(1626,572,11),(1624,572,17),(1628,573,1),(1629,573,2),(1630,573,3),(1631,573,4),(1632,573,5),(1633,573,6),(1635,573,11),(1636,573,17),(1637,573,18),(1638,573,23),(1639,573,25),(1640,573,29),(1627,573,32),(1641,574,1),(1642,574,2),(1643,575,2),(1644,575,3),(1645,575,12),(1646,575,15),(1647,575,17),(1648,575,23),(1649,575,30),(1651,576,2),(1650,576,17),(1652,576,29),(1653,576,31),(1654,577,3),(1656,577,15),(1655,577,30),(1657,578,1),(1658,578,2),(1659,578,15),(1660,578,17),(1661,578,30),(1663,579,1),(1664,579,2),(1665,579,3),(1662,579,11),(1666,580,1),(1667,580,2),(1668,581,1),(1669,581,2),(1670,581,3),(1671,581,4),(1672,581,6),(1673,581,7),(1674,581,11),(1675,581,12),(1676,581,15),(1677,581,17),(1679,581,25),(1680,581,28),(1682,582,2),(1683,582,3),(1684,582,14),(1681,582,17),(1685,583,2),(1686,583,3),(1687,583,4),(1688,583,12),(1689,583,17),(1691,584,1),(1692,584,2),(1693,584,3),(1694,584,15),(1695,584,17),(1696,584,20),(1698,584,29),(1690,584,32),(1699,585,1),(1700,585,2),(1701,585,3),(1702,585,7),(1703,585,15),(1704,585,17),(1705,585,28),(1706,586,1),(1707,586,2),(1708,586,3),(1709,586,7),(1710,586,11),(1711,586,12),(1712,586,15),(1713,586,17),(1714,586,20),(1715,586,25),(1716,586,28),(1717,587,1),(1718,587,2),(1719,587,3),(1720,587,7),(1721,587,17),(1722,587,28),(1723,588,1),(1724,588,2),(1725,588,3),(1726,588,14),(1727,588,15),(1728,588,20),(1729,588,28),(1730,588,30),(1731,589,1),(1732,589,2),(1733,589,3),(1734,589,6),(1735,589,7),(1736,589,11),(1737,589,14),(1738,589,15),(1739,589,17),(1740,589,20),(1741,589,26),(1743,589,28),(1744,589,29),(1745,590,2),(1746,590,3),(1747,590,4),(1748,590,12),(1749,590,14),(1750,590,17),(1751,590,25),(1753,590,29),(1756,591,2),(1757,591,3),(1758,591,11),(1759,591,14),(1760,591,15),(1761,591,17),(1762,591,29),(1754,591,32),(1763,592,1),(1764,592,2),(1765,592,3),(1766,592,12),(1767,592,15),(1768,592,17),(1769,592,30),(1772,593,2),(1773,593,3),(1774,593,4),(1776,593,11),(1777,593,12),(1778,593,17),(1770,593,32),(1775,593,35),(1779,594,15),(1780,595,17),(1782,596,2),(1783,596,3),(1784,596,4),(1781,596,11),(1785,597,1),(1786,597,2),(1787,597,3),(1788,597,15),(1789,597,17),(1790,598,1),(1791,598,2),(1792,598,3),(1793,598,17);
/*!40000 ALTER TABLE `trainings_training_threat_event` ENABLE KEYS */;
UNLOCK TABLES;

--
-- Table structure for table `trainings_trainingcategory`
--

DROP TABLE IF EXISTS `trainings_trainingcategory`;
/*!40101 SET @saved_cs_client     = @@character_set_client */;
/*!50503 SET character_set_client = utf8mb4 */;
CREATE TABLE `trainings_trainingcategory` (
  `id` bigint NOT NULL AUTO_INCREMENT,
  `training_category_name` varchar(140) NOT NULL,
  `training_category_description` longtext NOT NULL,
  PRIMARY KEY (`id`)
) ENGINE=InnoDB AUTO_INCREMENT=8 DEFAULT CHARSET=utf8mb4 COLLATE=utf8mb4_0900_ai_ci;
/*!40101 SET character_set_client = @saved_cs_client */;

--
-- Dumping data for table `trainings_trainingcategory`
--

LOCK TABLES `trainings_trainingcategory` WRITE;
/*!40000 ALTER TABLE `trainings_trainingcategory` DISABLE KEYS */;
INSERT INTO `trainings_trainingcategory` VALUES (1,'Social Engineering','Beim Social Engineering wird gezielt der Mensch durch eine Tuschung der Identitt und Absicht der Tter*innen ausgetrickst, um meist an sensible Daten zu gelangen oder Schadsoftware einzuschleusen. Social Engineering umfasst verschiedene Ttigkeiten, dessen Ziel es ist, den Menschen so zu manipulieren, dass Zugriffe erlaubt werden, Daten geteilt werden, Informationen preisgegeben werden oder Geldsummen gezahlt werden.\r\n\r\nIn einem ITS-Trainingsmodul sollten Ihre Mitarbeiter*innen lernen, was Social Engineering ist, wie sie sich richtig im Umgang mit Social Engineering verhalten und welche weiteren Manahmen ergriffen werden knnen.\r\n\r\nReferenzen:\r\n\r\nBSI. (2024c). Social Engineering  der Mensch als Schwachstelle. Bundesamt fr Sicherheit in der Informationstechnik. https://www.bsi.bund.de/DE/Themen/Verbraucherinnen-und-Verbraucher/Cyber-Sicherheitslage/Methoden-der-Cyber-Kriminalitaet/Social-Engineering/social_engineering.html?nn=132176'),(2,'Informationsweitergabe','Unternehmen weisen kritische und schtzende Daten und Informationen auf. Nicht immer muss die Weitergabe sensibler Informationen durch einen bswilligen Angreifer ausgelst werden. Wenn diese sensiblen Informationen beabsichtigt oder versehentlich an die ffentlichkeit durch eine interne Quelle gelangen, spricht man von einem Data Leak (ENISA, 2023). Laut dem US-amerikanischen National Institute of Standards and Technology handelt es sich bei der Informationsweitergabe, um einen Sicherheitsvorfall, der zur bertragung von klassifizierten Informationen auf ein Informationssystem fhrt, das nicht zur Speicherung oder Verarbeitung dieser Informationen befugt ist (NIST Computer Resource Center, 2024b). Eine fahrlssige Weitergabe von Informationen kann zum Beispiel durch menschliches Fehlverhalten und Miskonfigurationen entstehen (ENISA, 2023). \r\n\r\n\r\nIn diesem Trainingsmodul sollten Ihre Mitarbeiterinnen und Mitarbeiter lernen, welche Konsequenzen durch einen falschen Umgang mit sensiblen und kritischen Informationen mglich sind, wie sie sich richtig verhalten und welche weiteren Manahmen ergriffen werden knnen.\r\n\r\nReferenzen:\r\n\r\nENISA. (2023). ENISA threat landscape 2023. Publications Office. https://data.europa.eu/doi/10.2824/782573\r\nNIST Computer Resource Center. (2024b). spillageGlossary | CSRC. https://csrc.nist.gov/glossary/term/spillage'),(3,'Umgang mit Malware','Malware bedeutet so viel wie Malicious Software, auf deutsch Schadsoftware. Malware wird hufig eingesetzt, um schdliche Funktionen in einem IT-System auszufhren. Der Angriff kann beispielsweise auf ein klassisches IT-System, wie Server oder Betriebssysteme, mobile Endgerte, wie Smartphones, Netzwerkgerte, wie Router oder Industriesteueranlagen erfolgen (BSI, 2024b). \r\nDie Verbreitung der Malware kann ber unterschiedliche Wege erfolgen. Beispielsweise ber geflschte E-Mails und manipulierte Websites, durch die Manipulation von Nutzer*innen, zur manuellen Installation der Schadsoftware oder durch infizierte Installationsprogramme oder Datentrger (BSI, 2024b).  \r\nHufig erfolgt das Verbreiten von Malware in Kombination mit einem Social-Engineering Angriff.\r\n\r\nIn diesem Trainingsmodul sollten Ihre Mitarbeiterinnen und Mitarbeiter lernen, was Malware ist, wie sie sich richtig im Umgang mit Malware-Attacken verhalten und welche weiteren Manahmen ergriffen werden knnen.\r\n\r\nReferenzen:\r\n\r\nBSI. (2024b). Malware. Bundesamt fr Sicherheit in der Informationstechnik. https://www.bsi.bund.de/DE/Themen/Unternehmen-und-Organisationen/Informationen-und-Empfehlungen/Empfehlungen-nach-Gefaehrdungen/Malware/malware.html?nn=522742'),(4,'Hardware und Berechtigungen','Angreifer*innen knnen Hardware modifizieren oder durch vernderte bzw. fehlerhafte Hardware ersetzen. Dadurch knnen kritische organisatorische Strukturen kompromittiert werden.  (Blank & Gallagher, 2012).  \r\nZustzlich kann ein fehlerhaftes Berechtigungsmanagement innerhalb von Organisationen zu Sicherheitsrisiken fhren. Benutzer*innen verfgen ber zu hohe Privilegien oder Berechtigungen oder die Sicherheitsanforderungen fr den Zugriff auf eine Ressource sind zu niedrig angesetzt, wodurch es zu Sicherheitsrisiken kommen kann, da Benutzende Zugriff auf Funktionen oder Daten erhalten, die sie nicht fr die Arbeit bentigen oder fr die sie nicht autorisiert sind (BSI, 2021). \r\n\r\nIn diesem Trainingsmodul sollten Ihre Mitarbeiterinnen und Mitarbeiter lernen, woran sie fehlerhafte Hardware und zugeteilte Berechtigungen erkennen knnen, und wie sie sich richtig in diesen Situationen verhalten und welche weiteren Manahmen ergriffen werden knnen.\r\n\r\nReferenzen:\r\n\r\nBlank, R. M., & Gallagher, P. D. (2012). Guide for Conducting Risk Assessments. https://doi.org/10.6028/NIST.SP.800-30r1\r\n\r\nBSI. (2021). ORP.4 Identitts- und Berechtigungsmanagement. 8. https://www.bsi.bund.de/SharedDocs/Downloads/DE/BSI/Grundschutz/Kompendium_Einzel_PDFs_2021/02_ORP_Organisation_und_Personal/ORP_4_Identitaets_und_Berechtigungsmanagement_Editon_2021.pdf?__blob=publicationFile&v=2'),(5,'Schwachstellenausnutzung','Es kann verschiedene Schwachstellen in der Software oder Hardware bei Unternehmen geben, die anschlieend von Angreifer*innen ausgenutzt werden knnen (ENISA, 2015). Zero-Day-Angriffe stellen zum Beispiel eine Art der Schwachstellenausnutzung dar. Dabei werden von Angreifer*innen bisher unbekannte Schwachstellen im System ausgenutzt, wodurch Angreifende Zugriff auf die Organisation erhalten (Blank & Gallagher, 2012). \r\n\r\nIn diesem Trainingsmodul sollten Ihre Mitarbeiterinnen und Mitarbeiter lernen, woran sie potenzielle Schwachstellen in Informationssystemen und Angriffe auf diese erkennen knnen, und wie sie sich richtig in diesen Situationen verhalten und welche weiteren Manahmen ergriffen werden knnen.\r\n\r\nReferenzen:\r\n\r\nBlank, R. M., & Gallagher, P. D. (2012). Guide for Conducting Risk Assessments. https://doi.org/10.6028/NIST.SP.800-30r1\r\n\r\nENISA. (2015). Good practice guide on vulnerability disclosure: From challenges to recommendations. Publications Office. https://data.europa.eu/doi/10.2824/610384'),(6,'Denial-of-Service','Denial of Service (DoS) steht fr Verweigerung des Dienstes. Bei einem DoS-Angriff wird ein Server mit sehr vielen Anfragen gezielt berhuft, sodass die Anfragen nicht mehr bearbeitet werden knnen und der Dienst verweigert wird bzw. im schlimmsten Fall das System zum Erliegen kommt. Es gibt verschiedene Arten eines DoS-Angriffs: Zum einen knnen sehr viele Anfragen geschickt werden, sodass die Netzwerkverbindung berlastet oder blockiert ist fr weitere Anfragen. Zum anderen knnen groe oder fehlerhafte Datenpakete geschickt werden. Verteilte DoS-Angriffe (DDoS) stellen eine besonders wirksame Art eines Angriffs dar. Dabei greifen eine groe Anzahl von Rechnern, anstelle eines Einzelnen, gleichzeitig an, um das Ziel zu berlasten (BSI, 2024a).\r\n\r\nIn diesem Trainingsmodul sollten Ihre Mitarbeiterinnen und Mitarbeiter lernen, woran sie DoS und DDoS-Attacken erkennen knnen, und wie sie sich richtig in diesen Situationen verhalten und welche weiteren Manahmen ergriffen werden knnen.\r\n\r\nReferenzen:\r\n\r\nBSI. (2024a). DoS- und DDoS-Attacken. Bundesamt fr Sicherheit in der Informationstechnik. https://www.bsi.bund.de/DE/Themen/Verbraucherinnen-und-Verbraucher/Cyber-Sicherheitslage/Methoden-der-Cyber-Kriminalitaet/DoS-Denial-of-Service/dos-denial-of-service.html?nn=132356'),(7,'Passwortmanagement','Zum Schutz vor Passworterratungs-Angriffen legt das BSI verschiedene Regelungen fr den Passwortgebrauch vor (BSI, 2021). Bei Brute-Force-Angriffen versuchen Tter*innen ein Passwort durch Ausprobieren herauszufinden. Dafr gehen Hacker*innen alle mglichen Kombinationen durch, mit der Hoffnung, dass richtige Passwort zu erraten (NIST Computer Resource Center, 2024a).\r\n\r\nIn diesem Trainingsmodul sollten demnach Ihre Mitarbeiterinnen und Mitarbeiter lernen, wie sie sichere Passwrter erstellen, mit diesen umgehen und wie sie sich richtig in diesen Situationen verhalten, wenn ein Passwort komprimiert wird.\r\n\r\nReferenzen:\r\n\r\nBSI. (2021). ORP.4 Identitts- und Berechtigungsmanagement. 8. https://www.bsi.bund.de/SharedDocs/Downloads/DE/BSI/Grundschutz/Kompendium_Einzel_PDFs_2021/02_ORP_Organisation_und_Personal/ORP_4_Identitaets_und_Berechtigungsmanagement_Editon_2021.pdf?__blob=publicationFile&v=2\r\n\r\nNIST Computer Resource Center. (2024a). Brute Force Password AttackGlossary | CSRC. https://csrc.nist.gov/glossary/term/brute_force_password_attack');
/*!40000 ALTER TABLE `trainings_trainingcategory` ENABLE KEYS */;
UNLOCK TABLES;

--
-- Table structure for table `trainings_trainingcategory_threat_event`
--

DROP TABLE IF EXISTS `trainings_trainingcategory_threat_event`;
/*!40101 SET @saved_cs_client     = @@character_set_client */;
/*!50503 SET character_set_client = utf8mb4 */;
CREATE TABLE `trainings_trainingcategory_threat_event` (
  `id` bigint NOT NULL AUTO_INCREMENT,
  `trainingcategory_id` bigint NOT NULL,
  `threatevent_id` bigint NOT NULL,
  PRIMARY KEY (`id`),
  UNIQUE KEY `trainings_trainingcatego_trainingcategory_id_thre_2e5add9d_uniq` (`trainingcategory_id`,`threatevent_id`),
  KEY `trainings_trainingca_threatevent_id_8e424a0e_fk_threats_t` (`threatevent_id`),
  CONSTRAINT `trainings_trainingca_threatevent_id_8e424a0e_fk_threats_t` FOREIGN KEY (`threatevent_id`) REFERENCES `threats_threatevent` (`id`),
  CONSTRAINT `trainings_trainingca_trainingcategory_id_21a85fb1_fk_trainings` FOREIGN KEY (`trainingcategory_id`) REFERENCES `trainings_trainingcategory` (`id`)
) ENGINE=InnoDB AUTO_INCREMENT=29 DEFAULT CHARSET=utf8mb4 COLLATE=utf8mb4_0900_ai_ci;
/*!40101 SET character_set_client = @saved_cs_client */;

--
-- Dumping data for table `trainings_trainingcategory_threat_event`
--

LOCK TABLES `trainings_trainingcategory_threat_event` WRITE;
/*!40000 ALTER TABLE `trainings_trainingcategory_threat_event` DISABLE KEYS */;
INSERT INTO `trainings_trainingcategory_threat_event` VALUES (1,1,1),(2,1,2),(23,1,3),(25,1,7),(28,1,32),(24,1,36),(26,1,37),(4,2,15),(3,2,34),(7,3,3),(10,3,7),(12,3,20),(13,3,26),(27,3,32),(8,3,36),(9,3,37),(11,3,42),(16,4,31),(15,4,38),(14,4,41),(18,5,10),(17,5,16),(20,5,29),(19,5,43),(21,6,25),(22,7,17);
/*!40000 ALTER TABLE `trainings_trainingcategory_threat_event` ENABLE KEYS */;
UNLOCK TABLES;

--
-- Table structure for table `trainings_traininggroup`
--

DROP TABLE IF EXISTS `trainings_traininggroup`;
/*!40101 SET @saved_cs_client     = @@character_set_client */;
/*!50503 SET character_set_client = utf8mb4 */;
CREATE TABLE `trainings_traininggroup` (
  `id` bigint NOT NULL AUTO_INCREMENT,
  `identifier` varchar(140) DEFAULT NULL,
  PRIMARY KEY (`id`)
) ENGINE=InnoDB AUTO_INCREMENT=11 DEFAULT CHARSET=utf8mb4 COLLATE=utf8mb4_0900_ai_ci;
/*!40101 SET character_set_client = @saved_cs_client */;

--
-- Dumping data for table `trainings_traininggroup`
--

LOCK TABLES `trainings_traininggroup` WRITE;
/*!40000 ALTER TABLE `trainings_traininggroup` DISABLE KEYS */;
INSERT INTO `trainings_traininggroup` VALUES (1,'TG 1'),(2,'TG 2'),(3,'TG 3'),(4,'TG 4'),(5,'TG 5'),(6,'TG 6'),(7,'TG 7'),(8,'TG 8'),(9,'TG 9'),(10,'TG 10');
/*!40000 ALTER TABLE `trainings_traininggroup` ENABLE KEYS */;
UNLOCK TABLES;

--
-- Table structure for table `users_userprofile`
--

DROP TABLE IF EXISTS `users_userprofile`;
/*!40101 SET @saved_cs_client     = @@character_set_client */;
/*!50503 SET character_set_client = utf8mb4 */;
CREATE TABLE `users_userprofile` (
  `id` bigint NOT NULL AUTO_INCREMENT,
  `is_campagne_manager` tinyint(1) NOT NULL,
  `user_id` int NOT NULL,
  `must_change_password` tinyint(1) NOT NULL,
  PRIMARY KEY (`id`),
  UNIQUE KEY `user_id` (`user_id`),
  CONSTRAINT `users_userprofile_user_id_87251ef1_fk_auth_user_id` FOREIGN KEY (`user_id`) REFERENCES `auth_user` (`id`)
) ENGINE=InnoDB AUTO_INCREMENT=16 DEFAULT CHARSET=utf8mb4 COLLATE=utf8mb4_0900_ai_ci;
/*!40101 SET character_set_client = @saved_cs_client */;

--
-- Dumping data for table `users_userprofile`
--

LOCK TABLES `users_userprofile` WRITE;
/*!40000 ALTER TABLE `users_userprofile` DISABLE KEYS */;
INSERT INTO `users_userprofile` VALUES (1,0,1,1);
/*!40000 ALTER TABLE `users_userprofile` ENABLE KEYS */;
UNLOCK TABLES;
/*!40103 SET TIME_ZONE=@OLD_TIME_ZONE */;

/*!40101 SET SQL_MODE=@OLD_SQL_MODE */;
/*!40014 SET FOREIGN_KEY_CHECKS=@OLD_FOREIGN_KEY_CHECKS */;
/*!40014 SET UNIQUE_CHECKS=@OLD_UNIQUE_CHECKS */;
/*!40101 SET CHARACTER_SET_CLIENT=@OLD_CHARACTER_SET_CLIENT */;
/*!40101 SET CHARACTER_SET_RESULTS=@OLD_CHARACTER_SET_RESULTS */;
/*!40101 SET COLLATION_CONNECTION=@OLD_COLLATION_CONNECTION */;
/*!40111 SET SQL_NOTES=@OLD_SQL_NOTES */;

-- Dump completed on 2024-09-30 19:05:19
